CS	0	07:27:49.116	XAUUSD_AI_Sniper_EA_v6.25.24_REPLAY_ROOT_CONSOLIDATED_FIX (XAUUSD,M10)	2026.06.19 14:30:37   OWNER_R_EXIT_RESTORED_RULE | ticket=212 | rule=GIVEBACK_45 | direction=SELL | currentR=0.166 | peakR=0.340 | givebackPct=51.1 | action=REQUEST_GUARDED_CLOSE
CS	0	07:27:49.116	XAUUSD_AI_Sniper_EA_v6.25.24_REPLAY_ROOT_CONSOLIDATED_FIX (XAUUSD,M10)	2026.06.19 14:30:37   GENERAL_10M_EXTENSION_ELIGIBLE | position_id=212 | campaign_id=CAMP-98 | role=CORE | authority=OWNER_R_EXIT_GIVEBACK_45 | trigger_time=2026.06.19 14:30:37 | trigger_r=0.166 | trigger_price=4144.87000
CS	0	07:27:49.118	XAUUSD_AI_Sniper_EA_v6.25.24_REPLAY_ROOT_CONSOLIDATED_FIX (XAUUSD,M10)	2026.06.19 14:30:37   GENERAL_10M_EXTENSION_ARMED | position_id=212 | start_time=2026.06.19 14:30:37 | deadline=2026.06.19 14:40:37 | trigger_r=0.166 | original_structural_sl=4157.22951
CS	0	07:27:49.119	XAUUSD_AI_Sniper_EA_v6.25.24_REPLAY_ROOT_CONSOLIDATED_FIX (XAUUSD,M10)	2026.06.19 14:30:38   GENERAL_10M_EXTENSION_CLOSE_SUPPRESSED | position_id=212 | suppressed_authority=ACTIVE_EXTENSION_HOLD | remaining_seconds=599
CS	0	07:27:49.133	XAUUSD_AI_Sniper_EA_v6.25.24_REPLAY_ROOT_CONSOLIDATED_FIX (XAUUSD,M10)	2026.06.19 14:31:08   GENERAL_10M_EXTENSION_CLOSE_SUPPRESSED | position_id=212 | suppressed_authority=ACTIVE_EXTENSION_HOLD | remaining_seconds=569
CS	0	07:27:49.154	XAUUSD_AI_Sniper_EA_v6.25.24_REPLAY_ROOT_CONSOLIDATED_FIX (XAUUSD,M10)	2026.06.19 14:31:38   GENERAL_10M_EXTENSION_CLOSE_SUPPRESSED | position_id=212 | suppressed_authority=ACTIVE_EXTENSION_HOLD | remaining_seconds=539
CS	0	07:27:49.176	XAUUSD_AI_Sniper_EA_v6.25.24_REPLAY_ROOT_CONSOLIDATED_FIX (XAUUSD,M10)	2026.06.19 14:32:08   GENERAL_10M_EXTENSION_CLOSE_SUPPRESSED | position_id=212 | suppressed_authority=ACTIVE_EXTENSION_HOLD | remaining_seconds=509
CS	0	07:27:49.196	XAUUSD_AI_Sniper_EA_v6.25.24_REPLAY_ROOT_CONSOLIDATED_FIX (XAUUSD,M10)	2026.06.19 14:32:38   GENERAL_10M_EXTENSION_CLOSE_SUPPRESSED | position_id=212 | suppressed_authority=ACTIVE_EXTENSION_HOLD | remaining_seconds=479
CS	0	07:27:49.215	XAUUSD_AI_Sniper_EA_v6.25.24_REPLAY_ROOT_CONSOLIDATED_FIX (XAUUSD,M10)	2026.06.19 14:33:08   GENERAL_10M_EXTENSION_CLOSE_SUPPRESSED | position_id=212 | suppressed_authority=ACTIVE_EXTENSION_HOLD | remaining_seconds=449
CS	0	07:27:49.233	XAUUSD_AI_Sniper_EA_v6.25.24_REPLAY_ROOT_CONSOLIDATED_FIX (XAUUSD,M10)	2026.06.19 14:33:38   GENERAL_10M_EXTENSION_CLOSE_SUPPRESSED | position_id=212 | suppressed_authority=ACTIVE_EXTENSION_HOLD | remaining_seconds=419
CS	0	07:27:49.252	XAUUSD_AI_Sniper_EA_v6.25.24_REPLAY_ROOT_CONSOLIDATED_FIX (XAUUSD,M10)	2026.06.19 14:34:08   GENERAL_10M_EXTENSION_CLOSE_SUPPRESSED | position_id=212 | suppressed_authority=ACTIVE_EXTENSION_HOLD | remaining_seconds=389
CS	0	07:27:49.268	XAUUSD_AI_Sniper_EA_v6.25.24_REPLAY_ROOT_CONSOLIDATED_FIX (XAUUSD,M10)	2026.06.19 14:34:38   GENERAL_10M_EXTENSION_CLOSE_SUPPRESSED | position_id=212 | suppressed_authority=ACTIVE_EXTENSION_HOLD | remaining_seconds=359
CS	0	07:27:49.287	XAUUSD_AI_Sniper_EA_v6.25.24_REPLAY_ROOT_CONSOLIDATED_FIX (XAUUSD,M10)	2026.06.19 14:35:08   GENERAL_10M_EXTENSION_CLOSE_SUPPRESSED | position_id=212 | suppressed_authority=ACTIVE_EXTENSION_HOLD | remaining_seconds=329
CS	0	07:27:49.321	XAUUSD_AI_Sniper_EA_v6.25.24_REPLAY_ROOT_CONSOLIDATED_FIX (XAUUSD,M10)	2026.06.19 14:35:38   GENERAL_10M_EXTENSION_CLOSE_SUPPRESSED | position_id=212 | suppressed_authority=ACTIVE_EXTENSION_HOLD | remaining_seconds=299
CS	0	07:27:49.346	XAUUSD_AI_Sniper_EA_v6.25.24_REPLAY_ROOT_CONSOLIDATED_FIX (XAUUSD,M10)	2026.06.19 14:36:08   GENERAL_10M_EXTENSION_CLOSE_SUPPRESSED | position_id=212 | suppressed_authority=ACTIVE_EXTENSION_HOLD | remaining_seconds=269
CS	0	07:27:49.362	XAUUSD_AI_Sniper_EA_v6.25.24_REPLAY_ROOT_CONSOLIDATED_FIX (XAUUSD,M10)	2026.06.19 14:36:38   GENERAL_10M_EXTENSION_CLOSE_SUPPRESSED | position_id=212 | suppressed_authority=ACTIVE_EXTENSION_HOLD | remaining_seconds=239
CS	0	07:27:49.375	XAUUSD_AI_Sniper_EA_v6.25.24_REPLAY_ROOT_CONSOLIDATED_FIX (XAUUSD,M10)	2026.06.19 14:37:08   GENERAL_10M_EXTENSION_CLOSE_SUPPRESSED | position_id=212 | suppressed_authority=ACTIVE_EXTENSION_HOLD | remaining_seconds=209
CS	0	07:27:49.393	XAUUSD_AI_Sniper_EA_v6.25.24_REPLAY_ROOT_CONSOLIDATED_FIX (XAUUSD,M10)	2026.06.19 14:37:38   GENERAL_10M_EXTENSION_CLOSE_SUPPRESSED | position_id=212 | suppressed_authority=ACTIVE_EXTENSION_HOLD | remaining_seconds=179
CS	0	07:27:49.415	XAUUSD_AI_Sniper_EA_v6.25.24_REPLAY_ROOT_CONSOLIDATED_FIX (XAUUSD,M10)	2026.06.19 14:38:10   GENERAL_10M_EXTENSION_CLOSE_SUPPRESSED | position_id=212 | suppressed_authority=ACTIVE_EXTENSION_HOLD | remaining_seconds=147
CS	0	07:27:49.433	XAUUSD_AI_Sniper_EA_v6.25.24_REPLAY_ROOT_CONSOLIDATED_FIX (XAUUSD,M10)	2026.06.19 14:38:40   GENERAL_10M_EXTENSION_CLOSE_SUPPRESSED | position_id=212 | suppressed_authority=ACTIVE_EXTENSION_HOLD | remaining_seconds=117
CS	0	07:27:49.454	XAUUSD_AI_Sniper_EA_v6.25.24_REPLAY_ROOT_CONSOLIDATED_FIX (XAUUSD,M10)	2026.06.19 14:39:10   GENERAL_10M_EXTENSION_CLOSE_SUPPRESSED | position_id=212 | suppressed_authority=ACTIVE_EXTENSION_HOLD | remaining_seconds=87
CS	0	07:27:49.475	XAUUSD_AI_Sniper_EA_v6.25.24_REPLAY_ROOT_CONSOLIDATED_FIX (XAUUSD,M10)	2026.06.19 14:39:40   GENERAL_10M_EXTENSION_CLOSE_SUPPRESSED | position_id=212 | suppressed_authority=ACTIVE_EXTENSION_HOLD | remaining_seconds=57
CS	0	07:27:49.497	XAUUSD_AI_Sniper_EA_v6.25.24_REPLAY_ROOT_CONSOLIDATED_FIX (XAUUSD,M10)	2026.06.19 14:40:10   GENERAL_10M_EXTENSION_CLOSE_SUPPRESSED | position_id=212 | suppressed_authority=ACTIVE_EXTENSION_HOLD | remaining_seconds=27
CS	0	07:27:49.522	XAUUSD_AI_Sniper_EA_v6.25.24_REPLAY_ROOT_CONSOLIDATED_FIX (XAUUSD,M10)	2026.06.19 14:40:37   GENERAL_10M_EXTENSION_DEADLINE | position_id=212 | deadline=2026.06.19 14:40:37 | request_time=2026.06.19 14:40:37 | current_r=-0.329 | current_profit_usd=-223.36
CS	0	07:27:49.522	XAUUSD_AI_Sniper_EA_v6.25.24_REPLAY_ROOT_CONSOLIDATED_FIX (XAUUSD,M10)	2026.06.19 14:40:37   LOSS_CLOSE_BLOCKED #212 ctx=OWNER_R_EXIT_GENERAL_10M_DEADLINE pnl=$-223.36 closeLots=0.00 | Negative trades may close only by broker SL, manual close, or emergency margin/account protection.
CS	0	07:27:49.522	XAUUSD_AI_Sniper_EA_v6.25.24_REPLAY_ROOT_CONSOLIDATED_FIX (XAUUSD,M10)	2026.06.19 14:40:37   R_EXIT_MANAGER ticket=212 action=CLOSE_PENDING_RETRY reason=OWNER_R_EXIT_GENERAL_10M_DEADLINE attempt=1 sendOk=false stillOpen=true
CS	0	07:27:49.527	XAUUSD_AI_Sniper_EA_v6.25.24_REPLAY_ROOT_CONSOLIDATED_FIX (XAUUSD,M10)	2026.06.19 14:40:40   LOSS_CLOSE_BLOCKED #212 ctx=OWNER_R_EXIT_GENERAL_10M_DEADLINE pnl=$-231.04 closeLots=0.00 | Negative trades may close only by broker SL, manual close, or emergency margin/account protection.
CS	0	07:27:49.527	XAUUSD_AI_Sniper_EA_v6.25.24_REPLAY_ROOT_CONSOLIDATED_FIX (XAUUSD,M10)	2026.06.19 14:40:40   R_EXIT_MANAGER ticket=212 action=CLOSE_PENDING_RETRY reason=OWNER_R_EXIT_GENERAL_10M_DEADLINE attempt=2 sendOk=false stillOpen=true
CS	0	07:27:49.532	XAUUSD_AI_Sniper_EA_v6.25.24_REPLAY_ROOT_CONSOLIDATED_FIX (XAUUSD,M10)	2026.06.19 14:40:43   LOSS_CLOSE_BLOCKED #212 ctx=OWNER_R_EXIT_GENERAL_10M_DEADLINE pnl=$-218.88 closeLots=0.00 | Negative trades may close only by broker SL, manual close, or emergency margin/account protection.
CS	0	07:27:49.532	XAUUSD_AI_Sniper_EA_v6.25.24_REPLAY_ROOT_CONSOLIDATED_FIX (XAUUSD,M10)	2026.06.19 14:40:43   R_EXIT_MANAGER ticket=212 action=CLOSE_PENDING_RETRY reason=OWNER_R_EXIT_GENERAL_10M_DEADLINE attempt=3 sendOk=false stillOpen=true
CS	0	07:27:49.536	XAUUSD_AI_Sniper_EA_v6.25.24_REPLAY_ROOT_CONSOLIDATED_FIX (XAUUSD,M10)	2026.06.19 14:40:46   LOSS_CLOSE_BLOCKED #212 ctx=OWNER_R_EXIT_GENERAL_10M_DEADLINE pnl=$-218.88 closeLots=0.00 | Negative trades may close only by broker SL, manual close, or emergency margin/account protection.
CS	0	07:27:49.536	XAUUSD_AI_Sniper_EA_v6.25.24_REPLAY_ROOT_CONSOLIDATED_FIX (XAUUSD,M10)	2026.06.19 14:40:46   R_EXIT_MANAGER ticket=212 action=CLOSE_PENDING_RETRY reason=OWNER_R_EXIT_GENERAL_10M_DEADLINE attempt=4 sendOk=false stillOpen=true
CS	0	07:27:49.541	XAUUSD_AI_Sniper_EA_v6.25.24_REPLAY_ROOT_CONSOLIDATED_FIX (XAUUSD,M10)	2026.06.19 14:40:49   LOSS_CLOSE_BLOCKED #212 ctx=OWNER_R_EXIT_GENERAL_10M_DEADLINE pnl=$-238.72 closeLots=0.00 | Negative trades may close only by broker SL, manual close, or emergency margin/account protection.
CS	0	07:27:49.541	XAUUSD_AI_Sniper_EA_v6.25.24_REPLAY_ROOT_CONSOLIDATED_FIX (XAUUSD,M10)	2026.06.19 14:40:49   R_EXIT_MANAGER ticket=212 action=CLOSE_PENDING_RETRY reason=OWNER_R_EXIT_GENERAL_10M_DEADLINE attempt=5 sendOk=false stillOpen=true
CS	0	07:27:49.546	XAUUSD_AI_Sniper_EA_v6.25.24_REPLAY_ROOT_CONSOLIDATED_FIX (XAUUSD,M10)	2026.06.19 14:40:52   LOSS_CLOSE_BLOCKED #212 ctx=OWNER_R_EXIT_GENERAL_10M_DEADLINE pnl=$-243.84 closeLots=0.00 | Negative trades may close only by broker SL, manual close, or emergency margin/account protection.
CS	0	07:27:49.546	XAUUSD_AI_Sniper_EA_v6.25.24_REPLAY_ROOT_CONSOLIDATED_FIX (XAUUSD,M10)	2026.06.19 14:40:52   R_EXIT_MANAGER ticket=212 action=CLOSE_PENDING_RETRY reason=OWNER_R_EXIT_GENERAL_10M_DEADLINE attempt=6 sendOk=false stillOpen=true
CS	0	07:27:49.551	XAUUSD_AI_Sniper_EA_v6.25.24_REPLAY_ROOT_CONSOLIDATED_FIX (XAUUSD,M10)	2026.06.19 14:40:55   LOSS_CLOSE_BLOCKED #212 ctx=OWNER_R_EXIT_GENERAL_10M_DEADLINE pnl=$-209.28 closeLots=0.00 | Negative trades may close only by broker SL, manual close, or emergency margin/account protection.
CS	0	07:27:49.551	XAUUSD_AI_Sniper_EA_v6.25.24_REPLAY_ROOT_CONSOLIDATED_FIX (XAUUSD,M10)	2026.06.19 14:40:55   R_EXIT_MANAGER ticket=212 action=CLOSE_PENDING_RETRY reason=OWNER_R_EXIT_GENERAL_10M_DEADLINE attempt=7 sendOk=false stillOpen=true
CS	0	07:27:49.555	XAUUSD_AI_Sniper_EA_v6.25.24_REPLAY_ROOT_CONSOLIDATED_FIX (XAUUSD,M10)	2026.06.19 14:40:58   LOSS_CLOSE_BLOCKED #212 ctx=OWNER_R_EXIT_GENERAL_10M_DEADLINE pnl=$-220.80 closeLots=0.00 | Negative trades may close only by broker SL, manual close, or emergency margin/account protection.
CS	0	07:27:49.555	XAUUSD_AI_Sniper_EA_v6.25.24_REPLAY_ROOT_CONSOLIDATED_FIX (XAUUSD,M10)	2026.06.19 14:40:58   R_EXIT_MANAGER ticket=212 action=CLOSE_PENDING_RETRY reason=OWNER_R_EXIT_GENERAL_10M_DEADLINE attempt=8 sendOk=false stillOpen=true
CS	0	07:27:49.560	XAUUSD_AI_Sniper_EA_v6.25.24_REPLAY_ROOT_CONSOLIDATED_FIX (XAUUSD,M10)	2026.06.19 14:41:01   LOSS_CLOSE_BLOCKED #212 ctx=OWNER_R_EXIT_GENERAL_10M_DEADLINE pnl=$-236.80 closeLots=0.00 | Negative trades may close only by broker SL, manual close, or emergency margin/account protection.
CS	0	07:27:49.560	XAUUSD_AI_Sniper_EA_v6.25.24_REPLAY_ROOT_CONSOLIDATED_FIX (XAUUSD,M10)	2026.06.19 14:41:01   R_EXIT_MANAGER ticket=212 action=CLOSE_PENDING_RETRY reason=OWNER_R_EXIT_GENERAL_10M_DEADLINE attempt=9 sendOk=false stillOpen=true
CS	0	07:27:49.563	XAUUSD_AI_Sniper_EA_v6.25.24_REPLAY_ROOT_CONSOLIDATED_FIX (XAUUSD,M10)	2026.06.19 14:41:04   LOSS_CLOSE_BLOCKED #212 ctx=OWNER_R_EXIT_GENERAL_10M_DEADLINE pnl=$-225.28 closeLots=0.00 | Negative trades may close only by broker SL, manual close, or emergency margin/account protection.
CS	0	07:27:49.563	XAUUSD_AI_Sniper_EA_v6.25.24_REPLAY_ROOT_CONSOLIDATED_FIX (XAUUSD,M10)	2026.06.19 14:41:04   R_EXIT_MANAGER ticket=212 action=CLOSE_PENDING_RETRY reason=OWNER_R_EXIT_GENERAL_10M_DEADLINE attempt=10 sendOk=false stillOpen=true
CS	0	07:27:49.567	XAUUSD_AI_Sniper_EA_v6.25.24_REPLAY_ROOT_CONSOLIDATED_FIX (XAUUSD,M10)	2026.06.19 14:41:07   LOSS_CLOSE_BLOCKED #212 ctx=OWNER_R_EXIT_GENERAL_10M_DEADLINE pnl=$-216.32 closeLots=0.00 | Negative trades may close only by broker SL, manual close, or emergency margin/account protection.
CS	0	07:27:49.567	XAUUSD_AI_Sniper_EA_v6.25.24_REPLAY_ROOT_CONSOLIDATED_FIX (XAUUSD,M10)	2026.06.19 14:41:07   R_EXIT_MANAGER ticket=212 action=CLOSE_PENDING_RETRY reason=OWNER_R_EXIT_GENERAL_10M_DEADLINE attempt=11 sendOk=false stillOpen=true
CS	0	07:27:49.571	XAUUSD_AI_Sniper_EA_v6.25.24_REPLAY_ROOT_CONSOLIDATED_FIX (XAUUSD,M10)	2026.06.19 14:41:10   LOSS_CLOSE_BLOCKED #212 ctx=OWNER_R_EXIT_GENERAL_10M_DEADLINE pnl=$-202.88 closeLots=0.00 | Negative trades may close only by broker SL, manual close, or emergency margin/account protection.
CS	0	07:27:49.571	XAUUSD_AI_Sniper_EA_v6.25.24_REPLAY_ROOT_CONSOLIDATED_FIX (XAUUSD,M10)	2026.06.19 14:41:10   R_EXIT_MANAGER ticket=212 action=CLOSE_PENDING_RETRY reason=OWNER_R_EXIT_GENERAL_10M_DEADLINE attempt=12 sendOk=false stillOpen=true
CS	0	07:27:49.579	XAUUSD_AI_Sniper_EA_v6.25.24_REPLAY_ROOT_CONSOLIDATED_FIX (XAUUSD,M10)	2026.06.19 14:41:13   LOSS_CLOSE_BLOCKED #212 ctx=OWNER_R_EXIT_GENERAL_10M_DEADLINE pnl=$-175.36 closeLots=0.00 | Negative trades may close only by broker SL, manual close, or emergency margin/account protection.
CS	0	07:27:49.579	XAUUSD_AI_Sniper_EA_v6.25.24_REPLAY_ROOT_CONSOLIDATED_FIX (XAUUSD,M10)	2026.06.19 14:41:13   R_EXIT_MANAGER ticket=212 action=CLOSE_PENDING_RETRY reason=OWNER_R_EXIT_GENERAL_10M_DEADLINE attempt=13 sendOk=false stillOpen=true
CS	0	07:27:49.584	XAUUSD_AI_Sniper_EA_v6.25.24_REPLAY_ROOT_CONSOLIDATED_FIX (XAUUSD,M10)	2026.06.19 14:41:16   LOSS_CLOSE_BLOCKED #212 ctx=OWNER_R_EXIT_GENERAL_10M_DEADLINE pnl=$-175.36 closeLots=0.00 | Negative trades may close only by broker SL, manual close, or emergency margin/account protection.
CS	0	07:27:49.584	XAUUSD_AI_Sniper_EA_v6.25.24_REPLAY_ROOT_CONSOLIDATED_FIX (XAUUSD,M10)	2026.06.19 14:41:16   R_EXIT_MANAGER ticket=212 action=CLOSE_PENDING_RETRY reason=OWNER_R_EXIT_GENERAL_10M_DEADLINE attempt=14 sendOk=false stillOpen=true
CS	0	07:27:49.588	XAUUSD_AI_Sniper_EA_v6.25.24_REPLAY_ROOT_CONSOLIDATED_FIX (XAUUSD,M10)	2026.06.19 14:41:19   LOSS_CLOSE_BLOCKED #212 ctx=OWNER_R_EXIT_GENERAL_10M_DEADLINE pnl=$-170.88 closeLots=0.00 | Negative trades may close only by broker SL, manual close, or emergency margin/account protection.
CS	0	07:27:49.588	XAUUSD_AI_Sniper_EA_v6.25.24_REPLAY_ROOT_CONSOLIDATED_FIX (XAUUSD,M10)	2026.06.19 14:41:19   R_EXIT_MANAGER ticket=212 action=CLOSE_PENDING_RETRY reason=OWNER_R_EXIT_GENERAL_10M_DEADLINE attempt=15 sendOk=false stillOpen=true
CS	0	07:27:49.591	XAUUSD_AI_Sniper_EA_v6.25.24_REPLAY_ROOT_CONSOLIDATED_FIX (XAUUSD,M10)	2026.06.19 14:41:22   LOSS_CLOSE_BLOCKED #212 ctx=OWNER_R_EXIT_GENERAL_10M_DEADLINE pnl=$-171.52 closeLots=0.00 | Negative trades may close only by broker SL, manual close, or emergency margin/account protection.
CS	0	07:27:49.591	XAUUSD_AI_Sniper_EA_v6.25.24_REPLAY_ROOT_CONSOLIDATED_FIX (XAUUSD,M10)	2026.06.19 14:41:22   R_EXIT_MANAGER ticket=212 action=CLOSE_PENDING_RETRY reason=OWNER_R_EXIT_GENERAL_10M_DEADLINE attempt=16 sendOk=false stillOpen=true
CS	0	07:27:49.596	XAUUSD_AI_Sniper_EA_v6.25.24_REPLAY_ROOT_CONSOLIDATED_FIX (XAUUSD,M10)	2026.06.19 14:41:25   LOSS_CLOSE_BLOCKED #212 ctx=OWNER_R_EXIT_GENERAL_10M_DEADLINE pnl=$-165.12 closeLots=0.00 | Negative trades may close only by broker SL, manual close, or emergency margin/account protection.
CS	0	07:27:49.596	XAUUSD_AI_Sniper_EA_v6.25.24_REPLAY_ROOT_CONSOLIDATED_FIX (XAUUSD,M10)	2026.06.19 14:41:25   R_EXIT_MANAGER ticket=212 action=CLOSE_PENDING_RETRY reason=OWNER_R_EXIT_GENERAL_10M_DEADLINE attempt=17 sendOk=false stillOpen=true
CS	0	07:27:49.599	XAUUSD_AI_Sniper_EA_v6.25.24_REPLAY_ROOT_CONSOLIDATED_FIX (XAUUSD,M10)	2026.06.19 14:41:28   LOSS_CLOSE_BLOCKED #212 ctx=OWNER_R_EXIT_GENERAL_10M_DEADLINE pnl=$-167.04 closeLots=0.00 | Negative trades may close only by broker SL, manual close, or emergency margin/account protection.
CS	0	07:27:49.599	XAUUSD_AI_Sniper_EA_v6.25.24_REPLAY_ROOT_CONSOLIDATED_FIX (XAUUSD,M10)	2026.06.19 14:41:28   R_EXIT_MANAGER ticket=212 action=CLOSE_PENDING_RETRY reason=OWNER_R_EXIT_GENERAL_10M_DEADLINE attempt=18 sendOk=false stillOpen=true
CS	0	07:27:49.603	XAUUSD_AI_Sniper_EA_v6.25.24_REPLAY_ROOT_CONSOLIDATED_FIX (XAUUSD,M10)	2026.06.19 14:41:31   LOSS_CLOSE_BLOCKED #212 ctx=OWNER_R_EXIT_GENERAL_10M_DEADLINE pnl=$-168.32 closeLots=0.00 | Negative trades may close only by broker SL, manual close, or emergency margin/account protection.
CS	0	07:27:49.603	XAUUSD_AI_Sniper_EA_v6.25.24_REPLAY_ROOT_CONSOLIDATED_FIX (XAUUSD,M10)	2026.06.19 14:41:31   R_EXIT_MANAGER ticket=212 action=CLOSE_PENDING_RETRY reason=OWNER_R_EXIT_GENERAL_10M_DEADLINE attempt=19 sendOk=false stillOpen=true
CS	0	07:27:49.607	XAUUSD_AI_Sniper_EA_v6.25.24_REPLAY_ROOT_CONSOLIDATED_FIX (XAUUSD,M10)	2026.06.19 14:41:34   LOSS_CLOSE_BLOCKED #212 ctx=OWNER_R_EXIT_GENERAL_10M_DEADLINE pnl=$-167.04 closeLots=0.00 | Negative trades may close only by broker SL, manual close, or emergency margin/account protection.
CS	0	07:27:49.607	XAUUSD_AI_Sniper_EA_v6.25.24_REPLAY_ROOT_CONSOLIDATED_FIX (XAUUSD,M10)	2026.06.19 14:41:34   R_EXIT_MANAGER ticket=212 action=CLOSE_PENDING_RETRY reason=OWNER_R_EXIT_GENERAL_10M_DEADLINE attempt=20 sendOk=false stillOpen=true
CS	0	07:27:49.611	XAUUSD_AI_Sniper_EA_v6.25.24_REPLAY_ROOT_CONSOLIDATED_FIX (XAUUSD,M10)	2026.06.19 14:41:37   LOSS_CLOSE_BLOCKED #212 ctx=OWNER_R_EXIT_GENERAL_10M_DEADLINE pnl=$-183.68 closeLots=0.00 | Negative trades may close only by broker SL, manual close, or emergency margin/account protection.
CS	0	07:27:49.611	XAUUSD_AI_Sniper_EA_v6.25.24_REPLAY_ROOT_CONSOLIDATED_FIX (XAUUSD,M10)	2026.06.19 14:41:37   R_EXIT_MANAGER ticket=212 action=CLOSE_PENDING_RETRY reason=OWNER_R_EXIT_GENERAL_10M_DEADLINE attempt=21 sendOk=false stillOpen=true
CS	0	07:27:49.616	XAUUSD_AI_Sniper_EA_v6.25.24_REPLAY_ROOT_CONSOLIDATED_FIX (XAUUSD,M10)	2026.06.19 14:41:40   LOSS_CLOSE_BLOCKED #212 ctx=OWNER_R_EXIT_GENERAL_10M_DEADLINE pnl=$-195.84 closeLots=0.00 | Negative trades may close only by broker SL, manual close, or emergency margin/account protection.
CS	0	07:27:49.616	XAUUSD_AI_Sniper_EA_v6.25.24_REPLAY_ROOT_CONSOLIDATED_FIX (XAUUSD,M10)	2026.06.19 14:41:40   R_EXIT_MANAGER ticket=212 action=CLOSE_PENDING_RETRY reason=OWNER_R_EXIT_GENERAL_10M_DEADLINE attempt=22 sendOk=false stillOpen=true
CS	0	07:27:49.620	XAUUSD_AI_Sniper_EA_v6.25.24_REPLAY_ROOT_CONSOLIDATED_FIX (XAUUSD,M10)	2026.06.19 14:41:43   LOSS_CLOSE_BLOCKED #212 ctx=OWNER_R_EXIT_GENERAL_10M_DEADLINE pnl=$-197.76 closeLots=0.00 | Negative trades may close only by broker SL, manual close, or emergency margin/account protection.
CS	0	07:27:49.620	XAUUSD_AI_Sniper_EA_v6.25.24_REPLAY_ROOT_CONSOLIDATED_FIX (XAUUSD,M10)	2026.06.19 14:41:43   R_EXIT_MANAGER ticket=212 action=CLOSE_PENDING_RETRY reason=OWNER_R_EXIT_GENERAL_10M_DEADLINE attempt=23 sendOk=false stillOpen=true
CS	0	07:27:49.624	XAUUSD_AI_Sniper_EA_v6.25.24_REPLAY_ROOT_CONSOLIDATED_FIX (XAUUSD,M10)	2026.06.19 14:41:46   LOSS_CLOSE_BLOCKED #212 ctx=OWNER_R_EXIT_GENERAL_10M_DEADLINE pnl=$-195.84 closeLots=0.00 | Negative trades may close only by broker SL, manual close, or emergency margin/account protection.
CS	0	07:27:49.624	XAUUSD_AI_Sniper_EA_v6.25.24_REPLAY_ROOT_CONSOLIDATED_FIX (XAUUSD,M10)	2026.06.19 14:41:46   R_EXIT_MANAGER ticket=212 action=CLOSE_PENDING_RETRY reason=OWNER_R_EXIT_GENERAL_10M_DEADLINE attempt=24 sendOk=false stillOpen=true
CS	0	07:27:49.629	XAUUSD_AI_Sniper_EA_v6.25.24_REPLAY_ROOT_CONSOLIDATED_FIX (XAUUSD,M10)	2026.06.19 14:41:49   LOSS_CLOSE_BLOCKED #212 ctx=OWNER_R_EXIT_GENERAL_10M_DEADLINE pnl=$-207.36 closeLots=0.00 | Negative trades may close only by broker SL, manual close, or emergency margin/account protection.
CS	0	07:27:49.629	XAUUSD_AI_Sniper_EA_v6.25.24_REPLAY_ROOT_CONSOLIDATED_FIX (XAUUSD,M10)	2026.06.19 14:41:49   R_EXIT_MANAGER ticket=212 action=CLOSE_PENDING_RETRY reason=OWNER_R_EXIT_GENERAL_10M_DEADLINE attempt=25 sendOk=false stillOpen=true
CS	0	07:27:49.633	XAUUSD_AI_Sniper_EA_v6.25.24_REPLAY_ROOT_CONSOLIDATED_FIX (XAUUSD,M10)	2026.06.19 14:41:52   LOSS_CLOSE_BLOCKED #212 ctx=OWNER_R_EXIT_GENERAL_10M_DEADLINE pnl=$-206.72 closeLots=0.00 | Negative trades may close only by broker SL, manual close, or emergency margin/account protection.
CS	0	07:27:49.633	XAUUSD_AI_Sniper_EA_v6.25.24_REPLAY_ROOT_CONSOLIDATED_FIX (XAUUSD,M10)	2026.06.19 14:41:52   R_EXIT_MANAGER ticket=212 action=CLOSE_PENDING_RETRY reason=OWNER_R_EXIT_GENERAL_10M_DEADLINE attempt=26 sendOk=false stillOpen=true
CS	0	07:27:49.638	XAUUSD_AI_Sniper_EA_v6.25.24_REPLAY_ROOT_CONSOLIDATED_FIX (XAUUSD,M10)	2026.06.19 14:41:55   LOSS_CLOSE_BLOCKED #212 ctx=OWNER_R_EXIT_GENERAL_10M_DEADLINE pnl=$-252.16 closeLots=0.00 | Negative trades may close only by broker SL, manual close, or emergency margin/account protection.
CS	0	07:27:49.638	XAUUSD_AI_Sniper_EA_v6.25.24_REPLAY_ROOT_CONSOLIDATED_FIX (XAUUSD,M10)	2026.06.19 14:41:55   R_EXIT_MANAGER ticket=212 action=CLOSE_PENDING_RETRY reason=OWNER_R_EXIT_GENERAL_10M_DEADLINE attempt=27 sendOk=false stillOpen=true
CS	0	07:27:49.644	XAUUSD_AI_Sniper_EA_v6.25.24_REPLAY_ROOT_CONSOLIDATED_FIX (XAUUSD,M10)	2026.06.19 14:41:58   LOSS_CLOSE_BLOCKED #212 ctx=OWNER_R_EXIT_GENERAL_10M_DEADLINE pnl=$-225.92 closeLots=0.00 | Negative trades may close only by broker SL, manual close, or emergency margin/account protection.
CS	0	07:27:49.644	XAUUSD_AI_Sniper_EA_v6.25.24_REPLAY_ROOT_CONSOLIDATED_FIX (XAUUSD,M10)	2026.06.19 14:41:58   R_EXIT_MANAGER ticket=212 action=CLOSE_PENDING_RETRY reason=OWNER_R_EXIT_GENERAL_10M_DEADLINE attempt=28 sendOk=false stillOpen=true
CS	0	07:27:49.649	XAUUSD_AI_Sniper_EA_v6.25.24_REPLAY_ROOT_CONSOLIDATED_FIX (XAUUSD,M10)	2026.06.19 14:42:01   LOSS_CLOSE_BLOCKED #212 ctx=OWNER_R_EXIT_GENERAL_10M_DEADLINE pnl=$-231.68 closeLots=0.00 | Negative trades may close only by broker SL, manual close, or emergency margin/account protection.
CS	0	07:27:49.649	XAUUSD_AI_Sniper_EA_v6.25.24_REPLAY_ROOT_CONSOLIDATED_FIX (XAUUSD,M10)	2026.06.19 14:42:01   R_EXIT_MANAGER ticket=212 action=CLOSE_PENDING_RETRY reason=OWNER_R_EXIT_GENERAL_10M_DEADLINE attempt=29 sendOk=false stillOpen=true
CS	0	07:27:49.654	XAUUSD_AI_Sniper_EA_v6.25.24_REPLAY_ROOT_CONSOLIDATED_FIX (XAUUSD,M10)	2026.06.19 14:42:04   LOSS_CLOSE_BLOCKED #212 ctx=OWNER_R_EXIT_GENERAL_10M_DEADLINE pnl=$-216.32 closeLots=0.00 | Negative trades may close only by broker SL, manual close, or emergency margin/account protection.
CS	0	07:27:49.654	XAUUSD_AI_Sniper_EA_v6.25.24_REPLAY_ROOT_CONSOLIDATED_FIX (XAUUSD,M10)	2026.06.19 14:42:04   R_EXIT_MANAGER ticket=212 action=CLOSE_PENDING_RETRY reason=OWNER_R_EXIT_GENERAL_10M_DEADLINE attempt=30 sendOk=false stillOpen=true
CS	0	07:27:49.659	XAUUSD_AI_Sniper_EA_v6.25.24_REPLAY_ROOT_CONSOLIDATED_FIX (XAUUSD,M10)	2026.06.19 14:42:07   LOSS_CLOSE_BLOCKED #212 ctx=OWNER_R_EXIT_GENERAL_10M_DEADLINE pnl=$-161.92 closeLots=0.00 | Negative trades may close only by broker SL, manual close, or emergency margin/account protection.
CS	0	07:27:49.659	XAUUSD_AI_Sniper_EA_v6.25.24_REPLAY_ROOT_CONSOLIDATED_FIX (XAUUSD,M10)	2026.06.19 14:42:07   R_EXIT_MANAGER ticket=212 action=CLOSE_PENDING_RETRY reason=OWNER_R_EXIT_GENERAL_10M_DEADLINE attempt=31 sendOk=false stillOpen=true
CS	0	07:27:49.663	XAUUSD_AI_Sniper_EA_v6.25.24_REPLAY_ROOT_CONSOLIDATED_FIX (XAUUSD,M10)	2026.06.19 14:42:10   LOSS_CLOSE_BLOCKED #212 ctx=OWNER_R_EXIT_GENERAL_10M_DEADLINE pnl=$-163.84 closeLots=0.00 | Negative trades may close only by broker SL, manual close, or emergency margin/account protection.
CS	0	07:27:49.663	XAUUSD_AI_Sniper_EA_v6.25.24_REPLAY_ROOT_CONSOLIDATED_FIX (XAUUSD,M10)	2026.06.19 14:42:10   R_EXIT_MANAGER ticket=212 action=CLOSE_PENDING_RETRY reason=OWNER_R_EXIT_GENERAL_10M_DEADLINE attempt=32 sendOk=false stillOpen=true
CS	0	07:27:49.668	XAUUSD_AI_Sniper_EA_v6.25.24_REPLAY_ROOT_CONSOLIDATED_FIX (XAUUSD,M10)	2026.06.19 14:42:13   LOSS_CLOSE_BLOCKED #212 ctx=OWNER_R_EXIT_GENERAL_10M_DEADLINE pnl=$-171.52 closeLots=0.00 | Negative trades may close only by broker SL, manual close, or emergency margin/account protection.
CS	0	07:27:49.668	XAUUSD_AI_Sniper_EA_v6.25.24_REPLAY_ROOT_CONSOLIDATED_FIX (XAUUSD,M10)	2026.06.19 14:42:13   R_EXIT_MANAGER ticket=212 action=CLOSE_PENDING_RETRY reason=OWNER_R_EXIT_GENERAL_10M_DEADLINE attempt=33 sendOk=false stillOpen=true
CS	0	07:27:49.672	XAUUSD_AI_Sniper_EA_v6.25.24_REPLAY_ROOT_CONSOLIDATED_FIX (XAUUSD,M10)	2026.06.19 14:42:16   LOSS_CLOSE_BLOCKED #212 ctx=OWNER_R_EXIT_GENERAL_10M_DEADLINE pnl=$-175.36 closeLots=0.00 | Negative trades may close only by broker SL, manual close, or emergency margin/account protection.
CS	0	07:27:49.672	XAUUSD_AI_Sniper_EA_v6.25.24_REPLAY_ROOT_CONSOLIDATED_FIX (XAUUSD,M10)	2026.06.19 14:42:16   R_EXIT_MANAGER ticket=212 action=CLOSE_PENDING_RETRY reason=OWNER_R_EXIT_GENERAL_10M_DEADLINE attempt=34 sendOk=false stillOpen=true
CS	0	07:27:49.677	XAUUSD_AI_Sniper_EA_v6.25.24_REPLAY_ROOT_CONSOLIDATED_FIX (XAUUSD,M10)	2026.06.19 14:42:19   LOSS_CLOSE_BLOCKED #212 ctx=OWNER_R_EXIT_GENERAL_10M_DEADLINE pnl=$-182.40 closeLots=0.00 | Negative trades may close only by broker SL, manual close, or emergency margin/account protection.
CS	0	07:27:49.677	XAUUSD_AI_Sniper_EA_v6.25.24_REPLAY_ROOT_CONSOLIDATED_FIX (XAUUSD,M10)	2026.06.19 14:42:19   R_EXIT_MANAGER ticket=212 action=CLOSE_PENDING_RETRY reason=OWNER_R_EXIT_GENERAL_10M_DEADLINE attempt=35 sendOk=false stillOpen=true
CS	0	07:27:49.681	XAUUSD_AI_Sniper_EA_v6.25.24_REPLAY_ROOT_CONSOLIDATED_FIX (XAUUSD,M10)	2026.06.19 14:42:22   LOSS_CLOSE_BLOCKED #212 ctx=OWNER_R_EXIT_GENERAL_10M_DEADLINE pnl=$-170.88 closeLots=0.00 | Negative trades may close only by broker SL, manual close, or emergency margin/account protection.
CS	0	07:27:49.681	XAUUSD_AI_Sniper_EA_v6.25.24_REPLAY_ROOT_CONSOLIDATED_FIX (XAUUSD,M10)	2026.06.19 14:42:22   R_EXIT_MANAGER ticket=212 action=CLOSE_PENDING_RETRY reason=OWNER_R_EXIT_GENERAL_10M_DEADLINE attempt=36 sendOk=false stillOpen=true
CS	0	07:27:49.685	XAUUSD_AI_Sniper_EA_v6.25.24_REPLAY_ROOT_CONSOLIDATED_FIX (XAUUSD,M10)	2026.06.19 14:42:25   LOSS_CLOSE_BLOCKED #212 ctx=OWNER_R_EXIT_GENERAL_10M_DEADLINE pnl=$-173.44 closeLots=0.00 | Negative trades may close only by broker SL, manual close, or emergency margin/account protection.
CS	0	07:27:49.685	XAUUSD_AI_Sniper_EA_v6.25.24_REPLAY_ROOT_CONSOLIDATED_FIX (XAUUSD,M10)	2026.06.19 14:42:25   R_EXIT_MANAGER ticket=212 action=CLOSE_PENDING_RETRY reason=OWNER_R_EXIT_GENERAL_10M_DEADLINE attempt=37 sendOk=false stillOpen=true
CS	0	07:27:49.689	XAUUSD_AI_Sniper_EA_v6.25.24_REPLAY_ROOT_CONSOLIDATED_FIX (XAUUSD,M10)	2026.06.19 14:42:28   LOSS_CLOSE_BLOCKED #212 ctx=OWNER_R_EXIT_GENERAL_10M_DEADLINE pnl=$-189.44 closeLots=0.00 | Negative trades may close only by broker SL, manual close, or emergency margin/account protection.
CS	0	07:27:49.689	XAUUSD_AI_Sniper_EA_v6.25.24_REPLAY_ROOT_CONSOLIDATED_FIX (XAUUSD,M10)	2026.06.19 14:42:28   R_EXIT_MANAGER ticket=212 action=CLOSE_PENDING_RETRY reason=OWNER_R_EXIT_GENERAL_10M_DEADLINE attempt=38 sendOk=false stillOpen=true
CS	0	07:27:49.695	XAUUSD_AI_Sniper_EA_v6.25.24_REPLAY_ROOT_CONSOLIDATED_FIX (XAUUSD,M10)	2026.06.19 14:42:31   LOSS_CLOSE_BLOCKED #212 ctx=OWNER_R_EXIT_GENERAL_10M_DEADLINE pnl=$-172.80 closeLots=0.00 | Negative trades may close only by broker SL, manual close, or emergency margin/account protection.
CS	0	07:27:49.695	XAUUSD_AI_Sniper_EA_v6.25.24_REPLAY_ROOT_CONSOLIDATED_FIX (XAUUSD,M10)	2026.06.19 14:42:31   R_EXIT_MANAGER ticket=212 action=CLOSE_PENDING_RETRY reason=OWNER_R_EXIT_GENERAL_10M_DEADLINE attempt=39 sendOk=false stillOpen=true
CS	0	07:27:49.699	XAUUSD_AI_Sniper_EA_v6.25.24_REPLAY_ROOT_CONSOLIDATED_FIX (XAUUSD,M10)	2026.06.19 14:42:34   LOSS_CLOSE_BLOCKED #212 ctx=OWNER_R_EXIT_GENERAL_10M_DEADLINE pnl=$-167.04 closeLots=0.00 | Negative trades may close only by broker SL, manual close, or emergency margin/account protection.
CS	0	07:27:49.699	XAUUSD_AI_Sniper_EA_v6.25.24_REPLAY_ROOT_CONSOLIDATED_FIX (XAUUSD,M10)	2026.06.19 14:42:34   R_EXIT_MANAGER ticket=212 action=CLOSE_PENDING_RETRY reason=OWNER_R_EXIT_GENERAL_10M_DEADLINE attempt=40 sendOk=false stillOpen=true
CS	0	07:27:49.704	XAUUSD_AI_Sniper_EA_v6.25.24_REPLAY_ROOT_CONSOLIDATED_FIX (XAUUSD,M10)	2026.06.19 14:42:37   LOSS_CLOSE_BLOCKED #212 ctx=OWNER_R_EXIT_GENERAL_10M_DEADLINE pnl=$-158.72 closeLots=0.00 | Negative trades may close only by broker SL, manual close, or emergency margin/account protection.
CS	0	07:27:49.704	XAUUSD_AI_Sniper_EA_v6.25.24_REPLAY_ROOT_CONSOLIDATED_FIX (XAUUSD,M10)	2026.06.19 14:42:37   R_EXIT_MANAGER ticket=212 action=CLOSE_PENDING_RETRY reason=OWNER_R_EXIT_GENERAL_10M_DEADLINE attempt=41 sendOk=false stillOpen=true
CS	0	07:27:49.710	XAUUSD_AI_Sniper_EA_v6.25.24_REPLAY_ROOT_CONSOLIDATED_FIX (XAUUSD,M10)	2026.06.19 14:42:40   LOSS_CLOSE_BLOCKED #212 ctx=OWNER_R_EXIT_GENERAL_10M_DEADLINE pnl=$-145.92 closeLots=0.00 | Negative trades may close only by broker SL, manual close, or emergency margin/account protection.
CS	0	07:27:49.710	XAUUSD_AI_Sniper_EA_v6.25.24_REPLAY_ROOT_CONSOLIDATED_FIX (XAUUSD,M10)	2026.06.19 14:42:40   R_EXIT_MANAGER ticket=212 action=CLOSE_PENDING_RETRY reason=OWNER_R_EXIT_GENERAL_10M_DEADLINE attempt=42 sendOk=false stillOpen=true
CS	0	07:27:49.715	XAUUSD_AI_Sniper_EA_v6.25.24_REPLAY_ROOT_CONSOLIDATED_FIX (XAUUSD,M10)	2026.06.19 14:42:43   LOSS_CLOSE_BLOCKED #212 ctx=OWNER_R_EXIT_GENERAL_10M_DEADLINE pnl=$-150.40 closeLots=0.00 | Negative trades may close only by broker SL, manual close, or emergency margin/account protection.
CS	0	07:27:49.715	XAUUSD_AI_Sniper_EA_v6.25.24_REPLAY_ROOT_CONSOLIDATED_FIX (XAUUSD,M10)	2026.06.19 14:42:43   R_EXIT_MANAGER ticket=212 action=CLOSE_PENDING_RETRY reason=OWNER_R_EXIT_GENERAL_10M_DEADLINE attempt=43 sendOk=false stillOpen=true
CS	0	07:27:49.719	XAUUSD_AI_Sniper_EA_v6.25.24_REPLAY_ROOT_CONSOLIDATED_FIX (XAUUSD,M10)	2026.06.19 14:42:46   LOSS_CLOSE_BLOCKED #212 ctx=OWNER_R_EXIT_GENERAL_10M_DEADLINE pnl=$-141.44 closeLots=0.00 | Negative trades may close only by broker SL, manual close, or emergency margin/account protection.
CS	0	07:27:49.719	XAUUSD_AI_Sniper_EA_v6.25.24_REPLAY_ROOT_CONSOLIDATED_FIX (XAUUSD,M10)	2026.06.19 14:42:46   R_EXIT_MANAGER ticket=212 action=CLOSE_PENDING_RETRY reason=OWNER_R_EXIT_GENERAL_10M_DEADLINE attempt=44 sendOk=false stillOpen=true
CS	0	07:27:49.724	XAUUSD_AI_Sniper_EA_v6.25.24_REPLAY_ROOT_CONSOLIDATED_FIX (XAUUSD,M10)	2026.06.19 14:42:49   LOSS_CLOSE_BLOCKED #212 ctx=OWNER_R_EXIT_GENERAL_10M_DEADLINE pnl=$-121.60 closeLots=0.00 | Negative trades may close only by broker SL, manual close, or emergency margin/account protection.
CS	0	07:27:49.724	XAUUSD_AI_Sniper_EA_v6.25.24_REPLAY_ROOT_CONSOLIDATED_FIX (XAUUSD,M10)	2026.06.19 14:42:49   R_EXIT_MANAGER ticket=212 action=CLOSE_PENDING_RETRY reason=OWNER_R_EXIT_GENERAL_10M_DEADLINE attempt=45 sendOk=false stillOpen=true
CS	0	07:27:49.729	XAUUSD_AI_Sniper_EA_v6.25.24_REPLAY_ROOT_CONSOLIDATED_FIX (XAUUSD,M10)	2026.06.19 14:42:52   LOSS_CLOSE_BLOCKED #212 ctx=OWNER_R_EXIT_GENERAL_10M_DEADLINE pnl=$-134.40 closeLots=0.00 | Negative trades may close only by broker SL, manual close, or emergency margin/account protection.
CS	0	07:27:49.729	XAUUSD_AI_Sniper_EA_v6.25.24_REPLAY_ROOT_CONSOLIDATED_FIX (XAUUSD,M10)	2026.06.19 14:42:52   R_EXIT_MANAGER ticket=212 action=CLOSE_PENDING_RETRY reason=OWNER_R_EXIT_GENERAL_10M_DEADLINE attempt=46 sendOk=false stillOpen=true
CS	0	07:27:49.733	XAUUSD_AI_Sniper_EA_v6.25.24_REPLAY_ROOT_CONSOLIDATED_FIX (XAUUSD,M10)	2026.06.19 14:42:55   LOSS_CLOSE_BLOCKED #212 ctx=OWNER_R_EXIT_GENERAL_10M_DEADLINE pnl=$-122.24 closeLots=0.00 | Negative trades may close only by broker SL, manual close, or emergency margin/account protection.
CS	0	07:27:49.733	XAUUSD_AI_Sniper_EA_v6.25.24_REPLAY_ROOT_CONSOLIDATED_FIX (XAUUSD,M10)	2026.06.19 14:42:55   R_EXIT_MANAGER ticket=212 action=CLOSE_PENDING_RETRY reason=OWNER_R_EXIT_GENERAL_10M_DEADLINE attempt=47 sendOk=false stillOpen=true
CS	0	07:27:49.737	XAUUSD_AI_Sniper_EA_v6.25.24_REPLAY_ROOT_CONSOLIDATED_FIX (XAUUSD,M10)	2026.06.19 14:42:58   LOSS_CLOSE_BLOCKED #212 ctx=OWNER_R_EXIT_GENERAL_10M_DEADLINE pnl=$-113.92 closeLots=0.00 | Negative trades may close only by broker SL, manual close, or emergency margin/account protection.
CS	0	07:27:49.737	XAUUSD_AI_Sniper_EA_v6.25.24_REPLAY_ROOT_CONSOLIDATED_FIX (XAUUSD,M10)	2026.06.19 14:42:58   R_EXIT_MANAGER ticket=212 action=CLOSE_PENDING_RETRY reason=OWNER_R_EXIT_GENERAL_10M_DEADLINE attempt=48 sendOk=false stillOpen=true
CS	0	07:27:49.742	XAUUSD_AI_Sniper_EA_v6.25.24_REPLAY_ROOT_CONSOLIDATED_FIX (XAUUSD,M10)	2026.06.19 14:43:01   LOSS_CLOSE_BLOCKED #212 ctx=OWNER_R_EXIT_GENERAL_10M_DEADLINE pnl=$-111.36 closeLots=0.00 | Negative trades may close only by broker SL, manual close, or emergency margin/account protection.
CS	0	07:27:49.742	XAUUSD_AI_Sniper_EA_v6.25.24_REPLAY_ROOT_CONSOLIDATED_FIX (XAUUSD,M10)	2026.06.19 14:43:01   R_EXIT_MANAGER ticket=212 action=CLOSE_PENDING_RETRY reason=OWNER_R_EXIT_GENERAL_10M_DEADLINE attempt=49 sendOk=false stillOpen=true
CS	0	07:27:49.746	XAUUSD_AI_Sniper_EA_v6.25.24_REPLAY_ROOT_CONSOLIDATED_FIX (XAUUSD,M10)	2026.06.19 14:43:04   LOSS_CLOSE_BLOCKED #212 ctx=OWNER_R_EXIT_GENERAL_10M_DEADLINE pnl=$-110.08 closeLots=0.00 | Negative trades may close only by broker SL, manual close, or emergency margin/account protection.
CS	0	07:27:49.746	XAUUSD_AI_Sniper_EA_v6.25.24_REPLAY_ROOT_CONSOLIDATED_FIX (XAUUSD,M10)	2026.06.19 14:43:04   R_EXIT_MANAGER ticket=212 action=CLOSE_PENDING_RETRY reason=OWNER_R_EXIT_GENERAL_10M_DEADLINE attempt=50 sendOk=false stillOpen=true
CS	0	07:27:49.749	XAUUSD_AI_Sniper_EA_v6.25.24_REPLAY_ROOT_CONSOLIDATED_FIX (XAUUSD,M10)	2026.06.19 14:43:07   LOSS_CLOSE_BLOCKED #212 ctx=OWNER_R_EXIT_GENERAL_10M_DEADLINE pnl=$-112.00 closeLots=0.00 | Negative trades may close only by broker SL, manual close, or emergency margin/account protection.
CS	0	07:27:49.749	XAUUSD_AI_Sniper_EA_v6.25.24_REPLAY_ROOT_CONSOLIDATED_FIX (XAUUSD,M10)	2026.06.19 14:43:07   R_EXIT_MANAGER ticket=212 action=CLOSE_PENDING_RETRY reason=OWNER_R_EXIT_GENERAL_10M_DEADLINE attempt=51 sendOk=false stillOpen=true
CS	0	07:27:49.753	XAUUSD_AI_Sniper_EA_v6.25.24_REPLAY_ROOT_CONSOLIDATED_FIX (XAUUSD,M10)	2026.06.19 14:43:10   LOSS_CLOSE_BLOCKED #212 ctx=OWNER_R_EXIT_GENERAL_10M_DEADLINE pnl=$-113.28 closeLots=0.00 | Negative trades may close only by broker SL, manual close, or emergency margin/account protection.
CS	0	07:27:49.753	XAUUSD_AI_Sniper_EA_v6.25.24_REPLAY_ROOT_CONSOLIDATED_FIX (XAUUSD,M10)	2026.06.19 14:43:10   R_EXIT_MANAGER ticket=212 action=CLOSE_PENDING_RETRY reason=OWNER_R_EXIT_GENERAL_10M_DEADLINE attempt=52 sendOk=false stillOpen=true
CS	0	07:27:49.758	XAUUSD_AI_Sniper_EA_v6.25.24_REPLAY_ROOT_CONSOLIDATED_FIX (XAUUSD,M10)	2026.06.19 14:43:13   LOSS_CLOSE_BLOCKED #212 ctx=OWNER_R_EXIT_GENERAL_10M_DEADLINE pnl=$-159.36 closeLots=0.00 | Negative trades may close only by broker SL, manual close, or emergency margin/account protection.
CS	0	07:27:49.758	XAUUSD_AI_Sniper_EA_v6.25.24_REPLAY_ROOT_CONSOLIDATED_FIX (XAUUSD,M10)	2026.06.19 14:43:13   R_EXIT_MANAGER ticket=212 action=CLOSE_PENDING_RETRY reason=OWNER_R_EXIT_GENERAL_10M_DEADLINE attempt=53 sendOk=false stillOpen=true
CS	0	07:27:49.763	XAUUSD_AI_Sniper_EA_v6.25.24_REPLAY_ROOT_CONSOLIDATED_FIX (XAUUSD,M10)	2026.06.19 14:43:16   LOSS_CLOSE_BLOCKED #212 ctx=OWNER_R_EXIT_GENERAL_10M_DEADLINE pnl=$-183.68 closeLots=0.00 | Negative trades may close only by broker SL, manual close, or emergency margin/account protection.
CS	0	07:27:49.763	XAUUSD_AI_Sniper_EA_v6.25.24_REPLAY_ROOT_CONSOLIDATED_FIX (XAUUSD,M10)	2026.06.19 14:43:16   R_EXIT_MANAGER ticket=212 action=CLOSE_PENDING_RETRY reason=OWNER_R_EXIT_GENERAL_10M_DEADLINE attempt=54 sendOk=false stillOpen=true
CS	0	07:27:49.768	XAUUSD_AI_Sniper_EA_v6.25.24_REPLAY_ROOT_CONSOLIDATED_FIX (XAUUSD,M10)	2026.06.19 14:43:19   LOSS_CLOSE_BLOCKED #212 ctx=OWNER_R_EXIT_GENERAL_10M_DEADLINE pnl=$-184.96 closeLots=0.00 | Negative trades may close only by broker SL, manual close, or emergency margin/account protection.
CS	0	07:27:49.768	XAUUSD_AI_Sniper_EA_v6.25.24_REPLAY_ROOT_CONSOLIDATED_FIX (XAUUSD,M10)	2026.06.19 14:43:19   R_EXIT_MANAGER ticket=212 action=CLOSE_PENDING_RETRY reason=OWNER_R_EXIT_GENERAL_10M_DEADLINE attempt=55 sendOk=false stillOpen=true
CS	0	07:27:49.772	XAUUSD_AI_Sniper_EA_v6.25.24_REPLAY_ROOT_CONSOLIDATED_FIX (XAUUSD,M10)	2026.06.19 14:43:22   LOSS_CLOSE_BLOCKED #212 ctx=OWNER_R_EXIT_GENERAL_10M_DEADLINE pnl=$-195.20 closeLots=0.00 | Negative trades may close only by broker SL, manual close, or emergency margin/account protection.
CS	0	07:27:49.772	XAUUSD_AI_Sniper_EA_v6.25.24_REPLAY_ROOT_CONSOLIDATED_FIX (XAUUSD,M10)	2026.06.19 14:43:22   R_EXIT_MANAGER ticket=212 action=CLOSE_PENDING_RETRY reason=OWNER_R_EXIT_GENERAL_10M_DEADLINE attempt=56 sendOk=false stillOpen=true
CS	0	07:27:49.777	XAUUSD_AI_Sniper_EA_v6.25.24_REPLAY_ROOT_CONSOLIDATED_FIX (XAUUSD,M10)	2026.06.19 14:43:25   LOSS_CLOSE_BLOCKED #212 ctx=OWNER_R_EXIT_GENERAL_10M_DEADLINE pnl=$-181.76 closeLots=0.00 | Negative trades may close only by broker SL, manual close, or emergency margin/account protection.
CS	0	07:27:49.777	XAUUSD_AI_Sniper_EA_v6.25.24_REPLAY_ROOT_CONSOLIDATED_FIX (XAUUSD,M10)	2026.06.19 14:43:25   R_EXIT_MANAGER ticket=212 action=CLOSE_PENDING_RETRY reason=OWNER_R_EXIT_GENERAL_10M_DEADLINE attempt=57 sendOk=false stillOpen=true
CS	0	07:27:49.781	XAUUSD_AI_Sniper_EA_v6.25.24_REPLAY_ROOT_CONSOLIDATED_FIX (XAUUSD,M10)	2026.06.19 14:43:28   LOSS_CLOSE_BLOCKED #212 ctx=OWNER_R_EXIT_GENERAL_10M_DEADLINE pnl=$-175.36 closeLots=0.00 | Negative trades may close only by broker SL, manual close, or emergency margin/account protection.
CS	0	07:27:49.781	XAUUSD_AI_Sniper_EA_v6.25.24_REPLAY_ROOT_CONSOLIDATED_FIX (XAUUSD,M10)	2026.06.19 14:43:28   R_EXIT_MANAGER ticket=212 action=CLOSE_PENDING_RETRY reason=OWNER_R_EXIT_GENERAL_10M_DEADLINE attempt=58 sendOk=false stillOpen=true
CS	0	07:27:49.786	XAUUSD_AI_Sniper_EA_v6.25.24_REPLAY_ROOT_CONSOLIDATED_FIX (XAUUSD,M10)	2026.06.19 14:43:31   LOSS_CLOSE_BLOCKED #212 ctx=OWNER_R_EXIT_GENERAL_10M_DEADLINE pnl=$-169.60 closeLots=0.00 | Negative trades may close only by broker SL, manual close, or emergency margin/account protection.
CS	0	07:27:49.786	XAUUSD_AI_Sniper_EA_v6.25.24_REPLAY_ROOT_CONSOLIDATED_FIX (XAUUSD,M10)	2026.06.19 14:43:31   R_EXIT_MANAGER ticket=212 action=CLOSE_PENDING_RETRY reason=OWNER_R_EXIT_GENERAL_10M_DEADLINE attempt=59 sendOk=false stillOpen=true
CS	0	07:27:49.790	XAUUSD_AI_Sniper_EA_v6.25.24_REPLAY_ROOT_CONSOLIDATED_FIX (XAUUSD,M10)	2026.06.19 14:43:34   LOSS_CLOSE_BLOCKED #212 ctx=OWNER_R_EXIT_GENERAL_10M_DEADLINE pnl=$-163.20 closeLots=0.00 | Negative trades may close only by broker SL, manual close, or emergency margin/account protection.
CS	0	07:27:49.790	XAUUSD_AI_Sniper_EA_v6.25.24_REPLAY_ROOT_CONSOLIDATED_FIX (XAUUSD,M10)	2026.06.19 14:43:34   R_EXIT_MANAGER ticket=212 action=CLOSE_PENDING_RETRY reason=OWNER_R_EXIT_GENERAL_10M_DEADLINE attempt=60 sendOk=false stillOpen=true
CS	0	07:27:49.795	XAUUSD_AI_Sniper_EA_v6.25.24_REPLAY_ROOT_CONSOLIDATED_FIX (XAUUSD,M10)	2026.06.19 14:43:37   LOSS_CLOSE_BLOCKED #212 ctx=OWNER_R_EXIT_GENERAL_10M_DEADLINE pnl=$-224.64 closeLots=0.00 | Negative trades may close only by broker SL, manual close, or emergency margin/account protection.
CS	0	07:27:49.795	XAUUSD_AI_Sniper_EA_v6.25.24_REPLAY_ROOT_CONSOLIDATED_FIX (XAUUSD,M10)	2026.06.19 14:43:37   R_EXIT_MANAGER ticket=212 action=CLOSE_PENDING_RETRY reason=OWNER_R_EXIT_GENERAL_10M_DEADLINE attempt=61 sendOk=false stillOpen=true
CS	0	07:27:49.800	XAUUSD_AI_Sniper_EA_v6.25.24_REPLAY_ROOT_CONSOLIDATED_FIX (XAUUSD,M10)	2026.06.19 14:43:40   LOSS_CLOSE_BLOCKED #212 ctx=OWNER_R_EXIT_GENERAL_10M_DEADLINE pnl=$-236.16 closeLots=0.00 | Negative trades may close only by broker SL, manual close, or emergency margin/account protection.
CS	0	07:27:49.800	XAUUSD_AI_Sniper_EA_v6.25.24_REPLAY_ROOT_CONSOLIDATED_FIX (XAUUSD,M10)	2026.06.19 14:43:40   R_EXIT_MANAGER ticket=212 action=CLOSE_PENDING_RETRY reason=OWNER_R_EXIT_GENERAL_10M_DEADLINE attempt=62 sendOk=false stillOpen=true
CS	0	07:27:49.806	XAUUSD_AI_Sniper_EA_v6.25.24_REPLAY_ROOT_CONSOLIDATED_FIX (XAUUSD,M10)	2026.06.19 14:43:43   LOSS_CLOSE_BLOCKED #212 ctx=OWNER_R_EXIT_GENERAL_10M_DEADLINE pnl=$-233.60 closeLots=0.00 | Negative trades may close only by broker SL, manual close, or emergency margin/account protection.
CS	0	07:27:49.806	XAUUSD_AI_Sniper_EA_v6.25.24_REPLAY_ROOT_CONSOLIDATED_FIX (XAUUSD,M10)	2026.06.19 14:43:43   R_EXIT_MANAGER ticket=212 action=CLOSE_PENDING_RETRY reason=OWNER_R_EXIT_GENERAL_10M_DEADLINE attempt=63 sendOk=false stillOpen=true
CS	0	07:27:49.812	XAUUSD_AI_Sniper_EA_v6.25.24_REPLAY_ROOT_CONSOLIDATED_FIX (XAUUSD,M10)	2026.06.19 14:43:46   LOSS_CLOSE_BLOCKED #212 ctx=OWNER_R_EXIT_GENERAL_10M_DEADLINE pnl=$-212.48 closeLots=0.00 | Negative trades may close only by broker SL, manual close, or emergency margin/account protection.
CS	0	07:27:49.812	XAUUSD_AI_Sniper_EA_v6.25.24_REPLAY_ROOT_CONSOLIDATED_FIX (XAUUSD,M10)	2026.06.19 14:43:46   R_EXIT_MANAGER ticket=212 action=CLOSE_PENDING_RETRY reason=OWNER_R_EXIT_GENERAL_10M_DEADLINE attempt=64 sendOk=false stillOpen=true
CS	0	07:27:49.818	XAUUSD_AI_Sniper_EA_v6.25.24_REPLAY_ROOT_CONSOLIDATED_FIX (XAUUSD,M10)	2026.06.19 14:43:49   LOSS_CLOSE_BLOCKED #212 ctx=OWNER_R_EXIT_GENERAL_10M_DEADLINE pnl=$-216.32 closeLots=0.00 | Negative trades may close only by broker SL, manual close, or emergency margin/account protection.
CS	0	07:27:49.818	XAUUSD_AI_Sniper_EA_v6.25.24_REPLAY_ROOT_CONSOLIDATED_FIX (XAUUSD,M10)	2026.06.19 14:43:49   R_EXIT_MANAGER ticket=212 action=CLOSE_PENDING_RETRY reason=OWNER_R_EXIT_GENERAL_10M_DEADLINE attempt=65 sendOk=false stillOpen=true
CS	0	07:27:49.825	XAUUSD_AI_Sniper_EA_v6.25.24_REPLAY_ROOT_CONSOLIDATED_FIX (XAUUSD,M10)	2026.06.19 14:43:52   LOSS_CLOSE_BLOCKED #212 ctx=OWNER_R_EXIT_GENERAL_10M_DEADLINE pnl=$-235.52 closeLots=0.00 | Negative trades may close only by broker SL, manual close, or emergency margin/account protection.
CS	0	07:27:49.825	XAUUSD_AI_Sniper_EA_v6.25.24_REPLAY_ROOT_CONSOLIDATED_FIX (XAUUSD,M10)	2026.06.19 14:43:52   R_EXIT_MANAGER ticket=212 action=CLOSE_PENDING_RETRY reason=OWNER_R_EXIT_GENERAL_10M_DEADLINE attempt=66 sendOk=false stillOpen=true
CS	0	07:27:49.830	XAUUSD_AI_Sniper_EA_v6.25.24_REPLAY_ROOT_CONSOLIDATED_FIX (XAUUSD,M10)	2026.06.19 14:43:55   LOSS_CLOSE_BLOCKED #212 ctx=OWNER_R_EXIT_GENERAL_10M_DEADLINE pnl=$-225.28 closeLots=0.00 | Negative trades may close only by broker SL, manual close, or emergency margin/account protection.
CS	0	07:27:49.830	XAUUSD_AI_Sniper_EA_v6.25.24_REPLAY_ROOT_CONSOLIDATED_FIX (XAUUSD,M10)	2026.06.19 14:43:55   R_EXIT_MANAGER ticket=212 action=CLOSE_PENDING_RETRY reason=OWNER_R_EXIT_GENERAL_10M_DEADLINE attempt=67 sendOk=false stillOpen=true
CS	0	07:27:49.834	XAUUSD_AI_Sniper_EA_v6.25.24_REPLAY_ROOT_CONSOLIDATED_FIX (XAUUSD,M10)	2026.06.19 14:43:58   LOSS_CLOSE_BLOCKED #212 ctx=OWNER_R_EXIT_GENERAL_10M_DEADLINE pnl=$-225.92 closeLots=0.00 | Negative trades may close only by broker SL, manual close, or emergency margin/account protection.
CS	0	07:27:49.834	XAUUSD_AI_Sniper_EA_v6.25.24_REPLAY_ROOT_CONSOLIDATED_FIX (XAUUSD,M10)	2026.06.19 14:43:58   R_EXIT_MANAGER ticket=212 action=CLOSE_PENDING_RETRY reason=OWNER_R_EXIT_GENERAL_10M_DEADLINE attempt=68 sendOk=false stillOpen=true
CS	0	07:27:49.838	XAUUSD_AI_Sniper_EA_v6.25.24_REPLAY_ROOT_CONSOLIDATED_FIX (XAUUSD,M10)	2026.06.19 14:44:01   LOSS_CLOSE_BLOCKED #212 ctx=OWNER_R_EXIT_GENERAL_10M_DEADLINE pnl=$-222.08 closeLots=0.00 | Negative trades may close only by broker SL, manual close, or emergency margin/account protection.
CS	0	07:27:49.838	XAUUSD_AI_Sniper_EA_v6.25.24_REPLAY_ROOT_CONSOLIDATED_FIX (XAUUSD,M10)	2026.06.19 14:44:01   R_EXIT_MANAGER ticket=212 action=CLOSE_PENDING_RETRY reason=OWNER_R_EXIT_GENERAL_10M_DEADLINE attempt=69 sendOk=false stillOpen=true
CS	0	07:27:49.842	XAUUSD_AI_Sniper_EA_v6.25.24_REPLAY_ROOT_CONSOLIDATED_FIX (XAUUSD,M10)	2026.06.19 14:44:04   LOSS_CLOSE_BLOCKED #212 ctx=OWNER_R_EXIT_GENERAL_10M_DEADLINE pnl=$-218.88 closeLots=0.00 | Negative trades may close only by broker SL, manual close, or emergency margin/account protection.
CS	0	07:27:49.842	XAUUSD_AI_Sniper_EA_v6.25.24_REPLAY_ROOT_CONSOLIDATED_FIX (XAUUSD,M10)	2026.06.19 14:44:04   R_EXIT_MANAGER ticket=212 action=CLOSE_PENDING_RETRY reason=OWNER_R_EXIT_GENERAL_10M_DEADLINE attempt=70 sendOk=false stillOpen=true
CS	0	07:27:49.846	XAUUSD_AI_Sniper_EA_v6.25.24_REPLAY_ROOT_CONSOLIDATED_FIX (XAUUSD,M10)	2026.06.19 14:44:07   LOSS_CLOSE_BLOCKED #212 ctx=OWNER_R_EXIT_GENERAL_10M_DEADLINE pnl=$-239.36 closeLots=0.00 | Negative trades may close only by broker SL, manual close, or emergency margin/account protection.
CS	0	07:27:49.846	XAUUSD_AI_Sniper_EA_v6.25.24_REPLAY_ROOT_CONSOLIDATED_FIX (XAUUSD,M10)	2026.06.19 14:44:07   R_EXIT_MANAGER ticket=212 action=CLOSE_PENDING_RETRY reason=OWNER_R_EXIT_GENERAL_10M_DEADLINE attempt=71 sendOk=false stillOpen=true
CS	0	07:27:49.850	XAUUSD_AI_Sniper_EA_v6.25.24_REPLAY_ROOT_CONSOLIDATED_FIX (XAUUSD,M10)	2026.06.19 14:44:10   LOSS_CLOSE_BLOCKED #212 ctx=OWNER_R_EXIT_GENERAL_10M_DEADLINE pnl=$-256.00 closeLots=0.00 | Negative trades may close only by broker SL, manual close, or emergency margin/account protection.
CS	0	07:27:49.850	XAUUSD_AI_Sniper_EA_v6.25.24_REPLAY_ROOT_CONSOLIDATED_FIX (XAUUSD,M10)	2026.06.19 14:44:10   R_EXIT_MANAGER ticket=212 action=CLOSE_PENDING_RETRY reason=OWNER_R_EXIT_GENERAL_10M_DEADLINE attempt=72 sendOk=false stillOpen=true
CS	0	07:27:49.854	XAUUSD_AI_Sniper_EA_v6.25.24_REPLAY_ROOT_CONSOLIDATED_FIX (XAUUSD,M10)	2026.06.19 14:44:13   LOSS_CLOSE_BLOCKED #212 ctx=OWNER_R_EXIT_GENERAL_10M_DEADLINE pnl=$-239.36 closeLots=0.00 | Negative trades may close only by broker SL, manual close, or emergency margin/account protection.
CS	0	07:27:49.854	XAUUSD_AI_Sniper_EA_v6.25.24_REPLAY_ROOT_CONSOLIDATED_FIX (XAUUSD,M10)	2026.06.19 14:44:13   R_EXIT_MANAGER ticket=212 action=CLOSE_PENDING_RETRY reason=OWNER_R_EXIT_GENERAL_10M_DEADLINE attempt=73 sendOk=false stillOpen=true
CS	0	07:27:49.858	XAUUSD_AI_Sniper_EA_v6.25.24_REPLAY_ROOT_CONSOLIDATED_FIX (XAUUSD,M10)	2026.06.19 14:44:16   LOSS_CLOSE_BLOCKED #212 ctx=OWNER_R_EXIT_GENERAL_10M_DEADLINE pnl=$-240.00 closeLots=0.00 | Negative trades may close only by broker SL, manual close, or emergency margin/account protection.
CS	0	07:27:49.858	XAUUSD_AI_Sniper_EA_v6.25.24_REPLAY_ROOT_CONSOLIDATED_FIX (XAUUSD,M10)	2026.06.19 14:44:16   R_EXIT_MANAGER ticket=212 action=CLOSE_PENDING_RETRY reason=OWNER_R_EXIT_GENERAL_10M_DEADLINE attempt=74 sendOk=false stillOpen=true
CS	0	07:27:49.861	XAUUSD_AI_Sniper_EA_v6.25.24_REPLAY_ROOT_CONSOLIDATED_FIX (XAUUSD,M10)	2026.06.19 14:44:19   LOSS_CLOSE_BLOCKED #212 ctx=OWNER_R_EXIT_GENERAL_10M_DEADLINE pnl=$-231.04 closeLots=0.00 | Negative trades may close only by broker SL, manual close, or emergency margin/account protection.
CS	0	07:27:49.861	XAUUSD_AI_Sniper_EA_v6.25.24_REPLAY_ROOT_CONSOLIDATED_FIX (XAUUSD,M10)	2026.06.19 14:44:19   R_EXIT_MANAGER ticket=212 action=CLOSE_PENDING_RETRY reason=OWNER_R_EXIT_GENERAL_10M_DEADLINE attempt=75 sendOk=false stillOpen=true
CS	0	07:27:49.864	XAUUSD_AI_Sniper_EA_v6.25.24_REPLAY_ROOT_CONSOLIDATED_FIX (XAUUSD,M10)	2026.06.19 14:44:23   LOSS_CLOSE_BLOCKED #212 ctx=OWNER_R_EXIT_GENERAL_10M_DEADLINE pnl=$-231.68 closeLots=0.00 | Negative trades may close only by broker SL, manual close, or emergency margin/account protection.
CS	0	07:27:49.864	XAUUSD_AI_Sniper_EA_v6.25.24_REPLAY_ROOT_CONSOLIDATED_FIX (XAUUSD,M10)	2026.06.19 14:44:23   R_EXIT_MANAGER ticket=212 action=CLOSE_PENDING_RETRY reason=OWNER_R_EXIT_GENERAL_10M_DEADLINE attempt=76 sendOk=false stillOpen=true
CS	0	07:27:49.868	XAUUSD_AI_Sniper_EA_v6.25.24_REPLAY_ROOT_CONSOLIDATED_FIX (XAUUSD,M10)	2026.06.19 14:44:26   LOSS_CLOSE_BLOCKED #212 ctx=OWNER_R_EXIT_GENERAL_10M_DEADLINE pnl=$-226.56 closeLots=0.00 | Negative trades may close only by broker SL, manual close, or emergency margin/account protection.
CS	0	07:27:49.868	XAUUSD_AI_Sniper_EA_v6.25.24_REPLAY_ROOT_CONSOLIDATED_FIX (XAUUSD,M10)	2026.06.19 14:44:26   R_EXIT_MANAGER ticket=212 action=CLOSE_PENDING_RETRY reason=OWNER_R_EXIT_GENERAL_10M_DEADLINE attempt=77 sendOk=false stillOpen=true
CS	0	07:27:49.872	XAUUSD_AI_Sniper_EA_v6.25.24_REPLAY_ROOT_CONSOLIDATED_FIX (XAUUSD,M10)	2026.06.19 14:44:29   LOSS_CLOSE_BLOCKED #212 ctx=OWNER_R_EXIT_GENERAL_10M_DEADLINE pnl=$-228.48 closeLots=0.00 | Negative trades may close only by broker SL, manual close, or emergency margin/account protection.
CS	0	07:27:49.872	XAUUSD_AI_Sniper_EA_v6.25.24_REPLAY_ROOT_CONSOLIDATED_FIX (XAUUSD,M10)	2026.06.19 14:44:29   R_EXIT_MANAGER ticket=212 action=CLOSE_PENDING_RETRY reason=OWNER_R_EXIT_GENERAL_10M_DEADLINE attempt=78 sendOk=false stillOpen=true
CS	0	07:27:49.876	XAUUSD_AI_Sniper_EA_v6.25.24_REPLAY_ROOT_CONSOLIDATED_FIX (XAUUSD,M10)	2026.06.19 14:44:32   LOSS_CLOSE_BLOCKED #212 ctx=OWNER_R_EXIT_GENERAL_10M_DEADLINE pnl=$-229.12 closeLots=0.00 | Negative trades may close only by broker SL, manual close, or emergency margin/account protection.
CS	0	07:27:49.876	XAUUSD_AI_Sniper_EA_v6.25.24_REPLAY_ROOT_CONSOLIDATED_FIX (XAUUSD,M10)	2026.06.19 14:44:32   R_EXIT_MANAGER ticket=212 action=CLOSE_PENDING_RETRY reason=OWNER_R_EXIT_GENERAL_10M_DEADLINE attempt=79 sendOk=false stillOpen=true
CS	0	07:27:49.883	XAUUSD_AI_Sniper_EA_v6.25.24_REPLAY_ROOT_CONSOLIDATED_FIX (XAUUSD,M10)	2026.06.19 14:44:35   LOSS_CLOSE_BLOCKED #212 ctx=OWNER_R_EXIT_GENERAL_10M_DEADLINE pnl=$-206.08 closeLots=0.00 | Negative trades may close only by broker SL, manual close, or emergency margin/account protection.
CS	0	07:27:49.883	XAUUSD_AI_Sniper_EA_v6.25.24_REPLAY_ROOT_CONSOLIDATED_FIX (XAUUSD,M10)	2026.06.19 14:44:35   R_EXIT_MANAGER ticket=212 action=CLOSE_PENDING_RETRY reason=OWNER_R_EXIT_GENERAL_10M_DEADLINE attempt=80 sendOk=false stillOpen=true
CS	0	07:27:49.887	XAUUSD_AI_Sniper_EA_v6.25.24_REPLAY_ROOT_CONSOLIDATED_FIX (XAUUSD,M10)	2026.06.19 14:44:38   LOSS_CLOSE_BLOCKED #212 ctx=OWNER_R_EXIT_GENERAL_10M_DEADLINE pnl=$-201.60 closeLots=0.00 | Negative trades may close only by broker SL, manual close, or emergency margin/account protection.
CS	0	07:27:49.887	XAUUSD_AI_Sniper_EA_v6.25.24_REPLAY_ROOT_CONSOLIDATED_FIX (XAUUSD,M10)	2026.06.19 14:44:38   R_EXIT_MANAGER ticket=212 action=CLOSE_PENDING_RETRY reason=OWNER_R_EXIT_GENERAL_10M_DEADLINE attempt=81 sendOk=false stillOpen=true
CS	0	07:27:49.891	XAUUSD_AI_Sniper_EA_v6.25.24_REPLAY_ROOT_CONSOLIDATED_FIX (XAUUSD,M10)	2026.06.19 14:44:41   LOSS_CLOSE_BLOCKED #212 ctx=OWNER_R_EXIT_GENERAL_10M_DEADLINE pnl=$-199.68 closeLots=0.00 | Negative trades may close only by broker SL, manual close, or emergency margin/account protection.
CS	0	07:27:49.891	XAUUSD_AI_Sniper_EA_v6.25.24_REPLAY_ROOT_CONSOLIDATED_FIX (XAUUSD,M10)	2026.06.19 14:44:41   R_EXIT_MANAGER ticket=212 action=CLOSE_PENDING_RETRY reason=OWNER_R_EXIT_GENERAL_10M_DEADLINE attempt=82 sendOk=false stillOpen=true
CS	0	07:27:49.896	XAUUSD_AI_Sniper_EA_v6.25.24_REPLAY_ROOT_CONSOLIDATED_FIX (XAUUSD,M10)	2026.06.19 14:44:44   LOSS_CLOSE_BLOCKED #212 ctx=OWNER_R_EXIT_GENERAL_10M_DEADLINE pnl=$-194.56 closeLots=0.00 | Negative trades may close only by broker SL, manual close, or emergency margin/account protection.
CS	0	07:27:49.896	XAUUSD_AI_Sniper_EA_v6.25.24_REPLAY_ROOT_CONSOLIDATED_FIX (XAUUSD,M10)	2026.06.19 14:44:44   R_EXIT_MANAGER ticket=212 action=CLOSE_PENDING_RETRY reason=OWNER_R_EXIT_GENERAL_10M_DEADLINE attempt=83 sendOk=false stillOpen=true
CS	0	07:27:49.900	XAUUSD_AI_Sniper_EA_v6.25.24_REPLAY_ROOT_CONSOLIDATED_FIX (XAUUSD,M10)	2026.06.19 14:44:47   LOSS_CLOSE_BLOCKED #212 ctx=OWNER_R_EXIT_GENERAL_10M_DEADLINE pnl=$-199.68 closeLots=0.00 | Negative trades may close only by broker SL, manual close, or emergency margin/account protection.
CS	0	07:27:49.900	XAUUSD_AI_Sniper_EA_v6.25.24_REPLAY_ROOT_CONSOLIDATED_FIX (XAUUSD,M10)	2026.06.19 14:44:47   R_EXIT_MANAGER ticket=212 action=CLOSE_PENDING_RETRY reason=OWNER_R_EXIT_GENERAL_10M_DEADLINE attempt=84 sendOk=false stillOpen=true
CS	0	07:27:49.903	XAUUSD_AI_Sniper_EA_v6.25.24_REPLAY_ROOT_CONSOLIDATED_FIX (XAUUSD,M10)	2026.06.19 14:44:50   LOSS_CLOSE_BLOCKED #212 ctx=OWNER_R_EXIT_GENERAL_10M_DEADLINE pnl=$-195.84 closeLots=0.00 | Negative trades may close only by broker SL, manual close, or emergency margin/account protection.
CS	0	07:27:49.903	XAUUSD_AI_Sniper_EA_v6.25.24_REPLAY_ROOT_CONSOLIDATED_FIX (XAUUSD,M10)	2026.06.19 14:44:50   R_EXIT_MANAGER ticket=212 action=CLOSE_PENDING_RETRY reason=OWNER_R_EXIT_GENERAL_10M_DEADLINE attempt=85 sendOk=false stillOpen=true
CS	0	07:27:49.907	XAUUSD_AI_Sniper_EA_v6.25.24_REPLAY_ROOT_CONSOLIDATED_FIX (XAUUSD,M10)	2026.06.19 14:44:53   LOSS_CLOSE_BLOCKED #212 ctx=OWNER_R_EXIT_GENERAL_10M_DEADLINE pnl=$-203.52 closeLots=0.00 | Negative trades may close only by broker SL, manual close, or emergency margin/account protection.
CS	0	07:27:49.907	XAUUSD_AI_Sniper_EA_v6.25.24_REPLAY_ROOT_CONSOLIDATED_FIX (XAUUSD,M10)	2026.06.19 14:44:53   R_EXIT_MANAGER ticket=212 action=CLOSE_PENDING_RETRY reason=OWNER_R_EXIT_GENERAL_10M_DEADLINE attempt=86 sendOk=false stillOpen=true
CS	0	07:27:49.911	XAUUSD_AI_Sniper_EA_v6.25.24_REPLAY_ROOT_CONSOLIDATED_FIX (XAUUSD,M10)	2026.06.19 14:44:56   LOSS_CLOSE_BLOCKED #212 ctx=OWNER_R_EXIT_GENERAL_10M_DEADLINE pnl=$-217.60 closeLots=0.00 | Negative trades may close only by broker SL, manual close, or emergency margin/account protection.
CS	0	07:27:49.911	XAUUSD_AI_Sniper_EA_v6.25.24_REPLAY_ROOT_CONSOLIDATED_FIX (XAUUSD,M10)	2026.06.19 14:44:56   R_EXIT_MANAGER ticket=212 action=CLOSE_PENDING_RETRY reason=OWNER_R_EXIT_GENERAL_10M_DEADLINE attempt=87 sendOk=false stillOpen=true
CS	0	07:27:49.915	XAUUSD_AI_Sniper_EA_v6.25.24_REPLAY_ROOT_CONSOLIDATED_FIX (XAUUSD,M10)	2026.06.19 14:44:59   LOSS_CLOSE_BLOCKED #212 ctx=OWNER_R_EXIT_GENERAL_10M_DEADLINE pnl=$-231.04 closeLots=0.00 | Negative trades may close only by broker SL, manual close, or emergency margin/account protection.
CS	0	07:27:49.915	XAUUSD_AI_Sniper_EA_v6.25.24_REPLAY_ROOT_CONSOLIDATED_FIX (XAUUSD,M10)	2026.06.19 14:44:59   R_EXIT_MANAGER ticket=212 action=CLOSE_PENDING_RETRY reason=OWNER_R_EXIT_GENERAL_10M_DEADLINE attempt=88 sendOk=false stillOpen=true
CS	0	07:27:49.919	XAUUSD_AI_Sniper_EA_v6.25.24_REPLAY_ROOT_CONSOLIDATED_FIX (XAUUSD,M10)	2026.06.19 14:45:03   LOSS_CLOSE_BLOCKED #212 ctx=OWNER_R_EXIT_GENERAL_10M_DEADLINE pnl=$-233.60 closeLots=0.00 | Negative trades may close only by broker SL, manual close, or emergency margin/account protection.
CS	0	07:27:49.919	XAUUSD_AI_Sniper_EA_v6.25.24_REPLAY_ROOT_CONSOLIDATED_FIX (XAUUSD,M10)	2026.06.19 14:45:03   R_EXIT_MANAGER ticket=212 action=CLOSE_PENDING_RETRY reason=OWNER_R_EXIT_GENERAL_10M_DEADLINE attempt=89 sendOk=false stillOpen=true
CS	0	07:27:49.926	XAUUSD_AI_Sniper_EA_v6.25.24_REPLAY_ROOT_CONSOLIDATED_FIX (XAUUSD,M10)	2026.06.19 14:45:06   LOSS_CLOSE_BLOCKED #212 ctx=OWNER_R_EXIT_GENERAL_10M_DEADLINE pnl=$-289.92 closeLots=0.00 | Negative trades may close only by broker SL, manual close, or emergency margin/account protection.
CS	0	07:27:49.926	XAUUSD_AI_Sniper_EA_v6.25.24_REPLAY_ROOT_CONSOLIDATED_FIX (XAUUSD,M10)	2026.06.19 14:45:06   R_EXIT_MANAGER ticket=212 action=CLOSE_PENDING_RETRY reason=OWNER_R_EXIT_GENERAL_10M_DEADLINE attempt=90 sendOk=false stillOpen=true
CS	0	07:27:49.930	XAUUSD_AI_Sniper_EA_v6.25.24_REPLAY_ROOT_CONSOLIDATED_FIX (XAUUSD,M10)	2026.06.19 14:45:09   LOSS_CLOSE_BLOCKED #212 ctx=OWNER_R_EXIT_GENERAL_10M_DEADLINE pnl=$-293.12 closeLots=0.00 | Negative trades may close only by broker SL, manual close, or emergency margin/account protection.
CS	0	07:27:49.930	XAUUSD_AI_Sniper_EA_v6.25.24_REPLAY_ROOT_CONSOLIDATED_FIX (XAUUSD,M10)	2026.06.19 14:45:09   R_EXIT_MANAGER ticket=212 action=CLOSE_PENDING_RETRY reason=OWNER_R_EXIT_GENERAL_10M_DEADLINE attempt=91 sendOk=false stillOpen=true
CS	0	07:27:49.934	XAUUSD_AI_Sniper_EA_v6.25.24_REPLAY_ROOT_CONSOLIDATED_FIX (XAUUSD,M10)	2026.06.19 14:45:12   LOSS_CLOSE_BLOCKED #212 ctx=OWNER_R_EXIT_GENERAL_10M_DEADLINE pnl=$-281.60 closeLots=0.00 | Negative trades may close only by broker SL, manual close, or emergency margin/account protection.
CS	0	07:27:49.934	XAUUSD_AI_Sniper_EA_v6.25.24_REPLAY_ROOT_CONSOLIDATED_FIX (XAUUSD,M10)	2026.06.19 14:45:12   R_EXIT_MANAGER ticket=212 action=CLOSE_PENDING_RETRY reason=OWNER_R_EXIT_GENERAL_10M_DEADLINE attempt=92 sendOk=false stillOpen=true
CS	0	07:27:49.938	XAUUSD_AI_Sniper_EA_v6.25.24_REPLAY_ROOT_CONSOLIDATED_FIX (XAUUSD,M10)	2026.06.19 14:45:15   LOSS_CLOSE_BLOCKED #212 ctx=OWNER_R_EXIT_GENERAL_10M_DEADLINE pnl=$-286.72 closeLots=0.00 | Negative trades may close only by broker SL, manual close, or emergency margin/account protection.
CS	0	07:27:49.938	XAUUSD_AI_Sniper_EA_v6.25.24_REPLAY_ROOT_CONSOLIDATED_FIX (XAUUSD,M10)	2026.06.19 14:45:15   R_EXIT_MANAGER ticket=212 action=CLOSE_PENDING_RETRY reason=OWNER_R_EXIT_GENERAL_10M_DEADLINE attempt=93 sendOk=false stillOpen=true
CS	0	07:27:49.944	XAUUSD_AI_Sniper_EA_v6.25.24_REPLAY_ROOT_CONSOLIDATED_FIX (XAUUSD,M10)	2026.06.19 14:45:18   LOSS_CLOSE_BLOCKED #212 ctx=OWNER_R_EXIT_GENERAL_10M_DEADLINE pnl=$-277.12 closeLots=0.00 | Negative trades may close only by broker SL, manual close, or emergency margin/account protection.
CS	0	07:27:49.944	XAUUSD_AI_Sniper_EA_v6.25.24_REPLAY_ROOT_CONSOLIDATED_FIX (XAUUSD,M10)	2026.06.19 14:45:18   R_EXIT_MANAGER ticket=212 action=CLOSE_PENDING_RETRY reason=OWNER_R_EXIT_GENERAL_10M_DEADLINE attempt=94 sendOk=false stillOpen=true
CS	0	07:27:49.949	XAUUSD_AI_Sniper_EA_v6.25.24_REPLAY_ROOT_CONSOLIDATED_FIX (XAUUSD,M10)	2026.06.19 14:45:21   LOSS_CLOSE_BLOCKED #212 ctx=OWNER_R_EXIT_GENERAL_10M_DEADLINE pnl=$-292.48 closeLots=0.00 | Negative trades may close only by broker SL, manual close, or emergency margin/account protection.
CS	0	07:27:49.949	XAUUSD_AI_Sniper_EA_v6.25.24_REPLAY_ROOT_CONSOLIDATED_FIX (XAUUSD,M10)	2026.06.19 14:45:21   R_EXIT_MANAGER ticket=212 action=CLOSE_PENDING_RETRY reason=OWNER_R_EXIT_GENERAL_10M_DEADLINE attempt=95 sendOk=false stillOpen=true
CS	0	07:27:49.956	XAUUSD_AI_Sniper_EA_v6.25.24_REPLAY_ROOT_CONSOLIDATED_FIX (XAUUSD,M10)	2026.06.19 14:45:24   LOSS_CLOSE_BLOCKED #212 ctx=OWNER_R_EXIT_GENERAL_10M_DEADLINE pnl=$-310.40 closeLots=0.00 | Negative trades may close only by broker SL, manual close, or emergency margin/account protection.
CS	0	07:27:49.956	XAUUSD_AI_Sniper_EA_v6.25.24_REPLAY_ROOT_CONSOLIDATED_FIX (XAUUSD,M10)	2026.06.19 14:45:24   R_EXIT_MANAGER ticket=212 action=CLOSE_PENDING_RETRY reason=OWNER_R_EXIT_GENERAL_10M_DEADLINE attempt=96 sendOk=false stillOpen=true
CS	0	07:27:49.962	XAUUSD_AI_Sniper_EA_v6.25.24_REPLAY_ROOT_CONSOLIDATED_FIX (XAUUSD,M10)	2026.06.19 14:45:27   LOSS_CLOSE_BLOCKED #212 ctx=OWNER_R_EXIT_GENERAL_10M_DEADLINE pnl=$-294.40 closeLots=0.00 | Negative trades may close only by broker SL, manual close, or emergency margin/account protection.
CS	0	07:27:49.968	XAUUSD_AI_Sniper_EA_v6.25.24_REPLAY_ROOT_CONSOLIDATED_FIX (XAUUSD,M10)	2026.06.19 14:45:27   R_EXIT_MANAGER ticket=212 action=CLOSE_PENDING_RETRY reason=OWNER_R_EXIT_GENERAL_10M_DEADLINE attempt=97 sendOk=false stillOpen=true
CS	0	07:27:49.974	XAUUSD_AI_Sniper_EA_v6.25.24_REPLAY_ROOT_CONSOLIDATED_FIX (XAUUSD,M10)	2026.06.19 14:45:30   LOSS_CLOSE_BLOCKED #212 ctx=OWNER_R_EXIT_GENERAL_10M_DEADLINE pnl=$-269.44 closeLots=0.00 | Negative trades may close only by broker SL, manual close, or emergency margin/account protection.
CS	0	07:27:49.974	XAUUSD_AI_Sniper_EA_v6.25.24_REPLAY_ROOT_CONSOLIDATED_FIX (XAUUSD,M10)	2026.06.19 14:45:30   R_EXIT_MANAGER ticket=212 action=CLOSE_PENDING_RETRY reason=OWNER_R_EXIT_GENERAL_10M_DEADLINE attempt=98 sendOk=false stillOpen=true
CS	0	07:27:49.979	XAUUSD_AI_Sniper_EA_v6.25.24_REPLAY_ROOT_CONSOLIDATED_FIX (XAUUSD,M10)	2026.06.19 14:45:33   LOSS_CLOSE_BLOCKED #212 ctx=OWNER_R_EXIT_GENERAL_10M_DEADLINE pnl=$-273.92 closeLots=0.00 | Negative trades may close only by broker SL, manual close, or emergency margin/account protection.
CS	0	07:27:49.979	XAUUSD_AI_Sniper_EA_v6.25.24_REPLAY_ROOT_CONSOLIDATED_FIX (XAUUSD,M10)	2026.06.19 14:45:33   R_EXIT_MANAGER ticket=212 action=CLOSE_PENDING_RETRY reason=OWNER_R_EXIT_GENERAL_10M_DEADLINE attempt=99 sendOk=false stillOpen=true
CS	0	07:27:49.985	XAUUSD_AI_Sniper_EA_v6.25.24_REPLAY_ROOT_CONSOLIDATED_FIX (XAUUSD,M10)	2026.06.19 14:45:36   LOSS_CLOSE_BLOCKED #212 ctx=OWNER_R_EXIT_GENERAL_10M_DEADLINE pnl=$-270.08 closeLots=0.00 | Negative trades may close only by broker SL, manual close, or emergency margin/account protection.
CS	0	07:27:49.985	XAUUSD_AI_Sniper_EA_v6.25.24_REPLAY_ROOT_CONSOLIDATED_FIX (XAUUSD,M10)	2026.06.19 14:45:36   R_EXIT_MANAGER ticket=212 action=CLOSE_PENDING_RETRY reason=OWNER_R_EXIT_GENERAL_10M_DEADLINE attempt=100 sendOk=false stillOpen=true
CS	0	07:27:49.990	XAUUSD_AI_Sniper_EA_v6.25.24_REPLAY_ROOT_CONSOLIDATED_FIX (XAUUSD,M10)	2026.06.19 14:45:39   LOSS_CLOSE_BLOCKED #212 ctx=OWNER_R_EXIT_GENERAL_10M_DEADLINE pnl=$-275.84 closeLots=0.00 | Negative trades may close only by broker SL, manual close, or emergency margin/account protection.
CS	0	07:27:49.990	XAUUSD_AI_Sniper_EA_v6.25.24_REPLAY_ROOT_CONSOLIDATED_FIX (XAUUSD,M10)	2026.06.19 14:45:39   R_EXIT_MANAGER ticket=212 action=CLOSE_PENDING_RETRY reason=OWNER_R_EXIT_GENERAL_10M_DEADLINE attempt=101 sendOk=false stillOpen=true
CS	0	07:27:49.996	XAUUSD_AI_Sniper_EA_v6.25.24_REPLAY_ROOT_CONSOLIDATED_FIX (XAUUSD,M10)	2026.06.19 14:45:42   LOSS_CLOSE_BLOCKED #212 ctx=OWNER_R_EXIT_GENERAL_10M_DEADLINE pnl=$-254.72 closeLots=0.00 | Negative trades may close only by broker SL, manual close, or emergency margin/account protection.
CS	0	07:27:49.996	XAUUSD_AI_Sniper_EA_v6.25.24_REPLAY_ROOT_CONSOLIDATED_FIX (XAUUSD,M10)	2026.06.19 14:45:42   R_EXIT_MANAGER ticket=212 action=CLOSE_PENDING_RETRY reason=OWNER_R_EXIT_GENERAL_10M_DEADLINE attempt=102 sendOk=false stillOpen=true
CS	0	07:27:50.001	XAUUSD_AI_Sniper_EA_v6.25.24_REPLAY_ROOT_CONSOLIDATED_FIX (XAUUSD,M10)	2026.06.19 14:45:45   LOSS_CLOSE_BLOCKED #212 ctx=OWNER_R_EXIT_GENERAL_10M_DEADLINE pnl=$-281.60 closeLots=0.00 | Negative trades may close only by broker SL, manual close, or emergency margin/account protection.
CS	0	07:27:50.001	XAUUSD_AI_Sniper_EA_v6.25.24_REPLAY_ROOT_CONSOLIDATED_FIX (XAUUSD,M10)	2026.06.19 14:45:45   R_EXIT_MANAGER ticket=212 action=CLOSE_PENDING_RETRY reason=OWNER_R_EXIT_GENERAL_10M_DEADLINE attempt=103 sendOk=false stillOpen=true
CS	0	07:27:50.006	XAUUSD_AI_Sniper_EA_v6.25.24_REPLAY_ROOT_CONSOLIDATED_FIX (XAUUSD,M10)	2026.06.19 14:45:48   LOSS_CLOSE_BLOCKED #212 ctx=OWNER_R_EXIT_GENERAL_10M_DEADLINE pnl=$-272.00 closeLots=0.00 | Negative trades may close only by broker SL, manual close, or emergency margin/account protection.
CS	0	07:27:50.006	XAUUSD_AI_Sniper_EA_v6.25.24_REPLAY_ROOT_CONSOLIDATED_FIX (XAUUSD,M10)	2026.06.19 14:45:48   R_EXIT_MANAGER ticket=212 action=CLOSE_PENDING_RETRY reason=OWNER_R_EXIT_GENERAL_10M_DEADLINE attempt=104 sendOk=false stillOpen=true
CS	0	07:27:50.010	XAUUSD_AI_Sniper_EA_v6.25.24_REPLAY_ROOT_CONSOLIDATED_FIX (XAUUSD,M10)	2026.06.19 14:45:51   LOSS_CLOSE_BLOCKED #212 ctx=OWNER_R_EXIT_GENERAL_10M_DEADLINE pnl=$-282.88 closeLots=0.00 | Negative trades may close only by broker SL, manual close, or emergency margin/account protection.
CS	0	07:27:50.010	XAUUSD_AI_Sniper_EA_v6.25.24_REPLAY_ROOT_CONSOLIDATED_FIX (XAUUSD,M10)	2026.06.19 14:45:51   R_EXIT_MANAGER ticket=212 action=CLOSE_PENDING_RETRY reason=OWNER_R_EXIT_GENERAL_10M_DEADLINE attempt=105 sendOk=false stillOpen=true
CS	0	07:27:50.014	XAUUSD_AI_Sniper_EA_v6.25.24_REPLAY_ROOT_CONSOLIDATED_FIX (XAUUSD,M10)	2026.06.19 14:45:54   LOSS_CLOSE_BLOCKED #212 ctx=OWNER_R_EXIT_GENERAL_10M_DEADLINE pnl=$-273.28 closeLots=0.00 | Negative trades may close only by broker SL, manual close, or emergency margin/account protection.
CS	0	07:27:50.014	XAUUSD_AI_Sniper_EA_v6.25.24_REPLAY_ROOT_CONSOLIDATED_FIX (XAUUSD,M10)	2026.06.19 14:45:54   R_EXIT_MANAGER ticket=212 action=CLOSE_PENDING_RETRY reason=OWNER_R_EXIT_GENERAL_10M_DEADLINE attempt=106 sendOk=false stillOpen=true
CS	0	07:27:50.018	XAUUSD_AI_Sniper_EA_v6.25.24_REPLAY_ROOT_CONSOLIDATED_FIX (XAUUSD,M10)	2026.06.19 14:45:58   LOSS_CLOSE_BLOCKED #212 ctx=OWNER_R_EXIT_GENERAL_10M_DEADLINE pnl=$-274.56 closeLots=0.00 | Negative trades may close only by broker SL, manual close, or emergency margin/account protection.
CS	0	07:27:50.018	XAUUSD_AI_Sniper_EA_v6.25.24_REPLAY_ROOT_CONSOLIDATED_FIX (XAUUSD,M10)	2026.06.19 14:45:58   R_EXIT_MANAGER ticket=212 action=CLOSE_PENDING_RETRY reason=OWNER_R_EXIT_GENERAL_10M_DEADLINE attempt=107 sendOk=false stillOpen=true
CS	0	07:27:50.024	XAUUSD_AI_Sniper_EA_v6.25.24_REPLAY_ROOT_CONSOLIDATED_FIX (XAUUSD,M10)	2026.06.19 14:46:01   LOSS_CLOSE_BLOCKED #212 ctx=OWNER_R_EXIT_GENERAL_10M_DEADLINE pnl=$-316.80 closeLots=0.00 | Negative trades may close only by broker SL, manual close, or emergency margin/account protection.
CS	0	07:27:50.024	XAUUSD_AI_Sniper_EA_v6.25.24_REPLAY_ROOT_CONSOLIDATED_FIX (XAUUSD,M10)	2026.06.19 14:46:01   R_EXIT_MANAGER ticket=212 action=CLOSE_PENDING_RETRY reason=OWNER_R_EXIT_GENERAL_10M_DEADLINE attempt=108 sendOk=false stillOpen=true
CS	0	07:27:50.029	XAUUSD_AI_Sniper_EA_v6.25.24_REPLAY_ROOT_CONSOLIDATED_FIX (XAUUSD,M10)	2026.06.19 14:46:04   LOSS_CLOSE_BLOCKED #212 ctx=OWNER_R_EXIT_GENERAL_10M_DEADLINE pnl=$-302.08 closeLots=0.00 | Negative trades may close only by broker SL, manual close, or emergency margin/account protection.
CS	0	07:27:50.029	XAUUSD_AI_Sniper_EA_v6.25.24_REPLAY_ROOT_CONSOLIDATED_FIX (XAUUSD,M10)	2026.06.19 14:46:04   R_EXIT_MANAGER ticket=212 action=CLOSE_PENDING_RETRY reason=OWNER_R_EXIT_GENERAL_10M_DEADLINE attempt=109 sendOk=false stillOpen=true
CS	0	07:27:50.036	XAUUSD_AI_Sniper_EA_v6.25.24_REPLAY_ROOT_CONSOLIDATED_FIX (XAUUSD,M10)	2026.06.19 14:46:07   LOSS_CLOSE_BLOCKED #212 ctx=OWNER_R_EXIT_GENERAL_10M_DEADLINE pnl=$-300.16 closeLots=0.00 | Negative trades may close only by broker SL, manual close, or emergency margin/account protection.
CS	0	07:27:50.036	XAUUSD_AI_Sniper_EA_v6.25.24_REPLAY_ROOT_CONSOLIDATED_FIX (XAUUSD,M10)	2026.06.19 14:46:07   R_EXIT_MANAGER ticket=212 action=CLOSE_PENDING_RETRY reason=OWNER_R_EXIT_GENERAL_10M_DEADLINE attempt=110 sendOk=false stillOpen=true
CS	0	07:27:50.040	XAUUSD_AI_Sniper_EA_v6.25.24_REPLAY_ROOT_CONSOLIDATED_FIX (XAUUSD,M10)	2026.06.19 14:46:10   LOSS_CLOSE_BLOCKED #212 ctx=OWNER_R_EXIT_GENERAL_10M_DEADLINE pnl=$-304.64 closeLots=0.00 | Negative trades may close only by broker SL, manual close, or emergency margin/account protection.
CS	0	07:27:50.040	XAUUSD_AI_Sniper_EA_v6.25.24_REPLAY_ROOT_CONSOLIDATED_FIX (XAUUSD,M10)	2026.06.19 14:46:10   R_EXIT_MANAGER ticket=212 action=CLOSE_PENDING_RETRY reason=OWNER_R_EXIT_GENERAL_10M_DEADLINE attempt=111 sendOk=false stillOpen=true
CS	0	07:27:50.045	XAUUSD_AI_Sniper_EA_v6.25.24_REPLAY_ROOT_CONSOLIDATED_FIX (XAUUSD,M10)	2026.06.19 14:46:13   LOSS_CLOSE_BLOCKED #212 ctx=OWNER_R_EXIT_GENERAL_10M_DEADLINE pnl=$-303.36 closeLots=0.00 | Negative trades may close only by broker SL, manual close, or emergency margin/account protection.
CS	0	07:27:50.045	XAUUSD_AI_Sniper_EA_v6.25.24_REPLAY_ROOT_CONSOLIDATED_FIX (XAUUSD,M10)	2026.06.19 14:46:13   R_EXIT_MANAGER ticket=212 action=CLOSE_PENDING_RETRY reason=OWNER_R_EXIT_GENERAL_10M_DEADLINE attempt=112 sendOk=false stillOpen=true
CS	0	07:27:50.048	XAUUSD_AI_Sniper_EA_v6.25.24_REPLAY_ROOT_CONSOLIDATED_FIX (XAUUSD,M10)	2026.06.19 14:46:17   LOSS_CLOSE_BLOCKED #212 ctx=OWNER_R_EXIT_GENERAL_10M_DEADLINE pnl=$-314.88 closeLots=0.00 | Negative trades may close only by broker SL, manual close, or emergency margin/account protection.
CS	0	07:27:50.048	XAUUSD_AI_Sniper_EA_v6.25.24_REPLAY_ROOT_CONSOLIDATED_FIX (XAUUSD,M10)	2026.06.19 14:46:17   R_EXIT_MANAGER ticket=212 action=CLOSE_PENDING_RETRY reason=OWNER_R_EXIT_GENERAL_10M_DEADLINE attempt=113 sendOk=false stillOpen=true
CS	0	07:27:50.053	XAUUSD_AI_Sniper_EA_v6.25.24_REPLAY_ROOT_CONSOLIDATED_FIX (XAUUSD,M10)	2026.06.19 14:46:20   LOSS_CLOSE_BLOCKED #212 ctx=OWNER_R_EXIT_GENERAL_10M_DEADLINE pnl=$-291.20 closeLots=0.00 | Negative trades may close only by broker SL, manual close, or emergency margin/account protection.
CS	0	07:27:50.053	XAUUSD_AI_Sniper_EA_v6.25.24_REPLAY_ROOT_CONSOLIDATED_FIX (XAUUSD,M10)	2026.06.19 14:46:20   R_EXIT_MANAGER ticket=212 action=CLOSE_PENDING_RETRY reason=OWNER_R_EXIT_GENERAL_10M_DEADLINE attempt=114 sendOk=false stillOpen=true
CS	0	07:27:50.057	XAUUSD_AI_Sniper_EA_v6.25.24_REPLAY_ROOT_CONSOLIDATED_FIX (XAUUSD,M10)	2026.06.19 14:46:23   LOSS_CLOSE_BLOCKED #212 ctx=OWNER_R_EXIT_GENERAL_10M_DEADLINE pnl=$-300.16 closeLots=0.00 | Negative trades may close only by broker SL, manual close, or emergency margin/account protection.
CS	0	07:27:50.057	XAUUSD_AI_Sniper_EA_v6.25.24_REPLAY_ROOT_CONSOLIDATED_FIX (XAUUSD,M10)	2026.06.19 14:46:23   R_EXIT_MANAGER ticket=212 action=CLOSE_PENDING_RETRY reason=OWNER_R_EXIT_GENERAL_10M_DEADLINE attempt=115 sendOk=false stillOpen=true
CS	0	07:27:50.062	XAUUSD_AI_Sniper_EA_v6.25.24_REPLAY_ROOT_CONSOLIDATED_FIX (XAUUSD,M10)	2026.06.19 14:46:26   LOSS_CLOSE_BLOCKED #212 ctx=OWNER_R_EXIT_GENERAL_10M_DEADLINE pnl=$-309.76 closeLots=0.00 | Negative trades may close only by broker SL, manual close, or emergency margin/account protection.
CS	0	07:27:50.062	XAUUSD_AI_Sniper_EA_v6.25.24_REPLAY_ROOT_CONSOLIDATED_FIX (XAUUSD,M10)	2026.06.19 14:46:26   R_EXIT_MANAGER ticket=212 action=CLOSE_PENDING_RETRY reason=OWNER_R_EXIT_GENERAL_10M_DEADLINE attempt=116 sendOk=false stillOpen=true
CS	0	07:27:50.065	XAUUSD_AI_Sniper_EA_v6.25.24_REPLAY_ROOT_CONSOLIDATED_FIX (XAUUSD,M10)	2026.06.19 14:46:29   LOSS_CLOSE_BLOCKED #212 ctx=OWNER_R_EXIT_GENERAL_10M_DEADLINE pnl=$-311.04 closeLots=0.00 | Negative trades may close only by broker SL, manual close, or emergency margin/account protection.
CS	0	07:27:50.065	XAUUSD_AI_Sniper_EA_v6.25.24_REPLAY_ROOT_CONSOLIDATED_FIX (XAUUSD,M10)	2026.06.19 14:46:29   R_EXIT_MANAGER ticket=212 action=CLOSE_PENDING_RETRY reason=OWNER_R_EXIT_GENERAL_10M_DEADLINE attempt=117 sendOk=false stillOpen=true
CS	0	07:27:50.069	XAUUSD_AI_Sniper_EA_v6.25.24_REPLAY_ROOT_CONSOLIDATED_FIX (XAUUSD,M10)	2026.06.19 14:46:32   LOSS_CLOSE_BLOCKED #212 ctx=OWNER_R_EXIT_GENERAL_10M_DEADLINE pnl=$-309.76 closeLots=0.00 | Negative trades may close only by broker SL, manual close, or emergency margin/account protection.
CS	0	07:27:50.069	XAUUSD_AI_Sniper_EA_v6.25.24_REPLAY_ROOT_CONSOLIDATED_FIX (XAUUSD,M10)	2026.06.19 14:46:32   R_EXIT_MANAGER ticket=212 action=CLOSE_PENDING_RETRY reason=OWNER_R_EXIT_GENERAL_10M_DEADLINE attempt=118 sendOk=false stillOpen=true
CS	0	07:27:50.073	XAUUSD_AI_Sniper_EA_v6.25.24_REPLAY_ROOT_CONSOLIDATED_FIX (XAUUSD,M10)	2026.06.19 14:46:35   LOSS_CLOSE_BLOCKED #212 ctx=OWNER_R_EXIT_GENERAL_10M_DEADLINE pnl=$-308.48 closeLots=0.00 | Negative trades may close only by broker SL, manual close, or emergency margin/account protection.
CS	0	07:27:50.073	XAUUSD_AI_Sniper_EA_v6.25.24_REPLAY_ROOT_CONSOLIDATED_FIX (XAUUSD,M10)	2026.06.19 14:46:35   R_EXIT_MANAGER ticket=212 action=CLOSE_PENDING_RETRY reason=OWNER_R_EXIT_GENERAL_10M_DEADLINE attempt=119 sendOk=false stillOpen=true
CS	0	07:27:50.077	XAUUSD_AI_Sniper_EA_v6.25.24_REPLAY_ROOT_CONSOLIDATED_FIX (XAUUSD,M10)	2026.06.19 14:46:38   LOSS_CLOSE_BLOCKED #212 ctx=OWNER_R_EXIT_GENERAL_10M_DEADLINE pnl=$-306.56 closeLots=0.00 | Negative trades may close only by broker SL, manual close, or emergency margin/account protection.
CS	0	07:27:50.077	XAUUSD_AI_Sniper_EA_v6.25.24_REPLAY_ROOT_CONSOLIDATED_FIX (XAUUSD,M10)	2026.06.19 14:46:38   R_EXIT_MANAGER ticket=212 action=CLOSE_PENDING_RETRY reason=OWNER_R_EXIT_GENERAL_10M_DEADLINE attempt=120 sendOk=false stillOpen=true
CS	0	07:27:50.082	XAUUSD_AI_Sniper_EA_v6.25.24_REPLAY_ROOT_CONSOLIDATED_FIX (XAUUSD,M10)	2026.06.19 14:46:41   LOSS_CLOSE_BLOCKED #212 ctx=OWNER_R_EXIT_GENERAL_10M_DEADLINE pnl=$-288.64 closeLots=0.00 | Negative trades may close only by broker SL, manual close, or emergency margin/account protection.
CS	0	07:27:50.082	XAUUSD_AI_Sniper_EA_v6.25.24_REPLAY_ROOT_CONSOLIDATED_FIX (XAUUSD,M10)	2026.06.19 14:46:41   R_EXIT_MANAGER ticket=212 action=CLOSE_PENDING_RETRY reason=OWNER_R_EXIT_GENERAL_10M_DEADLINE attempt=121 sendOk=false stillOpen=true
CS	0	07:27:50.087	XAUUSD_AI_Sniper_EA_v6.25.24_REPLAY_ROOT_CONSOLIDATED_FIX (XAUUSD,M10)	2026.06.19 14:46:44   LOSS_CLOSE_BLOCKED #212 ctx=OWNER_R_EXIT_GENERAL_10M_DEADLINE pnl=$-247.68 closeLots=0.00 | Negative trades may close only by broker SL, manual close, or emergency margin/account protection.
CS	0	07:27:50.087	XAUUSD_AI_Sniper_EA_v6.25.24_REPLAY_ROOT_CONSOLIDATED_FIX (XAUUSD,M10)	2026.06.19 14:46:44   R_EXIT_MANAGER ticket=212 action=CLOSE_PENDING_RETRY reason=OWNER_R_EXIT_GENERAL_10M_DEADLINE attempt=122 sendOk=false stillOpen=true
CS	0	07:27:50.091	XAUUSD_AI_Sniper_EA_v6.25.24_REPLAY_ROOT_CONSOLIDATED_FIX (XAUUSD,M10)	2026.06.19 14:46:47   LOSS_CLOSE_BLOCKED #212 ctx=OWNER_R_EXIT_GENERAL_10M_DEADLINE pnl=$-254.08 closeLots=0.00 | Negative trades may close only by broker SL, manual close, or emergency margin/account protection.
CS	0	07:27:50.091	XAUUSD_AI_Sniper_EA_v6.25.24_REPLAY_ROOT_CONSOLIDATED_FIX (XAUUSD,M10)	2026.06.19 14:46:47   R_EXIT_MANAGER ticket=212 action=CLOSE_PENDING_RETRY reason=OWNER_R_EXIT_GENERAL_10M_DEADLINE attempt=123 sendOk=false stillOpen=true
CS	0	07:27:50.095	XAUUSD_AI_Sniper_EA_v6.25.24_REPLAY_ROOT_CONSOLIDATED_FIX (XAUUSD,M10)	2026.06.19 14:46:50   LOSS_CLOSE_BLOCKED #212 ctx=OWNER_R_EXIT_GENERAL_10M_DEADLINE pnl=$-255.36 closeLots=0.00 | Negative trades may close only by broker SL, manual close, or emergency margin/account protection.
CS	0	07:27:50.095	XAUUSD_AI_Sniper_EA_v6.25.24_REPLAY_ROOT_CONSOLIDATED_FIX (XAUUSD,M10)	2026.06.19 14:46:50   R_EXIT_MANAGER ticket=212 action=CLOSE_PENDING_RETRY reason=OWNER_R_EXIT_GENERAL_10M_DEADLINE attempt=124 sendOk=false stillOpen=true
CS	0	07:27:50.100	XAUUSD_AI_Sniper_EA_v6.25.24_REPLAY_ROOT_CONSOLIDATED_FIX (XAUUSD,M10)	2026.06.19 14:46:53   LOSS_CLOSE_BLOCKED #212 ctx=OWNER_R_EXIT_GENERAL_10M_DEADLINE pnl=$-277.76 closeLots=0.00 | Negative trades may close only by broker SL, manual close, or emergency margin/account protection.
CS	0	07:27:50.100	XAUUSD_AI_Sniper_EA_v6.25.24_REPLAY_ROOT_CONSOLIDATED_FIX (XAUUSD,M10)	2026.06.19 14:46:53   R_EXIT_MANAGER ticket=212 action=CLOSE_PENDING_RETRY reason=OWNER_R_EXIT_GENERAL_10M_DEADLINE attempt=125 sendOk=false stillOpen=true
CS	0	07:27:50.103	XAUUSD_AI_Sniper_EA_v6.25.24_REPLAY_ROOT_CONSOLIDATED_FIX (XAUUSD,M10)	2026.06.19 14:46:56   LOSS_CLOSE_BLOCKED #212 ctx=OWNER_R_EXIT_GENERAL_10M_DEADLINE pnl=$-286.08 closeLots=0.00 | Negative trades may close only by broker SL, manual close, or emergency margin/account protection.
CS	0	07:27:50.103	XAUUSD_AI_Sniper_EA_v6.25.24_REPLAY_ROOT_CONSOLIDATED_FIX (XAUUSD,M10)	2026.06.19 14:46:56   R_EXIT_MANAGER ticket=212 action=CLOSE_PENDING_RETRY reason=OWNER_R_EXIT_GENERAL_10M_DEADLINE attempt=126 sendOk=false stillOpen=true
CS	0	07:27:50.106	XAUUSD_AI_Sniper_EA_v6.25.24_REPLAY_ROOT_CONSOLIDATED_FIX (XAUUSD,M10)	2026.06.19 14:46:59   LOSS_CLOSE_BLOCKED #212 ctx=OWNER_R_EXIT_GENERAL_10M_DEADLINE pnl=$-284.16 closeLots=0.00 | Negative trades may close only by broker SL, manual close, or emergency margin/account protection.
CS	0	07:27:50.106	XAUUSD_AI_Sniper_EA_v6.25.24_REPLAY_ROOT_CONSOLIDATED_FIX (XAUUSD,M10)	2026.06.19 14:46:59   R_EXIT_MANAGER ticket=212 action=CLOSE_PENDING_RETRY reason=OWNER_R_EXIT_GENERAL_10M_DEADLINE attempt=127 sendOk=false stillOpen=true
CS	0	07:27:50.110	XAUUSD_AI_Sniper_EA_v6.25.24_REPLAY_ROOT_CONSOLIDATED_FIX (XAUUSD,M10)	2026.06.19 14:47:02   LOSS_CLOSE_BLOCKED #212 ctx=OWNER_R_EXIT_GENERAL_10M_DEADLINE pnl=$-286.08 closeLots=0.00 | Negative trades may close only by broker SL, manual close, or emergency margin/account protection.
CS	0	07:27:50.110	XAUUSD_AI_Sniper_EA_v6.25.24_REPLAY_ROOT_CONSOLIDATED_FIX (XAUUSD,M10)	2026.06.19 14:47:02   R_EXIT_MANAGER ticket=212 action=CLOSE_PENDING_RETRY reason=OWNER_R_EXIT_GENERAL_10M_DEADLINE attempt=128 sendOk=false stillOpen=true
CS	0	07:27:50.114	XAUUSD_AI_Sniper_EA_v6.25.24_REPLAY_ROOT_CONSOLIDATED_FIX (XAUUSD,M10)	2026.06.19 14:47:05   LOSS_CLOSE_BLOCKED #212 ctx=OWNER_R_EXIT_GENERAL_10M_DEADLINE pnl=$-284.16 closeLots=0.00 | Negative trades may close only by broker SL, manual close, or emergency margin/account protection.
CS	0	07:27:50.114	XAUUSD_AI_Sniper_EA_v6.25.24_REPLAY_ROOT_CONSOLIDATED_FIX (XAUUSD,M10)	2026.06.19 14:47:05   R_EXIT_MANAGER ticket=212 action=CLOSE_PENDING_RETRY reason=OWNER_R_EXIT_GENERAL_10M_DEADLINE attempt=129 sendOk=false stillOpen=true
CS	0	07:27:50.118	XAUUSD_AI_Sniper_EA_v6.25.24_REPLAY_ROOT_CONSOLIDATED_FIX (XAUUSD,M10)	2026.06.19 14:47:08   LOSS_CLOSE_BLOCKED #212 ctx=OWNER_R_EXIT_GENERAL_10M_DEADLINE pnl=$-308.48 closeLots=0.00 | Negative trades may close only by broker SL, manual close, or emergency margin/account protection.
CS	0	07:27:50.118	XAUUSD_AI_Sniper_EA_v6.25.24_REPLAY_ROOT_CONSOLIDATED_FIX (XAUUSD,M10)	2026.06.19 14:47:08   R_EXIT_MANAGER ticket=212 action=CLOSE_PENDING_RETRY reason=OWNER_R_EXIT_GENERAL_10M_DEADLINE attempt=130 sendOk=false stillOpen=true
CS	0	07:27:50.123	XAUUSD_AI_Sniper_EA_v6.25.24_REPLAY_ROOT_CONSOLIDATED_FIX (XAUUSD,M10)	2026.06.19 14:47:11   LOSS_CLOSE_BLOCKED #212 ctx=OWNER_R_EXIT_GENERAL_10M_DEADLINE pnl=$-304.00 closeLots=0.00 | Negative trades may close only by broker SL, manual close, or emergency margin/account protection.
CS	0	07:27:50.123	XAUUSD_AI_Sniper_EA_v6.25.24_REPLAY_ROOT_CONSOLIDATED_FIX (XAUUSD,M10)	2026.06.19 14:47:11   R_EXIT_MANAGER ticket=212 action=CLOSE_PENDING_RETRY reason=OWNER_R_EXIT_GENERAL_10M_DEADLINE attempt=131 sendOk=false stillOpen=true
CS	0	07:27:50.127	XAUUSD_AI_Sniper_EA_v6.25.24_REPLAY_ROOT_CONSOLIDATED_FIX (XAUUSD,M10)	2026.06.19 14:47:14   LOSS_CLOSE_BLOCKED #212 ctx=OWNER_R_EXIT_GENERAL_10M_DEADLINE pnl=$-312.96 closeLots=0.00 | Negative trades may close only by broker SL, manual close, or emergency margin/account protection.
CS	0	07:27:50.127	XAUUSD_AI_Sniper_EA_v6.25.24_REPLAY_ROOT_CONSOLIDATED_FIX (XAUUSD,M10)	2026.06.19 14:47:14   R_EXIT_MANAGER ticket=212 action=CLOSE_PENDING_RETRY reason=OWNER_R_EXIT_GENERAL_10M_DEADLINE attempt=132 sendOk=false stillOpen=true
CS	0	07:27:50.131	XAUUSD_AI_Sniper_EA_v6.25.24_REPLAY_ROOT_CONSOLIDATED_FIX (XAUUSD,M10)	2026.06.19 14:47:17   LOSS_CLOSE_BLOCKED #212 ctx=OWNER_R_EXIT_GENERAL_10M_DEADLINE pnl=$-337.92 closeLots=0.00 | Negative trades may close only by broker SL, manual close, or emergency margin/account protection.
CS	0	07:27:50.131	XAUUSD_AI_Sniper_EA_v6.25.24_REPLAY_ROOT_CONSOLIDATED_FIX (XAUUSD,M10)	2026.06.19 14:47:17   R_EXIT_MANAGER ticket=212 action=CLOSE_PENDING_RETRY reason=OWNER_R_EXIT_GENERAL_10M_DEADLINE attempt=133 sendOk=false stillOpen=true
CS	0	07:27:50.137	XAUUSD_AI_Sniper_EA_v6.25.24_REPLAY_ROOT_CONSOLIDATED_FIX (XAUUSD,M10)	2026.06.19 14:47:20   LOSS_CLOSE_BLOCKED #212 ctx=OWNER_R_EXIT_GENERAL_10M_DEADLINE pnl=$-352.64 closeLots=0.00 | Negative trades may close only by broker SL, manual close, or emergency margin/account protection.
CS	0	07:27:50.137	XAUUSD_AI_Sniper_EA_v6.25.24_REPLAY_ROOT_CONSOLIDATED_FIX (XAUUSD,M10)	2026.06.19 14:47:20   R_EXIT_MANAGER ticket=212 action=CLOSE_PENDING_RETRY reason=OWNER_R_EXIT_GENERAL_10M_DEADLINE attempt=134 sendOk=false stillOpen=true
CS	0	07:27:50.143	XAUUSD_AI_Sniper_EA_v6.25.24_REPLAY_ROOT_CONSOLIDATED_FIX (XAUUSD,M10)	2026.06.19 14:47:23   LOSS_CLOSE_BLOCKED #212 ctx=OWNER_R_EXIT_GENERAL_10M_DEADLINE pnl=$-362.88 closeLots=0.00 | Negative trades may close only by broker SL, manual close, or emergency margin/account protection.
CS	0	07:27:50.143	XAUUSD_AI_Sniper_EA_v6.25.24_REPLAY_ROOT_CONSOLIDATED_FIX (XAUUSD,M10)	2026.06.19 14:47:23   R_EXIT_MANAGER ticket=212 action=CLOSE_PENDING_RETRY reason=OWNER_R_EXIT_GENERAL_10M_DEADLINE attempt=135 sendOk=false stillOpen=true
CS	0	07:27:50.150	XAUUSD_AI_Sniper_EA_v6.25.24_REPLAY_ROOT_CONSOLIDATED_FIX (XAUUSD,M10)	2026.06.19 14:47:26   LOSS_CLOSE_BLOCKED #212 ctx=OWNER_R_EXIT_GENERAL_10M_DEADLINE pnl=$-352.64 closeLots=0.00 | Negative trades may close only by broker SL, manual close, or emergency margin/account protection.
CS	0	07:27:50.150	XAUUSD_AI_Sniper_EA_v6.25.24_REPLAY_ROOT_CONSOLIDATED_FIX (XAUUSD,M10)	2026.06.19 14:47:26   R_EXIT_MANAGER ticket=212 action=CLOSE_PENDING_RETRY reason=OWNER_R_EXIT_GENERAL_10M_DEADLINE attempt=136 sendOk=false stillOpen=true
CS	0	07:27:50.155	XAUUSD_AI_Sniper_EA_v6.25.24_REPLAY_ROOT_CONSOLIDATED_FIX (XAUUSD,M10)	2026.06.19 14:47:29   LOSS_CLOSE_BLOCKED #212 ctx=OWNER_R_EXIT_GENERAL_10M_DEADLINE pnl=$-344.96 closeLots=0.00 | Negative trades may close only by broker SL, manual close, or emergency margin/account protection.
CS	0	07:27:50.155	XAUUSD_AI_Sniper_EA_v6.25.24_REPLAY_ROOT_CONSOLIDATED_FIX (XAUUSD,M10)	2026.06.19 14:47:29   R_EXIT_MANAGER ticket=212 action=CLOSE_PENDING_RETRY reason=OWNER_R_EXIT_GENERAL_10M_DEADLINE attempt=137 sendOk=false stillOpen=true
CS	0	07:27:50.160	XAUUSD_AI_Sniper_EA_v6.25.24_REPLAY_ROOT_CONSOLIDATED_FIX (XAUUSD,M10)	2026.06.19 14:47:32   LOSS_CLOSE_BLOCKED #212 ctx=OWNER_R_EXIT_GENERAL_10M_DEADLINE pnl=$-378.24 closeLots=0.00 | Negative trades may close only by broker SL, manual close, or emergency margin/account protection.
CS	0	07:27:50.160	XAUUSD_AI_Sniper_EA_v6.25.24_REPLAY_ROOT_CONSOLIDATED_FIX (XAUUSD,M10)	2026.06.19 14:47:32   R_EXIT_MANAGER ticket=212 action=CLOSE_PENDING_RETRY reason=OWNER_R_EXIT_GENERAL_10M_DEADLINE attempt=138 sendOk=false stillOpen=true
CS	0	07:27:50.166	XAUUSD_AI_Sniper_EA_v6.25.24_REPLAY_ROOT_CONSOLIDATED_FIX (XAUUSD,M10)	2026.06.19 14:47:35   LOSS_CLOSE_BLOCKED #212 ctx=OWNER_R_EXIT_GENERAL_10M_DEADLINE pnl=$-401.92 closeLots=0.00 | Negative trades may close only by broker SL, manual close, or emergency margin/account protection.
CS	0	07:27:50.166	XAUUSD_AI_Sniper_EA_v6.25.24_REPLAY_ROOT_CONSOLIDATED_FIX (XAUUSD,M10)	2026.06.19 14:47:35   R_EXIT_MANAGER ticket=212 action=CLOSE_PENDING_RETRY reason=OWNER_R_EXIT_GENERAL_10M_DEADLINE attempt=139 sendOk=false stillOpen=true
CS	0	07:27:50.173	XAUUSD_AI_Sniper_EA_v6.25.24_REPLAY_ROOT_CONSOLIDATED_FIX (XAUUSD,M10)	2026.06.19 14:47:38   LOSS_CLOSE_BLOCKED #212 ctx=OWNER_R_EXIT_GENERAL_10M_DEADLINE pnl=$-430.08 closeLots=0.00 | Negative trades may close only by broker SL, manual close, or emergency margin/account protection.
CS	0	07:27:50.173	XAUUSD_AI_Sniper_EA_v6.25.24_REPLAY_ROOT_CONSOLIDATED_FIX (XAUUSD,M10)	2026.06.19 14:47:38   R_EXIT_MANAGER ticket=212 action=CLOSE_PENDING_RETRY reason=OWNER_R_EXIT_GENERAL_10M_DEADLINE attempt=140 sendOk=false stillOpen=true
CS	0	07:27:50.178	XAUUSD_AI_Sniper_EA_v6.25.24_REPLAY_ROOT_CONSOLIDATED_FIX (XAUUSD,M10)	2026.06.19 14:47:41   LOSS_CLOSE_BLOCKED #212 ctx=OWNER_R_EXIT_GENERAL_10M_DEADLINE pnl=$-433.28 closeLots=0.00 | Negative trades may close only by broker SL, manual close, or emergency margin/account protection.
CS	0	07:27:50.178	XAUUSD_AI_Sniper_EA_v6.25.24_REPLAY_ROOT_CONSOLIDATED_FIX (XAUUSD,M10)	2026.06.19 14:47:41   R_EXIT_MANAGER ticket=212 action=CLOSE_PENDING_RETRY reason=OWNER_R_EXIT_GENERAL_10M_DEADLINE attempt=141 sendOk=false stillOpen=true
CS	0	07:27:50.185	XAUUSD_AI_Sniper_EA_v6.25.24_REPLAY_ROOT_CONSOLIDATED_FIX (XAUUSD,M10)	2026.06.19 14:47:44   LOSS_CLOSE_BLOCKED #212 ctx=OWNER_R_EXIT_GENERAL_10M_DEADLINE pnl=$-432.64 closeLots=0.00 | Negative trades may close only by broker SL, manual close, or emergency margin/account protection.
CS	0	07:27:50.185	XAUUSD_AI_Sniper_EA_v6.25.24_REPLAY_ROOT_CONSOLIDATED_FIX (XAUUSD,M10)	2026.06.19 14:47:44   R_EXIT_MANAGER ticket=212 action=CLOSE_PENDING_RETRY reason=OWNER_R_EXIT_GENERAL_10M_DEADLINE attempt=142 sendOk=false stillOpen=true
CS	0	07:27:50.190	XAUUSD_AI_Sniper_EA_v6.25.24_REPLAY_ROOT_CONSOLIDATED_FIX (XAUUSD,M10)	2026.06.19 14:47:47   LOSS_CLOSE_BLOCKED #212 ctx=OWNER_R_EXIT_GENERAL_10M_DEADLINE pnl=$-426.88 closeLots=0.00 | Negative trades may close only by broker SL, manual close, or emergency margin/account protection.
CS	0	07:27:50.190	XAUUSD_AI_Sniper_EA_v6.25.24_REPLAY_ROOT_CONSOLIDATED_FIX (XAUUSD,M10)	2026.06.19 14:47:47   R_EXIT_MANAGER ticket=212 action=CLOSE_PENDING_RETRY reason=OWNER_R_EXIT_GENERAL_10M_DEADLINE attempt=143 sendOk=false stillOpen=true
CS	0	07:27:50.196	XAUUSD_AI_Sniper_EA_v6.25.24_REPLAY_ROOT_CONSOLIDATED_FIX (XAUUSD,M10)	2026.06.19 14:47:50   LOSS_CLOSE_BLOCKED #212 ctx=OWNER_R_EXIT_GENERAL_10M_DEADLINE pnl=$-428.80 closeLots=0.00 | Negative trades may close only by broker SL, manual close, or emergency margin/account protection.
CS	0	07:27:50.196	XAUUSD_AI_Sniper_EA_v6.25.24_REPLAY_ROOT_CONSOLIDATED_FIX (XAUUSD,M10)	2026.06.19 14:47:50   R_EXIT_MANAGER ticket=212 action=CLOSE_PENDING_RETRY reason=OWNER_R_EXIT_GENERAL_10M_DEADLINE attempt=144 sendOk=false stillOpen=true
CS	0	07:27:50.201	XAUUSD_AI_Sniper_EA_v6.25.24_REPLAY_ROOT_CONSOLIDATED_FIX (XAUUSD,M10)	2026.06.19 14:47:53   LOSS_CLOSE_BLOCKED #212 ctx=OWNER_R_EXIT_GENERAL_10M_DEADLINE pnl=$-435.20 closeLots=0.00 | Negative trades may close only by broker SL, manual close, or emergency margin/account protection.
CS	0	07:27:50.201	XAUUSD_AI_Sniper_EA_v6.25.24_REPLAY_ROOT_CONSOLIDATED_FIX (XAUUSD,M10)	2026.06.19 14:47:53   R_EXIT_MANAGER ticket=212 action=CLOSE_PENDING_RETRY reason=OWNER_R_EXIT_GENERAL_10M_DEADLINE attempt=145 sendOk=false stillOpen=true
CS	0	07:27:50.208	XAUUSD_AI_Sniper_EA_v6.25.24_REPLAY_ROOT_CONSOLIDATED_FIX (XAUUSD,M10)	2026.06.19 14:47:56   LOSS_CLOSE_BLOCKED #212 ctx=OWNER_R_EXIT_GENERAL_10M_DEADLINE pnl=$-443.52 closeLots=0.00 | Negative trades may close only by broker SL, manual close, or emergency margin/account protection.
CS	0	07:27:50.208	XAUUSD_AI_Sniper_EA_v6.25.24_REPLAY_ROOT_CONSOLIDATED_FIX (XAUUSD,M10)	2026.06.19 14:47:56   R_EXIT_MANAGER ticket=212 action=CLOSE_PENDING_RETRY reason=OWNER_R_EXIT_GENERAL_10M_DEADLINE attempt=146 sendOk=false stillOpen=true
CS	0	07:27:50.213	XAUUSD_AI_Sniper_EA_v6.25.24_REPLAY_ROOT_CONSOLIDATED_FIX (XAUUSD,M10)	2026.06.19 14:47:59   LOSS_CLOSE_BLOCKED #212 ctx=OWNER_R_EXIT_GENERAL_10M_DEADLINE pnl=$-446.08 closeLots=0.00 | Negative trades may close only by broker SL, manual close, or emergency margin/account protection.
CS	0	07:27:50.213	XAUUSD_AI_Sniper_EA_v6.25.24_REPLAY_ROOT_CONSOLIDATED_FIX (XAUUSD,M10)	2026.06.19 14:47:59   R_EXIT_MANAGER ticket=212 action=CLOSE_PENDING_RETRY reason=OWNER_R_EXIT_GENERAL_10M_DEADLINE attempt=147 sendOk=false stillOpen=true
CS	0	07:27:50.219	XAUUSD_AI_Sniper_EA_v6.25.24_REPLAY_ROOT_CONSOLIDATED_FIX (XAUUSD,M10)	2026.06.19 14:48:02   LOSS_CLOSE_BLOCKED #212 ctx=OWNER_R_EXIT_GENERAL_10M_DEADLINE pnl=$-448.64 closeLots=0.00 | Negative trades may close only by broker SL, manual close, or emergency margin/account protection.
CS	0	07:27:50.219	XAUUSD_AI_Sniper_EA_v6.25.24_REPLAY_ROOT_CONSOLIDATED_FIX (XAUUSD,M10)	2026.06.19 14:48:02   R_EXIT_MANAGER ticket=212 action=CLOSE_PENDING_RETRY reason=OWNER_R_EXIT_GENERAL_10M_DEADLINE attempt=148 sendOk=false stillOpen=true
CS	0	07:27:50.226	XAUUSD_AI_Sniper_EA_v6.25.24_REPLAY_ROOT_CONSOLIDATED_FIX (XAUUSD,M10)	2026.06.19 14:48:05   LOSS_CLOSE_BLOCKED #212 ctx=OWNER_R_EXIT_GENERAL_10M_DEADLINE pnl=$-461.44 closeLots=0.00 | Negative trades may close only by broker SL, manual close, or emergency margin/account protection.
CS	0	07:27:50.226	XAUUSD_AI_Sniper_EA_v6.25.24_REPLAY_ROOT_CONSOLIDATED_FIX (XAUUSD,M10)	2026.06.19 14:48:05   R_EXIT_MANAGER ticket=212 action=CLOSE_PENDING_RETRY reason=OWNER_R_EXIT_GENERAL_10M_DEADLINE attempt=149 sendOk=false stillOpen=true
CS	0	07:27:50.235	XAUUSD_AI_Sniper_EA_v6.25.24_REPLAY_ROOT_CONSOLIDATED_FIX (XAUUSD,M10)	2026.06.19 14:48:08   LOSS_CLOSE_BLOCKED #212 ctx=OWNER_R_EXIT_GENERAL_10M_DEADLINE pnl=$-526.72 closeLots=0.00 | Negative trades may close only by broker SL, manual close, or emergency margin/account protection.
CS	0	07:27:50.235	XAUUSD_AI_Sniper_EA_v6.25.24_REPLAY_ROOT_CONSOLIDATED_FIX (XAUUSD,M10)	2026.06.19 14:48:08   R_EXIT_MANAGER ticket=212 action=CLOSE_PENDING_RETRY reason=OWNER_R_EXIT_GENERAL_10M_DEADLINE attempt=150 sendOk=false stillOpen=true
CS	0	07:27:50.240	XAUUSD_AI_Sniper_EA_v6.25.24_REPLAY_ROOT_CONSOLIDATED_FIX (XAUUSD,M10)	2026.06.19 14:48:11   LOSS_CLOSE_BLOCKED #212 ctx=OWNER_R_EXIT_GENERAL_10M_DEADLINE pnl=$-541.44 closeLots=0.00 | Negative trades may close only by broker SL, manual close, or emergency margin/account protection.
CS	0	07:27:50.240	XAUUSD_AI_Sniper_EA_v6.25.24_REPLAY_ROOT_CONSOLIDATED_FIX (XAUUSD,M10)	2026.06.19 14:48:11   R_EXIT_MANAGER ticket=212 action=CLOSE_PENDING_RETRY reason=OWNER_R_EXIT_GENERAL_10M_DEADLINE attempt=151 sendOk=false stillOpen=true
CS	0	07:27:50.246	XAUUSD_AI_Sniper_EA_v6.25.24_REPLAY_ROOT_CONSOLIDATED_FIX (XAUUSD,M10)	2026.06.19 14:48:14   LOSS_CLOSE_BLOCKED #212 ctx=OWNER_R_EXIT_GENERAL_10M_DEADLINE pnl=$-544.00 closeLots=0.00 | Negative trades may close only by broker SL, manual close, or emergency margin/account protection.
CS	0	07:27:50.246	XAUUSD_AI_Sniper_EA_v6.25.24_REPLAY_ROOT_CONSOLIDATED_FIX (XAUUSD,M10)	2026.06.19 14:48:14   R_EXIT_MANAGER ticket=212 action=CLOSE_PENDING_RETRY reason=OWNER_R_EXIT_GENERAL_10M_DEADLINE attempt=152 sendOk=false stillOpen=true
CS	0	07:27:50.250	XAUUSD_AI_Sniper_EA_v6.25.24_REPLAY_ROOT_CONSOLIDATED_FIX (XAUUSD,M10)	2026.06.19 14:48:17   LOSS_CLOSE_BLOCKED #212 ctx=OWNER_R_EXIT_GENERAL_10M_DEADLINE pnl=$-520.32 closeLots=0.00 | Negative trades may close only by broker SL, manual close, or emergency margin/account protection.
CS	0	07:27:50.250	XAUUSD_AI_Sniper_EA_v6.25.24_REPLAY_ROOT_CONSOLIDATED_FIX (XAUUSD,M10)	2026.06.19 14:48:17   R_EXIT_MANAGER ticket=212 action=CLOSE_PENDING_RETRY reason=OWNER_R_EXIT_GENERAL_10M_DEADLINE attempt=153 sendOk=false stillOpen=true
CS	0	07:27:50.255	XAUUSD_AI_Sniper_EA_v6.25.24_REPLAY_ROOT_CONSOLIDATED_FIX (XAUUSD,M10)	2026.06.19 14:48:20   LOSS_CLOSE_BLOCKED #212 ctx=OWNER_R_EXIT_GENERAL_10M_DEADLINE pnl=$-515.84 closeLots=0.00 | Negative trades may close only by broker SL, manual close, or emergency margin/account protection.
CS	0	07:27:50.255	XAUUSD_AI_Sniper_EA_v6.25.24_REPLAY_ROOT_CONSOLIDATED_FIX (XAUUSD,M10)	2026.06.19 14:48:20   R_EXIT_MANAGER ticket=212 action=CLOSE_PENDING_RETRY reason=OWNER_R_EXIT_GENERAL_10M_DEADLINE attempt=154 sendOk=false stillOpen=true
CS	0	07:27:50.258	XAUUSD_AI_Sniper_EA_v6.25.24_REPLAY_ROOT_CONSOLIDATED_FIX (XAUUSD,M10)	2026.06.19 14:48:23   LOSS_CLOSE_BLOCKED #212 ctx=OWNER_R_EXIT_GENERAL_10M_DEADLINE pnl=$-512.00 closeLots=0.00 | Negative trades may close only by broker SL, manual close, or emergency margin/account protection.
CS	0	07:27:50.258	XAUUSD_AI_Sniper_EA_v6.25.24_REPLAY_ROOT_CONSOLIDATED_FIX (XAUUSD,M10)	2026.06.19 14:48:23   R_EXIT_MANAGER ticket=212 action=CLOSE_PENDING_RETRY reason=OWNER_R_EXIT_GENERAL_10M_DEADLINE attempt=155 sendOk=false stillOpen=true
CS	0	07:27:50.262	XAUUSD_AI_Sniper_EA_v6.25.24_REPLAY_ROOT_CONSOLIDATED_FIX (XAUUSD,M10)	2026.06.19 14:48:26   LOSS_CLOSE_BLOCKED #212 ctx=OWNER_R_EXIT_GENERAL_10M_DEADLINE pnl=$-513.92 closeLots=0.00 | Negative trades may close only by broker SL, manual close, or emergency margin/account protection.
CS	0	07:27:50.262	XAUUSD_AI_Sniper_EA_v6.25.24_REPLAY_ROOT_CONSOLIDATED_FIX (XAUUSD,M10)	2026.06.19 14:48:26   R_EXIT_MANAGER ticket=212 action=CLOSE_PENDING_RETRY reason=OWNER_R_EXIT_GENERAL_10M_DEADLINE attempt=156 sendOk=false stillOpen=true
CS	0	07:27:50.267	XAUUSD_AI_Sniper_EA_v6.25.24_REPLAY_ROOT_CONSOLIDATED_FIX (XAUUSD,M10)	2026.06.19 14:48:29   LOSS_CLOSE_BLOCKED #212 ctx=OWNER_R_EXIT_GENERAL_10M_DEADLINE pnl=$-495.36 closeLots=0.00 | Negative trades may close only by broker SL, manual close, or emergency margin/account protection.
CS	0	07:27:50.267	XAUUSD_AI_Sniper_EA_v6.25.24_REPLAY_ROOT_CONSOLIDATED_FIX (XAUUSD,M10)	2026.06.19 14:48:29   R_EXIT_MANAGER ticket=212 action=CLOSE_PENDING_RETRY reason=OWNER_R_EXIT_GENERAL_10M_DEADLINE attempt=157 sendOk=false stillOpen=true
CS	0	07:27:50.272	XAUUSD_AI_Sniper_EA_v6.25.24_REPLAY_ROOT_CONSOLIDATED_FIX (XAUUSD,M10)	2026.06.19 14:48:32   LOSS_CLOSE_BLOCKED #212 ctx=OWNER_R_EXIT_GENERAL_10M_DEADLINE pnl=$-508.80 closeLots=0.00 | Negative trades may close only by broker SL, manual close, or emergency margin/account protection.
CS	0	07:27:50.272	XAUUSD_AI_Sniper_EA_v6.25.24_REPLAY_ROOT_CONSOLIDATED_FIX (XAUUSD,M10)	2026.06.19 14:48:32   R_EXIT_MANAGER ticket=212 action=CLOSE_PENDING_RETRY reason=OWNER_R_EXIT_GENERAL_10M_DEADLINE attempt=158 sendOk=false stillOpen=true
CS	0	07:27:50.276	XAUUSD_AI_Sniper_EA_v6.25.24_REPLAY_ROOT_CONSOLIDATED_FIX (XAUUSD,M10)	2026.06.19 14:48:35   LOSS_CLOSE_BLOCKED #212 ctx=OWNER_R_EXIT_GENERAL_10M_DEADLINE pnl=$-503.04 closeLots=0.00 | Negative trades may close only by broker SL, manual close, or emergency margin/account protection.
CS	0	07:27:50.276	XAUUSD_AI_Sniper_EA_v6.25.24_REPLAY_ROOT_CONSOLIDATED_FIX (XAUUSD,M10)	2026.06.19 14:48:35   R_EXIT_MANAGER ticket=212 action=CLOSE_PENDING_RETRY reason=OWNER_R_EXIT_GENERAL_10M_DEADLINE attempt=159 sendOk=false stillOpen=true
CS	0	07:27:50.282	XAUUSD_AI_Sniper_EA_v6.25.24_REPLAY_ROOT_CONSOLIDATED_FIX (XAUUSD,M10)	2026.06.19 14:48:38   LOSS_CLOSE_BLOCKED #212 ctx=OWNER_R_EXIT_GENERAL_10M_DEADLINE pnl=$-484.48 closeLots=0.00 | Negative trades may close only by broker SL, manual close, or emergency margin/account protection.
CS	0	07:27:50.282	XAUUSD_AI_Sniper_EA_v6.25.24_REPLAY_ROOT_CONSOLIDATED_FIX (XAUUSD,M10)	2026.06.19 14:48:38   R_EXIT_MANAGER ticket=212 action=CLOSE_PENDING_RETRY reason=OWNER_R_EXIT_GENERAL_10M_DEADLINE attempt=160 sendOk=false stillOpen=true
CS	0	07:27:50.287	XAUUSD_AI_Sniper_EA_v6.25.24_REPLAY_ROOT_CONSOLIDATED_FIX (XAUUSD,M10)	2026.06.19 14:48:41   LOSS_CLOSE_BLOCKED #212 ctx=OWNER_R_EXIT_GENERAL_10M_DEADLINE pnl=$-449.92 closeLots=0.00 | Negative trades may close only by broker SL, manual close, or emergency margin/account protection.
CS	0	07:27:50.287	XAUUSD_AI_Sniper_EA_v6.25.24_REPLAY_ROOT_CONSOLIDATED_FIX (XAUUSD,M10)	2026.06.19 14:48:41   R_EXIT_MANAGER ticket=212 action=CLOSE_PENDING_RETRY reason=OWNER_R_EXIT_GENERAL_10M_DEADLINE attempt=161 sendOk=false stillOpen=true
CS	0	07:27:50.291	XAUUSD_AI_Sniper_EA_v6.25.24_REPLAY_ROOT_CONSOLIDATED_FIX (XAUUSD,M10)	2026.06.19 14:48:44   LOSS_CLOSE_BLOCKED #212 ctx=OWNER_R_EXIT_GENERAL_10M_DEADLINE pnl=$-449.92 closeLots=0.00 | Negative trades may close only by broker SL, manual close, or emergency margin/account protection.
CS	0	07:27:50.291	XAUUSD_AI_Sniper_EA_v6.25.24_REPLAY_ROOT_CONSOLIDATED_FIX (XAUUSD,M10)	2026.06.19 14:48:44   R_EXIT_MANAGER ticket=212 action=CLOSE_PENDING_RETRY reason=OWNER_R_EXIT_GENERAL_10M_DEADLINE attempt=162 sendOk=false stillOpen=true
CS	0	07:27:50.295	XAUUSD_AI_Sniper_EA_v6.25.24_REPLAY_ROOT_CONSOLIDATED_FIX (XAUUSD,M10)	2026.06.19 14:48:47   LOSS_CLOSE_BLOCKED #212 ctx=OWNER_R_EXIT_GENERAL_10M_DEADLINE pnl=$-434.56 closeLots=0.00 | Negative trades may close only by broker SL, manual close, or emergency margin/account protection.
CS	0	07:27:50.295	XAUUSD_AI_Sniper_EA_v6.25.24_REPLAY_ROOT_CONSOLIDATED_FIX (XAUUSD,M10)	2026.06.19 14:48:47   R_EXIT_MANAGER ticket=212 action=CLOSE_PENDING_RETRY reason=OWNER_R_EXIT_GENERAL_10M_DEADLINE attempt=163 sendOk=false stillOpen=true
CS	0	07:27:50.300	XAUUSD_AI_Sniper_EA_v6.25.24_REPLAY_ROOT_CONSOLIDATED_FIX (XAUUSD,M10)	2026.06.19 14:48:50   LOSS_CLOSE_BLOCKED #212 ctx=OWNER_R_EXIT_GENERAL_10M_DEADLINE pnl=$-424.96 closeLots=0.00 | Negative trades may close only by broker SL, manual close, or emergency margin/account protection.
CS	0	07:27:50.300	XAUUSD_AI_Sniper_EA_v6.25.24_REPLAY_ROOT_CONSOLIDATED_FIX (XAUUSD,M10)	2026.06.19 14:48:50   R_EXIT_MANAGER ticket=212 action=CLOSE_PENDING_RETRY reason=OWNER_R_EXIT_GENERAL_10M_DEADLINE attempt=164 sendOk=false stillOpen=true
CS	0	07:27:50.304	XAUUSD_AI_Sniper_EA_v6.25.24_REPLAY_ROOT_CONSOLIDATED_FIX (XAUUSD,M10)	2026.06.19 14:48:53   LOSS_CLOSE_BLOCKED #212 ctx=OWNER_R_EXIT_GENERAL_10M_DEADLINE pnl=$-420.48 closeLots=0.00 | Negative trades may close only by broker SL, manual close, or emergency margin/account protection.
CS	0	07:27:50.304	XAUUSD_AI_Sniper_EA_v6.25.24_REPLAY_ROOT_CONSOLIDATED_FIX (XAUUSD,M10)	2026.06.19 14:48:53   R_EXIT_MANAGER ticket=212 action=CLOSE_PENDING_RETRY reason=OWNER_R_EXIT_GENERAL_10M_DEADLINE attempt=165 sendOk=false stillOpen=true
CS	0	07:27:50.308	XAUUSD_AI_Sniper_EA_v6.25.24_REPLAY_ROOT_CONSOLIDATED_FIX (XAUUSD,M10)	2026.06.19 14:48:56   LOSS_CLOSE_BLOCKED #212 ctx=OWNER_R_EXIT_GENERAL_10M_DEADLINE pnl=$-401.28 closeLots=0.00 | Negative trades may close only by broker SL, manual close, or emergency margin/account protection.
CS	0	07:27:50.308	XAUUSD_AI_Sniper_EA_v6.25.24_REPLAY_ROOT_CONSOLIDATED_FIX (XAUUSD,M10)	2026.06.19 14:48:56   R_EXIT_MANAGER ticket=212 action=CLOSE_PENDING_RETRY reason=OWNER_R_EXIT_GENERAL_10M_DEADLINE attempt=166 sendOk=false stillOpen=true
CS	0	07:27:50.311	XAUUSD_AI_Sniper_EA_v6.25.24_REPLAY_ROOT_CONSOLIDATED_FIX (XAUUSD,M10)	2026.06.19 14:48:59   LOSS_CLOSE_BLOCKED #212 ctx=OWNER_R_EXIT_GENERAL_10M_DEADLINE pnl=$-401.92 closeLots=0.00 | Negative trades may close only by broker SL, manual close, or emergency margin/account protection.
CS	0	07:27:50.312	XAUUSD_AI_Sniper_EA_v6.25.24_REPLAY_ROOT_CONSOLIDATED_FIX (XAUUSD,M10)	2026.06.19 14:48:59   R_EXIT_MANAGER ticket=212 action=CLOSE_PENDING_RETRY reason=OWNER_R_EXIT_GENERAL_10M_DEADLINE attempt=167 sendOk=false stillOpen=true
CS	0	07:27:50.316	XAUUSD_AI_Sniper_EA_v6.25.24_REPLAY_ROOT_CONSOLIDATED_FIX (XAUUSD,M10)	2026.06.19 14:49:02   LOSS_CLOSE_BLOCKED #212 ctx=OWNER_R_EXIT_GENERAL_10M_DEADLINE pnl=$-415.36 closeLots=0.00 | Negative trades may close only by broker SL, manual close, or emergency margin/account protection.
CS	0	07:27:50.316	XAUUSD_AI_Sniper_EA_v6.25.24_REPLAY_ROOT_CONSOLIDATED_FIX (XAUUSD,M10)	2026.06.19 14:49:02   R_EXIT_MANAGER ticket=212 action=CLOSE_PENDING_RETRY reason=OWNER_R_EXIT_GENERAL_10M_DEADLINE attempt=168 sendOk=false stillOpen=true
CS	0	07:27:50.320	XAUUSD_AI_Sniper_EA_v6.25.24_REPLAY_ROOT_CONSOLIDATED_FIX (XAUUSD,M10)	2026.06.19 14:49:05   LOSS_CLOSE_BLOCKED #212 ctx=OWNER_R_EXIT_GENERAL_10M_DEADLINE pnl=$-421.12 closeLots=0.00 | Negative trades may close only by broker SL, manual close, or emergency margin/account protection.
CS	0	07:27:50.320	XAUUSD_AI_Sniper_EA_v6.25.24_REPLAY_ROOT_CONSOLIDATED_FIX (XAUUSD,M10)	2026.06.19 14:49:05   R_EXIT_MANAGER ticket=212 action=CLOSE_PENDING_RETRY reason=OWNER_R_EXIT_GENERAL_10M_DEADLINE attempt=169 sendOk=false stillOpen=true
CS	0	07:27:50.324	XAUUSD_AI_Sniper_EA_v6.25.24_REPLAY_ROOT_CONSOLIDATED_FIX (XAUUSD,M10)	2026.06.19 14:49:08   LOSS_CLOSE_BLOCKED #212 ctx=OWNER_R_EXIT_GENERAL_10M_DEADLINE pnl=$-372.48 closeLots=0.00 | Negative trades may close only by broker SL, manual close, or emergency margin/account protection.
CS	0	07:27:50.324	XAUUSD_AI_Sniper_EA_v6.25.24_REPLAY_ROOT_CONSOLIDATED_FIX (XAUUSD,M10)	2026.06.19 14:49:08   R_EXIT_MANAGER ticket=212 action=CLOSE_PENDING_RETRY reason=OWNER_R_EXIT_GENERAL_10M_DEADLINE attempt=170 sendOk=false stillOpen=true
CS	0	07:27:50.328	XAUUSD_AI_Sniper_EA_v6.25.24_REPLAY_ROOT_CONSOLIDATED_FIX (XAUUSD,M10)	2026.06.19 14:49:11   LOSS_CLOSE_BLOCKED #212 ctx=OWNER_R_EXIT_GENERAL_10M_DEADLINE pnl=$-371.84 closeLots=0.00 | Negative trades may close only by broker SL, manual close, or emergency margin/account protection.
CS	0	07:27:50.328	XAUUSD_AI_Sniper_EA_v6.25.24_REPLAY_ROOT_CONSOLIDATED_FIX (XAUUSD,M10)	2026.06.19 14:49:11   R_EXIT_MANAGER ticket=212 action=CLOSE_PENDING_RETRY reason=OWNER_R_EXIT_GENERAL_10M_DEADLINE attempt=171 sendOk=false stillOpen=true
CS	0	07:27:50.332	XAUUSD_AI_Sniper_EA_v6.25.24_REPLAY_ROOT_CONSOLIDATED_FIX (XAUUSD,M10)	2026.06.19 14:49:14   LOSS_CLOSE_BLOCKED #212 ctx=OWNER_R_EXIT_GENERAL_10M_DEADLINE pnl=$-367.36 closeLots=0.00 | Negative trades may close only by broker SL, manual close, or emergency margin/account protection.
CS	0	07:27:50.333	XAUUSD_AI_Sniper_EA_v6.25.24_REPLAY_ROOT_CONSOLIDATED_FIX (XAUUSD,M10)	2026.06.19 14:49:14   R_EXIT_MANAGER ticket=212 action=CLOSE_PENDING_RETRY reason=OWNER_R_EXIT_GENERAL_10M_DEADLINE attempt=172 sendOk=false stillOpen=true
CS	0	07:27:50.337	XAUUSD_AI_Sniper_EA_v6.25.24_REPLAY_ROOT_CONSOLIDATED_FIX (XAUUSD,M10)	2026.06.19 14:49:17   LOSS_CLOSE_BLOCKED #212 ctx=OWNER_R_EXIT_GENERAL_10M_DEADLINE pnl=$-377.60 closeLots=0.00 | Negative trades may close only by broker SL, manual close, or emergency margin/account protection.
CS	0	07:27:50.337	XAUUSD_AI_Sniper_EA_v6.25.24_REPLAY_ROOT_CONSOLIDATED_FIX (XAUUSD,M10)	2026.06.19 14:49:17   R_EXIT_MANAGER ticket=212 action=CLOSE_PENDING_RETRY reason=OWNER_R_EXIT_GENERAL_10M_DEADLINE attempt=173 sendOk=false stillOpen=true
CS	0	07:27:50.340	XAUUSD_AI_Sniper_EA_v6.25.24_REPLAY_ROOT_CONSOLIDATED_FIX (XAUUSD,M10)	2026.06.19 14:49:20   LOSS_CLOSE_BLOCKED #212 ctx=OWNER_R_EXIT_GENERAL_10M_DEADLINE pnl=$-371.20 closeLots=0.00 | Negative trades may close only by broker SL, manual close, or emergency margin/account protection.
CS	0	07:27:50.340	XAUUSD_AI_Sniper_EA_v6.25.24_REPLAY_ROOT_CONSOLIDATED_FIX (XAUUSD,M10)	2026.06.19 14:49:20   R_EXIT_MANAGER ticket=212 action=CLOSE_PENDING_RETRY reason=OWNER_R_EXIT_GENERAL_10M_DEADLINE attempt=174 sendOk=false stillOpen=true
CS	0	07:27:50.345	XAUUSD_AI_Sniper_EA_v6.25.24_REPLAY_ROOT_CONSOLIDATED_FIX (XAUUSD,M10)	2026.06.19 14:49:23   LOSS_CLOSE_BLOCKED #212 ctx=OWNER_R_EXIT_GENERAL_10M_DEADLINE pnl=$-379.52 closeLots=0.00 | Negative trades may close only by broker SL, manual close, or emergency margin/account protection.
CS	0	07:27:50.345	XAUUSD_AI_Sniper_EA_v6.25.24_REPLAY_ROOT_CONSOLIDATED_FIX (XAUUSD,M10)	2026.06.19 14:49:23   R_EXIT_MANAGER ticket=212 action=CLOSE_PENDING_RETRY reason=OWNER_R_EXIT_GENERAL_10M_DEADLINE attempt=175 sendOk=false stillOpen=true
CS	0	07:27:50.350	XAUUSD_AI_Sniper_EA_v6.25.24_REPLAY_ROOT_CONSOLIDATED_FIX (XAUUSD,M10)	2026.06.19 14:49:27   LOSS_CLOSE_BLOCKED #212 ctx=OWNER_R_EXIT_GENERAL_10M_DEADLINE pnl=$-382.08 closeLots=0.00 | Negative trades may close only by broker SL, manual close, or emergency margin/account protection.
CS	0	07:27:50.350	XAUUSD_AI_Sniper_EA_v6.25.24_REPLAY_ROOT_CONSOLIDATED_FIX (XAUUSD,M10)	2026.06.19 14:49:27   R_EXIT_MANAGER ticket=212 action=CLOSE_PENDING_RETRY reason=OWNER_R_EXIT_GENERAL_10M_DEADLINE attempt=176 sendOk=false stillOpen=true
CS	0	07:27:50.355	XAUUSD_AI_Sniper_EA_v6.25.24_REPLAY_ROOT_CONSOLIDATED_FIX (XAUUSD,M10)	2026.06.19 14:49:30   LOSS_CLOSE_BLOCKED #212 ctx=OWNER_R_EXIT_GENERAL_10M_DEADLINE pnl=$-378.24 closeLots=0.00 | Negative trades may close only by broker SL, manual close, or emergency margin/account protection.
CS	0	07:27:50.355	XAUUSD_AI_Sniper_EA_v6.25.24_REPLAY_ROOT_CONSOLIDATED_FIX (XAUUSD,M10)	2026.06.19 14:49:30   R_EXIT_MANAGER ticket=212 action=CLOSE_PENDING_RETRY reason=OWNER_R_EXIT_GENERAL_10M_DEADLINE attempt=177 sendOk=false stillOpen=true
CS	0	07:27:50.359	XAUUSD_AI_Sniper_EA_v6.25.24_REPLAY_ROOT_CONSOLIDATED_FIX (XAUUSD,M10)	2026.06.19 14:49:33   LOSS_CLOSE_BLOCKED #212 ctx=OWNER_R_EXIT_GENERAL_10M_DEADLINE pnl=$-373.76 closeLots=0.00 | Negative trades may close only by broker SL, manual close, or emergency margin/account protection.
CS	0	07:27:50.359	XAUUSD_AI_Sniper_EA_v6.25.24_REPLAY_ROOT_CONSOLIDATED_FIX (XAUUSD,M10)	2026.06.19 14:49:33   R_EXIT_MANAGER ticket=212 action=CLOSE_PENDING_RETRY reason=OWNER_R_EXIT_GENERAL_10M_DEADLINE attempt=178 sendOk=false stillOpen=true
CS	0	07:27:50.364	XAUUSD_AI_Sniper_EA_v6.25.24_REPLAY_ROOT_CONSOLIDATED_FIX (XAUUSD,M10)	2026.06.19 14:49:36   LOSS_CLOSE_BLOCKED #212 ctx=OWNER_R_EXIT_GENERAL_10M_DEADLINE pnl=$-373.12 closeLots=0.00 | Negative trades may close only by broker SL, manual close, or emergency margin/account protection.
CS	0	07:27:50.364	XAUUSD_AI_Sniper_EA_v6.25.24_REPLAY_ROOT_CONSOLIDATED_FIX (XAUUSD,M10)	2026.06.19 14:49:36   R_EXIT_MANAGER ticket=212 action=CLOSE_PENDING_RETRY reason=OWNER_R_EXIT_GENERAL_10M_DEADLINE attempt=179 sendOk=false stillOpen=true
CS	0	07:27:50.369	XAUUSD_AI_Sniper_EA_v6.25.24_REPLAY_ROOT_CONSOLIDATED_FIX (XAUUSD,M10)	2026.06.19 14:49:39   LOSS_CLOSE_BLOCKED #212 ctx=OWNER_R_EXIT_GENERAL_10M_DEADLINE pnl=$-371.20 closeLots=0.00 | Negative trades may close only by broker SL, manual close, or emergency margin/account protection.
CS	0	07:27:50.369	XAUUSD_AI_Sniper_EA_v6.25.24_REPLAY_ROOT_CONSOLIDATED_FIX (XAUUSD,M10)	2026.06.19 14:49:39   R_EXIT_MANAGER ticket=212 action=CLOSE_PENDING_RETRY reason=OWNER_R_EXIT_GENERAL_10M_DEADLINE attempt=180 sendOk=false stillOpen=true
CS	0	07:27:50.375	XAUUSD_AI_Sniper_EA_v6.25.24_REPLAY_ROOT_CONSOLIDATED_FIX (XAUUSD,M10)	2026.06.19 14:49:42   LOSS_CLOSE_BLOCKED #212 ctx=OWNER_R_EXIT_GENERAL_10M_DEADLINE pnl=$-369.28 closeLots=0.00 | Negative trades may close only by broker SL, manual close, or emergency margin/account protection.
CS	0	07:27:50.375	XAUUSD_AI_Sniper_EA_v6.25.24_REPLAY_ROOT_CONSOLIDATED_FIX (XAUUSD,M10)	2026.06.19 14:49:42   R_EXIT_MANAGER ticket=212 action=CLOSE_PENDING_RETRY reason=OWNER_R_EXIT_GENERAL_10M_DEADLINE attempt=181 sendOk=false stillOpen=true
CS	0	07:27:50.381	XAUUSD_AI_Sniper_EA_v6.25.24_REPLAY_ROOT_CONSOLIDATED_FIX (XAUUSD,M10)	2026.06.19 14:49:45   LOSS_CLOSE_BLOCKED #212 ctx=OWNER_R_EXIT_GENERAL_10M_DEADLINE pnl=$-378.24 closeLots=0.00 | Negative trades may close only by broker SL, manual close, or emergency margin/account protection.
CS	0	07:27:50.381	XAUUSD_AI_Sniper_EA_v6.25.24_REPLAY_ROOT_CONSOLIDATED_FIX (XAUUSD,M10)	2026.06.19 14:49:45   R_EXIT_MANAGER ticket=212 action=CLOSE_PENDING_RETRY reason=OWNER_R_EXIT_GENERAL_10M_DEADLINE attempt=182 sendOk=false stillOpen=true
CS	0	07:27:50.387	XAUUSD_AI_Sniper_EA_v6.25.24_REPLAY_ROOT_CONSOLIDATED_FIX (XAUUSD,M10)	2026.06.19 14:49:48   LOSS_CLOSE_BLOCKED #212 ctx=OWNER_R_EXIT_GENERAL_10M_DEADLINE pnl=$-375.68 closeLots=0.00 | Negative trades may close only by broker SL, manual close, or emergency margin/account protection.
CS	0	07:27:50.387	XAUUSD_AI_Sniper_EA_v6.25.24_REPLAY_ROOT_CONSOLIDATED_FIX (XAUUSD,M10)	2026.06.19 14:49:48   R_EXIT_MANAGER ticket=212 action=CLOSE_PENDING_RETRY reason=OWNER_R_EXIT_GENERAL_10M_DEADLINE attempt=183 sendOk=false stillOpen=true
CS	0	07:27:50.392	XAUUSD_AI_Sniper_EA_v6.25.24_REPLAY_ROOT_CONSOLIDATED_FIX (XAUUSD,M10)	2026.06.19 14:49:51   LOSS_CLOSE_BLOCKED #212 ctx=OWNER_R_EXIT_GENERAL_10M_DEADLINE pnl=$-380.16 closeLots=0.00 | Negative trades may close only by broker SL, manual close, or emergency margin/account protection.
CS	0	07:27:50.392	XAUUSD_AI_Sniper_EA_v6.25.24_REPLAY_ROOT_CONSOLIDATED_FIX (XAUUSD,M10)	2026.06.19 14:49:51   R_EXIT_MANAGER ticket=212 action=CLOSE_PENDING_RETRY reason=OWNER_R_EXIT_GENERAL_10M_DEADLINE attempt=184 sendOk=false stillOpen=true
CS	0	07:27:50.397	XAUUSD_AI_Sniper_EA_v6.25.24_REPLAY_ROOT_CONSOLIDATED_FIX (XAUUSD,M10)	2026.06.19 14:49:54   LOSS_CLOSE_BLOCKED #212 ctx=OWNER_R_EXIT_GENERAL_10M_DEADLINE pnl=$-403.20 closeLots=0.00 | Negative trades may close only by broker SL, manual close, or emergency margin/account protection.
CS	0	07:27:50.397	XAUUSD_AI_Sniper_EA_v6.25.24_REPLAY_ROOT_CONSOLIDATED_FIX (XAUUSD,M10)	2026.06.19 14:49:54   R_EXIT_MANAGER ticket=212 action=CLOSE_PENDING_RETRY reason=OWNER_R_EXIT_GENERAL_10M_DEADLINE attempt=185 sendOk=false stillOpen=true
CS	0	07:27:50.402	XAUUSD_AI_Sniper_EA_v6.25.24_REPLAY_ROOT_CONSOLIDATED_FIX (XAUUSD,M10)	2026.06.19 14:49:57   LOSS_CLOSE_BLOCKED #212 ctx=OWNER_R_EXIT_GENERAL_10M_DEADLINE pnl=$-393.60 closeLots=0.00 | Negative trades may close only by broker SL, manual close, or emergency margin/account protection.
CS	0	07:27:50.402	XAUUSD_AI_Sniper_EA_v6.25.24_REPLAY_ROOT_CONSOLIDATED_FIX (XAUUSD,M10)	2026.06.19 14:49:57   R_EXIT_MANAGER ticket=212 action=CLOSE_PENDING_RETRY reason=OWNER_R_EXIT_GENERAL_10M_DEADLINE attempt=186 sendOk=false stillOpen=true
CS	0	07:27:50.408	XAUUSD_AI_Sniper_EA_v6.25.24_REPLAY_ROOT_CONSOLIDATED_FIX (XAUUSD,M10)	2026.06.19 14:50:00   LOSS_CLOSE_BLOCKED #212 ctx=OWNER_R_EXIT_GENERAL_10M_DEADLINE pnl=$-423.68 closeLots=0.00 | Negative trades may close only by broker SL, manual close, or emergency margin/account protection.
CS	0	07:27:50.408	XAUUSD_AI_Sniper_EA_v6.25.24_REPLAY_ROOT_CONSOLIDATED_FIX (XAUUSD,M10)	2026.06.19 14:50:00   R_EXIT_MANAGER ticket=212 action=CLOSE_PENDING_RETRY reason=OWNER_R_EXIT_GENERAL_10M_DEADLINE attempt=187 sendOk=false stillOpen=true
CS	0	07:27:50.415	XAUUSD_AI_Sniper_EA_v6.25.24_REPLAY_ROOT_CONSOLIDATED_FIX (XAUUSD,M10)	2026.06.19 14:50:03   LOSS_CLOSE_BLOCKED #212 ctx=OWNER_R_EXIT_GENERAL_10M_DEADLINE pnl=$-393.60 closeLots=0.00 | Negative trades may close only by broker SL, manual close, or emergency margin/account protection.
CS	0	07:27:50.415	XAUUSD_AI_Sniper_EA_v6.25.24_REPLAY_ROOT_CONSOLIDATED_FIX (XAUUSD,M10)	2026.06.19 14:50:03   R_EXIT_MANAGER ticket=212 action=CLOSE_PENDING_RETRY reason=OWNER_R_EXIT_GENERAL_10M_DEADLINE attempt=188 sendOk=false stillOpen=true
CS	0	07:27:50.420	XAUUSD_AI_Sniper_EA_v6.25.24_REPLAY_ROOT_CONSOLIDATED_FIX (XAUUSD,M10)	2026.06.19 14:50:06   LOSS_CLOSE_BLOCKED #212 ctx=OWNER_R_EXIT_GENERAL_10M_DEADLINE pnl=$-390.40 closeLots=0.00 | Negative trades may close only by broker SL, manual close, or emergency margin/account protection.
CS	0	07:27:50.420	XAUUSD_AI_Sniper_EA_v6.25.24_REPLAY_ROOT_CONSOLIDATED_FIX (XAUUSD,M10)	2026.06.19 14:50:06   R_EXIT_MANAGER ticket=212 action=CLOSE_PENDING_RETRY reason=OWNER_R_EXIT_GENERAL_10M_DEADLINE attempt=189 sendOk=false stillOpen=true
CS	0	07:27:50.425	XAUUSD_AI_Sniper_EA_v6.25.24_REPLAY_ROOT_CONSOLIDATED_FIX (XAUUSD,M10)	2026.06.19 14:50:09   LOSS_CLOSE_BLOCKED #212 ctx=OWNER_R_EXIT_GENERAL_10M_DEADLINE pnl=$-392.32 closeLots=0.00 | Negative trades may close only by broker SL, manual close, or emergency margin/account protection.
CS	0	07:27:50.425	XAUUSD_AI_Sniper_EA_v6.25.24_REPLAY_ROOT_CONSOLIDATED_FIX (XAUUSD,M10)	2026.06.19 14:50:09   R_EXIT_MANAGER ticket=212 action=CLOSE_PENDING_RETRY reason=OWNER_R_EXIT_GENERAL_10M_DEADLINE attempt=190 sendOk=false stillOpen=true
CS	0	07:27:50.430	XAUUSD_AI_Sniper_EA_v6.25.24_REPLAY_ROOT_CONSOLIDATED_FIX (XAUUSD,M10)	2026.06.19 14:50:12   LOSS_CLOSE_BLOCKED #212 ctx=OWNER_R_EXIT_GENERAL_10M_DEADLINE pnl=$-390.40 closeLots=0.00 | Negative trades may close only by broker SL, manual close, or emergency margin/account protection.
CS	0	07:27:50.430	XAUUSD_AI_Sniper_EA_v6.25.24_REPLAY_ROOT_CONSOLIDATED_FIX (XAUUSD,M10)	2026.06.19 14:50:12   R_EXIT_MANAGER ticket=212 action=CLOSE_PENDING_RETRY reason=OWNER_R_EXIT_GENERAL_10M_DEADLINE attempt=191 sendOk=false stillOpen=true
CS	0	07:27:50.434	XAUUSD_AI_Sniper_EA_v6.25.24_REPLAY_ROOT_CONSOLIDATED_FIX (XAUUSD,M10)	2026.06.19 14:50:15   LOSS_CLOSE_BLOCKED #212 ctx=OWNER_R_EXIT_GENERAL_10M_DEADLINE pnl=$-395.52 closeLots=0.00 | Negative trades may close only by broker SL, manual close, or emergency margin/account protection.
CS	0	07:27:50.434	XAUUSD_AI_Sniper_EA_v6.25.24_REPLAY_ROOT_CONSOLIDATED_FIX (XAUUSD,M10)	2026.06.19 14:50:15   R_EXIT_MANAGER ticket=212 action=CLOSE_PENDING_RETRY reason=OWNER_R_EXIT_GENERAL_10M_DEADLINE attempt=192 sendOk=false stillOpen=true
CS	0	07:27:50.438	XAUUSD_AI_Sniper_EA_v6.25.24_REPLAY_ROOT_CONSOLIDATED_FIX (XAUUSD,M10)	2026.06.19 14:50:18   LOSS_CLOSE_BLOCKED #212 ctx=OWNER_R_EXIT_GENERAL_10M_DEADLINE pnl=$-398.08 closeLots=0.00 | Negative trades may close only by broker SL, manual close, or emergency margin/account protection.
CS	0	07:27:50.438	XAUUSD_AI_Sniper_EA_v6.25.24_REPLAY_ROOT_CONSOLIDATED_FIX (XAUUSD,M10)	2026.06.19 14:50:18   R_EXIT_MANAGER ticket=212 action=CLOSE_PENDING_RETRY reason=OWNER_R_EXIT_GENERAL_10M_DEADLINE attempt=193 sendOk=false stillOpen=true
CS	0	07:27:50.443	XAUUSD_AI_Sniper_EA_v6.25.24_REPLAY_ROOT_CONSOLIDATED_FIX (XAUUSD,M10)	2026.06.19 14:50:21   LOSS_CLOSE_BLOCKED #212 ctx=OWNER_R_EXIT_GENERAL_10M_DEADLINE pnl=$-384.64 closeLots=0.00 | Negative trades may close only by broker SL, manual close, or emergency margin/account protection.
CS	0	07:27:50.443	XAUUSD_AI_Sniper_EA_v6.25.24_REPLAY_ROOT_CONSOLIDATED_FIX (XAUUSD,M10)	2026.06.19 14:50:21   R_EXIT_MANAGER ticket=212 action=CLOSE_PENDING_RETRY reason=OWNER_R_EXIT_GENERAL_10M_DEADLINE attempt=194 sendOk=false stillOpen=true
CS	0	07:27:50.451	XAUUSD_AI_Sniper_EA_v6.25.24_REPLAY_ROOT_CONSOLIDATED_FIX (XAUUSD,M10)	2026.06.19 14:50:24   LOSS_CLOSE_BLOCKED #212 ctx=OWNER_R_EXIT_GENERAL_10M_DEADLINE pnl=$-385.92 closeLots=0.00 | Negative trades may close only by broker SL, manual close, or emergency margin/account protection.
CS	0	07:27:50.451	XAUUSD_AI_Sniper_EA_v6.25.24_REPLAY_ROOT_CONSOLIDATED_FIX (XAUUSD,M10)	2026.06.19 14:50:24   R_EXIT_MANAGER ticket=212 action=CLOSE_PENDING_RETRY reason=OWNER_R_EXIT_GENERAL_10M_DEADLINE attempt=195 sendOk=false stillOpen=true
CS	0	07:27:50.455	XAUUSD_AI_Sniper_EA_v6.25.24_REPLAY_ROOT_CONSOLIDATED_FIX (XAUUSD,M10)	2026.06.19 14:50:27   LOSS_CLOSE_BLOCKED #212 ctx=OWNER_R_EXIT_GENERAL_10M_DEADLINE pnl=$-368.64 closeLots=0.00 | Negative trades may close only by broker SL, manual close, or emergency margin/account protection.
CS	0	07:27:50.455	XAUUSD_AI_Sniper_EA_v6.25.24_REPLAY_ROOT_CONSOLIDATED_FIX (XAUUSD,M10)	2026.06.19 14:50:27   R_EXIT_MANAGER ticket=212 action=CLOSE_PENDING_RETRY reason=OWNER_R_EXIT_GENERAL_10M_DEADLINE attempt=196 sendOk=false stillOpen=true
CS	0	07:27:50.459	XAUUSD_AI_Sniper_EA_v6.25.24_REPLAY_ROOT_CONSOLIDATED_FIX (XAUUSD,M10)	2026.06.19 14:50:30   LOSS_CLOSE_BLOCKED #212 ctx=OWNER_R_EXIT_GENERAL_10M_DEADLINE pnl=$-383.36 closeLots=0.00 | Negative trades may close only by broker SL, manual close, or emergency margin/account protection.
CS	0	07:27:50.459	XAUUSD_AI_Sniper_EA_v6.25.24_REPLAY_ROOT_CONSOLIDATED_FIX (XAUUSD,M10)	2026.06.19 14:50:30   R_EXIT_MANAGER ticket=212 action=CLOSE_PENDING_RETRY reason=OWNER_R_EXIT_GENERAL_10M_DEADLINE attempt=197 sendOk=false stillOpen=true
CS	0	07:27:50.464	XAUUSD_AI_Sniper_EA_v6.25.24_REPLAY_ROOT_CONSOLIDATED_FIX (XAUUSD,M10)	2026.06.19 14:50:33   LOSS_CLOSE_BLOCKED #212 ctx=OWNER_R_EXIT_GENERAL_10M_DEADLINE pnl=$-384.64 closeLots=0.00 | Negative trades may close only by broker SL, manual close, or emergency margin/account protection.
CS	0	07:27:50.464	XAUUSD_AI_Sniper_EA_v6.25.24_REPLAY_ROOT_CONSOLIDATED_FIX (XAUUSD,M10)	2026.06.19 14:50:33   R_EXIT_MANAGER ticket=212 action=CLOSE_PENDING_RETRY reason=OWNER_R_EXIT_GENERAL_10M_DEADLINE attempt=198 sendOk=false stillOpen=true
CS	0	07:27:50.469	XAUUSD_AI_Sniper_EA_v6.25.24_REPLAY_ROOT_CONSOLIDATED_FIX (XAUUSD,M10)	2026.06.19 14:50:36   LOSS_CLOSE_BLOCKED #212 ctx=OWNER_R_EXIT_GENERAL_10M_DEADLINE pnl=$-391.68 closeLots=0.00 | Negative trades may close only by broker SL, manual close, or emergency margin/account protection.
CS	0	07:27:50.469	XAUUSD_AI_Sniper_EA_v6.25.24_REPLAY_ROOT_CONSOLIDATED_FIX (XAUUSD,M10)	2026.06.19 14:50:36   R_EXIT_MANAGER ticket=212 action=CLOSE_PENDING_RETRY reason=OWNER_R_EXIT_GENERAL_10M_DEADLINE attempt=199 sendOk=false stillOpen=true
CS	0	07:27:50.473	XAUUSD_AI_Sniper_EA_v6.25.24_REPLAY_ROOT_CONSOLIDATED_FIX (XAUUSD,M10)	2026.06.19 14:50:40   LOSS_CLOSE_BLOCKED #212 ctx=OWNER_R_EXIT_GENERAL_10M_DEADLINE pnl=$-385.92 closeLots=0.00 | Negative trades may close only by broker SL, manual close, or emergency margin/account protection.
CS	0	07:27:50.473	XAUUSD_AI_Sniper_EA_v6.25.24_REPLAY_ROOT_CONSOLIDATED_FIX (XAUUSD,M10)	2026.06.19 14:50:40   R_EXIT_MANAGER ticket=212 action=CLOSE_PENDING_RETRY reason=OWNER_R_EXIT_GENERAL_10M_DEADLINE attempt=200 sendOk=false stillOpen=true
CS	0	07:27:50.477	XAUUSD_AI_Sniper_EA_v6.25.24_REPLAY_ROOT_CONSOLIDATED_FIX (XAUUSD,M10)	2026.06.19 14:50:43   LOSS_CLOSE_BLOCKED #212 ctx=OWNER_R_EXIT_GENERAL_10M_DEADLINE pnl=$-391.68 closeLots=0.00 | Negative trades may close only by broker SL, manual close, or emergency margin/account protection.
CS	0	07:27:50.477	XAUUSD_AI_Sniper_EA_v6.25.24_REPLAY_ROOT_CONSOLIDATED_FIX (XAUUSD,M10)	2026.06.19 14:50:43   R_EXIT_MANAGER ticket=212 action=CLOSE_PENDING_RETRY reason=OWNER_R_EXIT_GENERAL_10M_DEADLINE attempt=201 sendOk=false stillOpen=true
CS	0	07:27:50.481	XAUUSD_AI_Sniper_EA_v6.25.24_REPLAY_ROOT_CONSOLIDATED_FIX (XAUUSD,M10)	2026.06.19 14:50:46   LOSS_CLOSE_BLOCKED #212 ctx=OWNER_R_EXIT_GENERAL_10M_DEADLINE pnl=$-395.52 closeLots=0.00 | Negative trades may close only by broker SL, manual close, or emergency margin/account protection.
CS	0	07:27:50.481	XAUUSD_AI_Sniper_EA_v6.25.24_REPLAY_ROOT_CONSOLIDATED_FIX (XAUUSD,M10)	2026.06.19 14:50:46   R_EXIT_MANAGER ticket=212 action=CLOSE_PENDING_RETRY reason=OWNER_R_EXIT_GENERAL_10M_DEADLINE attempt=202 sendOk=false stillOpen=true
CS	0	07:27:50.485	XAUUSD_AI_Sniper_EA_v6.25.24_REPLAY_ROOT_CONSOLIDATED_FIX (XAUUSD,M10)	2026.06.19 14:50:49   LOSS_CLOSE_BLOCKED #212 ctx=OWNER_R_EXIT_GENERAL_10M_DEADLINE pnl=$-405.76 closeLots=0.00 | Negative trades may close only by broker SL, manual close, or emergency margin/account protection.
CS	0	07:27:50.485	XAUUSD_AI_Sniper_EA_v6.25.24_REPLAY_ROOT_CONSOLIDATED_FIX (XAUUSD,M10)	2026.06.19 14:50:49   R_EXIT_MANAGER ticket=212 action=CLOSE_PENDING_RETRY reason=OWNER_R_EXIT_GENERAL_10M_DEADLINE attempt=203 sendOk=false stillOpen=true
CS	0	07:27:50.489	XAUUSD_AI_Sniper_EA_v6.25.24_REPLAY_ROOT_CONSOLIDATED_FIX (XAUUSD,M10)	2026.06.19 14:50:52   LOSS_CLOSE_BLOCKED #212 ctx=OWNER_R_EXIT_GENERAL_10M_DEADLINE pnl=$-376.32 closeLots=0.00 | Negative trades may close only by broker SL, manual close, or emergency margin/account protection.
CS	0	07:27:50.489	XAUUSD_AI_Sniper_EA_v6.25.24_REPLAY_ROOT_CONSOLIDATED_FIX (XAUUSD,M10)	2026.06.19 14:50:52   R_EXIT_MANAGER ticket=212 action=CLOSE_PENDING_RETRY reason=OWNER_R_EXIT_GENERAL_10M_DEADLINE attempt=204 sendOk=false stillOpen=true
CS	0	07:27:50.494	XAUUSD_AI_Sniper_EA_v6.25.24_REPLAY_ROOT_CONSOLIDATED_FIX (XAUUSD,M10)	2026.06.19 14:50:55   LOSS_CLOSE_BLOCKED #212 ctx=OWNER_R_EXIT_GENERAL_10M_DEADLINE pnl=$-387.20 closeLots=0.00 | Negative trades may close only by broker SL, manual close, or emergency margin/account protection.
CS	0	07:27:50.494	XAUUSD_AI_Sniper_EA_v6.25.24_REPLAY_ROOT_CONSOLIDATED_FIX (XAUUSD,M10)	2026.06.19 14:50:55   R_EXIT_MANAGER ticket=212 action=CLOSE_PENDING_RETRY reason=OWNER_R_EXIT_GENERAL_10M_DEADLINE attempt=205 sendOk=false stillOpen=true
CS	0	07:27:50.498	XAUUSD_AI_Sniper_EA_v6.25.24_REPLAY_ROOT_CONSOLIDATED_FIX (XAUUSD,M10)	2026.06.19 14:50:58   LOSS_CLOSE_BLOCKED #212 ctx=OWNER_R_EXIT_GENERAL_10M_DEADLINE pnl=$-384.64 closeLots=0.00 | Negative trades may close only by broker SL, manual close, or emergency margin/account protection.
CS	0	07:27:50.498	XAUUSD_AI_Sniper_EA_v6.25.24_REPLAY_ROOT_CONSOLIDATED_FIX (XAUUSD,M10)	2026.06.19 14:50:58   R_EXIT_MANAGER ticket=212 action=CLOSE_PENDING_RETRY reason=OWNER_R_EXIT_GENERAL_10M_DEADLINE attempt=206 sendOk=false stillOpen=true
CS	0	07:27:50.503	XAUUSD_AI_Sniper_EA_v6.25.24_REPLAY_ROOT_CONSOLIDATED_FIX (XAUUSD,M10)	2026.06.19 14:51:01   LOSS_CLOSE_BLOCKED #212 ctx=OWNER_R_EXIT_GENERAL_10M_DEADLINE pnl=$-338.56 closeLots=0.00 | Negative trades may close only by broker SL, manual close, or emergency margin/account protection.
CS	0	07:27:50.503	XAUUSD_AI_Sniper_EA_v6.25.24_REPLAY_ROOT_CONSOLIDATED_FIX (XAUUSD,M10)	2026.06.19 14:51:01   R_EXIT_MANAGER ticket=212 action=CLOSE_PENDING_RETRY reason=OWNER_R_EXIT_GENERAL_10M_DEADLINE attempt=207 sendOk=false stillOpen=true
CS	0	07:27:50.508	XAUUSD_AI_Sniper_EA_v6.25.24_REPLAY_ROOT_CONSOLIDATED_FIX (XAUUSD,M10)	2026.06.19 14:51:04   LOSS_CLOSE_BLOCKED #212 ctx=OWNER_R_EXIT_GENERAL_10M_DEADLINE pnl=$-291.84 closeLots=0.00 | Negative trades may close only by broker SL, manual close, or emergency margin/account protection.
CS	0	07:27:50.508	XAUUSD_AI_Sniper_EA_v6.25.24_REPLAY_ROOT_CONSOLIDATED_FIX (XAUUSD,M10)	2026.06.19 14:51:04   R_EXIT_MANAGER ticket=212 action=CLOSE_PENDING_RETRY reason=OWNER_R_EXIT_GENERAL_10M_DEADLINE attempt=208 sendOk=false stillOpen=true
CS	0	07:27:50.512	XAUUSD_AI_Sniper_EA_v6.25.24_REPLAY_ROOT_CONSOLIDATED_FIX (XAUUSD,M10)	2026.06.19 14:51:07   LOSS_CLOSE_BLOCKED #212 ctx=OWNER_R_EXIT_GENERAL_10M_DEADLINE pnl=$-285.44 closeLots=0.00 | Negative trades may close only by broker SL, manual close, or emergency margin/account protection.
CS	0	07:27:50.513	XAUUSD_AI_Sniper_EA_v6.25.24_REPLAY_ROOT_CONSOLIDATED_FIX (XAUUSD,M10)	2026.06.19 14:51:07   R_EXIT_MANAGER ticket=212 action=CLOSE_PENDING_RETRY reason=OWNER_R_EXIT_GENERAL_10M_DEADLINE attempt=209 sendOk=false stillOpen=true
CS	0	07:27:50.516	XAUUSD_AI_Sniper_EA_v6.25.24_REPLAY_ROOT_CONSOLIDATED_FIX (XAUUSD,M10)	2026.06.19 14:51:10   LOSS_CLOSE_BLOCKED #212 ctx=OWNER_R_EXIT_GENERAL_10M_DEADLINE pnl=$-286.72 closeLots=0.00 | Negative trades may close only by broker SL, manual close, or emergency margin/account protection.
CS	0	07:27:50.516	XAUUSD_AI_Sniper_EA_v6.25.24_REPLAY_ROOT_CONSOLIDATED_FIX (XAUUSD,M10)	2026.06.19 14:51:10   R_EXIT_MANAGER ticket=212 action=CLOSE_PENDING_RETRY reason=OWNER_R_EXIT_GENERAL_10M_DEADLINE attempt=210 sendOk=false stillOpen=true
CS	0	07:27:50.521	XAUUSD_AI_Sniper_EA_v6.25.24_REPLAY_ROOT_CONSOLIDATED_FIX (XAUUSD,M10)	2026.06.19 14:51:13   LOSS_CLOSE_BLOCKED #212 ctx=OWNER_R_EXIT_GENERAL_10M_DEADLINE pnl=$-339.20 closeLots=0.00 | Negative trades may close only by broker SL, manual close, or emergency margin/account protection.
CS	0	07:27:50.521	XAUUSD_AI_Sniper_EA_v6.25.24_REPLAY_ROOT_CONSOLIDATED_FIX (XAUUSD,M10)	2026.06.19 14:51:13   R_EXIT_MANAGER ticket=212 action=CLOSE_PENDING_RETRY reason=OWNER_R_EXIT_GENERAL_10M_DEADLINE attempt=211 sendOk=false stillOpen=true
CS	0	07:27:50.529	XAUUSD_AI_Sniper_EA_v6.25.24_REPLAY_ROOT_CONSOLIDATED_FIX (XAUUSD,M10)	2026.06.19 14:51:16   LOSS_CLOSE_BLOCKED #212 ctx=OWNER_R_EXIT_GENERAL_10M_DEADLINE pnl=$-362.24 closeLots=0.00 | Negative trades may close only by broker SL, manual close, or emergency margin/account protection.
CS	0	07:27:50.529	XAUUSD_AI_Sniper_EA_v6.25.24_REPLAY_ROOT_CONSOLIDATED_FIX (XAUUSD,M10)	2026.06.19 14:51:16   R_EXIT_MANAGER ticket=212 action=CLOSE_PENDING_RETRY reason=OWNER_R_EXIT_GENERAL_10M_DEADLINE attempt=212 sendOk=false stillOpen=true
CS	0	07:27:50.535	XAUUSD_AI_Sniper_EA_v6.25.24_REPLAY_ROOT_CONSOLIDATED_FIX (XAUUSD,M10)	2026.06.19 14:51:19   LOSS_CLOSE_BLOCKED #212 ctx=OWNER_R_EXIT_GENERAL_10M_DEADLINE pnl=$-350.72 closeLots=0.00 | Negative trades may close only by broker SL, manual close, or emergency margin/account protection.
CS	0	07:27:50.535	XAUUSD_AI_Sniper_EA_v6.25.24_REPLAY_ROOT_CONSOLIDATED_FIX (XAUUSD,M10)	2026.06.19 14:51:19   R_EXIT_MANAGER ticket=212 action=CLOSE_PENDING_RETRY reason=OWNER_R_EXIT_GENERAL_10M_DEADLINE attempt=213 sendOk=false stillOpen=true
CS	0	07:27:50.540	XAUUSD_AI_Sniper_EA_v6.25.24_REPLAY_ROOT_CONSOLIDATED_FIX (XAUUSD,M10)	2026.06.19 14:51:22   LOSS_CLOSE_BLOCKED #212 ctx=OWNER_R_EXIT_GENERAL_10M_DEADLINE pnl=$-358.40 closeLots=0.00 | Negative trades may close only by broker SL, manual close, or emergency margin/account protection.
CS	0	07:27:50.540	XAUUSD_AI_Sniper_EA_v6.25.24_REPLAY_ROOT_CONSOLIDATED_FIX (XAUUSD,M10)	2026.06.19 14:51:22   R_EXIT_MANAGER ticket=212 action=CLOSE_PENDING_RETRY reason=OWNER_R_EXIT_GENERAL_10M_DEADLINE attempt=214 sendOk=false stillOpen=true
CS	0	07:27:50.544	XAUUSD_AI_Sniper_EA_v6.25.24_REPLAY_ROOT_CONSOLIDATED_FIX (XAUUSD,M10)	2026.06.19 14:51:25   LOSS_CLOSE_BLOCKED #212 ctx=OWNER_R_EXIT_GENERAL_10M_DEADLINE pnl=$-366.08 closeLots=0.00 | Negative trades may close only by broker SL, manual close, or emergency margin/account protection.
CS	0	07:27:50.544	XAUUSD_AI_Sniper_EA_v6.25.24_REPLAY_ROOT_CONSOLIDATED_FIX (XAUUSD,M10)	2026.06.19 14:51:25   R_EXIT_MANAGER ticket=212 action=CLOSE_PENDING_RETRY reason=OWNER_R_EXIT_GENERAL_10M_DEADLINE attempt=215 sendOk=false stillOpen=true
CS	0	07:27:50.547	XAUUSD_AI_Sniper_EA_v6.25.24_REPLAY_ROOT_CONSOLIDATED_FIX (XAUUSD,M10)	2026.06.19 14:51:28   LOSS_CLOSE_BLOCKED #212 ctx=OWNER_R_EXIT_GENERAL_10M_DEADLINE pnl=$-359.04 closeLots=0.00 | Negative trades may close only by broker SL, manual close, or emergency margin/account protection.
CS	0	07:27:50.547	XAUUSD_AI_Sniper_EA_v6.25.24_REPLAY_ROOT_CONSOLIDATED_FIX (XAUUSD,M10)	2026.06.19 14:51:28   R_EXIT_MANAGER ticket=212 action=CLOSE_PENDING_RETRY reason=OWNER_R_EXIT_GENERAL_10M_DEADLINE attempt=216 sendOk=false stillOpen=true
CS	0	07:27:50.551	XAUUSD_AI_Sniper_EA_v6.25.24_REPLAY_ROOT_CONSOLIDATED_FIX (XAUUSD,M10)	2026.06.19 14:51:31   LOSS_CLOSE_BLOCKED #212 ctx=OWNER_R_EXIT_GENERAL_10M_DEADLINE pnl=$-369.92 closeLots=0.00 | Negative trades may close only by broker SL, manual close, or emergency margin/account protection.
CS	0	07:27:50.551	XAUUSD_AI_Sniper_EA_v6.25.24_REPLAY_ROOT_CONSOLIDATED_FIX (XAUUSD,M10)	2026.06.19 14:51:31   R_EXIT_MANAGER ticket=212 action=CLOSE_PENDING_RETRY reason=OWNER_R_EXIT_GENERAL_10M_DEADLINE attempt=217 sendOk=false stillOpen=true
CS	0	07:27:50.554	XAUUSD_AI_Sniper_EA_v6.25.24_REPLAY_ROOT_CONSOLIDATED_FIX (XAUUSD,M10)	2026.06.19 14:51:34   LOSS_CLOSE_BLOCKED #212 ctx=OWNER_R_EXIT_GENERAL_10M_DEADLINE pnl=$-370.56 closeLots=0.00 | Negative trades may close only by broker SL, manual close, or emergency margin/account protection.
CS	0	07:27:50.554	XAUUSD_AI_Sniper_EA_v6.25.24_REPLAY_ROOT_CONSOLIDATED_FIX (XAUUSD,M10)	2026.06.19 14:51:34   R_EXIT_MANAGER ticket=212 action=CLOSE_PENDING_RETRY reason=OWNER_R_EXIT_GENERAL_10M_DEADLINE attempt=218 sendOk=false stillOpen=true
CS	0	07:27:50.560	XAUUSD_AI_Sniper_EA_v6.25.24_REPLAY_ROOT_CONSOLIDATED_FIX (XAUUSD,M10)	2026.06.19 14:51:37   LOSS_CLOSE_BLOCKED #212 ctx=OWNER_R_EXIT_GENERAL_10M_DEADLINE pnl=$-355.84 closeLots=0.00 | Negative trades may close only by broker SL, manual close, or emergency margin/account protection.
CS	0	07:27:50.560	XAUUSD_AI_Sniper_EA_v6.25.24_REPLAY_ROOT_CONSOLIDATED_FIX (XAUUSD,M10)	2026.06.19 14:51:37   R_EXIT_MANAGER ticket=212 action=CLOSE_PENDING_RETRY reason=OWNER_R_EXIT_GENERAL_10M_DEADLINE attempt=219 sendOk=false stillOpen=true
CS	0	07:27:50.565	XAUUSD_AI_Sniper_EA_v6.25.24_REPLAY_ROOT_CONSOLIDATED_FIX (XAUUSD,M10)	2026.06.19 14:51:40   LOSS_CLOSE_BLOCKED #212 ctx=OWNER_R_EXIT_GENERAL_10M_DEADLINE pnl=$-343.68 closeLots=0.00 | Negative trades may close only by broker SL, manual close, or emergency margin/account protection.
CS	0	07:27:50.565	XAUUSD_AI_Sniper_EA_v6.25.24_REPLAY_ROOT_CONSOLIDATED_FIX (XAUUSD,M10)	2026.06.19 14:51:40   R_EXIT_MANAGER ticket=212 action=CLOSE_PENDING_RETRY reason=OWNER_R_EXIT_GENERAL_10M_DEADLINE attempt=220 sendOk=false stillOpen=true
CS	0	07:27:50.568	XAUUSD_AI_Sniper_EA_v6.25.24_REPLAY_ROOT_CONSOLIDATED_FIX (XAUUSD,M10)	2026.06.19 14:51:43   LOSS_CLOSE_BLOCKED #212 ctx=OWNER_R_EXIT_GENERAL_10M_DEADLINE pnl=$-346.24 closeLots=0.00 | Negative trades may close only by broker SL, manual close, or emergency margin/account protection.
CS	0	07:27:50.568	XAUUSD_AI_Sniper_EA_v6.25.24_REPLAY_ROOT_CONSOLIDATED_FIX (XAUUSD,M10)	2026.06.19 14:51:43   R_EXIT_MANAGER ticket=212 action=CLOSE_PENDING_RETRY reason=OWNER_R_EXIT_GENERAL_10M_DEADLINE attempt=221 sendOk=false stillOpen=true
CS	0	07:27:50.572	XAUUSD_AI_Sniper_EA_v6.25.24_REPLAY_ROOT_CONSOLIDATED_FIX (XAUUSD,M10)	2026.06.19 14:51:46   LOSS_CLOSE_BLOCKED #212 ctx=OWNER_R_EXIT_GENERAL_10M_DEADLINE pnl=$-347.52 closeLots=0.00 | Negative trades may close only by broker SL, manual close, or emergency margin/account protection.
CS	0	07:27:50.572	XAUUSD_AI_Sniper_EA_v6.25.24_REPLAY_ROOT_CONSOLIDATED_FIX (XAUUSD,M10)	2026.06.19 14:51:46   R_EXIT_MANAGER ticket=212 action=CLOSE_PENDING_RETRY reason=OWNER_R_EXIT_GENERAL_10M_DEADLINE attempt=222 sendOk=false stillOpen=true
CS	0	07:27:50.576	XAUUSD_AI_Sniper_EA_v6.25.24_REPLAY_ROOT_CONSOLIDATED_FIX (XAUUSD,M10)	2026.06.19 14:51:49   LOSS_CLOSE_BLOCKED #212 ctx=OWNER_R_EXIT_GENERAL_10M_DEADLINE pnl=$-338.56 closeLots=0.00 | Negative trades may close only by broker SL, manual close, or emergency margin/account protection.
CS	0	07:27:50.576	XAUUSD_AI_Sniper_EA_v6.25.24_REPLAY_ROOT_CONSOLIDATED_FIX (XAUUSD,M10)	2026.06.19 14:51:49   R_EXIT_MANAGER ticket=212 action=CLOSE_PENDING_RETRY reason=OWNER_R_EXIT_GENERAL_10M_DEADLINE attempt=223 sendOk=false stillOpen=true
CS	0	07:27:50.579	XAUUSD_AI_Sniper_EA_v6.25.24_REPLAY_ROOT_CONSOLIDATED_FIX (XAUUSD,M10)	2026.06.19 14:51:52   LOSS_CLOSE_BLOCKED #212 ctx=OWNER_R_EXIT_GENERAL_10M_DEADLINE pnl=$-315.52 closeLots=0.00 | Negative trades may close only by broker SL, manual close, or emergency margin/account protection.
CS	0	07:27:50.579	XAUUSD_AI_Sniper_EA_v6.25.24_REPLAY_ROOT_CONSOLIDATED_FIX (XAUUSD,M10)	2026.06.19 14:51:52   R_EXIT_MANAGER ticket=212 action=CLOSE_PENDING_RETRY reason=OWNER_R_EXIT_GENERAL_10M_DEADLINE attempt=224 sendOk=false stillOpen=true
CS	0	07:27:50.585	XAUUSD_AI_Sniper_EA_v6.25.24_REPLAY_ROOT_CONSOLIDATED_FIX (XAUUSD,M10)	2026.06.19 14:51:55   LOSS_CLOSE_BLOCKED #212 ctx=OWNER_R_EXIT_GENERAL_10M_DEADLINE pnl=$-302.72 closeLots=0.00 | Negative trades may close only by broker SL, manual close, or emergency margin/account protection.
CS	0	07:27:50.585	XAUUSD_AI_Sniper_EA_v6.25.24_REPLAY_ROOT_CONSOLIDATED_FIX (XAUUSD,M10)	2026.06.19 14:51:55   R_EXIT_MANAGER ticket=212 action=CLOSE_PENDING_RETRY reason=OWNER_R_EXIT_GENERAL_10M_DEADLINE attempt=225 sendOk=false stillOpen=true
CS	0	07:27:50.591	XAUUSD_AI_Sniper_EA_v6.25.24_REPLAY_ROOT_CONSOLIDATED_FIX (XAUUSD,M10)	2026.06.19 14:51:58   LOSS_CLOSE_BLOCKED #212 ctx=OWNER_R_EXIT_GENERAL_10M_DEADLINE pnl=$-293.76 closeLots=0.00 | Negative trades may close only by broker SL, manual close, or emergency margin/account protection.
CS	0	07:27:50.591	XAUUSD_AI_Sniper_EA_v6.25.24_REPLAY_ROOT_CONSOLIDATED_FIX (XAUUSD,M10)	2026.06.19 14:51:58   R_EXIT_MANAGER ticket=212 action=CLOSE_PENDING_RETRY reason=OWNER_R_EXIT_GENERAL_10M_DEADLINE attempt=226 sendOk=false stillOpen=true
CS	0	07:27:50.595	XAUUSD_AI_Sniper_EA_v6.25.24_REPLAY_ROOT_CONSOLIDATED_FIX (XAUUSD,M10)	2026.06.19 14:52:01   LOSS_CLOSE_BLOCKED #212 ctx=OWNER_R_EXIT_GENERAL_10M_DEADLINE pnl=$-294.40 closeLots=0.00 | Negative trades may close only by broker SL, manual close, or emergency margin/account protection.
CS	0	07:27:50.595	XAUUSD_AI_Sniper_EA_v6.25.24_REPLAY_ROOT_CONSOLIDATED_FIX (XAUUSD,M10)	2026.06.19 14:52:01   R_EXIT_MANAGER ticket=212 action=CLOSE_PENDING_RETRY reason=OWNER_R_EXIT_GENERAL_10M_DEADLINE attempt=227 sendOk=false stillOpen=true
CS	0	07:27:50.599	XAUUSD_AI_Sniper_EA_v6.25.24_REPLAY_ROOT_CONSOLIDATED_FIX (XAUUSD,M10)	2026.06.19 14:52:04   LOSS_CLOSE_BLOCKED #212 ctx=OWNER_R_EXIT_GENERAL_10M_DEADLINE pnl=$-293.76 closeLots=0.00 | Negative trades may close only by broker SL, manual close, or emergency margin/account protection.
CS	0	07:27:50.599	XAUUSD_AI_Sniper_EA_v6.25.24_REPLAY_ROOT_CONSOLIDATED_FIX (XAUUSD,M10)	2026.06.19 14:52:04   R_EXIT_MANAGER ticket=212 action=CLOSE_PENDING_RETRY reason=OWNER_R_EXIT_GENERAL_10M_DEADLINE attempt=228 sendOk=false stillOpen=true
CS	0	07:27:50.603	XAUUSD_AI_Sniper_EA_v6.25.24_REPLAY_ROOT_CONSOLIDATED_FIX (XAUUSD,M10)	2026.06.19 14:52:07   LOSS_CLOSE_BLOCKED #212 ctx=OWNER_R_EXIT_GENERAL_10M_DEADLINE pnl=$-257.28 closeLots=0.00 | Negative trades may close only by broker SL, manual close, or emergency margin/account protection.
CS	0	07:27:50.603	XAUUSD_AI_Sniper_EA_v6.25.24_REPLAY_ROOT_CONSOLIDATED_FIX (XAUUSD,M10)	2026.06.19 14:52:07   R_EXIT_MANAGER ticket=212 action=CLOSE_PENDING_RETRY reason=OWNER_R_EXIT_GENERAL_10M_DEADLINE attempt=229 sendOk=false stillOpen=true
CS	0	07:27:50.608	XAUUSD_AI_Sniper_EA_v6.25.24_REPLAY_ROOT_CONSOLIDATED_FIX (XAUUSD,M10)	2026.06.19 14:52:10   LOSS_CLOSE_BLOCKED #212 ctx=OWNER_R_EXIT_GENERAL_10M_DEADLINE pnl=$-280.96 closeLots=0.00 | Negative trades may close only by broker SL, manual close, or emergency margin/account protection.
CS	0	07:27:50.608	XAUUSD_AI_Sniper_EA_v6.25.24_REPLAY_ROOT_CONSOLIDATED_FIX (XAUUSD,M10)	2026.06.19 14:52:10   R_EXIT_MANAGER ticket=212 action=CLOSE_PENDING_RETRY reason=OWNER_R_EXIT_GENERAL_10M_DEADLINE attempt=230 sendOk=false stillOpen=true
CS	0	07:27:50.612	XAUUSD_AI_Sniper_EA_v6.25.24_REPLAY_ROOT_CONSOLIDATED_FIX (XAUUSD,M10)	2026.06.19 14:52:13   LOSS_CLOSE_BLOCKED #212 ctx=OWNER_R_EXIT_GENERAL_10M_DEADLINE pnl=$-298.88 closeLots=0.00 | Negative trades may close only by broker SL, manual close, or emergency margin/account protection.
CS	0	07:27:50.612	XAUUSD_AI_Sniper_EA_v6.25.24_REPLAY_ROOT_CONSOLIDATED_FIX (XAUUSD,M10)	2026.06.19 14:52:13   R_EXIT_MANAGER ticket=212 action=CLOSE_PENDING_RETRY reason=OWNER_R_EXIT_GENERAL_10M_DEADLINE attempt=231 sendOk=false stillOpen=true
CS	0	07:27:50.616	XAUUSD_AI_Sniper_EA_v6.25.24_REPLAY_ROOT_CONSOLIDATED_FIX (XAUUSD,M10)	2026.06.19 14:52:16   LOSS_CLOSE_BLOCKED #212 ctx=OWNER_R_EXIT_GENERAL_10M_DEADLINE pnl=$-298.24 closeLots=0.00 | Negative trades may close only by broker SL, manual close, or emergency margin/account protection.
CS	0	07:27:50.616	XAUUSD_AI_Sniper_EA_v6.25.24_REPLAY_ROOT_CONSOLIDATED_FIX (XAUUSD,M10)	2026.06.19 14:52:16   R_EXIT_MANAGER ticket=212 action=CLOSE_PENDING_RETRY reason=OWNER_R_EXIT_GENERAL_10M_DEADLINE attempt=232 sendOk=false stillOpen=true
CS	0	07:27:50.619	XAUUSD_AI_Sniper_EA_v6.25.24_REPLAY_ROOT_CONSOLIDATED_FIX (XAUUSD,M10)	2026.06.19 14:52:19   LOSS_CLOSE_BLOCKED #212 ctx=OWNER_R_EXIT_GENERAL_10M_DEADLINE pnl=$-310.40 closeLots=0.00 | Negative trades may close only by broker SL, manual close, or emergency margin/account protection.
CS	0	07:27:50.619	XAUUSD_AI_Sniper_EA_v6.25.24_REPLAY_ROOT_CONSOLIDATED_FIX (XAUUSD,M10)	2026.06.19 14:52:19   R_EXIT_MANAGER ticket=212 action=CLOSE_PENDING_RETRY reason=OWNER_R_EXIT_GENERAL_10M_DEADLINE attempt=233 sendOk=false stillOpen=true
CS	0	07:27:50.623	XAUUSD_AI_Sniper_EA_v6.25.24_REPLAY_ROOT_CONSOLIDATED_FIX (XAUUSD,M10)	2026.06.19 14:52:22   LOSS_CLOSE_BLOCKED #212 ctx=OWNER_R_EXIT_GENERAL_10M_DEADLINE pnl=$-308.48 closeLots=0.00 | Negative trades may close only by broker SL, manual close, or emergency margin/account protection.
CS	0	07:27:50.623	XAUUSD_AI_Sniper_EA_v6.25.24_REPLAY_ROOT_CONSOLIDATED_FIX (XAUUSD,M10)	2026.06.19 14:52:22   R_EXIT_MANAGER ticket=212 action=CLOSE_PENDING_RETRY reason=OWNER_R_EXIT_GENERAL_10M_DEADLINE attempt=234 sendOk=false stillOpen=true
CS	0	07:27:50.628	XAUUSD_AI_Sniper_EA_v6.25.24_REPLAY_ROOT_CONSOLIDATED_FIX (XAUUSD,M10)	2026.06.19 14:52:25   LOSS_CLOSE_BLOCKED #212 ctx=OWNER_R_EXIT_GENERAL_10M_DEADLINE pnl=$-305.28 closeLots=0.00 | Negative trades may close only by broker SL, manual close, or emergency margin/account protection.
CS	0	07:27:50.628	XAUUSD_AI_Sniper_EA_v6.25.24_REPLAY_ROOT_CONSOLIDATED_FIX (XAUUSD,M10)	2026.06.19 14:52:25   R_EXIT_MANAGER ticket=212 action=CLOSE_PENDING_RETRY reason=OWNER_R_EXIT_GENERAL_10M_DEADLINE attempt=235 sendOk=false stillOpen=true
CS	0	07:27:50.634	XAUUSD_AI_Sniper_EA_v6.25.24_REPLAY_ROOT_CONSOLIDATED_FIX (XAUUSD,M10)	2026.06.19 14:52:28   LOSS_CLOSE_BLOCKED #212 ctx=OWNER_R_EXIT_GENERAL_10M_DEADLINE pnl=$-301.44 closeLots=0.00 | Negative trades may close only by broker SL, manual close, or emergency margin/account protection.
CS	0	07:27:50.634	XAUUSD_AI_Sniper_EA_v6.25.24_REPLAY_ROOT_CONSOLIDATED_FIX (XAUUSD,M10)	2026.06.19 14:52:28   R_EXIT_MANAGER ticket=212 action=CLOSE_PENDING_RETRY reason=OWNER_R_EXIT_GENERAL_10M_DEADLINE attempt=236 sendOk=false stillOpen=true
CS	0	07:27:50.640	XAUUSD_AI_Sniper_EA_v6.25.24_REPLAY_ROOT_CONSOLIDATED_FIX (XAUUSD,M10)	2026.06.19 14:52:31   LOSS_CLOSE_BLOCKED #212 ctx=OWNER_R_EXIT_GENERAL_10M_DEADLINE pnl=$-290.56 closeLots=0.00 | Negative trades may close only by broker SL, manual close, or emergency margin/account protection.
CS	0	07:27:50.640	XAUUSD_AI_Sniper_EA_v6.25.24_REPLAY_ROOT_CONSOLIDATED_FIX (XAUUSD,M10)	2026.06.19 14:52:31   R_EXIT_MANAGER ticket=212 action=CLOSE_PENDING_RETRY reason=OWNER_R_EXIT_GENERAL_10M_DEADLINE attempt=237 sendOk=false stillOpen=true
CS	0	07:27:50.645	XAUUSD_AI_Sniper_EA_v6.25.24_REPLAY_ROOT_CONSOLIDATED_FIX (XAUUSD,M10)	2026.06.19 14:52:34   LOSS_CLOSE_BLOCKED #212 ctx=OWNER_R_EXIT_GENERAL_10M_DEADLINE pnl=$-281.60 closeLots=0.00 | Negative trades may close only by broker SL, manual close, or emergency margin/account protection.
CS	0	07:27:50.645	XAUUSD_AI_Sniper_EA_v6.25.24_REPLAY_ROOT_CONSOLIDATED_FIX (XAUUSD,M10)	2026.06.19 14:52:34   R_EXIT_MANAGER ticket=212 action=CLOSE_PENDING_RETRY reason=OWNER_R_EXIT_GENERAL_10M_DEADLINE attempt=238 sendOk=false stillOpen=true
CS	0	07:27:50.649	XAUUSD_AI_Sniper_EA_v6.25.24_REPLAY_ROOT_CONSOLIDATED_FIX (XAUUSD,M10)	2026.06.19 14:52:37   LOSS_CLOSE_BLOCKED #212 ctx=OWNER_R_EXIT_GENERAL_10M_DEADLINE pnl=$-301.44 closeLots=0.00 | Negative trades may close only by broker SL, manual close, or emergency margin/account protection.
CS	0	07:27:50.649	XAUUSD_AI_Sniper_EA_v6.25.24_REPLAY_ROOT_CONSOLIDATED_FIX (XAUUSD,M10)	2026.06.19 14:52:37   R_EXIT_MANAGER ticket=212 action=CLOSE_PENDING_RETRY reason=OWNER_R_EXIT_GENERAL_10M_DEADLINE attempt=239 sendOk=false stillOpen=true
CS	0	07:27:50.654	XAUUSD_AI_Sniper_EA_v6.25.24_REPLAY_ROOT_CONSOLIDATED_FIX (XAUUSD,M10)	2026.06.19 14:52:41   LOSS_CLOSE_BLOCKED #212 ctx=OWNER_R_EXIT_GENERAL_10M_DEADLINE pnl=$-380.80 closeLots=0.00 | Negative trades may close only by broker SL, manual close, or emergency margin/account protection.
CS	0	07:27:50.654	XAUUSD_AI_Sniper_EA_v6.25.24_REPLAY_ROOT_CONSOLIDATED_FIX (XAUUSD,M10)	2026.06.19 14:52:41   R_EXIT_MANAGER ticket=212 action=CLOSE_PENDING_RETRY reason=OWNER_R_EXIT_GENERAL_10M_DEADLINE attempt=240 sendOk=false stillOpen=true
CS	0	07:27:50.658	XAUUSD_AI_Sniper_EA_v6.25.24_REPLAY_ROOT_CONSOLIDATED_FIX (XAUUSD,M10)	2026.06.19 14:52:44   LOSS_CLOSE_BLOCKED #212 ctx=OWNER_R_EXIT_GENERAL_10M_DEADLINE pnl=$-385.92 closeLots=0.00 | Negative trades may close only by broker SL, manual close, or emergency margin/account protection.
CS	0	07:27:50.658	XAUUSD_AI_Sniper_EA_v6.25.24_REPLAY_ROOT_CONSOLIDATED_FIX (XAUUSD,M10)	2026.06.19 14:52:44   R_EXIT_MANAGER ticket=212 action=CLOSE_PENDING_RETRY reason=OWNER_R_EXIT_GENERAL_10M_DEADLINE attempt=241 sendOk=false stillOpen=true
CS	0	07:27:50.661	XAUUSD_AI_Sniper_EA_v6.25.24_REPLAY_ROOT_CONSOLIDATED_FIX (XAUUSD,M10)	2026.06.19 14:52:47   LOSS_CLOSE_BLOCKED #212 ctx=OWNER_R_EXIT_GENERAL_10M_DEADLINE pnl=$-379.52 closeLots=0.00 | Negative trades may close only by broker SL, manual close, or emergency margin/account protection.
CS	0	07:27:50.661	XAUUSD_AI_Sniper_EA_v6.25.24_REPLAY_ROOT_CONSOLIDATED_FIX (XAUUSD,M10)	2026.06.19 14:52:47   R_EXIT_MANAGER ticket=212 action=CLOSE_PENDING_RETRY reason=OWNER_R_EXIT_GENERAL_10M_DEADLINE attempt=242 sendOk=false stillOpen=true
CS	0	07:27:50.664	XAUUSD_AI_Sniper_EA_v6.25.24_REPLAY_ROOT_CONSOLIDATED_FIX (XAUUSD,M10)	2026.06.19 14:52:50   LOSS_CLOSE_BLOCKED #212 ctx=OWNER_R_EXIT_GENERAL_10M_DEADLINE pnl=$-378.88 closeLots=0.00 | Negative trades may close only by broker SL, manual close, or emergency margin/account protection.
CS	0	07:27:50.664	XAUUSD_AI_Sniper_EA_v6.25.24_REPLAY_ROOT_CONSOLIDATED_FIX (XAUUSD,M10)	2026.06.19 14:52:50   R_EXIT_MANAGER ticket=212 action=CLOSE_PENDING_RETRY reason=OWNER_R_EXIT_GENERAL_10M_DEADLINE attempt=243 sendOk=false stillOpen=true
CS	0	07:27:50.667	XAUUSD_AI_Sniper_EA_v6.25.24_REPLAY_ROOT_CONSOLIDATED_FIX (XAUUSD,M10)	2026.06.19 14:52:53   LOSS_CLOSE_BLOCKED #212 ctx=OWNER_R_EXIT_GENERAL_10M_DEADLINE pnl=$-362.88 closeLots=0.00 | Negative trades may close only by broker SL, manual close, or emergency margin/account protection.
CS	0	07:27:50.667	XAUUSD_AI_Sniper_EA_v6.25.24_REPLAY_ROOT_CONSOLIDATED_FIX (XAUUSD,M10)	2026.06.19 14:52:53   R_EXIT_MANAGER ticket=212 action=CLOSE_PENDING_RETRY reason=OWNER_R_EXIT_GENERAL_10M_DEADLINE attempt=244 sendOk=false stillOpen=true
CS	0	07:27:50.671	XAUUSD_AI_Sniper_EA_v6.25.24_REPLAY_ROOT_CONSOLIDATED_FIX (XAUUSD,M10)	2026.06.19 14:52:56   LOSS_CLOSE_BLOCKED #212 ctx=OWNER_R_EXIT_GENERAL_10M_DEADLINE pnl=$-353.28 closeLots=0.00 | Negative trades may close only by broker SL, manual close, or emergency margin/account protection.
CS	0	07:27:50.671	XAUUSD_AI_Sniper_EA_v6.25.24_REPLAY_ROOT_CONSOLIDATED_FIX (XAUUSD,M10)	2026.06.19 14:52:56   R_EXIT_MANAGER ticket=212 action=CLOSE_PENDING_RETRY reason=OWNER_R_EXIT_GENERAL_10M_DEADLINE attempt=245 sendOk=false stillOpen=true
CS	0	07:27:50.675	XAUUSD_AI_Sniper_EA_v6.25.24_REPLAY_ROOT_CONSOLIDATED_FIX (XAUUSD,M10)	2026.06.19 14:52:59   LOSS_CLOSE_BLOCKED #212 ctx=OWNER_R_EXIT_GENERAL_10M_DEADLINE pnl=$-346.24 closeLots=0.00 | Negative trades may close only by broker SL, manual close, or emergency margin/account protection.
CS	0	07:27:50.675	XAUUSD_AI_Sniper_EA_v6.25.24_REPLAY_ROOT_CONSOLIDATED_FIX (XAUUSD,M10)	2026.06.19 14:52:59   R_EXIT_MANAGER ticket=212 action=CLOSE_PENDING_RETRY reason=OWNER_R_EXIT_GENERAL_10M_DEADLINE attempt=246 sendOk=false stillOpen=true
CS	0	07:27:50.680	XAUUSD_AI_Sniper_EA_v6.25.24_REPLAY_ROOT_CONSOLIDATED_FIX (XAUUSD,M10)	2026.06.19 14:53:02   LOSS_CLOSE_BLOCKED #212 ctx=OWNER_R_EXIT_GENERAL_10M_DEADLINE pnl=$-334.72 closeLots=0.00 | Negative trades may close only by broker SL, manual close, or emergency margin/account protection.
CS	0	07:27:50.680	XAUUSD_AI_Sniper_EA_v6.25.24_REPLAY_ROOT_CONSOLIDATED_FIX (XAUUSD,M10)	2026.06.19 14:53:02   R_EXIT_MANAGER ticket=212 action=CLOSE_PENDING_RETRY reason=OWNER_R_EXIT_GENERAL_10M_DEADLINE attempt=247 sendOk=false stillOpen=true
CS	0	07:27:50.685	XAUUSD_AI_Sniper_EA_v6.25.24_REPLAY_ROOT_CONSOLIDATED_FIX (XAUUSD,M10)	2026.06.19 14:53:05   LOSS_CLOSE_BLOCKED #212 ctx=OWNER_R_EXIT_GENERAL_10M_DEADLINE pnl=$-300.80 closeLots=0.00 | Negative trades may close only by broker SL, manual close, or emergency margin/account protection.
CS	0	07:27:50.685	XAUUSD_AI_Sniper_EA_v6.25.24_REPLAY_ROOT_CONSOLIDATED_FIX (XAUUSD,M10)	2026.06.19 14:53:05   R_EXIT_MANAGER ticket=212 action=CLOSE_PENDING_RETRY reason=OWNER_R_EXIT_GENERAL_10M_DEADLINE attempt=248 sendOk=false stillOpen=true
CS	0	07:27:50.689	XAUUSD_AI_Sniper_EA_v6.25.24_REPLAY_ROOT_CONSOLIDATED_FIX (XAUUSD,M10)	2026.06.19 14:53:08   LOSS_CLOSE_BLOCKED #212 ctx=OWNER_R_EXIT_GENERAL_10M_DEADLINE pnl=$-294.40 closeLots=0.00 | Negative trades may close only by broker SL, manual close, or emergency margin/account protection.
CS	0	07:27:50.689	XAUUSD_AI_Sniper_EA_v6.25.24_REPLAY_ROOT_CONSOLIDATED_FIX (XAUUSD,M10)	2026.06.19 14:53:08   R_EXIT_MANAGER ticket=212 action=CLOSE_PENDING_RETRY reason=OWNER_R_EXIT_GENERAL_10M_DEADLINE attempt=249 sendOk=false stillOpen=true
CS	0	07:27:50.696	XAUUSD_AI_Sniper_EA_v6.25.24_REPLAY_ROOT_CONSOLIDATED_FIX (XAUUSD,M10)	2026.06.19 14:53:11   LOSS_CLOSE_BLOCKED #212 ctx=OWNER_R_EXIT_GENERAL_10M_DEADLINE pnl=$-273.92 closeLots=0.00 | Negative trades may close only by broker SL, manual close, or emergency margin/account protection.
CS	0	07:27:50.696	XAUUSD_AI_Sniper_EA_v6.25.24_REPLAY_ROOT_CONSOLIDATED_FIX (XAUUSD,M10)	2026.06.19 14:53:11   R_EXIT_MANAGER ticket=212 action=CLOSE_PENDING_RETRY reason=OWNER_R_EXIT_GENERAL_10M_DEADLINE attempt=250 sendOk=false stillOpen=true
CS	0	07:27:50.701	XAUUSD_AI_Sniper_EA_v6.25.24_REPLAY_ROOT_CONSOLIDATED_FIX (XAUUSD,M10)	2026.06.19 14:53:14   LOSS_CLOSE_BLOCKED #212 ctx=OWNER_R_EXIT_GENERAL_10M_DEADLINE pnl=$-278.40 closeLots=0.00 | Negative trades may close only by broker SL, manual close, or emergency margin/account protection.
CS	0	07:27:50.701	XAUUSD_AI_Sniper_EA_v6.25.24_REPLAY_ROOT_CONSOLIDATED_FIX (XAUUSD,M10)	2026.06.19 14:53:14   R_EXIT_MANAGER ticket=212 action=CLOSE_PENDING_RETRY reason=OWNER_R_EXIT_GENERAL_10M_DEADLINE attempt=251 sendOk=false stillOpen=true
CS	0	07:27:50.706	XAUUSD_AI_Sniper_EA_v6.25.24_REPLAY_ROOT_CONSOLIDATED_FIX (XAUUSD,M10)	2026.06.19 14:53:17   LOSS_CLOSE_BLOCKED #212 ctx=OWNER_R_EXIT_GENERAL_10M_DEADLINE pnl=$-264.32 closeLots=0.00 | Negative trades may close only by broker SL, manual close, or emergency margin/account protection.
CS	0	07:27:50.706	XAUUSD_AI_Sniper_EA_v6.25.24_REPLAY_ROOT_CONSOLIDATED_FIX (XAUUSD,M10)	2026.06.19 14:53:17   R_EXIT_MANAGER ticket=212 action=CLOSE_PENDING_RETRY reason=OWNER_R_EXIT_GENERAL_10M_DEADLINE attempt=252 sendOk=false stillOpen=true
CS	0	07:27:50.711	XAUUSD_AI_Sniper_EA_v6.25.24_REPLAY_ROOT_CONSOLIDATED_FIX (XAUUSD,M10)	2026.06.19 14:53:20   LOSS_CLOSE_BLOCKED #212 ctx=OWNER_R_EXIT_GENERAL_10M_DEADLINE pnl=$-287.36 closeLots=0.00 | Negative trades may close only by broker SL, manual close, or emergency margin/account protection.
CS	0	07:27:50.711	XAUUSD_AI_Sniper_EA_v6.25.24_REPLAY_ROOT_CONSOLIDATED_FIX (XAUUSD,M10)	2026.06.19 14:53:20   R_EXIT_MANAGER ticket=212 action=CLOSE_PENDING_RETRY reason=OWNER_R_EXIT_GENERAL_10M_DEADLINE attempt=253 sendOk=false stillOpen=true
CS	0	07:27:50.716	XAUUSD_AI_Sniper_EA_v6.25.24_REPLAY_ROOT_CONSOLIDATED_FIX (XAUUSD,M10)	2026.06.19 14:53:23   LOSS_CLOSE_BLOCKED #212 ctx=OWNER_R_EXIT_GENERAL_10M_DEADLINE pnl=$-286.72 closeLots=0.00 | Negative trades may close only by broker SL, manual close, or emergency margin/account protection.
CS	0	07:27:50.716	XAUUSD_AI_Sniper_EA_v6.25.24_REPLAY_ROOT_CONSOLIDATED_FIX (XAUUSD,M10)	2026.06.19 14:53:23   R_EXIT_MANAGER ticket=212 action=CLOSE_PENDING_RETRY reason=OWNER_R_EXIT_GENERAL_10M_DEADLINE attempt=254 sendOk=false stillOpen=true
CS	0	07:27:50.720	XAUUSD_AI_Sniper_EA_v6.25.24_REPLAY_ROOT_CONSOLIDATED_FIX (XAUUSD,M10)	2026.06.19 14:53:26   LOSS_CLOSE_BLOCKED #212 ctx=OWNER_R_EXIT_GENERAL_10M_DEADLINE pnl=$-285.44 closeLots=0.00 | Negative trades may close only by broker SL, manual close, or emergency margin/account protection.
CS	0	07:27:50.720	XAUUSD_AI_Sniper_EA_v6.25.24_REPLAY_ROOT_CONSOLIDATED_FIX (XAUUSD,M10)	2026.06.19 14:53:26   R_EXIT_MANAGER ticket=212 action=CLOSE_PENDING_RETRY reason=OWNER_R_EXIT_GENERAL_10M_DEADLINE attempt=255 sendOk=false stillOpen=true
CS	0	07:27:50.724	XAUUSD_AI_Sniper_EA_v6.25.24_REPLAY_ROOT_CONSOLIDATED_FIX (XAUUSD,M10)	2026.06.19 14:53:29   LOSS_CLOSE_BLOCKED #212 ctx=OWNER_R_EXIT_GENERAL_10M_DEADLINE pnl=$-287.36 closeLots=0.00 | Negative trades may close only by broker SL, manual close, or emergency margin/account protection.
CS	0	07:27:50.724	XAUUSD_AI_Sniper_EA_v6.25.24_REPLAY_ROOT_CONSOLIDATED_FIX (XAUUSD,M10)	2026.06.19 14:53:29   R_EXIT_MANAGER ticket=212 action=CLOSE_PENDING_RETRY reason=OWNER_R_EXIT_GENERAL_10M_DEADLINE attempt=256 sendOk=false stillOpen=true
CS	0	07:27:50.729	XAUUSD_AI_Sniper_EA_v6.25.24_REPLAY_ROOT_CONSOLIDATED_FIX (XAUUSD,M10)	2026.06.19 14:53:32   LOSS_CLOSE_BLOCKED #212 ctx=OWNER_R_EXIT_GENERAL_10M_DEADLINE pnl=$-285.44 closeLots=0.00 | Negative trades may close only by broker SL, manual close, or emergency margin/account protection.
CS	0	07:27:50.729	XAUUSD_AI_Sniper_EA_v6.25.24_REPLAY_ROOT_CONSOLIDATED_FIX (XAUUSD,M10)	2026.06.19 14:53:32   R_EXIT_MANAGER ticket=212 action=CLOSE_PENDING_RETRY reason=OWNER_R_EXIT_GENERAL_10M_DEADLINE attempt=257 sendOk=false stillOpen=true
CS	0	07:27:50.733	XAUUSD_AI_Sniper_EA_v6.25.24_REPLAY_ROOT_CONSOLIDATED_FIX (XAUUSD,M10)	2026.06.19 14:53:35   LOSS_CLOSE_BLOCKED #212 ctx=OWNER_R_EXIT_GENERAL_10M_DEADLINE pnl=$-286.72 closeLots=0.00 | Negative trades may close only by broker SL, manual close, or emergency margin/account protection.
CS	0	07:27:50.733	XAUUSD_AI_Sniper_EA_v6.25.24_REPLAY_ROOT_CONSOLIDATED_FIX (XAUUSD,M10)	2026.06.19 14:53:35   R_EXIT_MANAGER ticket=212 action=CLOSE_PENDING_RETRY reason=OWNER_R_EXIT_GENERAL_10M_DEADLINE attempt=258 sendOk=false stillOpen=true
CS	0	07:27:50.740	XAUUSD_AI_Sniper_EA_v6.25.24_REPLAY_ROOT_CONSOLIDATED_FIX (XAUUSD,M10)	2026.06.19 14:53:38   LOSS_CLOSE_BLOCKED #212 ctx=OWNER_R_EXIT_GENERAL_10M_DEADLINE pnl=$-266.24 closeLots=0.00 | Negative trades may close only by broker SL, manual close, or emergency margin/account protection.
CS	0	07:27:50.740	XAUUSD_AI_Sniper_EA_v6.25.24_REPLAY_ROOT_CONSOLIDATED_FIX (XAUUSD,M10)	2026.06.19 14:53:38   R_EXIT_MANAGER ticket=212 action=CLOSE_PENDING_RETRY reason=OWNER_R_EXIT_GENERAL_10M_DEADLINE attempt=259 sendOk=false stillOpen=true
CS	0	07:27:50.745	XAUUSD_AI_Sniper_EA_v6.25.24_REPLAY_ROOT_CONSOLIDATED_FIX (XAUUSD,M10)	2026.06.19 14:53:41   LOSS_CLOSE_BLOCKED #212 ctx=OWNER_R_EXIT_GENERAL_10M_DEADLINE pnl=$-274.56 closeLots=0.00 | Negative trades may close only by broker SL, manual close, or emergency margin/account protection.
CS	0	07:27:50.745	XAUUSD_AI_Sniper_EA_v6.25.24_REPLAY_ROOT_CONSOLIDATED_FIX (XAUUSD,M10)	2026.06.19 14:53:41   R_EXIT_MANAGER ticket=212 action=CLOSE_PENDING_RETRY reason=OWNER_R_EXIT_GENERAL_10M_DEADLINE attempt=260 sendOk=false stillOpen=true
CS	0	07:27:50.749	XAUUSD_AI_Sniper_EA_v6.25.24_REPLAY_ROOT_CONSOLIDATED_FIX (XAUUSD,M10)	2026.06.19 14:53:44   LOSS_CLOSE_BLOCKED #212 ctx=OWNER_R_EXIT_GENERAL_10M_DEADLINE pnl=$-255.36 closeLots=0.00 | Negative trades may close only by broker SL, manual close, or emergency margin/account protection.
CS	0	07:27:50.749	XAUUSD_AI_Sniper_EA_v6.25.24_REPLAY_ROOT_CONSOLIDATED_FIX (XAUUSD,M10)	2026.06.19 14:53:44   R_EXIT_MANAGER ticket=212 action=CLOSE_PENDING_RETRY reason=OWNER_R_EXIT_GENERAL_10M_DEADLINE attempt=261 sendOk=false stillOpen=true
CS	0	07:27:50.753	XAUUSD_AI_Sniper_EA_v6.25.24_REPLAY_ROOT_CONSOLIDATED_FIX (XAUUSD,M10)	2026.06.19 14:53:47   LOSS_CLOSE_BLOCKED #212 ctx=OWNER_R_EXIT_GENERAL_10M_DEADLINE pnl=$-261.76 closeLots=0.00 | Negative trades may close only by broker SL, manual close, or emergency margin/account protection.
CS	0	07:27:50.753	XAUUSD_AI_Sniper_EA_v6.25.24_REPLAY_ROOT_CONSOLIDATED_FIX (XAUUSD,M10)	2026.06.19 14:53:47   R_EXIT_MANAGER ticket=212 action=CLOSE_PENDING_RETRY reason=OWNER_R_EXIT_GENERAL_10M_DEADLINE attempt=262 sendOk=false stillOpen=true
CS	0	07:27:50.757	XAUUSD_AI_Sniper_EA_v6.25.24_REPLAY_ROOT_CONSOLIDATED_FIX (XAUUSD,M10)	2026.06.19 14:53:50   LOSS_CLOSE_BLOCKED #212 ctx=OWNER_R_EXIT_GENERAL_10M_DEADLINE pnl=$-272.64 closeLots=0.00 | Negative trades may close only by broker SL, manual close, or emergency margin/account protection.
CS	0	07:27:50.757	XAUUSD_AI_Sniper_EA_v6.25.24_REPLAY_ROOT_CONSOLIDATED_FIX (XAUUSD,M10)	2026.06.19 14:53:50   R_EXIT_MANAGER ticket=212 action=CLOSE_PENDING_RETRY reason=OWNER_R_EXIT_GENERAL_10M_DEADLINE attempt=263 sendOk=false stillOpen=true
CS	0	07:27:50.762	XAUUSD_AI_Sniper_EA_v6.25.24_REPLAY_ROOT_CONSOLIDATED_FIX (XAUUSD,M10)	2026.06.19 14:53:53   LOSS_CLOSE_BLOCKED #212 ctx=OWNER_R_EXIT_GENERAL_10M_DEADLINE pnl=$-279.04 closeLots=0.00 | Negative trades may close only by broker SL, manual close, or emergency margin/account protection.
CS	0	07:27:50.762	XAUUSD_AI_Sniper_EA_v6.25.24_REPLAY_ROOT_CONSOLIDATED_FIX (XAUUSD,M10)	2026.06.19 14:53:53   R_EXIT_MANAGER ticket=212 action=CLOSE_PENDING_RETRY reason=OWNER_R_EXIT_GENERAL_10M_DEADLINE attempt=264 sendOk=false stillOpen=true
CS	0	07:27:50.766	XAUUSD_AI_Sniper_EA_v6.25.24_REPLAY_ROOT_CONSOLIDATED_FIX (XAUUSD,M10)	2026.06.19 14:53:56   LOSS_CLOSE_BLOCKED #212 ctx=OWNER_R_EXIT_GENERAL_10M_DEADLINE pnl=$-303.36 closeLots=0.00 | Negative trades may close only by broker SL, manual close, or emergency margin/account protection.
CS	0	07:27:50.766	XAUUSD_AI_Sniper_EA_v6.25.24_REPLAY_ROOT_CONSOLIDATED_FIX (XAUUSD,M10)	2026.06.19 14:53:56   R_EXIT_MANAGER ticket=212 action=CLOSE_PENDING_RETRY reason=OWNER_R_EXIT_GENERAL_10M_DEADLINE attempt=265 sendOk=false stillOpen=true
CS	0	07:27:50.769	XAUUSD_AI_Sniper_EA_v6.25.24_REPLAY_ROOT_CONSOLIDATED_FIX (XAUUSD,M10)	2026.06.19 14:53:59   LOSS_CLOSE_BLOCKED #212 ctx=OWNER_R_EXIT_GENERAL_10M_DEADLINE pnl=$-291.20 closeLots=0.00 | Negative trades may close only by broker SL, manual close, or emergency margin/account protection.
CS	0	07:27:50.769	XAUUSD_AI_Sniper_EA_v6.25.24_REPLAY_ROOT_CONSOLIDATED_FIX (XAUUSD,M10)	2026.06.19 14:53:59   R_EXIT_MANAGER ticket=212 action=CLOSE_PENDING_RETRY reason=OWNER_R_EXIT_GENERAL_10M_DEADLINE attempt=266 sendOk=false stillOpen=true
CS	0	07:27:50.774	XAUUSD_AI_Sniper_EA_v6.25.24_REPLAY_ROOT_CONSOLIDATED_FIX (XAUUSD,M10)	2026.06.19 14:54:02   LOSS_CLOSE_BLOCKED #212 ctx=OWNER_R_EXIT_GENERAL_10M_DEADLINE pnl=$-277.76 closeLots=0.00 | Negative trades may close only by broker SL, manual close, or emergency margin/account protection.
CS	0	07:27:50.774	XAUUSD_AI_Sniper_EA_v6.25.24_REPLAY_ROOT_CONSOLIDATED_FIX (XAUUSD,M10)	2026.06.19 14:54:02   R_EXIT_MANAGER ticket=212 action=CLOSE_PENDING_RETRY reason=OWNER_R_EXIT_GENERAL_10M_DEADLINE attempt=267 sendOk=false stillOpen=true
CS	0	07:27:50.781	XAUUSD_AI_Sniper_EA_v6.25.24_REPLAY_ROOT_CONSOLIDATED_FIX (XAUUSD,M10)	2026.06.19 14:54:05   LOSS_CLOSE_BLOCKED #212 ctx=OWNER_R_EXIT_GENERAL_10M_DEADLINE pnl=$-282.24 closeLots=0.00 | Negative trades may close only by broker SL, manual close, or emergency margin/account protection.
CS	0	07:27:50.781	XAUUSD_AI_Sniper_EA_v6.25.24_REPLAY_ROOT_CONSOLIDATED_FIX (XAUUSD,M10)	2026.06.19 14:54:05   R_EXIT_MANAGER ticket=212 action=CLOSE_PENDING_RETRY reason=OWNER_R_EXIT_GENERAL_10M_DEADLINE attempt=268 sendOk=false stillOpen=true
CS	0	07:27:50.786	XAUUSD_AI_Sniper_EA_v6.25.24_REPLAY_ROOT_CONSOLIDATED_FIX (XAUUSD,M10)	2026.06.19 14:54:08   LOSS_CLOSE_BLOCKED #212 ctx=OWNER_R_EXIT_GENERAL_10M_DEADLINE pnl=$-305.92 closeLots=0.00 | Negative trades may close only by broker SL, manual close, or emergency margin/account protection.
CS	0	07:27:50.786	XAUUSD_AI_Sniper_EA_v6.25.24_REPLAY_ROOT_CONSOLIDATED_FIX (XAUUSD,M10)	2026.06.19 14:54:08   R_EXIT_MANAGER ticket=212 action=CLOSE_PENDING_RETRY reason=OWNER_R_EXIT_GENERAL_10M_DEADLINE attempt=269 sendOk=false stillOpen=true
CS	0	07:27:50.790	XAUUSD_AI_Sniper_EA_v6.25.24_REPLAY_ROOT_CONSOLIDATED_FIX (XAUUSD,M10)	2026.06.19 14:54:11   LOSS_CLOSE_BLOCKED #212 ctx=OWNER_R_EXIT_GENERAL_10M_DEADLINE pnl=$-302.08 closeLots=0.00 | Negative trades may close only by broker SL, manual close, or emergency margin/account protection.
CS	0	07:27:50.790	XAUUSD_AI_Sniper_EA_v6.25.24_REPLAY_ROOT_CONSOLIDATED_FIX (XAUUSD,M10)	2026.06.19 14:54:11   R_EXIT_MANAGER ticket=212 action=CLOSE_PENDING_RETRY reason=OWNER_R_EXIT_GENERAL_10M_DEADLINE attempt=270 sendOk=false stillOpen=true
CS	0	07:27:50.795	XAUUSD_AI_Sniper_EA_v6.25.24_REPLAY_ROOT_CONSOLIDATED_FIX (XAUUSD,M10)	2026.06.19 14:54:14   LOSS_CLOSE_BLOCKED #212 ctx=OWNER_R_EXIT_GENERAL_10M_DEADLINE pnl=$-298.24 closeLots=0.00 | Negative trades may close only by broker SL, manual close, or emergency margin/account protection.
CS	0	07:27:50.795	XAUUSD_AI_Sniper_EA_v6.25.24_REPLAY_ROOT_CONSOLIDATED_FIX (XAUUSD,M10)	2026.06.19 14:54:14   R_EXIT_MANAGER ticket=212 action=CLOSE_PENDING_RETRY reason=OWNER_R_EXIT_GENERAL_10M_DEADLINE attempt=271 sendOk=false stillOpen=true
CS	0	07:27:50.799	XAUUSD_AI_Sniper_EA_v6.25.24_REPLAY_ROOT_CONSOLIDATED_FIX (XAUUSD,M10)	2026.06.19 14:54:17   LOSS_CLOSE_BLOCKED #212 ctx=OWNER_R_EXIT_GENERAL_10M_DEADLINE pnl=$-296.32 closeLots=0.00 | Negative trades may close only by broker SL, manual close, or emergency margin/account protection.
CS	0	07:27:50.799	XAUUSD_AI_Sniper_EA_v6.25.24_REPLAY_ROOT_CONSOLIDATED_FIX (XAUUSD,M10)	2026.06.19 14:54:17   R_EXIT_MANAGER ticket=212 action=CLOSE_PENDING_RETRY reason=OWNER_R_EXIT_GENERAL_10M_DEADLINE attempt=272 sendOk=false stillOpen=true
CS	0	07:27:50.802	XAUUSD_AI_Sniper_EA_v6.25.24_REPLAY_ROOT_CONSOLIDATED_FIX (XAUUSD,M10)	2026.06.19 14:54:20   LOSS_CLOSE_BLOCKED #212 ctx=OWNER_R_EXIT_GENERAL_10M_DEADLINE pnl=$-285.44 closeLots=0.00 | Negative trades may close only by broker SL, manual close, or emergency margin/account protection.
CS	0	07:27:50.802	XAUUSD_AI_Sniper_EA_v6.25.24_REPLAY_ROOT_CONSOLIDATED_FIX (XAUUSD,M10)	2026.06.19 14:54:20   R_EXIT_MANAGER ticket=212 action=CLOSE_PENDING_RETRY reason=OWNER_R_EXIT_GENERAL_10M_DEADLINE attempt=273 sendOk=false stillOpen=true
CS	0	07:27:50.806	XAUUSD_AI_Sniper_EA_v6.25.24_REPLAY_ROOT_CONSOLIDATED_FIX (XAUUSD,M10)	2026.06.19 14:54:23   LOSS_CLOSE_BLOCKED #212 ctx=OWNER_R_EXIT_GENERAL_10M_DEADLINE pnl=$-280.96 closeLots=0.00 | Negative trades may close only by broker SL, manual close, or emergency margin/account protection.
CS	0	07:27:50.806	XAUUSD_AI_Sniper_EA_v6.25.24_REPLAY_ROOT_CONSOLIDATED_FIX (XAUUSD,M10)	2026.06.19 14:54:23   R_EXIT_MANAGER ticket=212 action=CLOSE_PENDING_RETRY reason=OWNER_R_EXIT_GENERAL_10M_DEADLINE attempt=274 sendOk=false stillOpen=true
CS	0	07:27:50.811	XAUUSD_AI_Sniper_EA_v6.25.24_REPLAY_ROOT_CONSOLIDATED_FIX (XAUUSD,M10)	2026.06.19 14:54:26   LOSS_CLOSE_BLOCKED #212 ctx=OWNER_R_EXIT_GENERAL_10M_DEADLINE pnl=$-286.08 closeLots=0.00 | Negative trades may close only by broker SL, manual close, or emergency margin/account protection.
CS	0	07:27:50.811	XAUUSD_AI_Sniper_EA_v6.25.24_REPLAY_ROOT_CONSOLIDATED_FIX (XAUUSD,M10)	2026.06.19 14:54:26   R_EXIT_MANAGER ticket=212 action=CLOSE_PENDING_RETRY reason=OWNER_R_EXIT_GENERAL_10M_DEADLINE attempt=275 sendOk=false stillOpen=true
CS	0	07:27:50.815	XAUUSD_AI_Sniper_EA_v6.25.24_REPLAY_ROOT_CONSOLIDATED_FIX (XAUUSD,M10)	2026.06.19 14:54:30   LOSS_CLOSE_BLOCKED #212 ctx=OWNER_R_EXIT_GENERAL_10M_DEADLINE pnl=$-279.04 closeLots=0.00 | Negative trades may close only by broker SL, manual close, or emergency margin/account protection.
CS	0	07:27:50.815	XAUUSD_AI_Sniper_EA_v6.25.24_REPLAY_ROOT_CONSOLIDATED_FIX (XAUUSD,M10)	2026.06.19 14:54:30   R_EXIT_MANAGER ticket=212 action=CLOSE_PENDING_RETRY reason=OWNER_R_EXIT_GENERAL_10M_DEADLINE attempt=276 sendOk=false stillOpen=true
CS	0	07:27:50.821	XAUUSD_AI_Sniper_EA_v6.25.24_REPLAY_ROOT_CONSOLIDATED_FIX (XAUUSD,M10)	2026.06.19 14:54:33   LOSS_CLOSE_BLOCKED #212 ctx=OWNER_R_EXIT_GENERAL_10M_DEADLINE pnl=$-282.24 closeLots=0.00 | Negative trades may close only by broker SL, manual close, or emergency margin/account protection.
CS	0	07:27:50.821	XAUUSD_AI_Sniper_EA_v6.25.24_REPLAY_ROOT_CONSOLIDATED_FIX (XAUUSD,M10)	2026.06.19 14:54:33   R_EXIT_MANAGER ticket=212 action=CLOSE_PENDING_RETRY reason=OWNER_R_EXIT_GENERAL_10M_DEADLINE attempt=277 sendOk=false stillOpen=true
CS	0	07:27:50.824	XAUUSD_AI_Sniper_EA_v6.25.24_REPLAY_ROOT_CONSOLIDATED_FIX (XAUUSD,M10)	2026.06.19 14:54:36   LOSS_CLOSE_BLOCKED #212 ctx=OWNER_R_EXIT_GENERAL_10M_DEADLINE pnl=$-289.92 closeLots=0.00 | Negative trades may close only by broker SL, manual close, or emergency margin/account protection.
CS	0	07:27:50.824	XAUUSD_AI_Sniper_EA_v6.25.24_REPLAY_ROOT_CONSOLIDATED_FIX (XAUUSD,M10)	2026.06.19 14:54:36   R_EXIT_MANAGER ticket=212 action=CLOSE_PENDING_RETRY reason=OWNER_R_EXIT_GENERAL_10M_DEADLINE attempt=278 sendOk=false stillOpen=true
CS	0	07:27:50.830	XAUUSD_AI_Sniper_EA_v6.25.24_REPLAY_ROOT_CONSOLIDATED_FIX (XAUUSD,M10)	2026.06.19 14:54:39   LOSS_CLOSE_BLOCKED #212 ctx=OWNER_R_EXIT_GENERAL_10M_DEADLINE pnl=$-233.60 closeLots=0.00 | Negative trades may close only by broker SL, manual close, or emergency margin/account protection.
CS	0	07:27:50.830	XAUUSD_AI_Sniper_EA_v6.25.24_REPLAY_ROOT_CONSOLIDATED_FIX (XAUUSD,M10)	2026.06.19 14:54:39   R_EXIT_MANAGER ticket=212 action=CLOSE_PENDING_RETRY reason=OWNER_R_EXIT_GENERAL_10M_DEADLINE attempt=279 sendOk=false stillOpen=true
CS	0	07:27:50.835	XAUUSD_AI_Sniper_EA_v6.25.24_REPLAY_ROOT_CONSOLIDATED_FIX (XAUUSD,M10)	2026.06.19 14:54:42   LOSS_CLOSE_BLOCKED #212 ctx=OWNER_R_EXIT_GENERAL_10M_DEADLINE pnl=$-250.88 closeLots=0.00 | Negative trades may close only by broker SL, manual close, or emergency margin/account protection.
CS	0	07:27:50.835	XAUUSD_AI_Sniper_EA_v6.25.24_REPLAY_ROOT_CONSOLIDATED_FIX (XAUUSD,M10)	2026.06.19 14:54:42   R_EXIT_MANAGER ticket=212 action=CLOSE_PENDING_RETRY reason=OWNER_R_EXIT_GENERAL_10M_DEADLINE attempt=280 sendOk=false stillOpen=true
CS	0	07:27:50.839	XAUUSD_AI_Sniper_EA_v6.25.24_REPLAY_ROOT_CONSOLIDATED_FIX (XAUUSD,M10)	2026.06.19 14:54:45   LOSS_CLOSE_BLOCKED #212 ctx=OWNER_R_EXIT_GENERAL_10M_DEADLINE pnl=$-240.00 closeLots=0.00 | Negative trades may close only by broker SL, manual close, or emergency margin/account protection.
CS	0	07:27:50.839	XAUUSD_AI_Sniper_EA_v6.25.24_REPLAY_ROOT_CONSOLIDATED_FIX (XAUUSD,M10)	2026.06.19 14:54:45   R_EXIT_MANAGER ticket=212 action=CLOSE_PENDING_RETRY reason=OWNER_R_EXIT_GENERAL_10M_DEADLINE attempt=281 sendOk=false stillOpen=true
CS	0	07:27:50.845	XAUUSD_AI_Sniper_EA_v6.25.24_REPLAY_ROOT_CONSOLIDATED_FIX (XAUUSD,M10)	2026.06.19 14:54:48   LOSS_CLOSE_BLOCKED #212 ctx=OWNER_R_EXIT_GENERAL_10M_DEADLINE pnl=$-259.20 closeLots=0.00 | Negative trades may close only by broker SL, manual close, or emergency margin/account protection.
CS	0	07:27:50.845	XAUUSD_AI_Sniper_EA_v6.25.24_REPLAY_ROOT_CONSOLIDATED_FIX (XAUUSD,M10)	2026.06.19 14:54:48   R_EXIT_MANAGER ticket=212 action=CLOSE_PENDING_RETRY reason=OWNER_R_EXIT_GENERAL_10M_DEADLINE attempt=282 sendOk=false stillOpen=true
CS	0	07:27:50.851	XAUUSD_AI_Sniper_EA_v6.25.24_REPLAY_ROOT_CONSOLIDATED_FIX (XAUUSD,M10)	2026.06.19 14:54:51   LOSS_CLOSE_BLOCKED #212 ctx=OWNER_R_EXIT_GENERAL_10M_DEADLINE pnl=$-247.68 closeLots=0.00 | Negative trades may close only by broker SL, manual close, or emergency margin/account protection.
CS	0	07:27:50.851	XAUUSD_AI_Sniper_EA_v6.25.24_REPLAY_ROOT_CONSOLIDATED_FIX (XAUUSD,M10)	2026.06.19 14:54:51   R_EXIT_MANAGER ticket=212 action=CLOSE_PENDING_RETRY reason=OWNER_R_EXIT_GENERAL_10M_DEADLINE attempt=283 sendOk=false stillOpen=true
CS	0	07:27:50.856	XAUUSD_AI_Sniper_EA_v6.25.24_REPLAY_ROOT_CONSOLIDATED_FIX (XAUUSD,M10)	2026.06.19 14:54:54   LOSS_CLOSE_BLOCKED #212 ctx=OWNER_R_EXIT_GENERAL_10M_DEADLINE pnl=$-244.48 closeLots=0.00 | Negative trades may close only by broker SL, manual close, or emergency margin/account protection.
CS	0	07:27:50.856	XAUUSD_AI_Sniper_EA_v6.25.24_REPLAY_ROOT_CONSOLIDATED_FIX (XAUUSD,M10)	2026.06.19 14:54:54   R_EXIT_MANAGER ticket=212 action=CLOSE_PENDING_RETRY reason=OWNER_R_EXIT_GENERAL_10M_DEADLINE attempt=284 sendOk=false stillOpen=true
CS	0	07:27:50.862	XAUUSD_AI_Sniper_EA_v6.25.24_REPLAY_ROOT_CONSOLIDATED_FIX (XAUUSD,M10)	2026.06.19 14:54:57   LOSS_CLOSE_BLOCKED #212 ctx=OWNER_R_EXIT_GENERAL_10M_DEADLINE pnl=$-245.12 closeLots=0.00 | Negative trades may close only by broker SL, manual close, or emergency margin/account protection.
CS	0	07:27:50.862	XAUUSD_AI_Sniper_EA_v6.25.24_REPLAY_ROOT_CONSOLIDATED_FIX (XAUUSD,M10)	2026.06.19 14:54:57   R_EXIT_MANAGER ticket=212 action=CLOSE_PENDING_RETRY reason=OWNER_R_EXIT_GENERAL_10M_DEADLINE attempt=285 sendOk=false stillOpen=true
CS	0	07:27:50.866	XAUUSD_AI_Sniper_EA_v6.25.24_REPLAY_ROOT_CONSOLIDATED_FIX (XAUUSD,M10)	2026.06.19 14:55:00   LOSS_CLOSE_BLOCKED #212 ctx=OWNER_R_EXIT_GENERAL_10M_DEADLINE pnl=$-215.68 closeLots=0.00 | Negative trades may close only by broker SL, manual close, or emergency margin/account protection.
CS	0	07:27:50.866	XAUUSD_AI_Sniper_EA_v6.25.24_REPLAY_ROOT_CONSOLIDATED_FIX (XAUUSD,M10)	2026.06.19 14:55:00   R_EXIT_MANAGER ticket=212 action=CLOSE_PENDING_RETRY reason=OWNER_R_EXIT_GENERAL_10M_DEADLINE attempt=286 sendOk=false stillOpen=true
CS	0	07:27:50.872	XAUUSD_AI_Sniper_EA_v6.25.24_REPLAY_ROOT_CONSOLIDATED_FIX (XAUUSD,M10)	2026.06.19 14:55:03   LOSS_CLOSE_BLOCKED #212 ctx=OWNER_R_EXIT_GENERAL_10M_DEADLINE pnl=$-199.68 closeLots=0.00 | Negative trades may close only by broker SL, manual close, or emergency margin/account protection.
CS	0	07:27:50.872	XAUUSD_AI_Sniper_EA_v6.25.24_REPLAY_ROOT_CONSOLIDATED_FIX (XAUUSD,M10)	2026.06.19 14:55:03   R_EXIT_MANAGER ticket=212 action=CLOSE_PENDING_RETRY reason=OWNER_R_EXIT_GENERAL_10M_DEADLINE attempt=287 sendOk=false stillOpen=true
CS	0	07:27:50.877	XAUUSD_AI_Sniper_EA_v6.25.24_REPLAY_ROOT_CONSOLIDATED_FIX (XAUUSD,M10)	2026.06.19 14:55:06   LOSS_CLOSE_BLOCKED #212 ctx=OWNER_R_EXIT_GENERAL_10M_DEADLINE pnl=$-172.16 closeLots=0.00 | Negative trades may close only by broker SL, manual close, or emergency margin/account protection.
CS	0	07:27:50.877	XAUUSD_AI_Sniper_EA_v6.25.24_REPLAY_ROOT_CONSOLIDATED_FIX (XAUUSD,M10)	2026.06.19 14:55:06   R_EXIT_MANAGER ticket=212 action=CLOSE_PENDING_RETRY reason=OWNER_R_EXIT_GENERAL_10M_DEADLINE attempt=288 sendOk=false stillOpen=true
CS	0	07:27:50.883	XAUUSD_AI_Sniper_EA_v6.25.24_REPLAY_ROOT_CONSOLIDATED_FIX (XAUUSD,M10)	2026.06.19 14:55:09   LOSS_CLOSE_BLOCKED #212 ctx=OWNER_R_EXIT_GENERAL_10M_DEADLINE pnl=$-152.32 closeLots=0.00 | Negative trades may close only by broker SL, manual close, or emergency margin/account protection.
CS	0	07:27:50.883	XAUUSD_AI_Sniper_EA_v6.25.24_REPLAY_ROOT_CONSOLIDATED_FIX (XAUUSD,M10)	2026.06.19 14:55:09   R_EXIT_MANAGER ticket=212 action=CLOSE_PENDING_RETRY reason=OWNER_R_EXIT_GENERAL_10M_DEADLINE attempt=289 sendOk=false stillOpen=true
CS	0	07:27:50.888	XAUUSD_AI_Sniper_EA_v6.25.24_REPLAY_ROOT_CONSOLIDATED_FIX (XAUUSD,M10)	2026.06.19 14:55:12   LOSS_CLOSE_BLOCKED #212 ctx=OWNER_R_EXIT_GENERAL_10M_DEADLINE pnl=$-171.52 closeLots=0.00 | Negative trades may close only by broker SL, manual close, or emergency margin/account protection.
CS	0	07:27:50.888	XAUUSD_AI_Sniper_EA_v6.25.24_REPLAY_ROOT_CONSOLIDATED_FIX (XAUUSD,M10)	2026.06.19 14:55:12   R_EXIT_MANAGER ticket=212 action=CLOSE_PENDING_RETRY reason=OWNER_R_EXIT_GENERAL_10M_DEADLINE attempt=290 sendOk=false stillOpen=true
CS	0	07:27:50.893	XAUUSD_AI_Sniper_EA_v6.25.24_REPLAY_ROOT_CONSOLIDATED_FIX (XAUUSD,M10)	2026.06.19 14:55:15   LOSS_CLOSE_BLOCKED #212 ctx=OWNER_R_EXIT_GENERAL_10M_DEADLINE pnl=$-149.76 closeLots=0.00 | Negative trades may close only by broker SL, manual close, or emergency margin/account protection.
CS	0	07:27:50.893	XAUUSD_AI_Sniper_EA_v6.25.24_REPLAY_ROOT_CONSOLIDATED_FIX (XAUUSD,M10)	2026.06.19 14:55:15   R_EXIT_MANAGER ticket=212 action=CLOSE_PENDING_RETRY reason=OWNER_R_EXIT_GENERAL_10M_DEADLINE attempt=291 sendOk=false stillOpen=true
CS	0	07:27:50.898	XAUUSD_AI_Sniper_EA_v6.25.24_REPLAY_ROOT_CONSOLIDATED_FIX (XAUUSD,M10)	2026.06.19 14:55:18   LOSS_CLOSE_BLOCKED #212 ctx=OWNER_R_EXIT_GENERAL_10M_DEADLINE pnl=$-147.20 closeLots=0.00 | Negative trades may close only by broker SL, manual close, or emergency margin/account protection.
CS	0	07:27:50.898	XAUUSD_AI_Sniper_EA_v6.25.24_REPLAY_ROOT_CONSOLIDATED_FIX (XAUUSD,M10)	2026.06.19 14:55:18   R_EXIT_MANAGER ticket=212 action=CLOSE_PENDING_RETRY reason=OWNER_R_EXIT_GENERAL_10M_DEADLINE attempt=292 sendOk=false stillOpen=true
CS	0	07:27:50.903	XAUUSD_AI_Sniper_EA_v6.25.24_REPLAY_ROOT_CONSOLIDATED_FIX (XAUUSD,M10)	2026.06.19 14:55:21   LOSS_CLOSE_BLOCKED #212 ctx=OWNER_R_EXIT_GENERAL_10M_DEADLINE pnl=$-168.96 closeLots=0.00 | Negative trades may close only by broker SL, manual close, or emergency margin/account protection.
CS	0	07:27:50.903	XAUUSD_AI_Sniper_EA_v6.25.24_REPLAY_ROOT_CONSOLIDATED_FIX (XAUUSD,M10)	2026.06.19 14:55:21   R_EXIT_MANAGER ticket=212 action=CLOSE_PENDING_RETRY reason=OWNER_R_EXIT_GENERAL_10M_DEADLINE attempt=293 sendOk=false stillOpen=true
CS	0	07:27:50.910	XAUUSD_AI_Sniper_EA_v6.25.24_REPLAY_ROOT_CONSOLIDATED_FIX (XAUUSD,M10)	2026.06.19 14:55:24   LOSS_CLOSE_BLOCKED #212 ctx=OWNER_R_EXIT_GENERAL_10M_DEADLINE pnl=$-159.36 closeLots=0.00 | Negative trades may close only by broker SL, manual close, or emergency margin/account protection.
CS	0	07:27:50.910	XAUUSD_AI_Sniper_EA_v6.25.24_REPLAY_ROOT_CONSOLIDATED_FIX (XAUUSD,M10)	2026.06.19 14:55:24   R_EXIT_MANAGER ticket=212 action=CLOSE_PENDING_RETRY reason=OWNER_R_EXIT_GENERAL_10M_DEADLINE attempt=294 sendOk=false stillOpen=true
CS	0	07:27:50.914	XAUUSD_AI_Sniper_EA_v6.25.24_REPLAY_ROOT_CONSOLIDATED_FIX (XAUUSD,M10)	2026.06.19 14:55:27   LOSS_CLOSE_BLOCKED #212 ctx=OWNER_R_EXIT_GENERAL_10M_DEADLINE pnl=$-158.72 closeLots=0.00 | Negative trades may close only by broker SL, manual close, or emergency margin/account protection.
CS	0	07:27:50.914	XAUUSD_AI_Sniper_EA_v6.25.24_REPLAY_ROOT_CONSOLIDATED_FIX (XAUUSD,M10)	2026.06.19 14:55:27   R_EXIT_MANAGER ticket=212 action=CLOSE_PENDING_RETRY reason=OWNER_R_EXIT_GENERAL_10M_DEADLINE attempt=295 sendOk=false stillOpen=true
CS	0	07:27:50.917	XAUUSD_AI_Sniper_EA_v6.25.24_REPLAY_ROOT_CONSOLIDATED_FIX (XAUUSD,M10)	2026.06.19 14:55:30   LOSS_CLOSE_BLOCKED #212 ctx=OWNER_R_EXIT_GENERAL_10M_DEADLINE pnl=$-168.32 closeLots=0.00 | Negative trades may close only by broker SL, manual close, or emergency margin/account protection.
CS	0	07:27:50.917	XAUUSD_AI_Sniper_EA_v6.25.24_REPLAY_ROOT_CONSOLIDATED_FIX (XAUUSD,M10)	2026.06.19 14:55:30   R_EXIT_MANAGER ticket=212 action=CLOSE_PENDING_RETRY reason=OWNER_R_EXIT_GENERAL_10M_DEADLINE attempt=296 sendOk=false stillOpen=true
CS	0	07:27:50.922	XAUUSD_AI_Sniper_EA_v6.25.24_REPLAY_ROOT_CONSOLIDATED_FIX (XAUUSD,M10)	2026.06.19 14:55:33   LOSS_CLOSE_BLOCKED #212 ctx=OWNER_R_EXIT_GENERAL_10M_DEADLINE pnl=$-164.48 closeLots=0.00 | Negative trades may close only by broker SL, manual close, or emergency margin/account protection.
CS	0	07:27:50.922	XAUUSD_AI_Sniper_EA_v6.25.24_REPLAY_ROOT_CONSOLIDATED_FIX (XAUUSD,M10)	2026.06.19 14:55:33   R_EXIT_MANAGER ticket=212 action=CLOSE_PENDING_RETRY reason=OWNER_R_EXIT_GENERAL_10M_DEADLINE attempt=297 sendOk=false stillOpen=true
CS	0	07:27:50.926	XAUUSD_AI_Sniper_EA_v6.25.24_REPLAY_ROOT_CONSOLIDATED_FIX (XAUUSD,M10)	2026.06.19 14:55:36   LOSS_CLOSE_BLOCKED #212 ctx=OWNER_R_EXIT_GENERAL_10M_DEADLINE pnl=$-168.96 closeLots=0.00 | Negative trades may close only by broker SL, manual close, or emergency margin/account protection.
CS	0	07:27:50.926	XAUUSD_AI_Sniper_EA_v6.25.24_REPLAY_ROOT_CONSOLIDATED_FIX (XAUUSD,M10)	2026.06.19 14:55:36   R_EXIT_MANAGER ticket=212 action=CLOSE_PENDING_RETRY reason=OWNER_R_EXIT_GENERAL_10M_DEADLINE attempt=298 sendOk=false stillOpen=true
CS	0	07:27:50.930	XAUUSD_AI_Sniper_EA_v6.25.24_REPLAY_ROOT_CONSOLIDATED_FIX (XAUUSD,M10)	2026.06.19 14:55:39   LOSS_CLOSE_BLOCKED #212 ctx=OWNER_R_EXIT_GENERAL_10M_DEADLINE pnl=$-167.04 closeLots=0.00 | Negative trades may close only by broker SL, manual close, or emergency margin/account protection.
CS	0	07:27:50.930	XAUUSD_AI_Sniper_EA_v6.25.24_REPLAY_ROOT_CONSOLIDATED_FIX (XAUUSD,M10)	2026.06.19 14:55:39   R_EXIT_MANAGER ticket=212 action=CLOSE_PENDING_RETRY reason=OWNER_R_EXIT_GENERAL_10M_DEADLINE attempt=299 sendOk=false stillOpen=true
CS	0	07:27:50.935	XAUUSD_AI_Sniper_EA_v6.25.24_REPLAY_ROOT_CONSOLIDATED_FIX (XAUUSD,M10)	2026.06.19 14:55:42   LOSS_CLOSE_BLOCKED #212 ctx=OWNER_R_EXIT_GENERAL_10M_DEADLINE pnl=$-196.48 closeLots=0.00 | Negative trades may close only by broker SL, manual close, or emergency margin/account protection.
CS	0	07:27:50.935	XAUUSD_AI_Sniper_EA_v6.25.24_REPLAY_ROOT_CONSOLIDATED_FIX (XAUUSD,M10)	2026.06.19 14:55:42   R_EXIT_MANAGER ticket=212 action=CLOSE_PENDING_RETRY reason=OWNER_R_EXIT_GENERAL_10M_DEADLINE attempt=300 sendOk=false stillOpen=true
CS	0	07:27:50.939	XAUUSD_AI_Sniper_EA_v6.25.24_REPLAY_ROOT_CONSOLIDATED_FIX (XAUUSD,M10)	2026.06.19 14:55:45   LOSS_CLOSE_BLOCKED #212 ctx=OWNER_R_EXIT_GENERAL_10M_DEADLINE pnl=$-232.96 closeLots=0.00 | Negative trades may close only by broker SL, manual close, or emergency margin/account protection.
CS	0	07:27:50.939	XAUUSD_AI_Sniper_EA_v6.25.24_REPLAY_ROOT_CONSOLIDATED_FIX (XAUUSD,M10)	2026.06.19 14:55:45   R_EXIT_MANAGER ticket=212 action=CLOSE_PENDING_RETRY reason=OWNER_R_EXIT_GENERAL_10M_DEADLINE attempt=301 sendOk=false stillOpen=true
CS	0	07:27:50.944	XAUUSD_AI_Sniper_EA_v6.25.24_REPLAY_ROOT_CONSOLIDATED_FIX (XAUUSD,M10)	2026.06.19 14:55:48   LOSS_CLOSE_BLOCKED #212 ctx=OWNER_R_EXIT_GENERAL_10M_DEADLINE pnl=$-234.24 closeLots=0.00 | Negative trades may close only by broker SL, manual close, or emergency margin/account protection.
CS	0	07:27:50.944	XAUUSD_AI_Sniper_EA_v6.25.24_REPLAY_ROOT_CONSOLIDATED_FIX (XAUUSD,M10)	2026.06.19 14:55:48   R_EXIT_MANAGER ticket=212 action=CLOSE_PENDING_RETRY reason=OWNER_R_EXIT_GENERAL_10M_DEADLINE attempt=302 sendOk=false stillOpen=true
CS	0	07:27:50.948	XAUUSD_AI_Sniper_EA_v6.25.24_REPLAY_ROOT_CONSOLIDATED_FIX (XAUUSD,M10)	2026.06.19 14:55:51   LOSS_CLOSE_BLOCKED #212 ctx=OWNER_R_EXIT_GENERAL_10M_DEADLINE pnl=$-240.64 closeLots=0.00 | Negative trades may close only by broker SL, manual close, or emergency margin/account protection.
CS	0	07:27:50.948	XAUUSD_AI_Sniper_EA_v6.25.24_REPLAY_ROOT_CONSOLIDATED_FIX (XAUUSD,M10)	2026.06.19 14:55:51   R_EXIT_MANAGER ticket=212 action=CLOSE_PENDING_RETRY reason=OWNER_R_EXIT_GENERAL_10M_DEADLINE attempt=303 sendOk=false stillOpen=true
CS	0	07:27:50.952	XAUUSD_AI_Sniper_EA_v6.25.24_REPLAY_ROOT_CONSOLIDATED_FIX (XAUUSD,M10)	2026.06.19 14:55:54   LOSS_CLOSE_BLOCKED #212 ctx=OWNER_R_EXIT_GENERAL_10M_DEADLINE pnl=$-243.20 closeLots=0.00 | Negative trades may close only by broker SL, manual close, or emergency margin/account protection.
CS	0	07:27:50.952	XAUUSD_AI_Sniper_EA_v6.25.24_REPLAY_ROOT_CONSOLIDATED_FIX (XAUUSD,M10)	2026.06.19 14:55:54   R_EXIT_MANAGER ticket=212 action=CLOSE_PENDING_RETRY reason=OWNER_R_EXIT_GENERAL_10M_DEADLINE attempt=304 sendOk=false stillOpen=true
CS	0	07:27:50.955	XAUUSD_AI_Sniper_EA_v6.25.24_REPLAY_ROOT_CONSOLIDATED_FIX (XAUUSD,M10)	2026.06.19 14:55:57   LOSS_CLOSE_BLOCKED #212 ctx=OWNER_R_EXIT_GENERAL_10M_DEADLINE pnl=$-245.76 closeLots=0.00 | Negative trades may close only by broker SL, manual close, or emergency margin/account protection.
CS	0	07:27:50.955	XAUUSD_AI_Sniper_EA_v6.25.24_REPLAY_ROOT_CONSOLIDATED_FIX (XAUUSD,M10)	2026.06.19 14:55:57   R_EXIT_MANAGER ticket=212 action=CLOSE_PENDING_RETRY reason=OWNER_R_EXIT_GENERAL_10M_DEADLINE attempt=305 sendOk=false stillOpen=true
CS	0	07:27:50.959	XAUUSD_AI_Sniper_EA_v6.25.24_REPLAY_ROOT_CONSOLIDATED_FIX (XAUUSD,M10)	2026.06.19 14:56:00   LOSS_CLOSE_BLOCKED #212 ctx=OWNER_R_EXIT_GENERAL_10M_DEADLINE pnl=$-240.64 closeLots=0.00 | Negative trades may close only by broker SL, manual close, or emergency margin/account protection.
CS	0	07:27:50.959	XAUUSD_AI_Sniper_EA_v6.25.24_REPLAY_ROOT_CONSOLIDATED_FIX (XAUUSD,M10)	2026.06.19 14:56:00   R_EXIT_MANAGER ticket=212 action=CLOSE_PENDING_RETRY reason=OWNER_R_EXIT_GENERAL_10M_DEADLINE attempt=306 sendOk=false stillOpen=true
CS	0	07:27:50.964	XAUUSD_AI_Sniper_EA_v6.25.24_REPLAY_ROOT_CONSOLIDATED_FIX (XAUUSD,M10)	2026.06.19 14:56:03   LOSS_CLOSE_BLOCKED #212 ctx=OWNER_R_EXIT_GENERAL_10M_DEADLINE pnl=$-233.60 closeLots=0.00 | Negative trades may close only by broker SL, manual close, or emergency margin/account protection.
CS	0	07:27:50.964	XAUUSD_AI_Sniper_EA_v6.25.24_REPLAY_ROOT_CONSOLIDATED_FIX (XAUUSD,M10)	2026.06.19 14:56:03   R_EXIT_MANAGER ticket=212 action=CLOSE_PENDING_RETRY reason=OWNER_R_EXIT_GENERAL_10M_DEADLINE attempt=307 sendOk=false stillOpen=true
CS	0	07:27:50.969	XAUUSD_AI_Sniper_EA_v6.25.24_REPLAY_ROOT_CONSOLIDATED_FIX (XAUUSD,M10)	2026.06.19 14:56:06   LOSS_CLOSE_BLOCKED #212 ctx=OWNER_R_EXIT_GENERAL_10M_DEADLINE pnl=$-234.24 closeLots=0.00 | Negative trades may close only by broker SL, manual close, or emergency margin/account protection.
CS	0	07:27:50.969	XAUUSD_AI_Sniper_EA_v6.25.24_REPLAY_ROOT_CONSOLIDATED_FIX (XAUUSD,M10)	2026.06.19 14:56:06   R_EXIT_MANAGER ticket=212 action=CLOSE_PENDING_RETRY reason=OWNER_R_EXIT_GENERAL_10M_DEADLINE attempt=308 sendOk=false stillOpen=true
CS	0	07:27:50.976	XAUUSD_AI_Sniper_EA_v6.25.24_REPLAY_ROOT_CONSOLIDATED_FIX (XAUUSD,M10)	2026.06.19 14:56:09   LOSS_CLOSE_BLOCKED #212 ctx=OWNER_R_EXIT_GENERAL_10M_DEADLINE pnl=$-227.20 closeLots=0.00 | Negative trades may close only by broker SL, manual close, or emergency margin/account protection.
CS	0	07:27:50.976	XAUUSD_AI_Sniper_EA_v6.25.24_REPLAY_ROOT_CONSOLIDATED_FIX (XAUUSD,M10)	2026.06.19 14:56:09   R_EXIT_MANAGER ticket=212 action=CLOSE_PENDING_RETRY reason=OWNER_R_EXIT_GENERAL_10M_DEADLINE attempt=309 sendOk=false stillOpen=true
CS	0	07:27:50.980	XAUUSD_AI_Sniper_EA_v6.25.24_REPLAY_ROOT_CONSOLIDATED_FIX (XAUUSD,M10)	2026.06.19 14:56:12   LOSS_CLOSE_BLOCKED #212 ctx=OWNER_R_EXIT_GENERAL_10M_DEADLINE pnl=$-226.56 closeLots=0.00 | Negative trades may close only by broker SL, manual close, or emergency margin/account protection.
CS	0	07:27:50.980	XAUUSD_AI_Sniper_EA_v6.25.24_REPLAY_ROOT_CONSOLIDATED_FIX (XAUUSD,M10)	2026.06.19 14:56:12   R_EXIT_MANAGER ticket=212 action=CLOSE_PENDING_RETRY reason=OWNER_R_EXIT_GENERAL_10M_DEADLINE attempt=310 sendOk=false stillOpen=true
CS	0	07:27:50.984	XAUUSD_AI_Sniper_EA_v6.25.24_REPLAY_ROOT_CONSOLIDATED_FIX (XAUUSD,M10)	2026.06.19 14:56:15   LOSS_CLOSE_BLOCKED #212 ctx=OWNER_R_EXIT_GENERAL_10M_DEADLINE pnl=$-238.72 closeLots=0.00 | Negative trades may close only by broker SL, manual close, or emergency margin/account protection.
CS	0	07:27:50.984	XAUUSD_AI_Sniper_EA_v6.25.24_REPLAY_ROOT_CONSOLIDATED_FIX (XAUUSD,M10)	2026.06.19 14:56:15   R_EXIT_MANAGER ticket=212 action=CLOSE_PENDING_RETRY reason=OWNER_R_EXIT_GENERAL_10M_DEADLINE attempt=311 sendOk=false stillOpen=true
CS	0	07:27:50.988	XAUUSD_AI_Sniper_EA_v6.25.24_REPLAY_ROOT_CONSOLIDATED_FIX (XAUUSD,M10)	2026.06.19 14:56:18   LOSS_CLOSE_BLOCKED #212 ctx=OWNER_R_EXIT_GENERAL_10M_DEADLINE pnl=$-235.52 closeLots=0.00 | Negative trades may close only by broker SL, manual close, or emergency margin/account protection.
CS	0	07:27:50.988	XAUUSD_AI_Sniper_EA_v6.25.24_REPLAY_ROOT_CONSOLIDATED_FIX (XAUUSD,M10)	2026.06.19 14:56:18   R_EXIT_MANAGER ticket=212 action=CLOSE_PENDING_RETRY reason=OWNER_R_EXIT_GENERAL_10M_DEADLINE attempt=312 sendOk=false stillOpen=true
CS	0	07:27:50.992	XAUUSD_AI_Sniper_EA_v6.25.24_REPLAY_ROOT_CONSOLIDATED_FIX (XAUUSD,M10)	2026.06.19 14:56:21   LOSS_CLOSE_BLOCKED #212 ctx=OWNER_R_EXIT_GENERAL_10M_DEADLINE pnl=$-233.60 closeLots=0.00 | Negative trades may close only by broker SL, manual close, or emergency margin/account protection.
CS	0	07:27:50.992	XAUUSD_AI_Sniper_EA_v6.25.24_REPLAY_ROOT_CONSOLIDATED_FIX (XAUUSD,M10)	2026.06.19 14:56:21   R_EXIT_MANAGER ticket=212 action=CLOSE_PENDING_RETRY reason=OWNER_R_EXIT_GENERAL_10M_DEADLINE attempt=313 sendOk=false stillOpen=true
CS	0	07:27:50.995	XAUUSD_AI_Sniper_EA_v6.25.24_REPLAY_ROOT_CONSOLIDATED_FIX (XAUUSD,M10)	2026.06.19 14:56:24   LOSS_CLOSE_BLOCKED #212 ctx=OWNER_R_EXIT_GENERAL_10M_DEADLINE pnl=$-228.48 closeLots=0.00 | Negative trades may close only by broker SL, manual close, or emergency margin/account protection.
CS	0	07:27:50.995	XAUUSD_AI_Sniper_EA_v6.25.24_REPLAY_ROOT_CONSOLIDATED_FIX (XAUUSD,M10)	2026.06.19 14:56:24   R_EXIT_MANAGER ticket=212 action=CLOSE_PENDING_RETRY reason=OWNER_R_EXIT_GENERAL_10M_DEADLINE attempt=314 sendOk=false stillOpen=true
CS	0	07:27:50.999	XAUUSD_AI_Sniper_EA_v6.25.24_REPLAY_ROOT_CONSOLIDATED_FIX (XAUUSD,M10)	2026.06.19 14:56:27   LOSS_CLOSE_BLOCKED #212 ctx=OWNER_R_EXIT_GENERAL_10M_DEADLINE pnl=$-238.72 closeLots=0.00 | Negative trades may close only by broker SL, manual close, or emergency margin/account protection.
CS	0	07:27:50.999	XAUUSD_AI_Sniper_EA_v6.25.24_REPLAY_ROOT_CONSOLIDATED_FIX (XAUUSD,M10)	2026.06.19 14:56:27   R_EXIT_MANAGER ticket=212 action=CLOSE_PENDING_RETRY reason=OWNER_R_EXIT_GENERAL_10M_DEADLINE attempt=315 sendOk=false stillOpen=true
CS	0	07:27:51.002	XAUUSD_AI_Sniper_EA_v6.25.24_REPLAY_ROOT_CONSOLIDATED_FIX (XAUUSD,M10)	2026.06.19 14:56:30   LOSS_CLOSE_BLOCKED #212 ctx=OWNER_R_EXIT_GENERAL_10M_DEADLINE pnl=$-238.72 closeLots=0.00 | Negative trades may close only by broker SL, manual close, or emergency margin/account protection.
CS	0	07:27:51.002	XAUUSD_AI_Sniper_EA_v6.25.24_REPLAY_ROOT_CONSOLIDATED_FIX (XAUUSD,M10)	2026.06.19 14:56:30   R_EXIT_MANAGER ticket=212 action=CLOSE_PENDING_RETRY reason=OWNER_R_EXIT_GENERAL_10M_DEADLINE attempt=316 sendOk=false stillOpen=true
CS	0	07:27:51.006	XAUUSD_AI_Sniper_EA_v6.25.24_REPLAY_ROOT_CONSOLIDATED_FIX (XAUUSD,M10)	2026.06.19 14:56:33   LOSS_CLOSE_BLOCKED #212 ctx=OWNER_R_EXIT_GENERAL_10M_DEADLINE pnl=$-272.00 closeLots=0.00 | Negative trades may close only by broker SL, manual close, or emergency margin/account protection.
CS	0	07:27:51.006	XAUUSD_AI_Sniper_EA_v6.25.24_REPLAY_ROOT_CONSOLIDATED_FIX (XAUUSD,M10)	2026.06.19 14:56:33   R_EXIT_MANAGER ticket=212 action=CLOSE_PENDING_RETRY reason=OWNER_R_EXIT_GENERAL_10M_DEADLINE attempt=317 sendOk=false stillOpen=true
CS	0	07:27:51.009	XAUUSD_AI_Sniper_EA_v6.25.24_REPLAY_ROOT_CONSOLIDATED_FIX (XAUUSD,M10)	2026.06.19 14:56:36   LOSS_CLOSE_BLOCKED #212 ctx=OWNER_R_EXIT_GENERAL_10M_DEADLINE pnl=$-268.16 closeLots=0.00 | Negative trades may close only by broker SL, manual close, or emergency margin/account protection.
CS	0	07:27:51.009	XAUUSD_AI_Sniper_EA_v6.25.24_REPLAY_ROOT_CONSOLIDATED_FIX (XAUUSD,M10)	2026.06.19 14:56:36   R_EXIT_MANAGER ticket=212 action=CLOSE_PENDING_RETRY reason=OWNER_R_EXIT_GENERAL_10M_DEADLINE attempt=318 sendOk=false stillOpen=true
CS	0	07:27:51.014	XAUUSD_AI_Sniper_EA_v6.25.24_REPLAY_ROOT_CONSOLIDATED_FIX (XAUUSD,M10)	2026.06.19 14:56:39   LOSS_CLOSE_BLOCKED #212 ctx=OWNER_R_EXIT_GENERAL_10M_DEADLINE pnl=$-285.44 closeLots=0.00 | Negative trades may close only by broker SL, manual close, or emergency margin/account protection.
CS	0	07:27:51.014	XAUUSD_AI_Sniper_EA_v6.25.24_REPLAY_ROOT_CONSOLIDATED_FIX (XAUUSD,M10)	2026.06.19 14:56:39   R_EXIT_MANAGER ticket=212 action=CLOSE_PENDING_RETRY reason=OWNER_R_EXIT_GENERAL_10M_DEADLINE attempt=319 sendOk=false stillOpen=true
CS	0	07:27:51.019	XAUUSD_AI_Sniper_EA_v6.25.24_REPLAY_ROOT_CONSOLIDATED_FIX (XAUUSD,M10)	2026.06.19 14:56:42   LOSS_CLOSE_BLOCKED #212 ctx=OWNER_R_EXIT_GENERAL_10M_DEADLINE pnl=$-283.52 closeLots=0.00 | Negative trades may close only by broker SL, manual close, or emergency margin/account protection.
CS	0	07:27:51.019	XAUUSD_AI_Sniper_EA_v6.25.24_REPLAY_ROOT_CONSOLIDATED_FIX (XAUUSD,M10)	2026.06.19 14:56:42   R_EXIT_MANAGER ticket=212 action=CLOSE_PENDING_RETRY reason=OWNER_R_EXIT_GENERAL_10M_DEADLINE attempt=320 sendOk=false stillOpen=true
CS	0	07:27:51.026	XAUUSD_AI_Sniper_EA_v6.25.24_REPLAY_ROOT_CONSOLIDATED_FIX (XAUUSD,M10)	2026.06.19 14:56:45   LOSS_CLOSE_BLOCKED #212 ctx=OWNER_R_EXIT_GENERAL_10M_DEADLINE pnl=$-284.16 closeLots=0.00 | Negative trades may close only by broker SL, manual close, or emergency margin/account protection.
CS	0	07:27:51.026	XAUUSD_AI_Sniper_EA_v6.25.24_REPLAY_ROOT_CONSOLIDATED_FIX (XAUUSD,M10)	2026.06.19 14:56:45   R_EXIT_MANAGER ticket=212 action=CLOSE_PENDING_RETRY reason=OWNER_R_EXIT_GENERAL_10M_DEADLINE attempt=321 sendOk=false stillOpen=true
CS	0	07:27:51.030	XAUUSD_AI_Sniper_EA_v6.25.24_REPLAY_ROOT_CONSOLIDATED_FIX (XAUUSD,M10)	2026.06.19 14:56:48   LOSS_CLOSE_BLOCKED #212 ctx=OWNER_R_EXIT_GENERAL_10M_DEADLINE pnl=$-279.04 closeLots=0.00 | Negative trades may close only by broker SL, manual close, or emergency margin/account protection.
CS	0	07:27:51.030	XAUUSD_AI_Sniper_EA_v6.25.24_REPLAY_ROOT_CONSOLIDATED_FIX (XAUUSD,M10)	2026.06.19 14:56:48   R_EXIT_MANAGER ticket=212 action=CLOSE_PENDING_RETRY reason=OWNER_R_EXIT_GENERAL_10M_DEADLINE attempt=322 sendOk=false stillOpen=true
CS	0	07:27:51.035	XAUUSD_AI_Sniper_EA_v6.25.24_REPLAY_ROOT_CONSOLIDATED_FIX (XAUUSD,M10)	2026.06.19 14:56:51   LOSS_CLOSE_BLOCKED #212 ctx=OWNER_R_EXIT_GENERAL_10M_DEADLINE pnl=$-279.04 closeLots=0.00 | Negative trades may close only by broker SL, manual close, or emergency margin/account protection.
CS	0	07:27:51.035	XAUUSD_AI_Sniper_EA_v6.25.24_REPLAY_ROOT_CONSOLIDATED_FIX (XAUUSD,M10)	2026.06.19 14:56:51   R_EXIT_MANAGER ticket=212 action=CLOSE_PENDING_RETRY reason=OWNER_R_EXIT_GENERAL_10M_DEADLINE attempt=323 sendOk=false stillOpen=true
CS	0	07:27:51.040	XAUUSD_AI_Sniper_EA_v6.25.24_REPLAY_ROOT_CONSOLIDATED_FIX (XAUUSD,M10)	2026.06.19 14:56:54   LOSS_CLOSE_BLOCKED #212 ctx=OWNER_R_EXIT_GENERAL_10M_DEADLINE pnl=$-281.60 closeLots=0.00 | Negative trades may close only by broker SL, manual close, or emergency margin/account protection.
CS	0	07:27:51.040	XAUUSD_AI_Sniper_EA_v6.25.24_REPLAY_ROOT_CONSOLIDATED_FIX (XAUUSD,M10)	2026.06.19 14:56:54   R_EXIT_MANAGER ticket=212 action=CLOSE_PENDING_RETRY reason=OWNER_R_EXIT_GENERAL_10M_DEADLINE attempt=324 sendOk=false stillOpen=true
CS	0	07:27:51.045	XAUUSD_AI_Sniper_EA_v6.25.24_REPLAY_ROOT_CONSOLIDATED_FIX (XAUUSD,M10)	2026.06.19 14:56:57   LOSS_CLOSE_BLOCKED #212 ctx=OWNER_R_EXIT_GENERAL_10M_DEADLINE pnl=$-284.80 closeLots=0.00 | Negative trades may close only by broker SL, manual close, or emergency margin/account protection.
CS	0	07:27:51.045	XAUUSD_AI_Sniper_EA_v6.25.24_REPLAY_ROOT_CONSOLIDATED_FIX (XAUUSD,M10)	2026.06.19 14:56:57   R_EXIT_MANAGER ticket=212 action=CLOSE_PENDING_RETRY reason=OWNER_R_EXIT_GENERAL_10M_DEADLINE attempt=325 sendOk=false stillOpen=true
CS	0	07:27:51.050	XAUUSD_AI_Sniper_EA_v6.25.24_REPLAY_ROOT_CONSOLIDATED_FIX (XAUUSD,M10)	2026.06.19 14:57:00   LOSS_CLOSE_BLOCKED #212 ctx=OWNER_R_EXIT_GENERAL_10M_DEADLINE pnl=$-314.88 closeLots=0.00 | Negative trades may close only by broker SL, manual close, or emergency margin/account protection.
CS	0	07:27:51.050	XAUUSD_AI_Sniper_EA_v6.25.24_REPLAY_ROOT_CONSOLIDATED_FIX (XAUUSD,M10)	2026.06.19 14:57:00   R_EXIT_MANAGER ticket=212 action=CLOSE_PENDING_RETRY reason=OWNER_R_EXIT_GENERAL_10M_DEADLINE attempt=326 sendOk=false stillOpen=true
CS	0	07:27:51.054	XAUUSD_AI_Sniper_EA_v6.25.24_REPLAY_ROOT_CONSOLIDATED_FIX (XAUUSD,M10)	2026.06.19 14:57:03   LOSS_CLOSE_BLOCKED #212 ctx=OWNER_R_EXIT_GENERAL_10M_DEADLINE pnl=$-311.68 closeLots=0.00 | Negative trades may close only by broker SL, manual close, or emergency margin/account protection.
CS	0	07:27:51.054	XAUUSD_AI_Sniper_EA_v6.25.24_REPLAY_ROOT_CONSOLIDATED_FIX (XAUUSD,M10)	2026.06.19 14:57:03   R_EXIT_MANAGER ticket=212 action=CLOSE_PENDING_RETRY reason=OWNER_R_EXIT_GENERAL_10M_DEADLINE attempt=327 sendOk=false stillOpen=true
CS	0	07:27:51.058	XAUUSD_AI_Sniper_EA_v6.25.24_REPLAY_ROOT_CONSOLIDATED_FIX (XAUUSD,M10)	2026.06.19 14:57:06   LOSS_CLOSE_BLOCKED #212 ctx=OWNER_R_EXIT_GENERAL_10M_DEADLINE pnl=$-312.96 closeLots=0.00 | Negative trades may close only by broker SL, manual close, or emergency margin/account protection.
CS	0	07:27:51.058	XAUUSD_AI_Sniper_EA_v6.25.24_REPLAY_ROOT_CONSOLIDATED_FIX (XAUUSD,M10)	2026.06.19 14:57:06   R_EXIT_MANAGER ticket=212 action=CLOSE_PENDING_RETRY reason=OWNER_R_EXIT_GENERAL_10M_DEADLINE attempt=328 sendOk=false stillOpen=true
CS	0	07:27:51.063	XAUUSD_AI_Sniper_EA_v6.25.24_REPLAY_ROOT_CONSOLIDATED_FIX (XAUUSD,M10)	2026.06.19 14:57:09   LOSS_CLOSE_BLOCKED #212 ctx=OWNER_R_EXIT_GENERAL_10M_DEADLINE pnl=$-307.20 closeLots=0.00 | Negative trades may close only by broker SL, manual close, or emergency margin/account protection.
CS	0	07:27:51.063	XAUUSD_AI_Sniper_EA_v6.25.24_REPLAY_ROOT_CONSOLIDATED_FIX (XAUUSD,M10)	2026.06.19 14:57:09   R_EXIT_MANAGER ticket=212 action=CLOSE_PENDING_RETRY reason=OWNER_R_EXIT_GENERAL_10M_DEADLINE attempt=329 sendOk=false stillOpen=true
CS	0	07:27:51.068	XAUUSD_AI_Sniper_EA_v6.25.24_REPLAY_ROOT_CONSOLIDATED_FIX (XAUUSD,M10)	2026.06.19 14:57:12   LOSS_CLOSE_BLOCKED #212 ctx=OWNER_R_EXIT_GENERAL_10M_DEADLINE pnl=$-305.28 closeLots=0.00 | Negative trades may close only by broker SL, manual close, or emergency margin/account protection.
CS	0	07:27:51.068	XAUUSD_AI_Sniper_EA_v6.25.24_REPLAY_ROOT_CONSOLIDATED_FIX (XAUUSD,M10)	2026.06.19 14:57:12   R_EXIT_MANAGER ticket=212 action=CLOSE_PENDING_RETRY reason=OWNER_R_EXIT_GENERAL_10M_DEADLINE attempt=330 sendOk=false stillOpen=true
CS	0	07:27:51.074	XAUUSD_AI_Sniper_EA_v6.25.24_REPLAY_ROOT_CONSOLIDATED_FIX (XAUUSD,M10)	2026.06.19 14:57:15   LOSS_CLOSE_BLOCKED #212 ctx=OWNER_R_EXIT_GENERAL_10M_DEADLINE pnl=$-320.00 closeLots=0.00 | Negative trades may close only by broker SL, manual close, or emergency margin/account protection.
CS	0	07:27:51.074	XAUUSD_AI_Sniper_EA_v6.25.24_REPLAY_ROOT_CONSOLIDATED_FIX (XAUUSD,M10)	2026.06.19 14:57:15   R_EXIT_MANAGER ticket=212 action=CLOSE_PENDING_RETRY reason=OWNER_R_EXIT_GENERAL_10M_DEADLINE attempt=331 sendOk=false stillOpen=true
CS	0	07:27:51.080	XAUUSD_AI_Sniper_EA_v6.25.24_REPLAY_ROOT_CONSOLIDATED_FIX (XAUUSD,M10)	2026.06.19 14:57:18   LOSS_CLOSE_BLOCKED #212 ctx=OWNER_R_EXIT_GENERAL_10M_DEADLINE pnl=$-331.52 closeLots=0.00 | Negative trades may close only by broker SL, manual close, or emergency margin/account protection.
CS	0	07:27:51.080	XAUUSD_AI_Sniper_EA_v6.25.24_REPLAY_ROOT_CONSOLIDATED_FIX (XAUUSD,M10)	2026.06.19 14:57:18   R_EXIT_MANAGER ticket=212 action=CLOSE_PENDING_RETRY reason=OWNER_R_EXIT_GENERAL_10M_DEADLINE attempt=332 sendOk=false stillOpen=true
CS	0	07:27:51.085	XAUUSD_AI_Sniper_EA_v6.25.24_REPLAY_ROOT_CONSOLIDATED_FIX (XAUUSD,M10)	2026.06.19 14:57:21   LOSS_CLOSE_BLOCKED #212 ctx=OWNER_R_EXIT_GENERAL_10M_DEADLINE pnl=$-362.24 closeLots=0.00 | Negative trades may close only by broker SL, manual close, or emergency margin/account protection.
CS	0	07:27:51.085	XAUUSD_AI_Sniper_EA_v6.25.24_REPLAY_ROOT_CONSOLIDATED_FIX (XAUUSD,M10)	2026.06.19 14:57:21   R_EXIT_MANAGER ticket=212 action=CLOSE_PENDING_RETRY reason=OWNER_R_EXIT_GENERAL_10M_DEADLINE attempt=333 sendOk=false stillOpen=true
CS	0	07:27:51.089	XAUUSD_AI_Sniper_EA_v6.25.24_REPLAY_ROOT_CONSOLIDATED_FIX (XAUUSD,M10)	2026.06.19 14:57:24   LOSS_CLOSE_BLOCKED #212 ctx=OWNER_R_EXIT_GENERAL_10M_DEADLINE pnl=$-375.04 closeLots=0.00 | Negative trades may close only by broker SL, manual close, or emergency margin/account protection.
CS	0	07:27:51.089	XAUUSD_AI_Sniper_EA_v6.25.24_REPLAY_ROOT_CONSOLIDATED_FIX (XAUUSD,M10)	2026.06.19 14:57:24   R_EXIT_MANAGER ticket=212 action=CLOSE_PENDING_RETRY reason=OWNER_R_EXIT_GENERAL_10M_DEADLINE attempt=334 sendOk=false stillOpen=true
CS	0	07:27:51.093	XAUUSD_AI_Sniper_EA_v6.25.24_REPLAY_ROOT_CONSOLIDATED_FIX (XAUUSD,M10)	2026.06.19 14:57:27   LOSS_CLOSE_BLOCKED #212 ctx=OWNER_R_EXIT_GENERAL_10M_DEADLINE pnl=$-389.12 closeLots=0.00 | Negative trades may close only by broker SL, manual close, or emergency margin/account protection.
CS	0	07:27:51.093	XAUUSD_AI_Sniper_EA_v6.25.24_REPLAY_ROOT_CONSOLIDATED_FIX (XAUUSD,M10)	2026.06.19 14:57:27   R_EXIT_MANAGER ticket=212 action=CLOSE_PENDING_RETRY reason=OWNER_R_EXIT_GENERAL_10M_DEADLINE attempt=335 sendOk=false stillOpen=true
CS	0	07:27:51.098	XAUUSD_AI_Sniper_EA_v6.25.24_REPLAY_ROOT_CONSOLIDATED_FIX (XAUUSD,M10)	2026.06.19 14:57:30   LOSS_CLOSE_BLOCKED #212 ctx=OWNER_R_EXIT_GENERAL_10M_DEADLINE pnl=$-411.52 closeLots=0.00 | Negative trades may close only by broker SL, manual close, or emergency margin/account protection.
CS	0	07:27:51.098	XAUUSD_AI_Sniper_EA_v6.25.24_REPLAY_ROOT_CONSOLIDATED_FIX (XAUUSD,M10)	2026.06.19 14:57:30   R_EXIT_MANAGER ticket=212 action=CLOSE_PENDING_RETRY reason=OWNER_R_EXIT_GENERAL_10M_DEADLINE attempt=336 sendOk=false stillOpen=true
CS	0	07:27:51.104	XAUUSD_AI_Sniper_EA_v6.25.24_REPLAY_ROOT_CONSOLIDATED_FIX (XAUUSD,M10)	2026.06.19 14:57:33   LOSS_CLOSE_BLOCKED #212 ctx=OWNER_R_EXIT_GENERAL_10M_DEADLINE pnl=$-393.60 closeLots=0.00 | Negative trades may close only by broker SL, manual close, or emergency margin/account protection.
CS	0	07:27:51.104	XAUUSD_AI_Sniper_EA_v6.25.24_REPLAY_ROOT_CONSOLIDATED_FIX (XAUUSD,M10)	2026.06.19 14:57:33   R_EXIT_MANAGER ticket=212 action=CLOSE_PENDING_RETRY reason=OWNER_R_EXIT_GENERAL_10M_DEADLINE attempt=337 sendOk=false stillOpen=true
CS	0	07:27:51.108	XAUUSD_AI_Sniper_EA_v6.25.24_REPLAY_ROOT_CONSOLIDATED_FIX (XAUUSD,M10)	2026.06.19 14:57:36   LOSS_CLOSE_BLOCKED #212 ctx=OWNER_R_EXIT_GENERAL_10M_DEADLINE pnl=$-400.64 closeLots=0.00 | Negative trades may close only by broker SL, manual close, or emergency margin/account protection.
CS	0	07:27:51.108	XAUUSD_AI_Sniper_EA_v6.25.24_REPLAY_ROOT_CONSOLIDATED_FIX (XAUUSD,M10)	2026.06.19 14:57:36   R_EXIT_MANAGER ticket=212 action=CLOSE_PENDING_RETRY reason=OWNER_R_EXIT_GENERAL_10M_DEADLINE attempt=338 sendOk=false stillOpen=true
CS	0	07:27:51.111	XAUUSD_AI_Sniper_EA_v6.25.24_REPLAY_ROOT_CONSOLIDATED_FIX (XAUUSD,M10)	2026.06.19 14:57:39   LOSS_CLOSE_BLOCKED #212 ctx=OWNER_R_EXIT_GENERAL_10M_DEADLINE pnl=$-400.00 closeLots=0.00 | Negative trades may close only by broker SL, manual close, or emergency margin/account protection.
CS	0	07:27:51.111	XAUUSD_AI_Sniper_EA_v6.25.24_REPLAY_ROOT_CONSOLIDATED_FIX (XAUUSD,M10)	2026.06.19 14:57:39   R_EXIT_MANAGER ticket=212 action=CLOSE_PENDING_RETRY reason=OWNER_R_EXIT_GENERAL_10M_DEADLINE attempt=339 sendOk=false stillOpen=true
CS	0	07:27:51.115	XAUUSD_AI_Sniper_EA_v6.25.24_REPLAY_ROOT_CONSOLIDATED_FIX (XAUUSD,M10)	2026.06.19 14:57:42   LOSS_CLOSE_BLOCKED #212 ctx=OWNER_R_EXIT_GENERAL_10M_DEADLINE pnl=$-382.08 closeLots=0.00 | Negative trades may close only by broker SL, manual close, or emergency margin/account protection.
CS	0	07:27:51.115	XAUUSD_AI_Sniper_EA_v6.25.24_REPLAY_ROOT_CONSOLIDATED_FIX (XAUUSD,M10)	2026.06.19 14:57:42   R_EXIT_MANAGER ticket=212 action=CLOSE_PENDING_RETRY reason=OWNER_R_EXIT_GENERAL_10M_DEADLINE attempt=340 sendOk=false stillOpen=true
CS	0	07:27:51.119	XAUUSD_AI_Sniper_EA_v6.25.24_REPLAY_ROOT_CONSOLIDATED_FIX (XAUUSD,M10)	2026.06.19 14:57:45   LOSS_CLOSE_BLOCKED #212 ctx=OWNER_R_EXIT_GENERAL_10M_DEADLINE pnl=$-385.28 closeLots=0.00 | Negative trades may close only by broker SL, manual close, or emergency margin/account protection.
CS	0	07:27:51.119	XAUUSD_AI_Sniper_EA_v6.25.24_REPLAY_ROOT_CONSOLIDATED_FIX (XAUUSD,M10)	2026.06.19 14:57:45   R_EXIT_MANAGER ticket=212 action=CLOSE_PENDING_RETRY reason=OWNER_R_EXIT_GENERAL_10M_DEADLINE attempt=341 sendOk=false stillOpen=true
CS	0	07:27:51.124	XAUUSD_AI_Sniper_EA_v6.25.24_REPLAY_ROOT_CONSOLIDATED_FIX (XAUUSD,M10)	2026.06.19 14:57:48   LOSS_CLOSE_BLOCKED #212 ctx=OWNER_R_EXIT_GENERAL_10M_DEADLINE pnl=$-399.36 closeLots=0.00 | Negative trades may close only by broker SL, manual close, or emergency margin/account protection.
CS	0	07:27:51.124	XAUUSD_AI_Sniper_EA_v6.25.24_REPLAY_ROOT_CONSOLIDATED_FIX (XAUUSD,M10)	2026.06.19 14:57:48   R_EXIT_MANAGER ticket=212 action=CLOSE_PENDING_RETRY reason=OWNER_R_EXIT_GENERAL_10M_DEADLINE attempt=342 sendOk=false stillOpen=true
CS	0	07:27:51.128	XAUUSD_AI_Sniper_EA_v6.25.24_REPLAY_ROOT_CONSOLIDATED_FIX (XAUUSD,M10)	2026.06.19 14:57:51   LOSS_CLOSE_BLOCKED #212 ctx=OWNER_R_EXIT_GENERAL_10M_DEADLINE pnl=$-403.20 closeLots=0.00 | Negative trades may close only by broker SL, manual close, or emergency margin/account protection.
CS	0	07:27:51.128	XAUUSD_AI_Sniper_EA_v6.25.24_REPLAY_ROOT_CONSOLIDATED_FIX (XAUUSD,M10)	2026.06.19 14:57:51   R_EXIT_MANAGER ticket=212 action=CLOSE_PENDING_RETRY reason=OWNER_R_EXIT_GENERAL_10M_DEADLINE attempt=343 sendOk=false stillOpen=true
CS	0	07:27:51.131	XAUUSD_AI_Sniper_EA_v6.25.24_REPLAY_ROOT_CONSOLIDATED_FIX (XAUUSD,M10)	2026.06.19 14:57:54   LOSS_CLOSE_BLOCKED #212 ctx=OWNER_R_EXIT_GENERAL_10M_DEADLINE pnl=$-397.44 closeLots=0.00 | Negative trades may close only by broker SL, manual close, or emergency margin/account protection.
CS	0	07:27:51.131	XAUUSD_AI_Sniper_EA_v6.25.24_REPLAY_ROOT_CONSOLIDATED_FIX (XAUUSD,M10)	2026.06.19 14:57:54   R_EXIT_MANAGER ticket=212 action=CLOSE_PENDING_RETRY reason=OWNER_R_EXIT_GENERAL_10M_DEADLINE attempt=344 sendOk=false stillOpen=true
CS	0	07:27:51.135	XAUUSD_AI_Sniper_EA_v6.25.24_REPLAY_ROOT_CONSOLIDATED_FIX (XAUUSD,M10)	2026.06.19 14:57:57   LOSS_CLOSE_BLOCKED #212 ctx=OWNER_R_EXIT_GENERAL_10M_DEADLINE pnl=$-381.44 closeLots=0.00 | Negative trades may close only by broker SL, manual close, or emergency margin/account protection.
CS	0	07:27:51.135	XAUUSD_AI_Sniper_EA_v6.25.24_REPLAY_ROOT_CONSOLIDATED_FIX (XAUUSD,M10)	2026.06.19 14:57:57   R_EXIT_MANAGER ticket=212 action=CLOSE_PENDING_RETRY reason=OWNER_R_EXIT_GENERAL_10M_DEADLINE attempt=345 sendOk=false stillOpen=true
CS	0	07:27:51.139	XAUUSD_AI_Sniper_EA_v6.25.24_REPLAY_ROOT_CONSOLIDATED_FIX (XAUUSD,M10)	2026.06.19 14:58:00   LOSS_CLOSE_BLOCKED #212 ctx=OWNER_R_EXIT_GENERAL_10M_DEADLINE pnl=$-365.44 closeLots=0.00 | Negative trades may close only by broker SL, manual close, or emergency margin/account protection.
CS	0	07:27:51.139	XAUUSD_AI_Sniper_EA_v6.25.24_REPLAY_ROOT_CONSOLIDATED_FIX (XAUUSD,M10)	2026.06.19 14:58:00   R_EXIT_MANAGER ticket=212 action=CLOSE_PENDING_RETRY reason=OWNER_R_EXIT_GENERAL_10M_DEADLINE attempt=346 sendOk=false stillOpen=true
CS	0	07:27:51.144	XAUUSD_AI_Sniper_EA_v6.25.24_REPLAY_ROOT_CONSOLIDATED_FIX (XAUUSD,M10)	2026.06.19 14:58:03   LOSS_CLOSE_BLOCKED #212 ctx=OWNER_R_EXIT_GENERAL_10M_DEADLINE pnl=$-366.72 closeLots=0.00 | Negative trades may close only by broker SL, manual close, or emergency margin/account protection.
CS	0	07:27:51.144	XAUUSD_AI_Sniper_EA_v6.25.24_REPLAY_ROOT_CONSOLIDATED_FIX (XAUUSD,M10)	2026.06.19 14:58:03   R_EXIT_MANAGER ticket=212 action=CLOSE_PENDING_RETRY reason=OWNER_R_EXIT_GENERAL_10M_DEADLINE attempt=347 sendOk=false stillOpen=true
CS	0	07:27:51.148	XAUUSD_AI_Sniper_EA_v6.25.24_REPLAY_ROOT_CONSOLIDATED_FIX (XAUUSD,M10)	2026.06.19 14:58:07   LOSS_CLOSE_BLOCKED #212 ctx=OWNER_R_EXIT_GENERAL_10M_DEADLINE pnl=$-391.04 closeLots=0.00 | Negative trades may close only by broker SL, manual close, or emergency margin/account protection.
CS	0	07:27:51.148	XAUUSD_AI_Sniper_EA_v6.25.24_REPLAY_ROOT_CONSOLIDATED_FIX (XAUUSD,M10)	2026.06.19 14:58:07   R_EXIT_MANAGER ticket=212 action=CLOSE_PENDING_RETRY reason=OWNER_R_EXIT_GENERAL_10M_DEADLINE attempt=348 sendOk=false stillOpen=true
CS	0	07:27:51.152	XAUUSD_AI_Sniper_EA_v6.25.24_REPLAY_ROOT_CONSOLIDATED_FIX (XAUUSD,M10)	2026.06.19 14:58:10   LOSS_CLOSE_BLOCKED #212 ctx=OWNER_R_EXIT_GENERAL_10M_DEADLINE pnl=$-396.80 closeLots=0.00 | Negative trades may close only by broker SL, manual close, or emergency margin/account protection.
CS	0	07:27:51.152	XAUUSD_AI_Sniper_EA_v6.25.24_REPLAY_ROOT_CONSOLIDATED_FIX (XAUUSD,M10)	2026.06.19 14:58:10   R_EXIT_MANAGER ticket=212 action=CLOSE_PENDING_RETRY reason=OWNER_R_EXIT_GENERAL_10M_DEADLINE attempt=349 sendOk=false stillOpen=true
CS	0	07:27:51.155	XAUUSD_AI_Sniper_EA_v6.25.24_REPLAY_ROOT_CONSOLIDATED_FIX (XAUUSD,M10)	2026.06.19 14:58:13   LOSS_CLOSE_BLOCKED #212 ctx=OWNER_R_EXIT_GENERAL_10M_DEADLINE pnl=$-389.12 closeLots=0.00 | Negative trades may close only by broker SL, manual close, or emergency margin/account protection.
CS	0	07:27:51.155	XAUUSD_AI_Sniper_EA_v6.25.24_REPLAY_ROOT_CONSOLIDATED_FIX (XAUUSD,M10)	2026.06.19 14:58:13   R_EXIT_MANAGER ticket=212 action=CLOSE_PENDING_RETRY reason=OWNER_R_EXIT_GENERAL_10M_DEADLINE attempt=350 sendOk=false stillOpen=true
CS	0	07:27:51.159	XAUUSD_AI_Sniper_EA_v6.25.24_REPLAY_ROOT_CONSOLIDATED_FIX (XAUUSD,M10)	2026.06.19 14:58:16   LOSS_CLOSE_BLOCKED #212 ctx=OWNER_R_EXIT_GENERAL_10M_DEADLINE pnl=$-375.68 closeLots=0.00 | Negative trades may close only by broker SL, manual close, or emergency margin/account protection.
CS	0	07:27:51.159	XAUUSD_AI_Sniper_EA_v6.25.24_REPLAY_ROOT_CONSOLIDATED_FIX (XAUUSD,M10)	2026.06.19 14:58:16   R_EXIT_MANAGER ticket=212 action=CLOSE_PENDING_RETRY reason=OWNER_R_EXIT_GENERAL_10M_DEADLINE attempt=351 sendOk=false stillOpen=true
CS	0	07:27:51.164	XAUUSD_AI_Sniper_EA_v6.25.24_REPLAY_ROOT_CONSOLIDATED_FIX (XAUUSD,M10)	2026.06.19 14:58:19   LOSS_CLOSE_BLOCKED #212 ctx=OWNER_R_EXIT_GENERAL_10M_DEADLINE pnl=$-369.92 closeLots=0.00 | Negative trades may close only by broker SL, manual close, or emergency margin/account protection.
CS	0	07:27:51.164	XAUUSD_AI_Sniper_EA_v6.25.24_REPLAY_ROOT_CONSOLIDATED_FIX (XAUUSD,M10)	2026.06.19 14:58:19   R_EXIT_MANAGER ticket=212 action=CLOSE_PENDING_RETRY reason=OWNER_R_EXIT_GENERAL_10M_DEADLINE attempt=352 sendOk=false stillOpen=true
CS	0	07:27:51.168	XAUUSD_AI_Sniper_EA_v6.25.24_REPLAY_ROOT_CONSOLIDATED_FIX (XAUUSD,M10)	2026.06.19 14:58:22   LOSS_CLOSE_BLOCKED #212 ctx=OWNER_R_EXIT_GENERAL_10M_DEADLINE pnl=$-375.68 closeLots=0.00 | Negative trades may close only by broker SL, manual close, or emergency margin/account protection.
CS	0	07:27:51.168	XAUUSD_AI_Sniper_EA_v6.25.24_REPLAY_ROOT_CONSOLIDATED_FIX (XAUUSD,M10)	2026.06.19 14:58:22   R_EXIT_MANAGER ticket=212 action=CLOSE_PENDING_RETRY reason=OWNER_R_EXIT_GENERAL_10M_DEADLINE attempt=353 sendOk=false stillOpen=true
CS	0	07:27:51.173	XAUUSD_AI_Sniper_EA_v6.25.24_REPLAY_ROOT_CONSOLIDATED_FIX (XAUUSD,M10)	2026.06.19 14:58:25   LOSS_CLOSE_BLOCKED #212 ctx=OWNER_R_EXIT_GENERAL_10M_DEADLINE pnl=$-380.16 closeLots=0.00 | Negative trades may close only by broker SL, manual close, or emergency margin/account protection.
CS	0	07:27:51.173	XAUUSD_AI_Sniper_EA_v6.25.24_REPLAY_ROOT_CONSOLIDATED_FIX (XAUUSD,M10)	2026.06.19 14:58:25   R_EXIT_MANAGER ticket=212 action=CLOSE_PENDING_RETRY reason=OWNER_R_EXIT_GENERAL_10M_DEADLINE attempt=354 sendOk=false stillOpen=true
CS	0	07:27:51.178	XAUUSD_AI_Sniper_EA_v6.25.24_REPLAY_ROOT_CONSOLIDATED_FIX (XAUUSD,M10)	2026.06.19 14:58:28   LOSS_CLOSE_BLOCKED #212 ctx=OWNER_R_EXIT_GENERAL_10M_DEADLINE pnl=$-358.40 closeLots=0.00 | Negative trades may close only by broker SL, manual close, or emergency margin/account protection.
CS	0	07:27:51.178	XAUUSD_AI_Sniper_EA_v6.25.24_REPLAY_ROOT_CONSOLIDATED_FIX (XAUUSD,M10)	2026.06.19 14:58:28   R_EXIT_MANAGER ticket=212 action=CLOSE_PENDING_RETRY reason=OWNER_R_EXIT_GENERAL_10M_DEADLINE attempt=355 sendOk=false stillOpen=true
CS	0	07:27:51.184	XAUUSD_AI_Sniper_EA_v6.25.24_REPLAY_ROOT_CONSOLIDATED_FIX (XAUUSD,M10)	2026.06.19 14:58:31   LOSS_CLOSE_BLOCKED #212 ctx=OWNER_R_EXIT_GENERAL_10M_DEADLINE pnl=$-373.12 closeLots=0.00 | Negative trades may close only by broker SL, manual close, or emergency margin/account protection.
CS	0	07:27:51.184	XAUUSD_AI_Sniper_EA_v6.25.24_REPLAY_ROOT_CONSOLIDATED_FIX (XAUUSD,M10)	2026.06.19 14:58:31   R_EXIT_MANAGER ticket=212 action=CLOSE_PENDING_RETRY reason=OWNER_R_EXIT_GENERAL_10M_DEADLINE attempt=356 sendOk=false stillOpen=true
CS	0	07:27:51.189	XAUUSD_AI_Sniper_EA_v6.25.24_REPLAY_ROOT_CONSOLIDATED_FIX (XAUUSD,M10)	2026.06.19 14:58:34   LOSS_CLOSE_BLOCKED #212 ctx=OWNER_R_EXIT_GENERAL_10M_DEADLINE pnl=$-363.52 closeLots=0.00 | Negative trades may close only by broker SL, manual close, or emergency margin/account protection.
CS	0	07:27:51.189	XAUUSD_AI_Sniper_EA_v6.25.24_REPLAY_ROOT_CONSOLIDATED_FIX (XAUUSD,M10)	2026.06.19 14:58:34   R_EXIT_MANAGER ticket=212 action=CLOSE_PENDING_RETRY reason=OWNER_R_EXIT_GENERAL_10M_DEADLINE attempt=357 sendOk=false stillOpen=true
CS	0	07:27:51.193	XAUUSD_AI_Sniper_EA_v6.25.24_REPLAY_ROOT_CONSOLIDATED_FIX (XAUUSD,M10)	2026.06.19 14:58:37   LOSS_CLOSE_BLOCKED #212 ctx=OWNER_R_EXIT_GENERAL_10M_DEADLINE pnl=$-366.08 closeLots=0.00 | Negative trades may close only by broker SL, manual close, or emergency margin/account protection.
CS	0	07:27:51.193	XAUUSD_AI_Sniper_EA_v6.25.24_REPLAY_ROOT_CONSOLIDATED_FIX (XAUUSD,M10)	2026.06.19 14:58:37   R_EXIT_MANAGER ticket=212 action=CLOSE_PENDING_RETRY reason=OWNER_R_EXIT_GENERAL_10M_DEADLINE attempt=358 sendOk=false stillOpen=true
CS	0	07:27:51.196	XAUUSD_AI_Sniper_EA_v6.25.24_REPLAY_ROOT_CONSOLIDATED_FIX (XAUUSD,M10)	2026.06.19 14:58:40   LOSS_CLOSE_BLOCKED #212 ctx=OWNER_R_EXIT_GENERAL_10M_DEADLINE pnl=$-371.20 closeLots=0.00 | Negative trades may close only by broker SL, manual close, or emergency margin/account protection.
CS	0	07:27:51.196	XAUUSD_AI_Sniper_EA_v6.25.24_REPLAY_ROOT_CONSOLIDATED_FIX (XAUUSD,M10)	2026.06.19 14:58:40   R_EXIT_MANAGER ticket=212 action=CLOSE_PENDING_RETRY reason=OWNER_R_EXIT_GENERAL_10M_DEADLINE attempt=359 sendOk=false stillOpen=true
CS	0	07:27:51.200	XAUUSD_AI_Sniper_EA_v6.25.24_REPLAY_ROOT_CONSOLIDATED_FIX (XAUUSD,M10)	2026.06.19 14:58:43   LOSS_CLOSE_BLOCKED #212 ctx=OWNER_R_EXIT_GENERAL_10M_DEADLINE pnl=$-377.60 closeLots=0.00 | Negative trades may close only by broker SL, manual close, or emergency margin/account protection.
CS	0	07:27:51.200	XAUUSD_AI_Sniper_EA_v6.25.24_REPLAY_ROOT_CONSOLIDATED_FIX (XAUUSD,M10)	2026.06.19 14:58:43   R_EXIT_MANAGER ticket=212 action=CLOSE_PENDING_RETRY reason=OWNER_R_EXIT_GENERAL_10M_DEADLINE attempt=360 sendOk=false stillOpen=true
CS	0	07:27:51.203	XAUUSD_AI_Sniper_EA_v6.25.24_REPLAY_ROOT_CONSOLIDATED_FIX (XAUUSD,M10)	2026.06.19 14:58:46   LOSS_CLOSE_BLOCKED #212 ctx=OWNER_R_EXIT_GENERAL_10M_DEADLINE pnl=$-368.64 closeLots=0.00 | Negative trades may close only by broker SL, manual close, or emergency margin/account protection.
CS	0	07:27:51.203	XAUUSD_AI_Sniper_EA_v6.25.24_REPLAY_ROOT_CONSOLIDATED_FIX (XAUUSD,M10)	2026.06.19 14:58:46   R_EXIT_MANAGER ticket=212 action=CLOSE_PENDING_RETRY reason=OWNER_R_EXIT_GENERAL_10M_DEADLINE attempt=361 sendOk=false stillOpen=true
CS	0	07:27:51.208	XAUUSD_AI_Sniper_EA_v6.25.24_REPLAY_ROOT_CONSOLIDATED_FIX (XAUUSD,M10)	2026.06.19 14:58:49   LOSS_CLOSE_BLOCKED #212 ctx=OWNER_R_EXIT_GENERAL_10M_DEADLINE pnl=$-330.88 closeLots=0.00 | Negative trades may close only by broker SL, manual close, or emergency margin/account protection.
CS	0	07:27:51.208	XAUUSD_AI_Sniper_EA_v6.25.24_REPLAY_ROOT_CONSOLIDATED_FIX (XAUUSD,M10)	2026.06.19 14:58:49   R_EXIT_MANAGER ticket=212 action=CLOSE_PENDING_RETRY reason=OWNER_R_EXIT_GENERAL_10M_DEADLINE attempt=362 sendOk=false stillOpen=true
CS	0	07:27:51.211	XAUUSD_AI_Sniper_EA_v6.25.24_REPLAY_ROOT_CONSOLIDATED_FIX (XAUUSD,M10)	2026.06.19 14:58:53   LOSS_CLOSE_BLOCKED #212 ctx=OWNER_R_EXIT_GENERAL_10M_DEADLINE pnl=$-327.68 closeLots=0.00 | Negative trades may close only by broker SL, manual close, or emergency margin/account protection.
CS	0	07:27:51.211	XAUUSD_AI_Sniper_EA_v6.25.24_REPLAY_ROOT_CONSOLIDATED_FIX (XAUUSD,M10)	2026.06.19 14:58:53   R_EXIT_MANAGER ticket=212 action=CLOSE_PENDING_RETRY reason=OWNER_R_EXIT_GENERAL_10M_DEADLINE attempt=363 sendOk=false stillOpen=true
CS	0	07:27:51.216	XAUUSD_AI_Sniper_EA_v6.25.24_REPLAY_ROOT_CONSOLIDATED_FIX (XAUUSD,M10)	2026.06.19 14:58:56   LOSS_CLOSE_BLOCKED #212 ctx=OWNER_R_EXIT_GENERAL_10M_DEADLINE pnl=$-334.72 closeLots=0.00 | Negative trades may close only by broker SL, manual close, or emergency margin/account protection.
CS	0	07:27:51.216	XAUUSD_AI_Sniper_EA_v6.25.24_REPLAY_ROOT_CONSOLIDATED_FIX (XAUUSD,M10)	2026.06.19 14:58:56   R_EXIT_MANAGER ticket=212 action=CLOSE_PENDING_RETRY reason=OWNER_R_EXIT_GENERAL_10M_DEADLINE attempt=364 sendOk=false stillOpen=true
CS	0	07:27:51.220	XAUUSD_AI_Sniper_EA_v6.25.24_REPLAY_ROOT_CONSOLIDATED_FIX (XAUUSD,M10)	2026.06.19 14:58:59   LOSS_CLOSE_BLOCKED #212 ctx=OWNER_R_EXIT_GENERAL_10M_DEADLINE pnl=$-337.28 closeLots=0.00 | Negative trades may close only by broker SL, manual close, or emergency margin/account protection.
CS	0	07:27:51.220	XAUUSD_AI_Sniper_EA_v6.25.24_REPLAY_ROOT_CONSOLIDATED_FIX (XAUUSD,M10)	2026.06.19 14:58:59   R_EXIT_MANAGER ticket=212 action=CLOSE_PENDING_RETRY reason=OWNER_R_EXIT_GENERAL_10M_DEADLINE attempt=365 sendOk=false stillOpen=true
CS	0	07:27:51.224	XAUUSD_AI_Sniper_EA_v6.25.24_REPLAY_ROOT_CONSOLIDATED_FIX (XAUUSD,M10)	2026.06.19 14:59:02   LOSS_CLOSE_BLOCKED #212 ctx=OWNER_R_EXIT_GENERAL_10M_DEADLINE pnl=$-352.00 closeLots=0.00 | Negative trades may close only by broker SL, manual close, or emergency margin/account protection.
CS	0	07:27:51.224	XAUUSD_AI_Sniper_EA_v6.25.24_REPLAY_ROOT_CONSOLIDATED_FIX (XAUUSD,M10)	2026.06.19 14:59:02   R_EXIT_MANAGER ticket=212 action=CLOSE_PENDING_RETRY reason=OWNER_R_EXIT_GENERAL_10M_DEADLINE attempt=366 sendOk=false stillOpen=true
CS	0	07:27:51.229	XAUUSD_AI_Sniper_EA_v6.25.24_REPLAY_ROOT_CONSOLIDATED_FIX (XAUUSD,M10)	2026.06.19 14:59:05   LOSS_CLOSE_BLOCKED #212 ctx=OWNER_R_EXIT_GENERAL_10M_DEADLINE pnl=$-305.92 closeLots=0.00 | Negative trades may close only by broker SL, manual close, or emergency margin/account protection.
CS	0	07:27:51.229	XAUUSD_AI_Sniper_EA_v6.25.24_REPLAY_ROOT_CONSOLIDATED_FIX (XAUUSD,M10)	2026.06.19 14:59:05   R_EXIT_MANAGER ticket=212 action=CLOSE_PENDING_RETRY reason=OWNER_R_EXIT_GENERAL_10M_DEADLINE attempt=367 sendOk=false stillOpen=true
CS	0	07:27:51.233	XAUUSD_AI_Sniper_EA_v6.25.24_REPLAY_ROOT_CONSOLIDATED_FIX (XAUUSD,M10)	2026.06.19 14:59:08   LOSS_CLOSE_BLOCKED #212 ctx=OWNER_R_EXIT_GENERAL_10M_DEADLINE pnl=$-330.24 closeLots=0.00 | Negative trades may close only by broker SL, manual close, or emergency margin/account protection.
CS	0	07:27:51.233	XAUUSD_AI_Sniper_EA_v6.25.24_REPLAY_ROOT_CONSOLIDATED_FIX (XAUUSD,M10)	2026.06.19 14:59:08   R_EXIT_MANAGER ticket=212 action=CLOSE_PENDING_RETRY reason=OWNER_R_EXIT_GENERAL_10M_DEADLINE attempt=368 sendOk=false stillOpen=true
CS	0	07:27:51.238	XAUUSD_AI_Sniper_EA_v6.25.24_REPLAY_ROOT_CONSOLIDATED_FIX (XAUUSD,M10)	2026.06.19 14:59:11   LOSS_CLOSE_BLOCKED #212 ctx=OWNER_R_EXIT_GENERAL_10M_DEADLINE pnl=$-376.96 closeLots=0.00 | Negative trades may close only by broker SL, manual close, or emergency margin/account protection.
CS	0	07:27:51.238	XAUUSD_AI_Sniper_EA_v6.25.24_REPLAY_ROOT_CONSOLIDATED_FIX (XAUUSD,M10)	2026.06.19 14:59:11   R_EXIT_MANAGER ticket=212 action=CLOSE_PENDING_RETRY reason=OWNER_R_EXIT_GENERAL_10M_DEADLINE attempt=369 sendOk=false stillOpen=true
CS	0	07:27:51.243	XAUUSD_AI_Sniper_EA_v6.25.24_REPLAY_ROOT_CONSOLIDATED_FIX (XAUUSD,M10)	2026.06.19 14:59:14   LOSS_CLOSE_BLOCKED #212 ctx=OWNER_R_EXIT_GENERAL_10M_DEADLINE pnl=$-375.68 closeLots=0.00 | Negative trades may close only by broker SL, manual close, or emergency margin/account protection.
CS	0	07:27:51.243	XAUUSD_AI_Sniper_EA_v6.25.24_REPLAY_ROOT_CONSOLIDATED_FIX (XAUUSD,M10)	2026.06.19 14:59:14   R_EXIT_MANAGER ticket=212 action=CLOSE_PENDING_RETRY reason=OWNER_R_EXIT_GENERAL_10M_DEADLINE attempt=370 sendOk=false stillOpen=true
CS	0	07:27:51.248	XAUUSD_AI_Sniper_EA_v6.25.24_REPLAY_ROOT_CONSOLIDATED_FIX (XAUUSD,M10)	2026.06.19 14:59:17   LOSS_CLOSE_BLOCKED #212 ctx=OWNER_R_EXIT_GENERAL_10M_DEADLINE pnl=$-399.36 closeLots=0.00 | Negative trades may close only by broker SL, manual close, or emergency margin/account protection.
CS	0	07:27:51.248	XAUUSD_AI_Sniper_EA_v6.25.24_REPLAY_ROOT_CONSOLIDATED_FIX (XAUUSD,M10)	2026.06.19 14:59:17   R_EXIT_MANAGER ticket=212 action=CLOSE_PENDING_RETRY reason=OWNER_R_EXIT_GENERAL_10M_DEADLINE attempt=371 sendOk=false stillOpen=true
CS	0	07:27:51.252	XAUUSD_AI_Sniper_EA_v6.25.24_REPLAY_ROOT_CONSOLIDATED_FIX (XAUUSD,M10)	2026.06.19 14:59:20   LOSS_CLOSE_BLOCKED #212 ctx=OWNER_R_EXIT_GENERAL_10M_DEADLINE pnl=$-403.84 closeLots=0.00 | Negative trades may close only by broker SL, manual close, or emergency margin/account protection.
CS	0	07:27:51.252	XAUUSD_AI_Sniper_EA_v6.25.24_REPLAY_ROOT_CONSOLIDATED_FIX (XAUUSD,M10)	2026.06.19 14:59:20   R_EXIT_MANAGER ticket=212 action=CLOSE_PENDING_RETRY reason=OWNER_R_EXIT_GENERAL_10M_DEADLINE attempt=372 sendOk=false stillOpen=true
CS	0	07:27:51.255	XAUUSD_AI_Sniper_EA_v6.25.24_REPLAY_ROOT_CONSOLIDATED_FIX (XAUUSD,M10)	2026.06.19 14:59:23   LOSS_CLOSE_BLOCKED #212 ctx=OWNER_R_EXIT_GENERAL_10M_DEADLINE pnl=$-408.96 closeLots=0.00 | Negative trades may close only by broker SL, manual close, or emergency margin/account protection.
CS	0	07:27:51.255	XAUUSD_AI_Sniper_EA_v6.25.24_REPLAY_ROOT_CONSOLIDATED_FIX (XAUUSD,M10)	2026.06.19 14:59:23   R_EXIT_MANAGER ticket=212 action=CLOSE_PENDING_RETRY reason=OWNER_R_EXIT_GENERAL_10M_DEADLINE attempt=373 sendOk=false stillOpen=true
CS	0	07:27:51.259	XAUUSD_AI_Sniper_EA_v6.25.24_REPLAY_ROOT_CONSOLIDATED_FIX (XAUUSD,M10)	2026.06.19 14:59:26   LOSS_CLOSE_BLOCKED #212 ctx=OWNER_R_EXIT_GENERAL_10M_DEADLINE pnl=$-400.64 closeLots=0.00 | Negative trades may close only by broker SL, manual close, or emergency margin/account protection.
CS	0	07:27:51.259	XAUUSD_AI_Sniper_EA_v6.25.24_REPLAY_ROOT_CONSOLIDATED_FIX (XAUUSD,M10)	2026.06.19 14:59:26   R_EXIT_MANAGER ticket=212 action=CLOSE_PENDING_RETRY reason=OWNER_R_EXIT_GENERAL_10M_DEADLINE attempt=374 sendOk=false stillOpen=true
CS	0	07:27:51.262	XAUUSD_AI_Sniper_EA_v6.25.24_REPLAY_ROOT_CONSOLIDATED_FIX (XAUUSD,M10)	2026.06.19 14:59:29   LOSS_CLOSE_BLOCKED #212 ctx=OWNER_R_EXIT_GENERAL_10M_DEADLINE pnl=$-389.12 closeLots=0.00 | Negative trades may close only by broker SL, manual close, or emergency margin/account protection.
CS	0	07:27:51.262	XAUUSD_AI_Sniper_EA_v6.25.24_REPLAY_ROOT_CONSOLIDATED_FIX (XAUUSD,M10)	2026.06.19 14:59:29   R_EXIT_MANAGER ticket=212 action=CLOSE_PENDING_RETRY reason=OWNER_R_EXIT_GENERAL_10M_DEADLINE attempt=375 sendOk=false stillOpen=true
CS	0	07:27:51.266	XAUUSD_AI_Sniper_EA_v6.25.24_REPLAY_ROOT_CONSOLIDATED_FIX (XAUUSD,M10)	2026.06.19 14:59:32   LOSS_CLOSE_BLOCKED #212 ctx=OWNER_R_EXIT_GENERAL_10M_DEADLINE pnl=$-389.76 closeLots=0.00 | Negative trades may close only by broker SL, manual close, or emergency margin/account protection.
CS	0	07:27:51.266	XAUUSD_AI_Sniper_EA_v6.25.24_REPLAY_ROOT_CONSOLIDATED_FIX (XAUUSD,M10)	2026.06.19 14:59:32   R_EXIT_MANAGER ticket=212 action=CLOSE_PENDING_RETRY reason=OWNER_R_EXIT_GENERAL_10M_DEADLINE attempt=376 sendOk=false stillOpen=true
CS	0	07:27:51.269	XAUUSD_AI_Sniper_EA_v6.25.24_REPLAY_ROOT_CONSOLIDATED_FIX (XAUUSD,M10)	2026.06.19 14:59:36   LOSS_CLOSE_BLOCKED #212 ctx=OWNER_R_EXIT_GENERAL_10M_DEADLINE pnl=$-391.04 closeLots=0.00 | Negative trades may close only by broker SL, manual close, or emergency margin/account protection.
CS	0	07:27:51.269	XAUUSD_AI_Sniper_EA_v6.25.24_REPLAY_ROOT_CONSOLIDATED_FIX (XAUUSD,M10)	2026.06.19 14:59:36   R_EXIT_MANAGER ticket=212 action=CLOSE_PENDING_RETRY reason=OWNER_R_EXIT_GENERAL_10M_DEADLINE attempt=377 sendOk=false stillOpen=true
CS	0	07:27:51.273	XAUUSD_AI_Sniper_EA_v6.25.24_REPLAY_ROOT_CONSOLIDATED_FIX (XAUUSD,M10)	2026.06.19 14:59:39   LOSS_CLOSE_BLOCKED #212 ctx=OWNER_R_EXIT_GENERAL_10M_DEADLINE pnl=$-387.84 closeLots=0.00 | Negative trades may close only by broker SL, manual close, or emergency margin/account protection.
CS	0	07:27:51.273	XAUUSD_AI_Sniper_EA_v6.25.24_REPLAY_ROOT_CONSOLIDATED_FIX (XAUUSD,M10)	2026.06.19 14:59:39   R_EXIT_MANAGER ticket=212 action=CLOSE_PENDING_RETRY reason=OWNER_R_EXIT_GENERAL_10M_DEADLINE attempt=378 sendOk=false stillOpen=true
CS	0	07:27:51.276	XAUUSD_AI_Sniper_EA_v6.25.24_REPLAY_ROOT_CONSOLIDATED_FIX (XAUUSD,M10)	2026.06.19 14:59:42   LOSS_CLOSE_BLOCKED #212 ctx=OWNER_R_EXIT_GENERAL_10M_DEADLINE pnl=$-384.00 closeLots=0.00 | Negative trades may close only by broker SL, manual close, or emergency margin/account protection.
CS	0	07:27:51.276	XAUUSD_AI_Sniper_EA_v6.25.24_REPLAY_ROOT_CONSOLIDATED_FIX (XAUUSD,M10)	2026.06.19 14:59:42   R_EXIT_MANAGER ticket=212 action=CLOSE_PENDING_RETRY reason=OWNER_R_EXIT_GENERAL_10M_DEADLINE attempt=379 sendOk=false stillOpen=true
CS	0	07:27:51.280	XAUUSD_AI_Sniper_EA_v6.25.24_REPLAY_ROOT_CONSOLIDATED_FIX (XAUUSD,M10)	2026.06.19 14:59:45   LOSS_CLOSE_BLOCKED #212 ctx=OWNER_R_EXIT_GENERAL_10M_DEADLINE pnl=$-381.44 closeLots=0.00 | Negative trades may close only by broker SL, manual close, or emergency margin/account protection.
CS	0	07:27:51.280	XAUUSD_AI_Sniper_EA_v6.25.24_REPLAY_ROOT_CONSOLIDATED_FIX (XAUUSD,M10)	2026.06.19 14:59:45   R_EXIT_MANAGER ticket=212 action=CLOSE_PENDING_RETRY reason=OWNER_R_EXIT_GENERAL_10M_DEADLINE attempt=380 sendOk=false stillOpen=true
CS	0	07:27:51.284	XAUUSD_AI_Sniper_EA_v6.25.24_REPLAY_ROOT_CONSOLIDATED_FIX (XAUUSD,M10)	2026.06.19 14:59:48   LOSS_CLOSE_BLOCKED #212 ctx=OWNER_R_EXIT_GENERAL_10M_DEADLINE pnl=$-383.36 closeLots=0.00 | Negative trades may close only by broker SL, manual close, or emergency margin/account protection.
CS	0	07:27:51.284	XAUUSD_AI_Sniper_EA_v6.25.24_REPLAY_ROOT_CONSOLIDATED_FIX (XAUUSD,M10)	2026.06.19 14:59:48   R_EXIT_MANAGER ticket=212 action=CLOSE_PENDING_RETRY reason=OWNER_R_EXIT_GENERAL_10M_DEADLINE attempt=381 sendOk=false stillOpen=true
CS	0	07:27:51.288	XAUUSD_AI_Sniper_EA_v6.25.24_REPLAY_ROOT_CONSOLIDATED_FIX (XAUUSD,M10)	2026.06.19 14:59:51   LOSS_CLOSE_BLOCKED #212 ctx=OWNER_R_EXIT_GENERAL_10M_DEADLINE pnl=$-388.48 closeLots=0.00 | Negative trades may close only by broker SL, manual close, or emergency margin/account protection.
CS	0	07:27:51.288	XAUUSD_AI_Sniper_EA_v6.25.24_REPLAY_ROOT_CONSOLIDATED_FIX (XAUUSD,M10)	2026.06.19 14:59:51   R_EXIT_MANAGER ticket=212 action=CLOSE_PENDING_RETRY reason=OWNER_R_EXIT_GENERAL_10M_DEADLINE attempt=382 sendOk=false stillOpen=true
CS	0	07:27:51.291	XAUUSD_AI_Sniper_EA_v6.25.24_REPLAY_ROOT_CONSOLIDATED_FIX (XAUUSD,M10)	2026.06.19 14:59:54   LOSS_CLOSE_BLOCKED #212 ctx=OWNER_R_EXIT_GENERAL_10M_DEADLINE pnl=$-371.84 closeLots=0.00 | Negative trades may close only by broker SL, manual close, or emergency margin/account protection.
CS	0	07:27:51.291	XAUUSD_AI_Sniper_EA_v6.25.24_REPLAY_ROOT_CONSOLIDATED_FIX (XAUUSD,M10)	2026.06.19 14:59:54   R_EXIT_MANAGER ticket=212 action=CLOSE_PENDING_RETRY reason=OWNER_R_EXIT_GENERAL_10M_DEADLINE attempt=383 sendOk=false stillOpen=true
CS	0	07:27:51.297	XAUUSD_AI_Sniper_EA_v6.25.24_REPLAY_ROOT_CONSOLIDATED_FIX (XAUUSD,M10)	2026.06.19 14:59:57   LOSS_CLOSE_BLOCKED #212 ctx=OWNER_R_EXIT_GENERAL_10M_DEADLINE pnl=$-386.56 closeLots=0.00 | Negative trades may close only by broker SL, manual close, or emergency margin/account protection.
CS	0	07:27:51.297	XAUUSD_AI_Sniper_EA_v6.25.24_REPLAY_ROOT_CONSOLIDATED_FIX (XAUUSD,M10)	2026.06.19 14:59:57   R_EXIT_MANAGER ticket=212 action=CLOSE_PENDING_RETRY reason=OWNER_R_EXIT_GENERAL_10M_DEADLINE attempt=384 sendOk=false stillOpen=true
CS	0	07:27:51.302	XAUUSD_AI_Sniper_EA_v6.25.24_REPLAY_ROOT_CONSOLIDATED_FIX (XAUUSD,M10)	2026.06.19 15:00:00   LOSS_CLOSE_BLOCKED #212 ctx=OWNER_R_EXIT_GENERAL_10M_DEADLINE pnl=$-391.04 closeLots=0.00 | Negative trades may close only by broker SL, manual close, or emergency margin/account protection.
CS	0	07:27:51.302	XAUUSD_AI_Sniper_EA_v6.25.24_REPLAY_ROOT_CONSOLIDATED_FIX (XAUUSD,M10)	2026.06.19 15:00:00   R_EXIT_MANAGER ticket=212 action=CLOSE_PENDING_RETRY reason=OWNER_R_EXIT_GENERAL_10M_DEADLINE attempt=385 sendOk=false stillOpen=true
CS	0	07:27:51.308	XAUUSD_AI_Sniper_EA_v6.25.24_REPLAY_ROOT_CONSOLIDATED_FIX (XAUUSD,M10)	2026.06.19 15:00:03   LOSS_CLOSE_BLOCKED #212 ctx=OWNER_R_EXIT_GENERAL_10M_DEADLINE pnl=$-389.76 closeLots=0.00 | Negative trades may close only by broker SL, manual close, or emergency margin/account protection.
CS	0	07:27:51.308	XAUUSD_AI_Sniper_EA_v6.25.24_REPLAY_ROOT_CONSOLIDATED_FIX (XAUUSD,M10)	2026.06.19 15:00:03   R_EXIT_MANAGER ticket=212 action=CLOSE_PENDING_RETRY reason=OWNER_R_EXIT_GENERAL_10M_DEADLINE attempt=386 sendOk=false stillOpen=true
CS	0	07:27:51.318	XAUUSD_AI_Sniper_EA_v6.25.24_REPLAY_ROOT_CONSOLIDATED_FIX (XAUUSD,M10)	2026.06.19 15:00:06   LOSS_CLOSE_BLOCKED #212 ctx=OWNER_R_EXIT_GENERAL_10M_DEADLINE pnl=$-397.44 closeLots=0.00 | Negative trades may close only by broker SL, manual close, or emergency margin/account protection.
CS	0	07:27:51.318	XAUUSD_AI_Sniper_EA_v6.25.24_REPLAY_ROOT_CONSOLIDATED_FIX (XAUUSD,M10)	2026.06.19 15:00:06   R_EXIT_MANAGER ticket=212 action=CLOSE_PENDING_RETRY reason=OWNER_R_EXIT_GENERAL_10M_DEADLINE attempt=387 sendOk=false stillOpen=true
CS	0	07:27:51.322	XAUUSD_AI_Sniper_EA_v6.25.24_REPLAY_ROOT_CONSOLIDATED_FIX (XAUUSD,M10)	2026.06.19 15:00:09   LOSS_CLOSE_BLOCKED #212 ctx=OWNER_R_EXIT_GENERAL_10M_DEADLINE pnl=$-401.28 closeLots=0.00 | Negative trades may close only by broker SL, manual close, or emergency margin/account protection.
CS	0	07:27:51.322	XAUUSD_AI_Sniper_EA_v6.25.24_REPLAY_ROOT_CONSOLIDATED_FIX (XAUUSD,M10)	2026.06.19 15:00:09   R_EXIT_MANAGER ticket=212 action=CLOSE_PENDING_RETRY reason=OWNER_R_EXIT_GENERAL_10M_DEADLINE attempt=388 sendOk=false stillOpen=true
CS	0	07:27:51.327	XAUUSD_AI_Sniper_EA_v6.25.24_REPLAY_ROOT_CONSOLIDATED_FIX (XAUUSD,M10)	2026.06.19 15:00:12   LOSS_CLOSE_BLOCKED #212 ctx=OWNER_R_EXIT_GENERAL_10M_DEADLINE pnl=$-457.60 closeLots=0.00 | Negative trades may close only by broker SL, manual close, or emergency margin/account protection.
CS	0	07:27:51.327	XAUUSD_AI_Sniper_EA_v6.25.24_REPLAY_ROOT_CONSOLIDATED_FIX (XAUUSD,M10)	2026.06.19 15:00:12   R_EXIT_MANAGER ticket=212 action=CLOSE_PENDING_RETRY reason=OWNER_R_EXIT_GENERAL_10M_DEADLINE attempt=389 sendOk=false stillOpen=true
CS	0	07:27:51.333	XAUUSD_AI_Sniper_EA_v6.25.24_REPLAY_ROOT_CONSOLIDATED_FIX (XAUUSD,M10)	2026.06.19 15:00:15   LOSS_CLOSE_BLOCKED #212 ctx=OWNER_R_EXIT_GENERAL_10M_DEADLINE pnl=$-445.44 closeLots=0.00 | Negative trades may close only by broker SL, manual close, or emergency margin/account protection.
CS	0	07:27:51.333	XAUUSD_AI_Sniper_EA_v6.25.24_REPLAY_ROOT_CONSOLIDATED_FIX (XAUUSD,M10)	2026.06.19 15:00:15   R_EXIT_MANAGER ticket=212 action=CLOSE_PENDING_RETRY reason=OWNER_R_EXIT_GENERAL_10M_DEADLINE attempt=390 sendOk=false stillOpen=true
CS	0	07:27:51.338	XAUUSD_AI_Sniper_EA_v6.25.24_REPLAY_ROOT_CONSOLIDATED_FIX (XAUUSD,M10)	2026.06.19 15:00:18   LOSS_CLOSE_BLOCKED #212 ctx=OWNER_R_EXIT_GENERAL_10M_DEADLINE pnl=$-454.40 closeLots=0.00 | Negative trades may close only by broker SL, manual close, or emergency margin/account protection.
CS	0	07:27:51.338	XAUUSD_AI_Sniper_EA_v6.25.24_REPLAY_ROOT_CONSOLIDATED_FIX (XAUUSD,M10)	2026.06.19 15:00:18   R_EXIT_MANAGER ticket=212 action=CLOSE_PENDING_RETRY reason=OWNER_R_EXIT_GENERAL_10M_DEADLINE attempt=391 sendOk=false stillOpen=true
CS	0	07:27:51.342	XAUUSD_AI_Sniper_EA_v6.25.24_REPLAY_ROOT_CONSOLIDATED_FIX (XAUUSD,M10)	2026.06.19 15:00:21   LOSS_CLOSE_BLOCKED #212 ctx=OWNER_R_EXIT_GENERAL_10M_DEADLINE pnl=$-456.96 closeLots=0.00 | Negative trades may close only by broker SL, manual close, or emergency margin/account protection.
CS	0	07:27:51.342	XAUUSD_AI_Sniper_EA_v6.25.24_REPLAY_ROOT_CONSOLIDATED_FIX (XAUUSD,M10)	2026.06.19 15:00:21   R_EXIT_MANAGER ticket=212 action=CLOSE_PENDING_RETRY reason=OWNER_R_EXIT_GENERAL_10M_DEADLINE attempt=392 sendOk=false stillOpen=true
CS	0	07:27:51.350	XAUUSD_AI_Sniper_EA_v6.25.24_REPLAY_ROOT_CONSOLIDATED_FIX (XAUUSD,M10)	2026.06.19 15:00:24   LOSS_CLOSE_BLOCKED #212 ctx=OWNER_R_EXIT_GENERAL_10M_DEADLINE pnl=$-458.88 closeLots=0.00 | Negative trades may close only by broker SL, manual close, or emergency margin/account protection.
CS	0	07:27:51.350	XAUUSD_AI_Sniper_EA_v6.25.24_REPLAY_ROOT_CONSOLIDATED_FIX (XAUUSD,M10)	2026.06.19 15:00:24   R_EXIT_MANAGER ticket=212 action=CLOSE_PENDING_RETRY reason=OWNER_R_EXIT_GENERAL_10M_DEADLINE attempt=393 sendOk=false stillOpen=true
CS	0	07:27:51.357	XAUUSD_AI_Sniper_EA_v6.25.24_REPLAY_ROOT_CONSOLIDATED_FIX (XAUUSD,M10)	2026.06.19 15:00:27   LOSS_CLOSE_BLOCKED #212 ctx=OWNER_R_EXIT_GENERAL_10M_DEADLINE pnl=$-555.52 closeLots=0.00 | Negative trades may close only by broker SL, manual close, or emergency margin/account protection.
CS	0	07:27:51.357	XAUUSD_AI_Sniper_EA_v6.25.24_REPLAY_ROOT_CONSOLIDATED_FIX (XAUUSD,M10)	2026.06.19 15:00:27   R_EXIT_MANAGER ticket=212 action=CLOSE_PENDING_RETRY reason=OWNER_R_EXIT_GENERAL_10M_DEADLINE attempt=394 sendOk=false stillOpen=true
CS	0	07:27:51.362	XAUUSD_AI_Sniper_EA_v6.25.24_REPLAY_ROOT_CONSOLIDATED_FIX (XAUUSD,M10)	2026.06.19 15:00:30   LOSS_CLOSE_BLOCKED #212 ctx=OWNER_R_EXIT_GENERAL_10M_DEADLINE pnl=$-557.44 closeLots=0.00 | Negative trades may close only by broker SL, manual close, or emergency margin/account protection.
CS	0	07:27:51.362	XAUUSD_AI_Sniper_EA_v6.25.24_REPLAY_ROOT_CONSOLIDATED_FIX (XAUUSD,M10)	2026.06.19 15:00:30   R_EXIT_MANAGER ticket=212 action=CLOSE_PENDING_RETRY reason=OWNER_R_EXIT_GENERAL_10M_DEADLINE attempt=395 sendOk=false stillOpen=true
CS	0	07:27:51.370	XAUUSD_AI_Sniper_EA_v6.25.24_REPLAY_ROOT_CONSOLIDATED_FIX (XAUUSD,M10)	2026.06.19 15:00:33   LOSS_CLOSE_BLOCKED #212 ctx=OWNER_R_EXIT_GENERAL_10M_DEADLINE pnl=$-599.04 closeLots=0.00 | Negative trades may close only by broker SL, manual close, or emergency margin/account protection.
CS	0	07:27:51.370	XAUUSD_AI_Sniper_EA_v6.25.24_REPLAY_ROOT_CONSOLIDATED_FIX (XAUUSD,M10)	2026.06.19 15:00:33   R_EXIT_MANAGER ticket=212 action=CLOSE_PENDING_RETRY reason=OWNER_R_EXIT_GENERAL_10M_DEADLINE attempt=396 sendOk=false stillOpen=true
CS	0	07:27:51.376	XAUUSD_AI_Sniper_EA_v6.25.24_REPLAY_ROOT_CONSOLIDATED_FIX (XAUUSD,M10)	2026.06.19 15:00:36   LOSS_CLOSE_BLOCKED #212 ctx=OWNER_R_EXIT_GENERAL_10M_DEADLINE pnl=$-586.24 closeLots=0.00 | Negative trades may close only by broker SL, manual close, or emergency margin/account protection.
CS	0	07:27:51.376	XAUUSD_AI_Sniper_EA_v6.25.24_REPLAY_ROOT_CONSOLIDATED_FIX (XAUUSD,M10)	2026.06.19 15:00:36   R_EXIT_MANAGER ticket=212 action=CLOSE_PENDING_RETRY reason=OWNER_R_EXIT_GENERAL_10M_DEADLINE attempt=397 sendOk=false stillOpen=true
CS	0	07:27:51.384	XAUUSD_AI_Sniper_EA_v6.25.24_REPLAY_ROOT_CONSOLIDATED_FIX (XAUUSD,M10)	2026.06.19 15:00:39   LOSS_CLOSE_BLOCKED #212 ctx=OWNER_R_EXIT_GENERAL_10M_DEADLINE pnl=$-600.96 closeLots=0.00 | Negative trades may close only by broker SL, manual close, or emergency margin/account protection.
CS	0	07:27:51.384	XAUUSD_AI_Sniper_EA_v6.25.24_REPLAY_ROOT_CONSOLIDATED_FIX (XAUUSD,M10)	2026.06.19 15:00:39   R_EXIT_MANAGER ticket=212 action=CLOSE_PENDING_RETRY reason=OWNER_R_EXIT_GENERAL_10M_DEADLINE attempt=398 sendOk=false stillOpen=true
CS	0	07:27:51.389	XAUUSD_AI_Sniper_EA_v6.25.24_REPLAY_ROOT_CONSOLIDATED_FIX (XAUUSD,M10)	2026.06.19 15:00:42   LOSS_CLOSE_BLOCKED #212 ctx=OWNER_R_EXIT_GENERAL_10M_DEADLINE pnl=$-584.96 closeLots=0.00 | Negative trades may close only by broker SL, manual close, or emergency margin/account protection.
CS	0	07:27:51.389	XAUUSD_AI_Sniper_EA_v6.25.24_REPLAY_ROOT_CONSOLIDATED_FIX (XAUUSD,M10)	2026.06.19 15:00:42   R_EXIT_MANAGER ticket=212 action=CLOSE_PENDING_RETRY reason=OWNER_R_EXIT_GENERAL_10M_DEADLINE attempt=399 sendOk=false stillOpen=true
CS	0	07:27:51.401	XAUUSD_AI_Sniper_EA_v6.25.24_REPLAY_ROOT_CONSOLIDATED_FIX (XAUUSD,M10)	2026.06.19 15:00:45   LOSS_CLOSE_BLOCKED #212 ctx=OWNER_R_EXIT_GENERAL_10M_DEADLINE pnl=$-576.64 closeLots=0.00 | Negative trades may close only by broker SL, manual close, or emergency margin/account protection.
CS	0	07:27:51.401	XAUUSD_AI_Sniper_EA_v6.25.24_REPLAY_ROOT_CONSOLIDATED_FIX (XAUUSD,M10)	2026.06.19 15:00:45   R_EXIT_MANAGER ticket=212 action=CLOSE_PENDING_RETRY reason=OWNER_R_EXIT_GENERAL_10M_DEADLINE attempt=400 sendOk=false stillOpen=true
CS	0	07:27:51.405	XAUUSD_AI_Sniper_EA_v6.25.24_REPLAY_ROOT_CONSOLIDATED_FIX (XAUUSD,M10)	2026.06.19 15:00:48   LOSS_CLOSE_BLOCKED #212 ctx=OWNER_R_EXIT_GENERAL_10M_DEADLINE pnl=$-595.84 closeLots=0.00 | Negative trades may close only by broker SL, manual close, or emergency margin/account protection.
CS	0	07:27:51.405	XAUUSD_AI_Sniper_EA_v6.25.24_REPLAY_ROOT_CONSOLIDATED_FIX (XAUUSD,M10)	2026.06.19 15:00:48   R_EXIT_MANAGER ticket=212 action=CLOSE_PENDING_RETRY reason=OWNER_R_EXIT_GENERAL_10M_DEADLINE attempt=401 sendOk=false stillOpen=true
CS	0	07:27:51.411	XAUUSD_AI_Sniper_EA_v6.25.24_REPLAY_ROOT_CONSOLIDATED_FIX (XAUUSD,M10)	2026.06.19 15:00:51   LOSS_CLOSE_BLOCKED #212 ctx=OWNER_R_EXIT_GENERAL_10M_DEADLINE pnl=$-599.04 closeLots=0.00 | Negative trades may close only by broker SL, manual close, or emergency margin/account protection.
CS	0	07:27:51.411	XAUUSD_AI_Sniper_EA_v6.25.24_REPLAY_ROOT_CONSOLIDATED_FIX (XAUUSD,M10)	2026.06.19 15:00:51   R_EXIT_MANAGER ticket=212 action=CLOSE_PENDING_RETRY reason=OWNER_R_EXIT_GENERAL_10M_DEADLINE attempt=402 sendOk=false stillOpen=true
CS	0	07:27:51.417	XAUUSD_AI_Sniper_EA_v6.25.24_REPLAY_ROOT_CONSOLIDATED_FIX (XAUUSD,M10)	2026.06.19 15:00:54   LOSS_CLOSE_BLOCKED #212 ctx=OWNER_R_EXIT_GENERAL_10M_DEADLINE pnl=$-596.48 closeLots=0.00 | Negative trades may close only by broker SL, manual close, or emergency margin/account protection.
CS	0	07:27:51.417	XAUUSD_AI_Sniper_EA_v6.25.24_REPLAY_ROOT_CONSOLIDATED_FIX (XAUUSD,M10)	2026.06.19 15:00:54   R_EXIT_MANAGER ticket=212 action=CLOSE_PENDING_RETRY reason=OWNER_R_EXIT_GENERAL_10M_DEADLINE attempt=403 sendOk=false stillOpen=true
CS	0	07:27:51.423	XAUUSD_AI_Sniper_EA_v6.25.24_REPLAY_ROOT_CONSOLIDATED_FIX (XAUUSD,M10)	2026.06.19 15:00:57   LOSS_CLOSE_BLOCKED #212 ctx=OWNER_R_EXIT_GENERAL_10M_DEADLINE pnl=$-605.44 closeLots=0.00 | Negative trades may close only by broker SL, manual close, or emergency margin/account protection.
CS	0	07:27:51.423	XAUUSD_AI_Sniper_EA_v6.25.24_REPLAY_ROOT_CONSOLIDATED_FIX (XAUUSD,M10)	2026.06.19 15:00:57   R_EXIT_MANAGER ticket=212 action=CLOSE_PENDING_RETRY reason=OWNER_R_EXIT_GENERAL_10M_DEADLINE attempt=404 sendOk=false stillOpen=true
CS	0	07:27:51.429	XAUUSD_AI_Sniper_EA_v6.25.24_REPLAY_ROOT_CONSOLIDATED_FIX (XAUUSD,M10)	2026.06.19 15:01:00   LOSS_CLOSE_BLOCKED #212 ctx=OWNER_R_EXIT_GENERAL_10M_DEADLINE pnl=$-604.16 closeLots=0.00 | Negative trades may close only by broker SL, manual close, or emergency margin/account protection.
CS	0	07:27:51.429	XAUUSD_AI_Sniper_EA_v6.25.24_REPLAY_ROOT_CONSOLIDATED_FIX (XAUUSD,M10)	2026.06.19 15:01:00   R_EXIT_MANAGER ticket=212 action=CLOSE_PENDING_RETRY reason=OWNER_R_EXIT_GENERAL_10M_DEADLINE attempt=405 sendOk=false stillOpen=true
CS	0	07:27:51.436	XAUUSD_AI_Sniper_EA_v6.25.24_REPLAY_ROOT_CONSOLIDATED_FIX (XAUUSD,M10)	2026.06.19 15:01:03   LOSS_CLOSE_BLOCKED #212 ctx=OWNER_R_EXIT_GENERAL_10M_DEADLINE pnl=$-600.32 closeLots=0.00 | Negative trades may close only by broker SL, manual close, or emergency margin/account protection.
CS	0	07:27:51.436	XAUUSD_AI_Sniper_EA_v6.25.24_REPLAY_ROOT_CONSOLIDATED_FIX (XAUUSD,M10)	2026.06.19 15:01:03   R_EXIT_MANAGER ticket=212 action=CLOSE_PENDING_RETRY reason=OWNER_R_EXIT_GENERAL_10M_DEADLINE attempt=406 sendOk=false stillOpen=true
CS	0	07:27:51.441	XAUUSD_AI_Sniper_EA_v6.25.24_REPLAY_ROOT_CONSOLIDATED_FIX (XAUUSD,M10)	2026.06.19 15:01:06   LOSS_CLOSE_BLOCKED #212 ctx=OWNER_R_EXIT_GENERAL_10M_DEADLINE pnl=$-583.68 closeLots=0.00 | Negative trades may close only by broker SL, manual close, or emergency margin/account protection.
CS	0	07:27:51.441	XAUUSD_AI_Sniper_EA_v6.25.24_REPLAY_ROOT_CONSOLIDATED_FIX (XAUUSD,M10)	2026.06.19 15:01:06   R_EXIT_MANAGER ticket=212 action=CLOSE_PENDING_RETRY reason=OWNER_R_EXIT_GENERAL_10M_DEADLINE attempt=407 sendOk=false stillOpen=true
CS	0	07:27:51.445	XAUUSD_AI_Sniper_EA_v6.25.24_REPLAY_ROOT_CONSOLIDATED_FIX (XAUUSD,M10)	2026.06.19 15:01:09   LOSS_CLOSE_BLOCKED #212 ctx=OWNER_R_EXIT_GENERAL_10M_DEADLINE pnl=$-579.20 closeLots=0.00 | Negative trades may close only by broker SL, manual close, or emergency margin/account protection.
CS	0	07:27:51.445	XAUUSD_AI_Sniper_EA_v6.25.24_REPLAY_ROOT_CONSOLIDATED_FIX (XAUUSD,M10)	2026.06.19 15:01:09   R_EXIT_MANAGER ticket=212 action=CLOSE_PENDING_RETRY reason=OWNER_R_EXIT_GENERAL_10M_DEADLINE attempt=408 sendOk=false stillOpen=true
CS	0	07:27:51.450	XAUUSD_AI_Sniper_EA_v6.25.24_REPLAY_ROOT_CONSOLIDATED_FIX (XAUUSD,M10)	2026.06.19 15:01:12   LOSS_CLOSE_BLOCKED #212 ctx=OWNER_R_EXIT_GENERAL_10M_DEADLINE pnl=$-635.52 closeLots=0.00 | Negative trades may close only by broker SL, manual close, or emergency margin/account protection.
CS	0	07:27:51.450	XAUUSD_AI_Sniper_EA_v6.25.24_REPLAY_ROOT_CONSOLIDATED_FIX (XAUUSD,M10)	2026.06.19 15:01:12   R_EXIT_MANAGER ticket=212 action=CLOSE_PENDING_RETRY reason=OWNER_R_EXIT_GENERAL_10M_DEADLINE attempt=409 sendOk=false stillOpen=true
CS	0	07:27:51.456	XAUUSD_AI_Sniper_EA_v6.25.24_REPLAY_ROOT_CONSOLIDATED_FIX (XAUUSD,M10)	2026.06.19 15:01:15   LOSS_CLOSE_BLOCKED #212 ctx=OWNER_R_EXIT_GENERAL_10M_DEADLINE pnl=$-609.28 closeLots=0.00 | Negative trades may close only by broker SL, manual close, or emergency margin/account protection.
CS	0	07:27:51.456	XAUUSD_AI_Sniper_EA_v6.25.24_REPLAY_ROOT_CONSOLIDATED_FIX (XAUUSD,M10)	2026.06.19 15:01:15   R_EXIT_MANAGER ticket=212 action=CLOSE_PENDING_RETRY reason=OWNER_R_EXIT_GENERAL_10M_DEADLINE attempt=410 sendOk=false stillOpen=true
CS	0	07:27:51.460	XAUUSD_AI_Sniper_EA_v6.25.24_REPLAY_ROOT_CONSOLIDATED_FIX (XAUUSD,M10)	2026.06.19 15:01:18   LOSS_CLOSE_BLOCKED #212 ctx=OWNER_R_EXIT_GENERAL_10M_DEADLINE pnl=$-604.16 closeLots=0.00 | Negative trades may close only by broker SL, manual close, or emergency margin/account protection.
CS	0	07:27:51.460	XAUUSD_AI_Sniper_EA_v6.25.24_REPLAY_ROOT_CONSOLIDATED_FIX (XAUUSD,M10)	2026.06.19 15:01:18   R_EXIT_MANAGER ticket=212 action=CLOSE_PENDING_RETRY reason=OWNER_R_EXIT_GENERAL_10M_DEADLINE attempt=411 sendOk=false stillOpen=true
CS	0	07:27:51.465	XAUUSD_AI_Sniper_EA_v6.25.24_REPLAY_ROOT_CONSOLIDATED_FIX (XAUUSD,M10)	2026.06.19 15:01:21   LOSS_CLOSE_BLOCKED #212 ctx=OWNER_R_EXIT_GENERAL_10M_DEADLINE pnl=$-601.60 closeLots=0.00 | Negative trades may close only by broker SL, manual close, or emergency margin/account protection.
CS	0	07:27:51.465	XAUUSD_AI_Sniper_EA_v6.25.24_REPLAY_ROOT_CONSOLIDATED_FIX (XAUUSD,M10)	2026.06.19 15:01:21   R_EXIT_MANAGER ticket=212 action=CLOSE_PENDING_RETRY reason=OWNER_R_EXIT_GENERAL_10M_DEADLINE attempt=412 sendOk=false stillOpen=true
CS	0	07:27:51.473	XAUUSD_AI_Sniper_EA_v6.25.24_REPLAY_ROOT_CONSOLIDATED_FIX (XAUUSD,M10)	2026.06.19 15:01:24   LOSS_CLOSE_BLOCKED #212 ctx=OWNER_R_EXIT_GENERAL_10M_DEADLINE pnl=$-625.92 closeLots=0.00 | Negative trades may close only by broker SL, manual close, or emergency margin/account protection.
CS	0	07:27:51.473	XAUUSD_AI_Sniper_EA_v6.25.24_REPLAY_ROOT_CONSOLIDATED_FIX (XAUUSD,M10)	2026.06.19 15:01:24   R_EXIT_MANAGER ticket=212 action=CLOSE_PENDING_RETRY reason=OWNER_R_EXIT_GENERAL_10M_DEADLINE attempt=413 sendOk=false stillOpen=true
CS	0	07:27:51.478	XAUUSD_AI_Sniper_EA_v6.25.24_REPLAY_ROOT_CONSOLIDATED_FIX (XAUUSD,M10)	2026.06.19 15:01:27   LOSS_CLOSE_BLOCKED #212 ctx=OWNER_R_EXIT_GENERAL_10M_DEADLINE pnl=$-650.24 closeLots=0.00 | Negative trades may close only by broker SL, manual close, or emergency margin/account protection.
CS	0	07:27:51.478	XAUUSD_AI_Sniper_EA_v6.25.24_REPLAY_ROOT_CONSOLIDATED_FIX (XAUUSD,M10)	2026.06.19 15:01:27   R_EXIT_MANAGER ticket=212 action=CLOSE_PENDING_RETRY reason=OWNER_R_EXIT_GENERAL_10M_DEADLINE attempt=414 sendOk=false stillOpen=true
CS	0	07:27:51.483	XAUUSD_AI_Sniper_EA_v6.25.24_REPLAY_ROOT_CONSOLIDATED_FIX (XAUUSD,M10)	2026.06.19 15:01:30   LOSS_CLOSE_BLOCKED #212 ctx=OWNER_R_EXIT_GENERAL_10M_DEADLINE pnl=$-653.44 closeLots=0.00 | Negative trades may close only by broker SL, manual close, or emergency margin/account protection.
CS	0	07:27:51.483	XAUUSD_AI_Sniper_EA_v6.25.24_REPLAY_ROOT_CONSOLIDATED_FIX (XAUUSD,M10)	2026.06.19 15:01:30   R_EXIT_MANAGER ticket=212 action=CLOSE_PENDING_RETRY reason=OWNER_R_EXIT_GENERAL_10M_DEADLINE attempt=415 sendOk=false stillOpen=true
CS	0	07:27:51.488	XAUUSD_AI_Sniper_EA_v6.25.24_REPLAY_ROOT_CONSOLIDATED_FIX (XAUUSD,M10)	2026.06.19 15:01:33   LOSS_CLOSE_BLOCKED #212 ctx=OWNER_R_EXIT_GENERAL_10M_DEADLINE pnl=$-659.20 closeLots=0.00 | Negative trades may close only by broker SL, manual close, or emergency margin/account protection.
CS	0	07:27:51.488	XAUUSD_AI_Sniper_EA_v6.25.24_REPLAY_ROOT_CONSOLIDATED_FIX (XAUUSD,M10)	2026.06.19 15:01:33   R_EXIT_MANAGER ticket=212 action=CLOSE_PENDING_RETRY reason=OWNER_R_EXIT_GENERAL_10M_DEADLINE attempt=416 sendOk=false stillOpen=true
CS	0	07:27:51.493	XAUUSD_AI_Sniper_EA_v6.25.24_REPLAY_ROOT_CONSOLIDATED_FIX (XAUUSD,M10)	2026.06.19 15:01:36   LOSS_CLOSE_BLOCKED #212 ctx=OWNER_R_EXIT_GENERAL_10M_DEADLINE pnl=$-661.76 closeLots=0.00 | Negative trades may close only by broker SL, manual close, or emergency margin/account protection.
CS	0	07:27:51.493	XAUUSD_AI_Sniper_EA_v6.25.24_REPLAY_ROOT_CONSOLIDATED_FIX (XAUUSD,M10)	2026.06.19 15:01:36   R_EXIT_MANAGER ticket=212 action=CLOSE_PENDING_RETRY reason=OWNER_R_EXIT_GENERAL_10M_DEADLINE attempt=417 sendOk=false stillOpen=true
CS	0	07:27:51.497	XAUUSD_AI_Sniper_EA_v6.25.24_REPLAY_ROOT_CONSOLIDATED_FIX (XAUUSD,M10)	2026.06.19 15:01:37   GENERAL_10M_EXTENSION_ORIGINAL_SL_HIT | position_id=212 | deadline=2026.06.19 14:40:37 | close_time=2026.06.19 15:01:37 | realized_r=-1.011
CS	0	07:27:51.497	XAUUSD_AI_Sniper_EA_v6.25.24_REPLAY_ROOT_CONSOLIDATED_FIX (XAUUSD,M10)	2026.06.19 15:01:37   R_EXIT_COUNTERFACTUAL positionId=212 ticket=212 exitReason=EXTERNAL_CLOSE_BROKER_SL riskUSD=678.37 addCount=1 exitR=-0.329 exitProfitUSD=-223.36 MFE_peakR=0.435 MFE_peakUSD=295.04 MAE_troughR=-0.351 MAE_troughUSD=-238.08 checkpoints: 0.20R=138.24 0.30R=204.16 0.40R=279.04 0.50R=n/a 0.75R=n/a 1.00R=n/a 
CS	0	07:27:51.500	XAUUSD_AI_Sniper_EA_v6.25.24_REPLAY_ROOT_CONSOLIDATED_FIX (XAUUSD,M10)	2026.06.19 15:01:37   TRADE-DIAG EXIT | posId=212 deal=213 reason=BROKER_SL profit=$-686.08 price=4157.35000 volume=0.64 spread=13 avgSpread=12.1 build=v62524-replay-consolidated-root-repair-20260722 inputHash=8671481160020536459
CS	0	07:27:51.504	XAUUSD_AI_Sniper_EA_v6.25.24_REPLAY_ROOT_CONSOLIDATED_FIX (XAUUSD,M10)	2026.06.19 15:01:37   TRADE-BRAIN CLOSE: APLUS_GIVEBACK_LOSS posId=212 setup=TREND_PULLBACK grade=A+ netProfit=$-686.08 bestFloating=$295.04 worstFloating=$-673.92 shieldArmed=N exitReason=BROKER_SL
