opportunity_id,machine,timestamp,original_direction,counter_direction,setup,reasonKey,grade,signal_price,atr,original_hit_1R,original_hit_1R_at_min,counter_mfe_R_5m,counter_mae_R_5m,counter_mfe_R_10m,counter_mae_R_10m,counter_mfe_R_15m,counter_mae_R_15m,counter_mfe_R_30m,counter_mae_R_30m,counter_mfe_R_60m,counter_mae_R_60m,counter_time_to_+0.2R_min,counter_time_to_+0.3R_min,counter_time_to_+0.5R_min,counter_time_to_-0.2R_min,counter_time_to_-0.3R_min,counter_time_to_-0.5R_min,sequence_0.2R_vs_0.2R,sequence_0.3R_vs_0.3R,sequence_0.5R_vs_0.5R,counter_max_MFE_R,counter_max_MAE_R,execution_note
VPS_20260707134514_BUY_TREND_PULLBACK,VPS,2026.07.07 13:45:14,BUY,SELL,TREND_PULLBACK,SPREAD_TOO_WIDE,A,4178.22,7.55,Y,10,0.584,0.0,1.092,0.0,1.22,0.0,1.328,0.0,1.504,0.0,5,5,5,,,,TARGET_FIRST,TARGET_FIRST,TARGET_FIRST,1.504,0.0,MIRRORED from original's own advATR/favATR at same real price path; does NOT include the extra spread cost of crossing to the opposite bid/ask side at entry (see report methodology note)
VPS_20260707174512_BUY_HTF_TREND_FOLLOW,VPS,2026.07.07 17:45:12,BUY,SELL,HTF_TREND_FOLLOW,BAD-LOCATION BLOCK,A,4147.36,2.8,Y,60,0.324,0.0,0.488,0.0,0.488,0.0,0.884,0.0,1.184,0.0,5,5,30,,,,TARGET_FIRST,TARGET_FIRST,TARGET_FIRST,1.184,0.0,MIRRORED from original's own advATR/favATR at same real price path; does NOT include the extra spread cost of crossing to the opposite bid/ask side at entry (see report methodology note)
VPS_20260707235514_SELL_TREND_PULLBACK,VPS,2026.07.07 23:55:14,SELL,BUY,TREND_PULLBACK,BAD-RR TRUE BLOCK,A,4097.7,4.28,Y,60,0.34,0.0,0.388,0.0,0.404,0.0,0.744,0.0,2.56,0.0,5,5,30,,,,TARGET_FIRST,TARGET_FIRST,TARGET_FIRST,2.56,0.0,MIRRORED from original's own advATR/favATR at same real price path; does NOT include the extra spread cost of crossing to the opposite bid/ask side at entry (see report methodology note)
VPS_20260708004016_BUY_BREAKOUT,VPS,2026.07.08 00:40:16,BUY,SELL,BREAKOUT,SMART-GUARD,A+,4125.15,5.49,Y,30,0.324,0.0,0.692,0.0,0.944,0.0,1.428,0.0,1.888,0.0,5,5,10,,,,TARGET_FIRST,TARGET_FIRST,TARGET_FIRST,1.888,0.0,MIRRORED from original's own advATR/favATR at same real price path; does NOT include the extra spread cost of crossing to the opposite bid/ask side at entry (see report methodology note)
VPS_20260708004515_BUY_SQUEEZE_RELEASE,VPS,2026.07.08 00:45:15,BUY,SELL,SQUEEZE_RELEASE,SPREAD_TOO_WIDE,A,4124.81,5.54,Y,15,0.66,0.0,0.912,0.0,1.388,0.0,1.388,0.0,1.844,0.0,5,5,5,,,,TARGET_FIRST,TARGET_FIRST,TARGET_FIRST,1.844,0.0,MIRRORED from original's own advATR/favATR at same real price path; does NOT include the extra spread cost of crossing to the opposite bid/ask side at entry (see report methodology note)
VPS_20260708014016_SELL_TREND_PULLBACK,VPS,2026.07.08 01:40:16,SELL,BUY,TREND_PULLBACK,BAD-LOCATION BLOCK,A,4100.45,7.68,Y,60,0.584,0.0,0.584,0.0,0.584,0.0,0.772,0.0,1.012,0.0,5,5,5,,,,TARGET_FIRST,TARGET_FIRST,TARGET_FIRST,1.012,0.0,MIRRORED from original's own advATR/favATR at same real price path; does NOT include the extra spread cost of crossing to the opposite bid/ask side at entry (see report methodology note)
VPS_20260708062514_BUY_BREAKOUT,VPS,2026.07.08 06:25:14,BUY,SELL,BREAKOUT,SPREAD_TOO_WIDE,A,4131.76,4.87,Y,60,0.42,0.0,0.424,0.0,0.424,0.0,0.6,0.0,1.3,0.0,5,5,30,,,,TARGET_FIRST,TARGET_FIRST,TARGET_FIRST,1.3,0.0,MIRRORED from original's own advATR/favATR at same real price path; does NOT include the extra spread cost of crossing to the opposite bid/ask side at entry (see report methodology note)
VPS_20260708072013_SELL_SQUEEZE_RELEASE,VPS,2026.07.08 07:20:13,SELL,BUY,SQUEEZE_RELEASE,SPREAD_TOO_WIDE,A,4115.75,3.89,Y,30,0.296,0.0,0.464,0.0,0.76,0.0,1.084,0.0,1.084,1.98,5,10,15,60,60,60,TARGET_FIRST,TARGET_FIRST,TARGET_FIRST,1.084,1.98,MIRRORED from original's own advATR/favATR at same real price path; does NOT include the extra spread cost of crossing to the opposite bid/ask side at entry (see report methodology note)
VPS_20260708161301_SELL_TREND_PULLBACK,VPS,2026.07.08 16:13:01,SELL,BUY,TREND_PULLBACK,Personality mismatch,PERSONALITY,4041.0,6.57,Y,30,0.0,0.12,0.0,0.12,0.104,0.12,1.004,0.12,2.1,0.12,30,30,30,,,,TARGET_FIRST,TARGET_FIRST,TARGET_FIRST,2.1,0.12,MIRRORED from original's own advATR/favATR at same real price path; does NOT include the extra spread cost of crossing to the opposite bid/ask side at entry (see report methodology note)
VPS_20260708161602_SELL_TREND_PULLBACK,VPS,2026.07.08 16:16:02,SELL,BUY,TREND_PULLBACK,NEWS FILTER (high-impact event nearby),B,4038.61,6.47,Y,30,0.136,0.0,0.256,0.0,0.256,0.0,1.204,0.0,2.28,0.0,10,30,30,,,,TARGET_FIRST,TARGET_FIRST,TARGET_FIRST,2.28,0.0,MIRRORED from original's own advATR/favATR at same real price path; does NOT include the extra spread cost of crossing to the opposite bid/ask side at entry (see report methodology note)
VPS_20260708162007_SELL_TREND_PULLBACK,VPS,2026.07.08 16:20:07,SELL,BUY,TREND_PULLBACK,CALIBRATED_ENTRY_QUALITY,B,4040.68,6.27,Y,30,0.0,0.108,0.132,0.108,0.132,0.108,1.112,0.108,2.22,0.108,30,30,30,,,,TARGET_FIRST,TARGET_FIRST,TARGET_FIRST,2.22,0.108,MIRRORED from original's own advATR/favATR at same real price path; does NOT include the extra spread cost of crossing to the opposite bid/ask side at entry (see report methodology note)
VPS_20260708180010_SELL_TREND_PULLBACK,VPS,2026.07.08 18:00:10,SELL,BUY,TREND_PULLBACK,CALENDAR,A,4064.15,4.68,Y,5,1.08,0.0,1.304,0.0,1.96,0.0,2.288,0.0,2.288,0.0,5,5,5,,,,TARGET_FIRST,TARGET_FIRST,TARGET_FIRST,2.288,0.0,MIRRORED from original's own advATR/favATR at same real price path; does NOT include the extra spread cost of crossing to the opposite bid/ask side at entry (see report methodology note)
VPS_20260708235020_SELL_TREND_PULLBACK,VPS,2026.07.08 23:50:20,SELL,BUY,TREND_PULLBACK,A+ EVIDENCE DEMOTION,A,4072.14,2.53,Y,10,0.816,0.0,1.192,0.0,1.192,0.0,2.64,0.0,2.64,0.184,5,5,5,,,,TARGET_FIRST,TARGET_FIRST,TARGET_FIRST,2.64,0.184,MIRRORED from original's own advATR/favATR at same real price path; does NOT include the extra spread cost of crossing to the opposite bid/ask side at entry (see report methodology note)
VPS_20260709000504_BUY_BREAKOUT,VPS,2026.07.09 00:05:04,BUY,SELL,BREAKOUT,B-GRADE QUALITY BLOCK,B,4079.94,2.88,Y,60,0.072,0.0,0.072,1.236,0.352,1.236,0.352,1.236,1.608,1.236,15,15,60,10,10,10,STOP_FIRST,STOP_FIRST,STOP_FIRST,1.608,1.236,MIRRORED from original's own advATR/favATR at same real price path; does NOT include the extra spread cost of crossing to the opposite bid/ask side at entry (see report methodology note)
VPS_20260709001007_SELL_TREND_PULLBACK,VPS,2026.07.09 00:10:07,SELL,BUY,TREND_PULLBACK,SMART-GUARD,A+,4078.31,3.11,Y,5,1.356,0.0,1.356,0.116,1.356,0.116,1.356,0.116,1.356,1.28,5,5,5,60,60,60,TARGET_FIRST,TARGET_FIRST,TARGET_FIRST,1.356,1.28,MIRRORED from original's own advATR/favATR at same real price path; does NOT include the extra spread cost of crossing to the opposite bid/ask side at entry (see report methodology note)
VPS_20260709021010_BUY_TREND_PULLBACK,VPS,2026.07.09 02:10:10,BUY,SELL,TREND_PULLBACK,SMART-GUARD,SKIP,4075.67,5.89,Y,60,0.0,0.124,0.0,0.28,0.0,0.384,0.18,0.384,1.156,0.384,60,60,60,10,15,,STOP_FIRST,STOP_FIRST,TARGET_FIRST,1.156,0.384,MIRRORED from original's own advATR/favATR at same real price path; does NOT include the extra spread cost of crossing to the opposite bid/ask side at entry (see report methodology note)
VPS_20260709100516_BUY_ASIA_BREAKOUT,VPS,2026.07.09 10:05:16,BUY,SELL,ASIA_BREAKOUT,STI_REENTRY_WAIT ,A,4109.07,3.54,Y,60,0.192,0.0,0.416,0.0,0.508,0.0,0.548,0.0,1.48,0.0,10,10,15,,,,TARGET_FIRST,TARGET_FIRST,TARGET_FIRST,1.48,0.0,MIRRORED from original's own advATR/favATR at same real price path; does NOT include the extra spread cost of crossing to the opposite bid/ask side at entry (see report methodology note)
VPS_20260709101019_BUY_TREND_PULLBACK,VPS,2026.07.09 10:10:19,BUY,SELL,TREND_PULLBACK,CALIBRATED_ENTRY_QUALITY,A,4107.69,3.65,Y,60,0.248,0.0,0.34,0.0,0.376,0.0,0.412,0.0,1.28,0.0,5,10,60,,,,TARGET_FIRST,TARGET_FIRST,TARGET_FIRST,1.28,0.0,MIRRORED from original's own advATR/favATR at same real price path; does NOT include the extra spread cost of crossing to the opposite bid/ask side at entry (see report methodology note)
VPS_20260709102022_BUY_TREND_PULLBACK,VPS,2026.07.09 10:20:22,BUY,SELL,TREND_PULLBACK,TREND-CONTINUATION MODE,A,4105.44,3.54,Y,30,0.136,0.0,0.136,0.0,0.168,0.0,1.068,0.0,,,30,30,30,,,,TARGET_FIRST,TARGET_FIRST,TARGET_FIRST,1.068,0.0,MIRRORED from original's own advATR/favATR at same real price path; does NOT include the extra spread cost of crossing to the opposite bid/ask side at entry (see report methodology note)
VPS_20260709105509_SELL_BREAKOUT,VPS,2026.07.09 10:55:09,SELL,BUY,BREAKOUT,SMART-GUARD,A+,4096.1,3.23,Y,15,0.844,0.0,0.844,0.0,1.08,0.0,,,,,5,5,5,,,,TARGET_FIRST,TARGET_FIRST,TARGET_FIRST,1.08,0.0,MIRRORED from original's own advATR/favATR at same real price path; does NOT include the extra spread cost of crossing to the opposite bid/ask side at entry (see report methodology note)
VPS_20260709113012_SELL_SQUEEZE_RELEASE,VPS,2026.07.09 11:30:12,SELL,BUY,SQUEEZE_RELEASE,CALIBRATED_ENTRY_QUALITY,B,4101.74,3.74,Y,60,0.396,0.0,0.492,0.0,0.492,0.0,0.68,0.0,1.508,0.0,5,5,30,,,,TARGET_FIRST,TARGET_FIRST,TARGET_FIRST,1.508,0.0,MIRRORED from original's own advATR/favATR at same real price path; does NOT include the extra spread cost of crossing to the opposite bid/ask side at entry (see report methodology note)
VPS_20260709130003_SELL_HTF_TREND_FOLLOW,VPS,2026.07.09 13:00:03,SELL,BUY,HTF_TREND_FOLLOW,BAD-LOCATION BLOCK,A,4108.83,5.96,Y,30,0.156,0.0,0.52,0.0,0.816,0.0,1.172,0.0,,,10,10,10,,,,TARGET_FIRST,TARGET_FIRST,TARGET_FIRST,1.172,0.0,MIRRORED from original's own advATR/favATR at same real price path; does NOT include the extra spread cost of crossing to the opposite bid/ask side at entry (see report methodology note)
VPS_20260709174627_BUY_TREND_PULLBACK,VPS,2026.07.09 17:46:27,BUY,SELL,TREND_PULLBACK,BAD-LOCATION BLOCK,B,4135.09,3.62,Y,60,0.0,0.06,0.0,0.096,0.44,0.096,0.836,0.096,1.336,0.096,15,15,30,,,,TARGET_FIRST,TARGET_FIRST,TARGET_FIRST,1.336,0.096,MIRRORED from original's own advATR/favATR at same real price path; does NOT include the extra spread cost of crossing to the opposite bid/ask side at entry (see report methodology note)
VPS_20260709180016_BUY_TREND_PULLBACK,VPS,2026.07.09 18:00:16,BUY,SELL,TREND_PULLBACK,TREND-CONTINUATION MODE,B,4136.12,3.74,Y,30,0.536,0.0,0.796,0.0,0.916,0.0,1.36,0.0,1.404,0.0,5,5,5,,,,TARGET_FIRST,TARGET_FIRST,TARGET_FIRST,1.404,0.0,MIRRORED from original's own advATR/favATR at same real price path; does NOT include the extra spread cost of crossing to the opposite bid/ask side at entry (see report methodology note)
VPS_20260709234048_BUY_TREND_PULLBACK,VPS,2026.07.09 23:40:48,BUY,SELL,TREND_PULLBACK,TREND-CONTINUATION MODE,A,4122.63,1.84,Y,60,0.104,0.232,0.104,0.232,0.104,0.312,0.104,0.312,1.192,0.312,60,60,60,5,15,,STOP_FIRST,STOP_FIRST,TARGET_FIRST,1.192,0.312,MIRRORED from original's own advATR/favATR at same real price path; does NOT include the extra spread cost of crossing to the opposite bid/ask side at entry (see report methodology note)
VPS_20260709234520_BUY_TREND_PULLBACK,VPS,2026.07.09 23:45:20,BUY,SELL,TREND_PULLBACK,CALIBRATED_ENTRY_QUALITY,A,4122.03,1.8,Y,60,0.0,0.372,0.0,0.372,0.0,0.452,0.088,0.452,1.092,0.636,60,60,60,5,5,60,STOP_FIRST,STOP_FIRST,SIMULTANEOUS_SAME_CHECKPOINT,1.092,0.636,MIRRORED from original's own advATR/favATR at same real price path; does NOT include the extra spread cost of crossing to the opposite bid/ask side at entry (see report methodology note)
VPS_20260709235036_BUY_TREND_PULLBACK,VPS,2026.07.09 23:50:36,BUY,SELL,TREND_PULLBACK,BAD-TIMING BLOCK,SKIP,4123.94,1.85,Y,60,0.192,0.028,0.192,0.028,0.244,0.028,0.496,0.028,1.468,0.204,15,30,60,60,,,TARGET_FIRST,TARGET_FIRST,TARGET_FIRST,1.468,0.204,MIRRORED from original's own advATR/favATR at same real price path; does NOT include the extra spread cost of crossing to the opposite bid/ask side at entry (see report methodology note)
VPS_20260710000514_BUY_TREND_PULLBACK,VPS,2026.07.10 00:05:14,BUY,SELL,TREND_PULLBACK,B-GRADE QUALITY BLOCK,B,4124.69,2.12,Y,30,0.352,0.0,0.576,0.0,0.576,0.0,1.424,0.0,1.424,0.392,5,5,10,60,60,,TARGET_FIRST,TARGET_FIRST,TARGET_FIRST,1.424,0.392,MIRRORED from original's own advATR/favATR at same real price path; does NOT include the extra spread cost of crossing to the opposite bid/ask side at entry (see report methodology note)
VPS_20260710002603_SELL_BREAKOUT,VPS,2026.07.10 00:26:03,SELL,BUY,BREAKOUT,B-GRADE QUALITY BLOCK,B,4119.21,2.5,Y,30,0.0,0.332,0.0,0.332,0.648,0.332,1.212,0.332,1.212,0.332,15,15,15,5,5,,STOP_FIRST,STOP_FIRST,TARGET_FIRST,1.212,0.332,MIRRORED from original's own advATR/favATR at same real price path; does NOT include the extra spread cost of crossing to the opposite bid/ask side at entry (see report methodology note)
VPS_20260710005513_BUY_SQUEEZE_RELEASE,VPS,2026.07.10 00:55:13,BUY,SELL,SQUEEZE_RELEASE,CALIBRATED_ENTRY_QUALITY,A,4123.27,3.86,Y,60,0.028,0.364,0.028,0.364,0.028,0.364,0.072,0.364,1.384,0.364,60,60,60,5,5,,STOP_FIRST,STOP_FIRST,TARGET_FIRST,1.384,0.364,MIRRORED from original's own advATR/favATR at same real price path; does NOT include the extra spread cost of crossing to the opposite bid/ask side at entry (see report methodology note)
VPS_20260710011511_BUY_TREND_PULLBACK,VPS,2026.07.10 01:15:11,BUY,SELL,TREND_PULLBACK,CALIBRATED_ENTRY_QUALITY,A,4126.09,5.18,Y,30,0.272,0.0,0.272,0.0,0.452,0.0,1.248,0.0,1.248,0.056,5,15,30,,,,TARGET_FIRST,TARGET_FIRST,TARGET_FIRST,1.248,0.056,MIRRORED from original's own advATR/favATR at same real price path; does NOT include the extra spread cost of crossing to the opposite bid/ask side at entry (see report methodology note)
VPS_20260710033015_BUY_TREND_PULLBACK,VPS,2026.07.10 03:30:15,BUY,SELL,TREND_PULLBACK,TREND-CONTINUATION MODE,A,4124.26,4.23,Y,60,0.0,0.252,0.108,0.252,0.184,0.252,0.416,0.252,1.032,0.252,30,30,60,5,,,STOP_FIRST,TARGET_FIRST,TARGET_FIRST,1.032,0.252,MIRRORED from original's own advATR/favATR at same real price path; does NOT include the extra spread cost of crossing to the opposite bid/ask side at entry (see report methodology note)
VPS_20260710054115_SELL_TREND_PULLBACK,VPS,2026.07.10 05:41:15,SELL,BUY,TREND_PULLBACK,Personality mismatch,PERSONALITY,4111.23,3.01,Y,15,0.256,0.0,0.44,0.0,1.032,0.0,1.032,0.0,1.032,0.0,5,10,15,,,,TARGET_FIRST,TARGET_FIRST,TARGET_FIRST,1.032,0.0,MIRRORED from original's own advATR/favATR at same real price path; does NOT include the extra spread cost of crossing to the opposite bid/ask side at entry (see report methodology note)
MAC_20260601010014_SELL_BREAKOUT,MAC,2026.06.01 01:00:14,SELL,BUY,BREAKOUT,B-GRADE QUALITY BLOCK,B,4521.59,3.04,Y,10,0.504,0.156,1.74,0.156,1.972,0.156,1.972,0.156,1.972,0.156,5,5,5,,,,TARGET_FIRST,TARGET_FIRST,TARGET_FIRST,1.972,0.156,MIRRORED from original's own advATR/favATR at same real price path; does NOT include the extra spread cost of crossing to the opposite bid/ask side at entry (see report methodology note)
MAC_20260601051512_BUY_TREND_PULLBACK,MAC,2026.06.01 05:15:12,BUY,SELL,TREND_PULLBACK,B-GRADE QUALITY BLOCK,B,4532.89,5.83,Y,60,0.032,0.0,0.08,0.0,0.228,0.0,0.676,0.0,1.044,0.0,15,30,30,,,,TARGET_FIRST,TARGET_FIRST,TARGET_FIRST,1.044,0.0,MIRRORED from original's own advATR/favATR at same real price path; does NOT include the extra spread cost of crossing to the opposite bid/ask side at entry (see report methodology note)
MAC_20260601052012_BUY_TREND_PULLBACK,MAC,2026.06.01 05:20:12,BUY,SELL,TREND_PULLBACK,SMART-GUARD,SKIP,4532.51,5.42,Y,60,0.06,0.0,0.216,0.0,0.372,0.0,0.748,0.0,1.096,0.0,10,15,30,,,,TARGET_FIRST,TARGET_FIRST,TARGET_FIRST,1.096,0.0,MIRRORED from original's own advATR/favATR at same real price path; does NOT include the extra spread cost of crossing to the opposite bid/ask side at entry (see report methodology note)
MAC_20260601075015_SELL_TREND_PULLBACK,MAC,2026.06.01 07:50:15,SELL,BUY,TREND_PULLBACK,SMART-GUARD,A,4511.11,3.33,Y,30,0.468,0.0,0.58,0.0,0.636,0.0,1.34,0.0,1.34,0.0,5,5,10,,,,TARGET_FIRST,TARGET_FIRST,TARGET_FIRST,1.34,0.0,MIRRORED from original's own advATR/favATR at same real price path; does NOT include the extra spread cost of crossing to the opposite bid/ask side at entry (see report methodology note)
MAC_20260601075513_SELL_TREND_PULLBACK,MAC,2026.06.01 07:55:13,SELL,BUY,TREND_PULLBACK,FAILED-IMPULSE BLOCK,A,4513.72,3.26,Y,30,0.272,0.0,0.328,0.0,0.56,0.0,1.048,0.0,1.048,0.0,5,10,15,,,,TARGET_FIRST,TARGET_FIRST,TARGET_FIRST,1.048,0.0,MIRRORED from original's own advATR/favATR at same real price path; does NOT include the extra spread cost of crossing to the opposite bid/ask side at entry (see report methodology note)
MAC_20260602031012_SELL_TREND_PULLBACK,MAC,2026.06.02 03:10:12,SELL,BUY,TREND_PULLBACK,SMART-GUARD,A,4480.23,3.43,Y,15,0.444,0.0,0.592,0.0,1.076,0.0,1.56,0.0,1.56,0.0,5,5,10,,,,TARGET_FIRST,TARGET_FIRST,TARGET_FIRST,1.56,0.0,MIRRORED from original's own advATR/favATR at same real price path; does NOT include the extra spread cost of crossing to the opposite bid/ask side at entry (see report methodology note)
MAC_20260602033012_BUY_BREAKOUT,MAC,2026.06.02 03:30:12,BUY,SELL,BREAKOUT,B-GRADE QUALITY BLOCK,B,4493.71,3.96,Y,30,0.412,0.0,0.456,0.0,0.708,0.0,1.24,0.0,1.344,0.0,5,5,15,,,,TARGET_FIRST,TARGET_FIRST,TARGET_FIRST,1.344,0.0,MIRRORED from original's own advATR/favATR at same real price path; does NOT include the extra spread cost of crossing to the opposite bid/ask side at entry (see report methodology note)
MAC_20260602062512_SELL_TREND_PULLBACK,MAC,2026.06.02 06:25:12,SELL,BUY,TREND_PULLBACK,B-GRADE QUALITY BLOCK,B,4489.66,4.64,Y,60,0.508,0.0,0.508,0.0,0.508,0.0,0.736,0.0,1.596,0.0,5,5,5,,,,TARGET_FIRST,TARGET_FIRST,TARGET_FIRST,1.596,0.0,MIRRORED from original's own advATR/favATR at same real price path; does NOT include the extra spread cost of crossing to the opposite bid/ask side at entry (see report methodology note)
MAC_20260602063512_SELL_TREND_PULLBACK,MAC,2026.06.02 06:35:12,SELL,BUY,TREND_PULLBACK,SMART-GUARD,SKIP,4494.48,5.13,Y,60,0.0,0.0,0.22,0.0,0.292,0.0,0.632,0.0,1.124,0.0,10,30,30,,,,TARGET_FIRST,TARGET_FIRST,TARGET_FIRST,1.124,0.0,MIRRORED from original's own advATR/favATR at same real price path; does NOT include the extra spread cost of crossing to the opposite bid/ask side at entry (see report methodology note)
MAC_20260602152512_BUY_TREND_PULLBACK,MAC,2026.06.02 15:25:12,BUY,SELL,TREND_PULLBACK,B-GRADE QUALITY BLOCK,B,4531.6,3.03,Y,30,0.868,0.0,0.868,0.0,0.868,0.0,2.196,0.0,2.736,0.0,5,5,5,,,,TARGET_FIRST,TARGET_FIRST,TARGET_FIRST,2.736,0.0,MIRRORED from original's own advATR/favATR at same real price path; does NOT include the extra spread cost of crossing to the opposite bid/ask side at entry (see report methodology note)
MAC_20260603024500_SELL_SQUEEZE_RELEASE,MAC,2026.06.03 02:45:00,SELL,BUY,SQUEEZE_RELEASE,FAILED-IMPULSE BLOCK,B,4474.84,6.01,Y,60,0.0,0.188,0.0,0.188,0.0,0.188,0.224,0.188,1.364,0.188,30,60,60,,,,TARGET_FIRST,TARGET_FIRST,TARGET_FIRST,1.364,0.188,MIRRORED from original's own advATR/favATR at same real price path; does NOT include the extra spread cost of crossing to the opposite bid/ask side at entry (see report methodology note)
MAC_20260603025003_SELL_TREND_PULLBACK,MAC,2026.06.03 02:50:03,SELL,BUY,TREND_PULLBACK,Trade blocked — spread,A,4470.9,6.32,Y,60,0.076,0.0,0.22,0.0,0.46,0.0,0.46,0.0,1.544,0.0,10,15,60,,,,TARGET_FIRST,TARGET_FIRST,TARGET_FIRST,1.544,0.0,MIRRORED from original's own advATR/favATR at same real price path; does NOT include the extra spread cost of crossing to the opposite bid/ask side at entry (see report methodology note)
MAC_20260603025512_SELL_TREND_PULLBACK,MAC,2026.06.03 02:55:12,SELL,BUY,TREND_PULLBACK,SMART-GUARD,A,4471.99,6.45,Y,60,0.148,0.0,0.384,0.0,0.384,0.0,0.456,0.0,1.448,0.0,10,10,60,,,,TARGET_FIRST,TARGET_FIRST,TARGET_FIRST,1.448,0.0,MIRRORED from original's own advATR/favATR at same real price path; does NOT include the extra spread cost of crossing to the opposite bid/ask side at entry (see report methodology note)
MAC_20260603030012_SELL_TREND_PULLBACK,MAC,2026.06.03 03:00:12,SELL,BUY,TREND_PULLBACK,FAILED-IMPULSE BLOCK,A,4474.48,6.11,Y,60,0.24,0.0,0.24,0.0,0.24,0.0,0.612,0.0,1.364,0.0,5,30,30,,,,TARGET_FIRST,TARGET_FIRST,TARGET_FIRST,1.364,0.0,MIRRORED from original's own advATR/favATR at same real price path; does NOT include the extra spread cost of crossing to the opposite bid/ask side at entry (see report methodology note)
MAC_20260603125512_SELL_TREND_PULLBACK,MAC,2026.06.03 12:55:12,SELL,BUY,TREND_PULLBACK,BAD-RR TIMING BLOCK,A,4444.09,6.36,Y,15,0.0,0.104,0.268,0.104,1.196,0.104,,,,,10,15,15,,,,TARGET_FIRST,TARGET_FIRST,TARGET_FIRST,1.196,0.104,MIRRORED from original's own advATR/favATR at same real price path; does NOT include the extra spread cost of crossing to the opposite bid/ask side at entry (see report methodology note)
MAC_20260603130512_SELL_TREND_PULLBACK,MAC,2026.06.03 13:05:12,SELL,BUY,TREND_PULLBACK,FAILED-IMPULSE BLOCK,A,4448.24,5.96,Y,5,1.0,0.0,,,,,,,,,5,5,5,,,,TARGET_FIRST,TARGET_FIRST,TARGET_FIRST,1.0,0.0,MIRRORED from original's own advATR/favATR at same real price path; does NOT include the extra spread cost of crossing to the opposite bid/ask side at entry (see report methodology note)
MAC_20260603212012_SELL_TREND_PULLBACK,MAC,2026.06.03 21:20:12,SELL,BUY,TREND_PULLBACK,BAD-RR TIMING BLOCK,A,4437.67,3.17,Y,30,0.14,0.0,0.452,0.0,0.452,0.0,1.008,0.0,1.816,0.0,10,10,30,,,,TARGET_FIRST,TARGET_FIRST,TARGET_FIRST,1.816,0.0,MIRRORED from original's own advATR/favATR at same real price path; does NOT include the extra spread cost of crossing to the opposite bid/ask side at entry (see report methodology note)
MAC_20260603212512_SELL_TREND_PULLBACK,MAC,2026.06.03 21:25:12,SELL,BUY,TREND_PULLBACK,LATE-CHASE ENTRY BLOCK,A,4438.52,3.05,Y,60,0.356,0.0,0.356,0.0,0.356,0.0,0.936,0.0,1.776,0.0,5,5,30,,,,TARGET_FIRST,TARGET_FIRST,TARGET_FIRST,1.776,0.0,MIRRORED from original's own advATR/favATR at same real price path; does NOT include the extra spread cost of crossing to the opposite bid/ask side at entry (see report methodology note)
MAC_20260604010052_SELL_TREND_PULLBACK,MAC,2026.06.04 01:00:52,SELL,BUY,TREND_PULLBACK,SMART-GUARD,A+,4436.54,2.87,Y,60,0.0,0.44,0.0,0.64,0.0,1.364,0.432,1.364,1.808,1.364,30,30,60,5,5,10,STOP_FIRST,STOP_FIRST,STOP_FIRST,1.808,1.364,MIRRORED from original's own advATR/favATR at same real price path; does NOT include the extra spread cost of crossing to the opposite bid/ask side at entry (see report methodology note)
MAC_20260604011512_SELL_BREAKOUT,MAC,2026.06.04 01:15:12,SELL,BUY,BREAKOUT,BAD-RR TIMING BLOCK,A,4431.85,3.72,Y,60,0.0,0.552,0.0,0.552,0.84,0.552,0.84,0.552,1.904,0.552,15,15,15,5,5,5,STOP_FIRST,STOP_FIRST,STOP_FIRST,1.904,0.552,MIRRORED from original's own advATR/favATR at same real price path; does NOT include the extra spread cost of crossing to the opposite bid/ask side at entry (see report methodology note)
MAC_20260604012014_SELL_BREAKOUT,MAC,2026.06.04 01:20:14,SELL,BUY,BREAKOUT,SMART-GUARD,A,4426.68,4.11,Y,10,0.716,0.0,1.264,0.0,1.264,0.0,1.264,0.0,2.392,0.0,5,5,5,,,,TARGET_FIRST,TARGET_FIRST,TARGET_FIRST,2.392,0.0,MIRRORED from original's own advATR/favATR at same real price path; does NOT include the extra spread cost of crossing to the opposite bid/ask side at entry (see report methodology note)
MAC_20260604012512_SELL_SQUEEZE_RELEASE,MAC,2026.06.04 01:25:12,SELL,BUY,SQUEEZE_RELEASE,BAD-LOCATION BLOCK,A,4430.57,4.32,Y,60,0.84,0.0,0.84,0.0,0.84,0.0,0.84,0.0,1.912,0.0,5,5,5,,,,TARGET_FIRST,TARGET_FIRST,TARGET_FIRST,1.912,0.0,MIRRORED from original's own advATR/favATR at same real price path; does NOT include the extra spread cost of crossing to the opposite bid/ask side at entry (see report methodology note)
MAC_20260604013000_SELL_TREND_PULLBACK,MAC,2026.06.04 01:30:00,SELL,BUY,TREND_PULLBACK,FAILED-IMPULSE BLOCK,A,4434.03,4.48,Y,30,0.5,0.0,0.5,0.0,0.5,0.0,1.384,0.0,1.604,0.0,5,5,5,,,,TARGET_FIRST,TARGET_FIRST,TARGET_FIRST,1.604,0.0,MIRRORED from original's own advATR/favATR at same real price path; does NOT include the extra spread cost of crossing to the opposite bid/ask side at entry (see report methodology note)
MAC_20260604014012_SELL_TREND_PULLBACK,MAC,2026.06.04 01:40:12,SELL,BUY,TREND_PULLBACK,A+ TIMING DEMOTION,A,4436.1,4.79,Y,30,0.16,0.0,0.232,0.0,0.28,0.0,1.124,0.0,1.332,0.0,10,30,30,,,,TARGET_FIRST,TARGET_FIRST,TARGET_FIRST,1.332,0.0,MIRRORED from original's own advATR/favATR at same real price path; does NOT include the extra spread cost of crossing to the opposite bid/ask side at entry (see report methodology note)
MAC_20260604074512_BUY_BREAKOUT,MAC,2026.06.04 07:45:12,BUY,SELL,BREAKOUT,BAD-LOCATION BLOCK,B,4483.16,4.25,Y,60,0.364,0.0,0.364,0.0,0.364,0.0,0.88,0.0,1.056,0.0,5,5,30,,,,TARGET_FIRST,TARGET_FIRST,TARGET_FIRST,1.056,0.0,MIRRORED from original's own advATR/favATR at same real price path; does NOT include the extra spread cost of crossing to the opposite bid/ask side at entry (see report methodology note)
MAC_20260604075012_BUY_TREND_PULLBACK,MAC,2026.06.04 07:50:12,BUY,SELL,TREND_PULLBACK,BAD-LOCATION BLOCK,B,4479.43,4.24,Y,60,0.0,0.032,0.0,0.164,0.176,0.164,0.528,0.164,1.0,0.164,30,30,30,,,,TARGET_FIRST,TARGET_FIRST,TARGET_FIRST,1.0,0.164,MIRRORED from original's own advATR/favATR at same real price path; does NOT include the extra spread cost of crossing to the opposite bid/ask side at entry (see report methodology note)
MAC_20260604080012_BUY_TREND_PULLBACK,MAC,2026.06.04 08:00:12,BUY,SELL,TREND_PULLBACK,SMART-GUARD,A,4481.43,4.04,Y,60,0.384,0.0,0.752,0.0,0.752,0.0,0.92,0.0,1.3,0.0,5,5,10,,,,TARGET_FIRST,TARGET_FIRST,TARGET_FIRST,1.3,0.0,MIRRORED from original's own advATR/favATR at same real price path; does NOT include the extra spread cost of crossing to the opposite bid/ask side at entry (see report methodology note)
MAC_20260604162012_BUY_TREND_PULLBACK,MAC,2026.06.04 16:20:12,BUY,SELL,TREND_PULLBACK,BAD-LOCATION BLOCK,B,4508.74,5.86,Y,60,0.304,0.0,0.304,0.0,0.304,0.0,0.304,0.396,1.524,0.396,5,5,60,30,30,,TARGET_FIRST,TARGET_FIRST,TARGET_FIRST,1.524,0.396,MIRRORED from original's own advATR/favATR at same real price path; does NOT include the extra spread cost of crossing to the opposite bid/ask side at entry (see report methodology note)
MAC_20260604162512_BUY_TREND_PULLBACK,MAC,2026.06.04 16:25:12,BUY,SELL,TREND_PULLBACK,B-GRADE QUALITY BLOCK,B,4504.36,5.68,Y,60,0.0,0.08,0.0,0.12,0.0,0.408,0.456,0.716,1.336,0.716,30,30,60,15,15,30,STOP_FIRST,STOP_FIRST,STOP_FIRST,1.336,0.716,MIRRORED from original's own advATR/favATR at same real price path; does NOT include the extra spread cost of crossing to the opposite bid/ask side at entry (see report methodology note)
MAC_20260604170512_BUY_TREND_PULLBACK,MAC,2026.06.04 17:05:12,BUY,SELL,TREND_PULLBACK,SMART-GUARD,A,4496.61,7.09,Y,60,0.404,0.0,0.552,0.0,0.576,0.0,0.92,0.0,1.824,0.0,5,5,10,,,,TARGET_FIRST,TARGET_FIRST,TARGET_FIRST,1.824,0.0,MIRRORED from original's own advATR/favATR at same real price path; does NOT include the extra spread cost of crossing to the opposite bid/ask side at entry (see report methodology note)
MAC_20260604212512_BUY_TREND_PULLBACK,MAC,2026.06.04 21:25:12,BUY,SELL,TREND_PULLBACK,SMART-GUARD,A,4480.4,2.55,Y,10,0.428,0.0,1.02,0.0,1.1,0.0,1.1,0.0,1.1,0.104,5,5,10,,,,TARGET_FIRST,TARGET_FIRST,TARGET_FIRST,1.1,0.104,MIRRORED from original's own advATR/favATR at same real price path; does NOT include the extra spread cost of crossing to the opposite bid/ask side at entry (see report methodology note)
MAC_20260604234615_BUY_TREND_PULLBACK,MAC,2026.06.04 23:46:15,BUY,SELL,TREND_PULLBACK,B-GRADE QUALITY BLOCK,B,4480.96,2.55,Y,10,0.012,0.0,1.036,0.0,1.036,0.0,1.036,0.0,1.556,0.0,10,10,10,,,,TARGET_FIRST,TARGET_FIRST,TARGET_FIRST,1.556,0.0,MIRRORED from original's own advATR/favATR at same real price path; does NOT include the extra spread cost of crossing to the opposite bid/ask side at entry (see report methodology note)
MAC_20260605032513_SELL_TREND_PULLBACK,MAC,2026.06.05 03:25:13,SELL,BUY,TREND_PULLBACK,BAD-LOCATION BLOCK,B,4454.43,4.61,Y,60,0.588,0.0,0.864,0.0,0.864,0.0,0.908,0.0,1.36,0.0,5,5,5,,,,TARGET_FIRST,TARGET_FIRST,TARGET_FIRST,1.36,0.0,MIRRORED from original's own advATR/favATR at same real price path; does NOT include the extra spread cost of crossing to the opposite bid/ask side at entry (see report methodology note)
MAC_20260605073012_SELL_TREND_PULLBACK,MAC,2026.06.05 07:30:12,SELL,BUY,TREND_PULLBACK,LATE-CHASE ENTRY BLOCK,A,4439.53,3.49,Y,60,0.0,0.04,0.244,0.04,0.244,0.04,0.704,0.04,1.052,0.04,10,30,30,,,,TARGET_FIRST,TARGET_FIRST,TARGET_FIRST,1.052,0.04,MIRRORED from original's own advATR/favATR at same real price path; does NOT include the extra spread cost of crossing to the opposite bid/ask side at entry (see report methodology note)
MAC_20260605080512_BUY_BREAKOUT,MAC,2026.06.05 08:05:12,BUY,SELL,BREAKOUT,SMART-GUARD,A,4447.94,3.64,Y,60,0.048,0.0,0.048,0.084,0.22,0.084,0.776,0.084,1.008,0.084,15,30,30,,,,TARGET_FIRST,TARGET_FIRST,TARGET_FIRST,1.008,0.084,MIRRORED from original's own advATR/favATR at same real price path; does NOT include the extra spread cost of crossing to the opposite bid/ask side at entry (see report methodology note)
MAC_20260605081512_BUY_BREAKOUT,MAC,2026.06.05 08:15:12,BUY,SELL,BREAKOUT,B-GRADE QUALITY BLOCK,B,4448.98,3.62,Y,60,0.336,0.0,0.896,0.0,0.896,0.0,0.896,0.0,1.388,0.0,5,5,10,,,,TARGET_FIRST,TARGET_FIRST,TARGET_FIRST,1.388,0.0,MIRRORED from original's own advATR/favATR at same real price path; does NOT include the extra spread cost of crossing to the opposite bid/ask side at entry (see report methodology note)
MAC_20260605145013_BUY_TREND_PULLBACK,MAC,2026.06.05 14:50:13,BUY,SELL,TREND_PULLBACK,SMART-GUARD,A,4467.55,3.28,Y,60,0.0,0.58,0.272,0.58,0.272,0.58,0.272,0.928,6.08,0.928,10,60,60,5,5,5,STOP_FIRST,STOP_FIRST,STOP_FIRST,6.08,0.928,MIRRORED from original's own advATR/favATR at same real price path; does NOT include the extra spread cost of crossing to the opposite bid/ask side at entry (see report methodology note)
MAC_20260605145512_BUY_BREAKOUT,MAC,2026.06.05 14:55:12,BUY,SELL,BREAKOUT,SMART-GUARD,A,4472.44,3.68,Y,60,0.288,0.0,0.776,0.0,0.776,0.0,0.776,0.296,5.944,0.296,5,10,10,30,,,TARGET_FIRST,TARGET_FIRST,TARGET_FIRST,5.944,0.296,MIRRORED from original's own advATR/favATR at same real price path; does NOT include the extra spread cost of crossing to the opposite bid/ask side at entry (see report methodology note)
MAC_20260605150512_BUY_TREND_PULLBACK,MAC,2026.06.05 15:05:12,BUY,SELL,TREND_PULLBACK,FAILED-IMPULSE BLOCK,A,4465.39,4.14,Y,30,0.0,0.284,0.0,0.356,0.0,0.944,1.188,0.944,6.316,0.944,30,30,30,5,10,15,STOP_FIRST,STOP_FIRST,STOP_FIRST,6.316,0.944,MIRRORED from original's own advATR/favATR at same real price path; does NOT include the extra spread cost of crossing to the opposite bid/ask side at entry (see report methodology note)
MAC_20260605151013_BUY_TREND_PULLBACK,MAC,2026.06.05 15:10:13,BUY,SELL,TREND_PULLBACK,NEWS FILTER (high-impact event nearby),A,4469.1,4.29,Y,15,0.004,0.564,0.184,0.564,1.468,0.564,2.252,0.564,6.436,0.564,15,15,15,5,5,5,STOP_FIRST,STOP_FIRST,STOP_FIRST,6.436,0.564,MIRRORED from original's own advATR/favATR at same real price path; does NOT include the extra spread cost of crossing to the opposite bid/ask side at entry (see report methodology note)
MAC_20260605152012_BUY_TREND_PULLBACK,MAC,2026.06.05 15:20:12,BUY,SELL,TREND_PULLBACK,BAD-LOCATION BLOCK,A,4475.36,4.48,Y,10,0.736,0.0,1.964,0.0,1.988,0.0,5.144,0.0,6.72,0.0,5,5,5,,,,TARGET_FIRST,TARGET_FIRST,TARGET_FIRST,6.72,0.0,MIRRORED from original's own advATR/favATR at same real price path; does NOT include the extra spread cost of crossing to the opposite bid/ask side at entry (see report methodology note)
MAC_20260608013003_SELL_TREND_PULLBACK,MAC,2026.06.08 01:30:03,SELL,BUY,TREND_PULLBACK,SMART-GUARD,A+,4317.2,8.64,Y,30,0.284,0.0,0.4,0.0,0.4,0.0,1.248,0.0,1.248,0.0,5,10,30,,,,TARGET_FIRST,TARGET_FIRST,TARGET_FIRST,1.248,0.0,MIRRORED from original's own advATR/favATR at same real price path; does NOT include the extra spread cost of crossing to the opposite bid/ask side at entry (see report methodology note)
MAC_20260608083512_SELL_ASIA_BREAKOUT,MAC,2026.06.08 08:35:12,SELL,BUY,ASIA_BREAKOUT,SMART-GUARD,A+,4285.48,6.66,Y,30,0.308,0.0,0.308,0.0,0.308,0.0,1.04,0.0,1.092,0.0,5,5,30,,,,TARGET_FIRST,TARGET_FIRST,TARGET_FIRST,1.092,0.0,MIRRORED from original's own advATR/favATR at same real price path; does NOT include the extra spread cost of crossing to the opposite bid/ask side at entry (see report methodology note)
MAC_20260608122512_SELL_TREND_PULLBACK,MAC,2026.06.08 12:25:12,SELL,BUY,TREND_PULLBACK,A+ TIMING DEMOTION,A,4286.09,4.94,Y,30,0.0,0.676,0.0,0.956,0.54,0.956,1.168,0.956,2.332,0.956,15,15,15,5,5,5,STOP_FIRST,STOP_FIRST,STOP_FIRST,2.332,0.956,MIRRORED from original's own advATR/favATR at same real price path; does NOT include the extra spread cost of crossing to the opposite bid/ask side at entry (see report methodology note)
MAC_20260608123012_SELL_TREND_PULLBACK,MAC,2026.06.08 12:30:12,SELL,BUY,TREND_PULLBACK,SMART-GUARD,A+,4277.76,5.18,Y,10,0.0,0.268,1.156,0.268,1.236,0.268,1.756,0.268,2.868,0.268,10,10,10,5,,,STOP_FIRST,TARGET_FIRST,TARGET_FIRST,2.868,0.268,MIRRORED from original's own advATR/favATR at same real price path; does NOT include the extra spread cost of crossing to the opposite bid/ask side at entry (see report methodology note)
MAC_20260608123512_SELL_ASIA_BREAKOUT,MAC,2026.06.08 12:35:12,SELL,BUY,ASIA_BREAKOUT,SMART-GUARD,A+,4274.16,5.36,Y,5,1.384,0.0,1.464,0.0,1.964,0.0,1.964,0.0,3.04,0.0,5,5,5,,,,TARGET_FIRST,TARGET_FIRST,TARGET_FIRST,3.04,0.0,MIRRORED from original's own advATR/favATR at same real price path; does NOT include the extra spread cost of crossing to the opposite bid/ask side at entry (see report methodology note)
MAC_20260608211012_BUY_TREND_PULLBACK,MAC,2026.06.08 21:10:12,BUY,SELL,TREND_PULLBACK,BAD-RR TIMING BLOCK,A,4343.81,4.16,Y,60,0.18,0.0,0.18,0.0,0.18,0.036,0.532,0.036,1.276,0.036,30,30,30,,,,TARGET_FIRST,TARGET_FIRST,TARGET_FIRST,1.276,0.036,MIRRORED from original's own advATR/favATR at same real price path; does NOT include the extra spread cost of crossing to the opposite bid/ask side at entry (see report methodology note)
MAC_20260608212512_BUY_TREND_PULLBACK,MAC,2026.06.08 21:25:12,BUY,SELL,TREND_PULLBACK,SMART-GUARD,A,4344.25,3.89,Y,30,0.036,0.0,0.344,0.0,0.612,0.0,1.004,0.0,1.768,0.0,10,10,15,,,,TARGET_FIRST,TARGET_FIRST,TARGET_FIRST,1.768,0.0,MIRRORED from original's own advATR/favATR at same real price path; does NOT include the extra spread cost of crossing to the opposite bid/ask side at entry (see report methodology note)
MAC_20260608214012_BUY_TREND_PULLBACK,MAC,2026.06.08 21:40:12,BUY,SELL,TREND_PULLBACK,FAILED-IMPULSE BLOCK,A,4338.38,3.7,Y,60,0.164,0.0,0.364,0.0,0.42,0.0,0.844,0.0,1.436,0.0,10,10,30,,,,TARGET_FIRST,TARGET_FIRST,TARGET_FIRST,1.436,0.0,MIRRORED from original's own advATR/favATR at same real price path; does NOT include the extra spread cost of crossing to the opposite bid/ask side at entry (see report methodology note)
MAC_20260608215012_BUY_TREND_PULLBACK,MAC,2026.06.08 21:50:12,BUY,SELL,TREND_PULLBACK,B-GRADE QUALITY BLOCK,B,4335.09,3.33,Y,60,0.072,0.0,0.096,0.0,0.096,0.0,0.636,0.0,1.2,0.0,30,30,30,,,,TARGET_FIRST,TARGET_FIRST,TARGET_FIRST,1.2,0.0,MIRRORED from original's own advATR/favATR at same real price path; does NOT include the extra spread cost of crossing to the opposite bid/ask side at entry (see report methodology note)
MAC_20260609014512_BUY_TREND_PULLBACK,MAC,2026.06.09 01:45:12,BUY,SELL,TREND_PULLBACK,B-GRADE QUALITY BLOCK,B,4327.97,3.09,Y,60,0.112,0.0,0.112,0.068,0.112,0.068,0.18,0.068,1.808,0.068,60,60,60,,,,TARGET_FIRST,TARGET_FIRST,TARGET_FIRST,1.808,0.068,MIRRORED from original's own advATR/favATR at same real price path; does NOT include the extra spread cost of crossing to the opposite bid/ask side at entry (see report methodology note)
MAC_20260609032512_SELL_TREND_PULLBACK,MAC,2026.06.09 03:25:12,SELL,BUY,TREND_PULLBACK,SMART-GUARD,A+,4318.48,4.25,Y,60,0.0,0.124,0.5,0.124,0.736,0.124,0.736,0.124,1.0,0.124,10,10,10,,,,TARGET_FIRST,TARGET_FIRST,TARGET_FIRST,1.0,0.124,MIRRORED from original's own advATR/favATR at same real price path; does NOT include the extra spread cost of crossing to the opposite bid/ask side at entry (see report methodology note)
MAC_20260609041513_SELL_TREND_PULLBACK,MAC,2026.06.09 04:15:13,SELL,BUY,TREND_PULLBACK,ANALYSIS-ONLY,A,4325.22,4.59,Y,15,0.34,0.136,0.704,0.136,1.048,0.136,1.048,0.136,1.048,0.136,5,5,10,,,,TARGET_FIRST,TARGET_FIRST,TARGET_FIRST,1.048,0.136,MIRRORED from original's own advATR/favATR at same real price path; does NOT include the extra spread cost of crossing to the opposite bid/ask side at entry (see report methodology note)
MAC_20260609065512_BUY_TREND_PULLBACK,MAC,2026.06.09 06:55:12,BUY,SELL,TREND_PULLBACK,BAD-RR TIMING BLOCK,A,4339.42,4.62,Y,60,0.344,0.0,0.356,0.0,0.356,0.0,0.756,0.0,1.116,0.0,5,5,30,,,,TARGET_FIRST,TARGET_FIRST,TARGET_FIRST,1.116,0.0,MIRRORED from original's own advATR/favATR at same real price path; does NOT include the extra spread cost of crossing to the opposite bid/ask side at entry (see report methodology note)
MAC_20260609073512_SELL_BREAKOUT,MAC,2026.06.09 07:35:12,SELL,BUY,BREAKOUT,SMART-GUARD,A+,4326.43,4.0,Y,60,0.332,0.0,0.332,0.0,0.332,0.0,0.976,0.0,1.632,0.0,5,5,30,,,,TARGET_FIRST,TARGET_FIRST,TARGET_FIRST,1.632,0.0,MIRRORED from original's own advATR/favATR at same real price path; does NOT include the extra spread cost of crossing to the opposite bid/ask side at entry (see report methodology note)
MAC_20260609084512_BUY_BREAKOUT,MAC,2026.06.09 08:45:12,BUY,SELL,BREAKOUT,BAD-RR TIMING BLOCK,A,4349.14,4.92,Y,60,0.348,0.0,0.348,0.0,0.348,0.0,0.656,0.0,1.248,0.0,5,5,30,,,,TARGET_FIRST,TARGET_FIRST,TARGET_FIRST,1.248,0.0,MIRRORED from original's own advATR/favATR at same real price path; does NOT include the extra spread cost of crossing to the opposite bid/ask side at entry (see report methodology note)
MAC_20260609091012_BUY_TREND_PULLBACK,MAC,2026.06.09 09:10:12,BUY,SELL,TREND_PULLBACK,SMART-GUARD,A,4344.27,5.01,Y,60,0.256,0.0,0.256,0.0,0.256,0.08,0.84,0.08,1.0,0.08,5,30,30,,,,TARGET_FIRST,TARGET_FIRST,TARGET_FIRST,1.0,0.08,MIRRORED from original's own advATR/favATR at same real price path; does NOT include the extra spread cost of crossing to the opposite bid/ask side at entry (see report methodology note)
MAC_20260609091512_BUY_TREND_PULLBACK,MAC,2026.06.09 09:15:12,BUY,SELL,TREND_PULLBACK,FAILED-IMPULSE BLOCK,A,4341.11,5.03,Y,60,0.0,0.052,0.0,0.332,0.18,0.332,0.584,0.332,1.392,0.332,30,30,30,10,10,,STOP_FIRST,STOP_FIRST,TARGET_FIRST,1.392,0.332,MIRRORED from original's own advATR/favATR at same real price path; does NOT include the extra spread cost of crossing to the opposite bid/ask side at entry (see report methodology note)
MAC_20260609154012_BUY_TREND_PULLBACK,MAC,2026.06.09 15:40:12,BUY,SELL,TREND_PULLBACK,SMART-GUARD,A,4340.69,3.68,Y,60,0.024,0.0,0.024,0.136,0.36,0.136,0.36,0.212,1.256,0.212,15,15,60,30,,,TARGET_FIRST,TARGET_FIRST,TARGET_FIRST,1.256,0.212,MIRRORED from original's own advATR/favATR at same real price path; does NOT include the extra spread cost of crossing to the opposite bid/ask side at entry (see report methodology note)
MAC_20260609162013_BUY_TREND_PULLBACK,MAC,2026.06.09 16:20:13,BUY,SELL,TREND_PULLBACK,B-GRADE QUALITY BLOCK,B,4334.6,5.07,Y,60,0.432,0.04,0.432,0.04,0.432,0.04,0.432,1.404,1.82,1.404,5,5,60,30,30,30,TARGET_FIRST,TARGET_FIRST,STOP_FIRST,1.82,1.404,MIRRORED from original's own advATR/favATR at same real price path; does NOT include the extra spread cost of crossing to the opposite bid/ask side at entry (see report methodology note)
MAC_20260609162513_SELL_BREAKOUT,MAC,2026.06.09 16:25:13,SELL,BUY,BREAKOUT,B-GRADE QUALITY BLOCK,B,4334.97,5.16,Y,30,0.0,0.452,0.0,0.452,0.0,0.452,1.348,0.456,1.348,1.816,30,30,30,5,5,60,STOP_FIRST,STOP_FIRST,TARGET_FIRST,1.348,1.816,MIRRORED from original's own advATR/favATR at same real price path; does NOT include the extra spread cost of crossing to the opposite bid/ask side at entry (see report methodology note)
MAC_20260609163012_SELL_BREAKOUT,MAC,2026.06.09 16:30:12,SELL,BUY,BREAKOUT,BAD-RR TIMING BLOCK,A,4329.16,5.24,Y,15,0.112,0.0,0.224,0.0,1.772,0.0,1.772,0.004,1.772,1.344,10,15,15,60,60,60,TARGET_FIRST,TARGET_FIRST,TARGET_FIRST,1.772,1.344,MIRRORED from original's own advATR/favATR at same real price path; does NOT include the extra spread cost of crossing to the opposite bid/ask side at entry (see report methodology note)
MAC_20260609163512_SELL_SQUEEZE_RELEASE,MAC,2026.06.09 16:35:12,SELL,BUY,SQUEEZE_RELEASE,BAD-LOCATION BLOCK,B,4330.47,5.21,Y,10,0.124,0.012,1.684,0.012,1.684,0.012,1.684,0.148,1.684,1.924,10,10,10,60,60,60,TARGET_FIRST,TARGET_FIRST,TARGET_FIRST,1.684,1.924,MIRRORED from original's own advATR/favATR at same real price path; does NOT include the extra spread cost of crossing to the opposite bid/ask side at entry (see report methodology note)
MAC_20260609165000_BUY_ASIA_BREAKOUT,MAC,2026.06.09 16:50:00,BUY,SELL,ASIA_BREAKOUT,SMART-GUARD,A,4352.91,7.45,Y,5,1.032,0.0,1.28,0.0,1.28,0.0,2.22,0.0,3.716,0.0,5,5,5,,,,TARGET_FIRST,TARGET_FIRST,TARGET_FIRST,3.716,0.0,MIRRORED from original's own advATR/favATR at same real price path; does NOT include the extra spread cost of crossing to the opposite bid/ask side at entry (see report methodology note)
MAC_20260610081413_SELL_TREND_PULLBACK,MAC,2026.06.10 08:14:13,SELL,BUY,TREND_PULLBACK,BAD-LOCATION BLOCK,A,4179.25,3.88,Y,15,0.0,0.276,0.46,0.276,1.032,0.276,1.932,0.276,3.66,0.276,10,10,15,5,,,STOP_FIRST,TARGET_FIRST,TARGET_FIRST,3.66,0.276,MIRRORED from original's own advATR/favATR at same real price path; does NOT include the extra spread cost of crossing to the opposite bid/ask side at entry (see report methodology note)
MAC_20260610081543_SELL_TREND_PULLBACK,MAC,2026.06.10 08:15:43,SELL,BUY,TREND_PULLBACK,A+ TIMING DEMOTION,A,4178.12,3.87,Y,10,0.576,0.16,1.152,0.16,1.6,0.16,2.536,0.16,3.932,0.16,5,5,5,,,,TARGET_FIRST,TARGET_FIRST,TARGET_FIRST,3.932,0.16,MIRRORED from original's own advATR/favATR at same real price path; does NOT include the extra spread cost of crossing to the opposite bid/ask side at entry (see report methodology note)
MAC_20260610083114_SELL_TREND_PULLBACK,MAC,2026.06.10 08:31:14,SELL,BUY,TREND_PULLBACK,FAILED-IMPULSE BLOCK,A,4183.21,4.43,Y,10,0.94,0.0,1.332,0.0,1.76,0.0,2.536,0.0,2.98,0.0,5,5,5,,,,TARGET_FIRST,TARGET_FIRST,TARGET_FIRST,2.98,0.0,MIRRORED from original's own advATR/favATR at same real price path; does NOT include the extra spread cost of crossing to the opposite bid/ask side at entry (see report methodology note)
MAC_20260610153002_SELL_SQUEEZE_RELEASE,MAC,2026.06.10 15:30:02,SELL,BUY,SQUEEZE_RELEASE,A+ TIMING DEMOTION,A,4143.95,7.72,Y,60,0.956,0.0,0.956,0.0,0.956,0.0,0.956,0.0,1.008,0.0,5,5,5,,,,TARGET_FIRST,TARGET_FIRST,TARGET_FIRST,1.008,0.0,MIRRORED from original's own advATR/favATR at same real price path; does NOT include the extra spread cost of crossing to the opposite bid/ask side at entry (see report methodology note)
MAC_20260611021512_SELL_TREND_PULLBACK,MAC,2026.06.11 02:15:12,SELL,BUY,TREND_PULLBACK,B-GRADE QUALITY BLOCK,B,4030.46,11.27,Y,15,0.436,0.0,0.496,0.0,1.1,0.0,1.1,0.0,1.1,0.0,5,5,15,,,,TARGET_FIRST,TARGET_FIRST,TARGET_FIRST,1.1,0.0,MIRRORED from original's own advATR/favATR at same real price path; does NOT include the extra spread cost of crossing to the opposite bid/ask side at entry (see report methodology note)
MAC_20260611031512_SELL_TREND_PULLBACK,MAC,2026.06.11 03:15:12,SELL,BUY,TREND_PULLBACK,FAILED-IMPULSE BLOCK,A,4050.79,12.3,Y,60,0.436,0.0,0.436,0.0,0.536,0.0,0.552,0.0,1.16,0.0,5,5,15,,,,TARGET_FIRST,TARGET_FIRST,TARGET_FIRST,1.16,0.0,MIRRORED from original's own advATR/favATR at same real price path; does NOT include the extra spread cost of crossing to the opposite bid/ask side at entry (see report methodology note)
MAC_20260611032512_SELL_TREND_PULLBACK,MAC,2026.06.11 03:25:12,SELL,BUY,TREND_PULLBACK,A+ TIMING DEMOTION,A,4059.39,12.44,Y,60,0.252,0.0,0.268,0.0,0.268,0.0,0.376,0.0,1.492,0.0,5,30,60,,,,TARGET_FIRST,TARGET_FIRST,TARGET_FIRST,1.492,0.0,MIRRORED from original's own advATR/favATR at same real price path; does NOT include the extra spread cost of crossing to the opposite bid/ask side at entry (see report methodology note)
MAC_20260611034012_SELL_TREND_PULLBACK,MAC,2026.06.11 03:40:12,SELL,BUY,TREND_PULLBACK,ANALYSIS-ONLY,A,4062.65,11.56,Y,60,0.056,0.0,0.292,0.0,0.292,0.0,0.824,0.0,1.736,0.0,10,30,30,,,,TARGET_FIRST,TARGET_FIRST,TARGET_FIRST,1.736,0.0,MIRRORED from original's own advATR/favATR at same real price path; does NOT include the extra spread cost of crossing to the opposite bid/ask side at entry (see report methodology note)
MAC_20260611080012_SELL_TREND_PULLBACK,MAC,2026.06.11 08:00:12,SELL,BUY,TREND_PULLBACK,A+ TIMING DEMOTION,A,4081.57,5.61,Y,60,0.0,0.196,0.0,0.196,0.0,0.344,0.768,0.344,1.08,0.344,30,30,30,15,15,,STOP_FIRST,STOP_FIRST,TARGET_FIRST,1.08,0.344,MIRRORED from original's own advATR/favATR at same real price path; does NOT include the extra spread cost of crossing to the opposite bid/ask side at entry (see report methodology note)
MAC_20260611122559_SELL_TREND_PULLBACK,MAC,2026.06.11 12:25:59,SELL,BUY,TREND_PULLBACK,BAD-LOCATION BLOCK,A,4081.82,4.87,Y,30,0.004,0.204,0.496,0.204,0.812,0.204,1.072,0.204,1.072,0.204,10,10,15,5,,,STOP_FIRST,TARGET_FIRST,TARGET_FIRST,1.072,0.204,MIRRORED from original's own advATR/favATR at same real price path; does NOT include the extra spread cost of crossing to the opposite bid/ask side at entry (see report methodology note)
MAC_20260611123012_SELL_TREND_PULLBACK,MAC,2026.06.11 12:30:12,SELL,BUY,TREND_PULLBACK,SMART-GUARD,A+,4079.39,4.92,Y,15,0.2,0.0,0.688,0.0,1.0,0.0,1.26,0.0,1.26,0.0,5,10,10,,,,TARGET_FIRST,TARGET_FIRST,TARGET_FIRST,1.26,0.0,MIRRORED from original's own advATR/favATR at same real price path; does NOT include the extra spread cost of crossing to the opposite bid/ask side at entry (see report methodology note)
MAC_20260611153012_SELL_SQUEEZE_RELEASE,MAC,2026.06.11 15:30:12,SELL,BUY,SQUEEZE_RELEASE,BAD-LOCATION BLOCK,A,4065.09,7.37,Y,60,0.112,0.156,0.448,0.156,0.668,0.156,0.964,0.156,1.012,0.156,10,10,15,,,,TARGET_FIRST,TARGET_FIRST,TARGET_FIRST,1.012,0.156,MIRRORED from original's own advATR/favATR at same real price path; does NOT include the extra spread cost of crossing to the opposite bid/ask side at entry (see report methodology note)
MAC_20260611153500_SELL_BREAKOUT,MAC,2026.06.11 15:35:00,SELL,BUY,BREAKOUT,BAD-RR TIMING BLOCK,A,4062.06,8.18,Y,30,0.248,0.0,0.552,0.0,0.752,0.0,1.036,0.0,1.06,0.0,5,10,10,,,,TARGET_FIRST,TARGET_FIRST,TARGET_FIRST,1.06,0.0,MIRRORED from original's own advATR/favATR at same real price path; does NOT include the extra spread cost of crossing to the opposite bid/ask side at entry (see report methodology note)
MAC_20260611182612_SELL_TREND_PULLBACK,MAC,2026.06.11 18:26:12,SELL,BUY,TREND_PULLBACK,ANALYSIS-ONLY,A,4078.1,9.54,Y,60,0.096,0.0,0.404,0.0,0.448,0.0,0.524,0.0,1.116,0.0,10,10,30,,,,TARGET_FIRST,TARGET_FIRST,TARGET_FIRST,1.116,0.0,MIRRORED from original's own advATR/favATR at same real price path; does NOT include the extra spread cost of crossing to the opposite bid/ask side at entry (see report methodology note)
MAC_20260611183512_SELL_TREND_PULLBACK,MAC,2026.06.11 18:35:12,SELL,BUY,TREND_PULLBACK,SMART-GUARD,A,4080.28,8.49,Y,60,0.348,0.0,0.4,0.0,0.488,0.0,0.488,0.0,1.152,0.048,5,5,60,,,,TARGET_FIRST,TARGET_FIRST,TARGET_FIRST,1.152,0.048,MIRRORED from original's own advATR/favATR at same real price path; does NOT include the extra spread cost of crossing to the opposite bid/ask side at entry (see report methodology note)
MAC_20260611193012_SELL_TREND_PULLBACK,MAC,2026.06.11 19:30:12,SELL,BUY,TREND_PULLBACK,A+ EVIDENCE DEMOTION,A,4079.2,8.13,Y,60,0.236,0.0,0.236,0.0,0.236,0.0,0.236,0.024,1.788,0.152,5,60,60,,,,TARGET_FIRST,TARGET_FIRST,TARGET_FIRST,1.788,0.152,MIRRORED from original's own advATR/favATR at same real price path; does NOT include the extra spread cost of crossing to the opposite bid/ask side at entry (see report methodology note)
MAC_20260611193513_SELL_TREND_PULLBACK,MAC,2026.06.11 19:35:13,SELL,BUY,TREND_PULLBACK,LATE-CHASE ENTRY BLOCK,A,4083.86,7.9,Y,60,0.0,0.04,0.0,0.152,0.0,0.188,0.0,0.392,3.38,0.392,60,60,60,30,30,,STOP_FIRST,STOP_FIRST,TARGET_FIRST,3.38,0.392,MIRRORED from original's own advATR/favATR at same real price path; does NOT include the extra spread cost of crossing to the opposite bid/ask side at entry (see report methodology note)
MAC_20260611194513_SELL_TREND_PULLBACK,MAC,2026.06.11 19:45:13,SELL,BUY,TREND_PULLBACK,BAD-RR TIMING BLOCK,A,4082.78,7.46,Y,60,0.0,0.14,0.0,0.216,0.0,0.36,0.0,0.36,4.496,0.36,60,60,60,10,15,,STOP_FIRST,STOP_FIRST,TARGET_FIRST,4.496,0.36,MIRRORED from original's own advATR/favATR at same real price path; does NOT include the extra spread cost of crossing to the opposite bid/ask side at entry (see report methodology note)
MAC_20260611200512_SELL_TREND_PULLBACK,MAC,2026.06.11 20:05:12,SELL,BUY,TREND_PULLBACK,SMART-GUARD,A+,4076.49,7.18,Y,30,0.004,0.0,0.068,0.0,0.08,0.0,3.964,0.0,5.016,0.0,30,30,30,,,,TARGET_FIRST,TARGET_FIRST,TARGET_FIRST,5.016,0.0,MIRRORED from original's own advATR/favATR at same real price path; does NOT include the extra spread cost of crossing to the opposite bid/ask side at entry (see report methodology note)
MAC_20260611203012_SELL_TREND_PULLBACK,MAC,2026.06.11 20:30:12,SELL,BUY,TREND_PULLBACK,B-GRADE QUALITY BLOCK,B,4115.22,7.28,Y,5,1.78,0.0,1.944,0.0,2.824,0.0,2.824,0.0,2.824,0.0,5,5,5,,,,TARGET_FIRST,TARGET_FIRST,TARGET_FIRST,2.824,0.0,MIRRORED from original's own advATR/favATR at same real price path; does NOT include the extra spread cost of crossing to the opposite bid/ask side at entry (see report methodology note)
MAC_20260611204500_BUY_SQUEEZE_RELEASE,MAC,2026.06.11 20:45:00,BUY,SELL,SQUEEZE_RELEASE,BAD-LOCATION BLOCK,B,4166.6,11.35,Y,30,0.424,0.0,0.46,0.0,0.516,0.0,1.092,0.0,1.092,0.16,5,5,15,,,,TARGET_FIRST,TARGET_FIRST,TARGET_FIRST,1.092,0.16,MIRRORED from original's own advATR/favATR at same real price path; does NOT include the extra spread cost of crossing to the opposite bid/ask side at entry (see report methodology note)
MAC_20260612032513_BUY_TREND_PULLBACK,MAC,2026.06.12 03:25:13,BUY,SELL,TREND_PULLBACK,LATE-CHASE ENTRY BLOCK,B,4222.82,7.22,Y,30,0.152,0.0,0.604,0.0,0.844,0.0,1.196,0.0,2.316,0.0,10,10,10,,,,TARGET_FIRST,TARGET_FIRST,TARGET_FIRST,2.316,0.0,MIRRORED from original's own advATR/favATR at same real price path; does NOT include the extra spread cost of crossing to the opposite bid/ask side at entry (see report methodology note)
MAC_20260612035012_BUY_TREND_PULLBACK,MAC,2026.06.12 03:50:12,BUY,SELL,TREND_PULLBACK,B-GRADE QUALITY BLOCK,B,4204.6,8.39,Y,60,0.16,0.0,0.16,0.0,0.92,0.0,0.92,0.0,1.216,0.0,15,15,15,,,,TARGET_FIRST,TARGET_FIRST,TARGET_FIRST,1.216,0.0,MIRRORED from original's own advATR/favATR at same real price path; does NOT include the extra spread cost of crossing to the opposite bid/ask side at entry (see report methodology note)
MAC_20260612040012_BUY_TREND_PULLBACK,MAC,2026.06.12 04:00:12,BUY,SELL,TREND_PULLBACK,SMART-GUARD,A,4204.36,8.31,Y,30,0.916,0.0,0.916,0.0,0.916,0.0,1.172,0.0,1.216,0.0,5,5,5,,,,TARGET_FIRST,TARGET_FIRST,TARGET_FIRST,1.216,0.0,MIRRORED from original's own advATR/favATR at same real price path; does NOT include the extra spread cost of crossing to the opposite bid/ask side at entry (see report methodology note)
MAC_20260612074013_BUY_TREND_PULLBACK,MAC,2026.06.12 07:40:13,BUY,SELL,TREND_PULLBACK,SMART-GUARD,A,4195.02,4.83,Y,60,0.388,0.0,0.388,0.0,0.388,0.0,0.808,0.0,1.548,0.0,5,5,30,,,,TARGET_FIRST,TARGET_FIRST,TARGET_FIRST,1.548,0.0,MIRRORED from original's own advATR/favATR at same real price path; does NOT include the extra spread cost of crossing to the opposite bid/ask side at entry (see report methodology note)
MAC_20260612081512_BUY_TREND_PULLBACK,MAC,2026.06.12 08:15:12,BUY,SELL,TREND_PULLBACK,B-GRADE QUALITY BLOCK,B,4188.41,4.62,Y,30,0.16,0.0,0.16,0.0,0.328,0.0,1.048,0.0,1.152,0.0,15,15,30,,,,TARGET_FIRST,TARGET_FIRST,TARGET_FIRST,1.152,0.0,MIRRORED from original's own advATR/favATR at same real price path; does NOT include the extra spread cost of crossing to the opposite bid/ask side at entry (see report methodology note)
MAC_20260612123513_BUY_TREND_PULLBACK,MAC,2026.06.12 12:35:13,BUY,SELL,TREND_PULLBACK,BAD-LOCATION BLOCK,B,4225.86,6.32,Y,60,0.136,0.0,0.136,0.0,0.136,0.0,0.36,0.0,1.136,0.0,30,30,60,,,,TARGET_FIRST,TARGET_FIRST,TARGET_FIRST,1.136,0.0,MIRRORED from original's own advATR/favATR at same real price path; does NOT include the extra spread cost of crossing to the opposite bid/ask side at entry (see report methodology note)
MAC_20260612124012_BUY_TREND_PULLBACK,MAC,2026.06.12 12:40:12,BUY,SELL,TREND_PULLBACK,SMART-GUARD,SKIP,4223.74,6.16,Y,60,0.0,0.108,0.0,0.108,0.0,0.108,0.232,0.108,1.028,0.108,30,60,60,,,,TARGET_FIRST,TARGET_FIRST,TARGET_FIRST,1.028,0.108,MIRRORED from original's own advATR/favATR at same real price path; does NOT include the extra spread cost of crossing to the opposite bid/ask side at entry (see report methodology note)
MAC_20260612124512_BUY_TREND_PULLBACK,MAC,2026.06.12 12:45:12,BUY,SELL,TREND_PULLBACK,LATE-CHASE ENTRY BLOCK,B,4225.0,6.0,Y,60,0.068,0.0,0.076,0.0,0.32,0.0,0.32,0.0,1.136,0.0,15,15,60,,,,TARGET_FIRST,TARGET_FIRST,TARGET_FIRST,1.136,0.0,MIRRORED from original's own advATR/favATR at same real price path; does NOT include the extra spread cost of crossing to the opposite bid/ask side at entry (see report methodology note)
MAC_20260612130013_BUY_TREND_PULLBACK,MAC,2026.06.12 13:00:13,BUY,SELL,TREND_PULLBACK,FAILED-IMPULSE BLOCK,B,4219.23,5.26,Y,60,0.0,0.432,0.0,0.432,0.16,0.432,0.86,0.432,1.008,0.432,30,30,30,5,5,,STOP_FIRST,STOP_FIRST,TARGET_FIRST,1.008,0.432,MIRRORED from original's own advATR/favATR at same real price path; does NOT include the extra spread cost of crossing to the opposite bid/ask side at entry (see report methodology note)
MAC_20260612134012_BUY_TREND_PULLBACK,MAC,2026.06.12 13:40:12,BUY,SELL,TREND_PULLBACK,SMART-GUARD,A,4216.47,6.05,Y,60,0.096,0.0,0.096,0.0,0.224,0.0,0.696,0.0,1.072,0.0,15,30,30,,,,TARGET_FIRST,TARGET_FIRST,TARGET_FIRST,1.072,0.0,MIRRORED from original's own advATR/favATR at same real price path; does NOT include the extra spread cost of crossing to the opposite bid/ask side at entry (see report methodology note)
MAC_20260612144512_BUY_TREND_PULLBACK,MAC,2026.06.12 14:45:12,BUY,SELL,TREND_PULLBACK,SMART-GUARD,A,4210.73,4.75,Y,60,0.008,0.0,0.008,0.288,0.328,0.288,0.328,0.356,1.524,0.356,15,15,60,10,30,,STOP_FIRST,TARGET_FIRST,TARGET_FIRST,1.524,0.356,MIRRORED from original's own advATR/favATR at same real price path; does NOT include the extra spread cost of crossing to the opposite bid/ask side at entry (see report methodology note)
MAC_20260612145512_BUY_TREND_PULLBACK,MAC,2026.06.12 14:55:12,BUY,SELL,TREND_PULLBACK,BAD-RR TIMING BLOCK,A,4214.13,5.1,Y,60,0.572,0.0,0.572,0.0,0.572,0.0,0.876,0.064,1.696,0.064,5,5,5,,,,TARGET_FIRST,TARGET_FIRST,TARGET_FIRST,1.696,0.064,MIRRORED from original's own advATR/favATR at same real price path; does NOT include the extra spread cost of crossing to the opposite bid/ask side at entry (see report methodology note)
MAC_20260612151012_BUY_TREND_PULLBACK,MAC,2026.06.12 15:10:12,BUY,SELL,TREND_PULLBACK,B-GRADE QUALITY BLOCK,B,4208.77,5.36,Y,30,0.0,0.46,0.084,0.46,0.436,0.46,1.204,0.46,1.444,0.46,15,15,30,5,5,,STOP_FIRST,STOP_FIRST,TARGET_FIRST,1.444,0.46,MIRRORED from original's own advATR/favATR at same real price path; does NOT include the extra spread cost of crossing to the opposite bid/ask side at entry (see report methodology note)
MAC_20260612164012_BUY_TREND_PULLBACK,MAC,2026.06.12 16:40:12,BUY,SELL,TREND_PULLBACK,BAD-RR TIMING BLOCK,A,4205.99,7.21,Y,60,0.872,0.0,0.94,0.0,0.94,0.0,0.94,0.0,1.036,0.0,5,5,5,,,,TARGET_FIRST,TARGET_FIRST,TARGET_FIRST,1.036,0.0,MIRRORED from original's own advATR/favATR at same real price path; does NOT include the extra spread cost of crossing to the opposite bid/ask side at entry (see report methodology note)
MAC_20260615032012_BUY_BREAKOUT,MAC,2026.06.15 03:20:12,BUY,SELL,BREAKOUT,SMART-GUARD,A,4304.03,3.55,Y,60,0.0,0.32,0.296,0.32,0.296,0.32,0.908,0.32,1.624,0.32,10,30,30,5,5,,STOP_FIRST,STOP_FIRST,TARGET_FIRST,1.624,0.32,MIRRORED from original's own advATR/favATR at same real price path; does NOT include the extra spread cost of crossing to the opposite bid/ask side at entry (see report methodology note)
MAC_20260615032512_BUY_BREAKOUT,MAC,2026.06.15 03:25:12,BUY,SELL,BREAKOUT,BAD-RR TIMING BLOCK,A,4306.96,3.89,Y,30,0.572,0.0,0.572,0.0,0.76,0.0,1.464,0.0,1.788,0.0,5,5,5,,,,TARGET_FIRST,TARGET_FIRST,TARGET_FIRST,1.788,0.0,MIRRORED from original's own advATR/favATR at same real price path; does NOT include the extra spread cost of crossing to the opposite bid/ask side at entry (see report methodology note)
MAC_20260615073650_BUY_TREND_PULLBACK,MAC,2026.06.15 07:36:50,BUY,SELL,TREND_PULLBACK,SMART-GUARD,A,4329.25,3.56,Y,60,0.18,0.0,0.18,0.0,0.296,0.0,0.296,0.0,1.036,0.28,15,60,60,60,,,TARGET_FIRST,TARGET_FIRST,TARGET_FIRST,1.036,0.28,MIRRORED from original's own advATR/favATR at same real price path; does NOT include the extra spread cost of crossing to the opposite bid/ask side at entry (see report methodology note)
MAC_20260615074513_BUY_TREND_PULLBACK,MAC,2026.06.15 07:45:13,BUY,SELL,TREND_PULLBACK,LATE-CHASE ENTRY BLOCK,B,4328.26,3.4,Y,60,0.192,0.0,0.192,0.012,0.192,0.012,0.192,0.12,1.968,0.412,60,60,60,60,60,,SIMULTANEOUS_SAME_CHECKPOINT,SIMULTANEOUS_SAME_CHECKPOINT,TARGET_FIRST,1.968,0.412,MIRRORED from original's own advATR/favATR at same real price path; does NOT include the extra spread cost of crossing to the opposite bid/ask side at entry (see report methodology note)
MAC_20260615075013_BUY_TREND_PULLBACK,MAC,2026.06.15 07:50:13,BUY,SELL,TREND_PULLBACK,BAD-LOCATION BLOCK,B,4328.45,3.32,Y,60,0.22,0.0,0.22,0.0,0.22,0.024,0.22,0.304,2.156,0.396,5,60,60,30,30,,TARGET_FIRST,STOP_FIRST,TARGET_FIRST,2.156,0.396,MIRRORED from original's own advATR/favATR at same real price path; does NOT include the extra spread cost of crossing to the opposite bid/ask side at entry (see report methodology note)
MAC_20260615075513_BUY_TREND_PULLBACK,MAC,2026.06.15 07:55:13,BUY,SELL,TREND_PULLBACK,FAILED-IMPULSE BLOCK,B,4326.77,3.18,Y,60,0.0,0.2,0.0,0.236,0.0,0.316,0.0,0.624,2.036,0.624,60,60,60,5,15,30,STOP_FIRST,STOP_FIRST,STOP_FIRST,2.036,0.624,MIRRORED from original's own advATR/favATR at same real price path; does NOT include the extra spread cost of crossing to the opposite bid/ask side at entry (see report methodology note)
MAC_20260615080512_BUY_TREND_PULLBACK,MAC,2026.06.15 08:05:12,BUY,SELL,TREND_PULLBACK,B-GRADE QUALITY BLOCK,B,4327.85,3.11,Y,60,0.0,0.104,0.0,0.184,0.0,0.184,0.0,0.5,2.892,0.5,60,60,60,30,30,30,STOP_FIRST,STOP_FIRST,STOP_FIRST,2.892,0.5,MIRRORED from original's own advATR/favATR at same real price path; does NOT include the extra spread cost of crossing to the opposite bid/ask side at entry (see report methodology note)
MAC_20260615082512_BUY_TREND_PULLBACK,MAC,2026.06.15 08:25:12,BUY,SELL,TREND_PULLBACK,BAD-RR TIMING BLOCK,A,4331.07,3.43,Y,15,0.0,0.08,0.36,0.08,1.284,0.08,2.388,0.08,3.068,0.08,10,10,15,,,,TARGET_FIRST,TARGET_FIRST,TARGET_FIRST,3.068,0.08,MIRRORED from original's own advATR/favATR at same real price path; does NOT include the extra spread cost of crossing to the opposite bid/ask side at entry (see report methodology note)
MAC_20260615185012_BUY_TREND_PULLBACK,MAC,2026.06.15 18:50:12,BUY,SELL,TREND_PULLBACK,SMART-GUARD,A,4357.05,5.32,Y,60,0.032,0.0,0.064,0.0,0.064,0.052,0.928,0.052,1.512,0.052,30,30,30,,,,TARGET_FIRST,TARGET_FIRST,TARGET_FIRST,1.512,0.052,MIRRORED from original's own advATR/favATR at same real price path; does NOT include the extra spread cost of crossing to the opposite bid/ask side at entry (see report methodology note)
MAC_20260615191512_BUY_TREND_PULLBACK,MAC,2026.06.15 19:15:12,BUY,SELL,TREND_PULLBACK,B-GRADE QUALITY BLOCK,B,4351.53,4.65,Y,30,0.584,0.0,0.844,0.0,0.844,0.0,1.256,0.0,1.772,0.0,5,5,5,,,,TARGET_FIRST,TARGET_FIRST,TARGET_FIRST,1.772,0.0,MIRRORED from original's own advATR/favATR at same real price path; does NOT include the extra spread cost of crossing to the opposite bid/ask side at entry (see report methodology note)
MAC_20260616062012_SELL_TREND_PULLBACK,MAC,2026.06.16 06:20:12,SELL,BUY,TREND_PULLBACK,SMART-GUARD,A,4317.94,3.85,Y,30,0.236,0.0,0.376,0.0,0.712,0.0,1.464,0.0,1.464,0.0,5,10,15,,,,TARGET_FIRST,TARGET_FIRST,TARGET_FIRST,1.464,0.0,MIRRORED from original's own advATR/favATR at same real price path; does NOT include the extra spread cost of crossing to the opposite bid/ask side at entry (see report methodology note)
MAC_20260616063012_SELL_TREND_PULLBACK,MAC,2026.06.16 06:30:12,SELL,BUY,TREND_PULLBACK,B-GRADE QUALITY BLOCK,B,4321.45,3.86,Y,15,0.348,0.0,0.652,0.0,1.096,0.0,1.096,0.0,1.096,0.0,5,5,10,,,,TARGET_FIRST,TARGET_FIRST,TARGET_FIRST,1.096,0.0,MIRRORED from original's own advATR/favATR at same real price path; does NOT include the extra spread cost of crossing to the opposite bid/ask side at entry (see report methodology note)
MAC_20260616083000_BUY_TREND_PULLBACK,MAC,2026.06.16 08:30:00,BUY,SELL,TREND_PULLBACK,BAD-LOCATION BLOCK,A,4326.64,2.75,Y,10,0.588,0.0,1.26,0.0,1.288,0.0,1.548,0.0,1.716,0.0,5,5,5,,,,TARGET_FIRST,TARGET_FIRST,TARGET_FIRST,1.716,0.0,MIRRORED from original's own advATR/favATR at same real price path; does NOT include the extra spread cost of crossing to the opposite bid/ask side at entry (see report methodology note)
MAC_20260617012500_SELL_BREAKOUT,MAC,2026.06.17 01:25:00,SELL,BUY,BREAKOUT,SMART-GUARD,A,4329.03,3.08,Y,60,0.28,0.0,0.44,0.0,0.476,0.0,0.692,0.0,1.008,0.0,5,10,30,,,,TARGET_FIRST,TARGET_FIRST,TARGET_FIRST,1.008,0.0,MIRRORED from original's own advATR/favATR at same real price path; does NOT include the extra spread cost of crossing to the opposite bid/ask side at entry (see report methodology note)
MAC_20260617041012_BUY_BREAKOUT,MAC,2026.06.17 04:10:12,BUY,SELL,BREAKOUT,SMART-GUARD,A,4347.05,4.39,Y,60,0.0,0.016,0.612,0.016,0.612,0.016,0.68,0.016,1.412,0.016,10,10,10,,,,TARGET_FIRST,TARGET_FIRST,TARGET_FIRST,1.412,0.016,MIRRORED from original's own advATR/favATR at same real price path; does NOT include the extra spread cost of crossing to the opposite bid/ask side at entry (see report methodology note)
MAC_20260617041512_BUY_SQUEEZE_RELEASE,MAC,2026.06.17 04:15:12,BUY,SELL,SQUEEZE_RELEASE,BAD-RR TIMING BLOCK,A,4347.32,4.12,Y,60,0.676,0.0,0.676,0.0,0.708,0.0,0.76,0.0,1.532,0.0,5,5,5,,,,TARGET_FIRST,TARGET_FIRST,TARGET_FIRST,1.532,0.0,MIRRORED from original's own advATR/favATR at same real price path; does NOT include the extra spread cost of crossing to the opposite bid/ask side at entry (see report methodology note)
MAC_20260617043012_BUY_TREND_PULLBACK,MAC,2026.06.17 04:30:12,BUY,SELL,TREND_PULLBACK,A+ EVIDENCE DEMOTION,A,4343.61,4.23,Y,30,0.336,0.0,0.38,0.0,0.388,0.0,1.14,0.0,1.176,0.0,5,5,30,,,,TARGET_FIRST,TARGET_FIRST,TARGET_FIRST,1.176,0.0,MIRRORED from original's own advATR/favATR at same real price path; does NOT include the extra spread cost of crossing to the opposite bid/ask side at entry (see report methodology note)
MAC_20260617073000_SELL_ASIA_BREAKOUT,MAC,2026.06.17 07:30:00,SELL,BUY,ASIA_BREAKOUT,SMART-GUARD,SKIP,4324.28,2.92,Y,60,0.0,0.544,0.0,0.544,0.0,0.544,0.308,0.544,1.056,0.544,30,30,60,5,5,5,STOP_FIRST,STOP_FIRST,STOP_FIRST,1.056,0.544,MIRRORED from original's own advATR/favATR at same real price path; does NOT include the extra spread cost of crossing to the opposite bid/ask side at entry (see report methodology note)
MAC_20260617073512_SELL_BREAKOUT,MAC,2026.06.17 07:35:12,SELL,BUY,BREAKOUT,SMART-GUARD,A,4320.1,3.32,Y,60,0.416,0.0,0.416,0.0,0.632,0.0,0.772,0.0,1.432,0.0,5,5,15,,,,TARGET_FIRST,TARGET_FIRST,TARGET_FIRST,1.432,0.0,MIRRORED from original's own advATR/favATR at same real price path; does NOT include the extra spread cost of crossing to the opposite bid/ask side at entry (see report methodology note)
MAC_20260617145512_SELL_TREND_PULLBACK,MAC,2026.06.17 14:55:12,SELL,BUY,TREND_PULLBACK,LATE-CHASE ENTRY BLOCK,A,4324.85,2.83,Y,60,0.0,0.26,0.0,0.26,0.028,0.26,0.028,0.26,1.196,0.26,60,60,60,5,,,STOP_FIRST,TARGET_FIRST,TARGET_FIRST,1.196,0.26,MIRRORED from original's own advATR/favATR at same real price path; does NOT include the extra spread cost of crossing to the opposite bid/ask side at entry (see report methodology note)
MAC_20260617154559_SELL_TREND_PULLBACK,MAC,2026.06.17 15:45:59,SELL,BUY,TREND_PULLBACK,SMART-GUARD,SKIP,4332.18,3.79,Y,60,0.116,0.0,0.116,0.0,0.116,0.172,0.116,0.44,1.02,0.44,60,60,60,30,30,,STOP_FIRST,STOP_FIRST,TARGET_FIRST,1.02,0.44,MIRRORED from original's own advATR/favATR at same real price path; does NOT include the extra spread cost of crossing to the opposite bid/ask side at entry (see report methodology note)
MAC_20260617173012_BUY_SQUEEZE_RELEASE,MAC,2026.06.17 17:30:12,BUY,SELL,SQUEEZE_RELEASE,BAD-RR TIMING BLOCK,A,4363.19,6.12,Y,15,0.716,0.0,0.724,0.0,1.212,0.0,1.212,0.0,1.212,0.0,5,5,5,,,,TARGET_FIRST,TARGET_FIRST,TARGET_FIRST,1.212,0.0,MIRRORED from original's own advATR/favATR at same real price path; does NOT include the extra spread cost of crossing to the opposite bid/ask side at entry (see report methodology note)
MAC_20260617203317_BUY_TREND_PULLBACK,MAC,2026.06.17 20:33:17,BUY,SELL,TREND_PULLBACK,SMART-GUARD,A,4364.39,3.36,Y,30,0.0,1.332,0.0,1.44,0.0,1.44,5.728,1.864,10.048,1.864,30,30,30,5,5,5,STOP_FIRST,STOP_FIRST,STOP_FIRST,10.048,1.864,MIRRORED from original's own advATR/favATR at same real price path; does NOT include the extra spread cost of crossing to the opposite bid/ask side at entry (see report methodology note)
MAC_20260617203512_BUY_BREAKOUT,MAC,2026.06.17 20:35:12,BUY,SELL,BREAKOUT,SMART-GUARD,A,4375.42,4.68,Y,30,0.024,0.0,0.024,0.092,0.024,0.24,7.344,0.396,8.148,0.396,30,30,30,15,30,,STOP_FIRST,SIMULTANEOUS_SAME_CHECKPOINT,TARGET_FIRST,8.148,0.396,MIRRORED from original's own advATR/favATR at same real price path; does NOT include the extra spread cost of crossing to the opposite bid/ask side at entry (see report methodology note)
MAC_20260617204012_BUY_SQUEEZE_RELEASE,MAC,2026.06.17 20:40:12,BUY,SELL,SQUEEZE_RELEASE,BAD-LOCATION BLOCK,A,4375.2,5.1,Y,30,0.0,0.1,0.0,0.236,0.0,0.38,6.732,0.38,7.472,0.38,30,30,30,10,15,,STOP_FIRST,STOP_FIRST,TARGET_FIRST,7.472,0.38,MIRRORED from original's own advATR/favATR at same real price path; does NOT include the extra spread cost of crossing to the opposite bid/ask side at entry (see report methodology note)
MAC_20260617204500_BUY_BREAKOUT,MAC,2026.06.17 20:45:00,BUY,SELL,BREAKOUT,BAD-LOCATION BLOCK,A,4376.84,5.37,Y,30,0.108,0.0,0.108,0.104,0.108,0.24,6.676,0.24,7.216,0.24,30,30,30,15,,,STOP_FIRST,TARGET_FIRST,TARGET_FIRST,7.216,0.24,MIRRORED from original's own advATR/favATR at same real price path; does NOT include the extra spread cost of crossing to the opposite bid/ask side at entry (see report methodology note)
MAC_20260617210000_BUY_SQUEEZE_RELEASE,MAC,2026.06.17 21:00:00,BUY,SELL,SQUEEZE_RELEASE,BAD-RR TIMING BLOCK,A,4379.81,5.82,Y,5,4.368,0.0,6.212,0.0,6.364,0.0,6.42,0.0,6.86,0.0,5,5,5,,,,TARGET_FIRST,TARGET_FIRST,TARGET_FIRST,6.86,0.0,MIRRORED from original's own advATR/favATR at same real price path; does NOT include the extra spread cost of crossing to the opposite bid/ask side at entry (see report methodology note)
MAC_20260617211012_SELL_BREAKOUT,MAC,2026.06.17 21:10:12,SELL,BUY,BREAKOUT,B-GRADE QUALITY BLOCK,B,4287.39,12.36,Y,30,0.0,0.004,0.624,0.032,0.624,0.032,1.068,0.24,1.068,0.568,10,10,10,30,60,60,TARGET_FIRST,TARGET_FIRST,TARGET_FIRST,1.068,0.568,MIRRORED from original's own advATR/favATR at same real price path; does NOT include the extra spread cost of crossing to the opposite bid/ask side at entry (see report methodology note)
MAC_20260617212000_BUY_TREND_PULLBACK,MAC,2026.06.17 21:20:00,BUY,SELL,TREND_PULLBACK,B-GRADE QUALITY BLOCK,B,4306.08,15.05,Y,60,0.524,0.0,0.524,0.0,0.692,0.0,0.692,0.38,1.744,0.38,5,5,5,30,30,,TARGET_FIRST,TARGET_FIRST,TARGET_FIRST,1.744,0.38,MIRRORED from original's own advATR/favATR at same real price path; does NOT include the extra spread cost of crossing to the opposite bid/ask side at entry (see report methodology note)
MAC_20260617214512_BUY_TREND_PULLBACK,MAC,2026.06.17 21:45:12,BUY,SELL,TREND_PULLBACK,SMART-GUARD,A,4318.93,22.6,Y,60,0.04,0.0,0.196,0.0,0.836,0.0,0.976,0.0,1.728,0.0,15,15,15,,,,TARGET_FIRST,TARGET_FIRST,TARGET_FIRST,1.728,0.0,MIRRORED from original's own advATR/favATR at same real price path; does NOT include the extra spread cost of crossing to the opposite bid/ask side at entry (see report methodology note)
MAC_20260618023210_SELL_TREND_PULLBACK,MAC,2026.06.18 02:32:10,SELL,BUY,TREND_PULLBACK,FAILED-IMPULSE BLOCK,A,4280.71,5.44,Y,60,0.0,0.48,0.0,0.48,0.0,0.56,0.824,0.56,1.92,0.56,30,30,30,5,5,15,STOP_FIRST,STOP_FIRST,STOP_FIRST,1.92,0.56,MIRRORED from original's own advATR/favATR at same real price path; does NOT include the extra spread cost of crossing to the opposite bid/ask side at entry (see report methodology note)
MAC_20260618024500_SELL_TREND_PULLBACK,MAC,2026.06.18 02:45:00,SELL,BUY,TREND_PULLBACK,SMART-GUARD,A,4276.27,5.98,Y,30,0.0,0.212,0.0,0.212,0.104,0.212,1.46,0.212,2.324,0.212,30,30,30,5,,,STOP_FIRST,TARGET_FIRST,TARGET_FIRST,2.324,0.212,MIRRORED from original's own advATR/favATR at same real price path; does NOT include the extra spread cost of crossing to the opposite bid/ask side at entry (see report methodology note)
MAC_20260618141548_SELL_SQUEEZE_RELEASE,MAC,2026.06.18 14:15:48,SELL,BUY,SQUEEZE_RELEASE,BAD-LOCATION BLOCK,A,4247.6,5.73,Y,60,0.02,0.172,0.116,0.172,0.116,0.172,0.116,0.428,1.044,0.428,60,60,60,30,30,,STOP_FIRST,STOP_FIRST,TARGET_FIRST,1.044,0.428,MIRRORED from original's own advATR/favATR at same real price path; does NOT include the extra spread cost of crossing to the opposite bid/ask side at entry (see report methodology note)
MAC_20260618142500_SELL_SQUEEZE_RELEASE,MAC,2026.06.18 14:25:00,SELL,BUY,SQUEEZE_RELEASE,A+ EVIDENCE DEMOTION,A,4247.84,5.52,Y,60,0.1,0.0,0.1,0.0,0.1,0.352,0.1,0.464,1.188,0.464,60,60,60,15,15,,STOP_FIRST,STOP_FIRST,TARGET_FIRST,1.188,0.464,MIRRORED from original's own advATR/favATR at same real price path; does NOT include the extra spread cost of crossing to the opposite bid/ask side at entry (see report methodology note)
MAC_20260618145000_SELL_SQUEEZE_RELEASE,MAC,2026.06.18 14:50:00,SELL,BUY,SQUEEZE_RELEASE,BAD-RR TIMING BLOCK,A,4241.39,5.2,Y,30,0.072,0.0,0.072,0.0,0.152,0.0,1.628,0.0,1.756,0.0,30,30,30,,,,TARGET_FIRST,TARGET_FIRST,TARGET_FIRST,1.756,0.0,MIRRORED from original's own advATR/favATR at same real price path; does NOT include the extra spread cost of crossing to the opposite bid/ask side at entry (see report methodology note)
MAC_20260618150001_SELL_TREND_PULLBACK,MAC,2026.06.18 15:00:01,SELL,BUY,TREND_PULLBACK,BAD-LOCATION BLOCK,B,4242.6,5.23,Y,15,0.06,0.0,0.14,0.0,1.048,0.0,1.656,0.0,1.656,0.0,15,15,15,,,,TARGET_FIRST,TARGET_FIRST,TARGET_FIRST,1.656,0.0,MIRRORED from original's own advATR/favATR at same real price path; does NOT include the extra spread cost of crossing to the opposite bid/ask side at entry (see report methodology note)
MAC_20260618223000_SELL_SQUEEZE_RELEASE,MAC,2026.06.18 22:30:00,SELL,BUY,SQUEEZE_RELEASE,BAD-RR TIMING BLOCK,A,4205.09,4.35,Y,30,0.0,0.152,0.456,0.152,0.836,0.152,1.088,0.152,1.088,0.152,10,10,15,,,,TARGET_FIRST,TARGET_FIRST,TARGET_FIRST,1.088,0.152,MIRRORED from original's own advATR/favATR at same real price path; does NOT include the extra spread cost of crossing to the opposite bid/ask side at entry (see report methodology note)
MAC_20260619080012_SELL_TREND_PULLBACK,MAC,2026.06.19 08:00:12,SELL,BUY,TREND_PULLBACK,BAD-RR TIMING BLOCK,A,4124.37,6.22,Y,60,0.012,0.0,0.02,0.0,0.368,0.0,0.624,0.0,1.404,0.0,15,15,30,,,,TARGET_FIRST,TARGET_FIRST,TARGET_FIRST,1.404,0.0,MIRRORED from original's own advATR/favATR at same real price path; does NOT include the extra spread cost of crossing to the opposite bid/ask side at entry (see report methodology note)
MAC_20260619080513_SELL_ASIA_BREAKOUT,MAC,2026.06.19 08:05:13,SELL,BUY,ASIA_BREAKOUT,BAD-LOCATION BLOCK,B,4124.02,6.32,Y,60,0.388,0.0,0.388,0.0,0.4,0.0,0.684,0.0,1.404,0.0,5,5,30,,,,TARGET_FIRST,TARGET_FIRST,TARGET_FIRST,1.404,0.0,MIRRORED from original's own advATR/favATR at same real price path; does NOT include the extra spread cost of crossing to the opposite bid/ask side at entry (see report methodology note)
MAC_20260619081013_SELL_TREND_PULLBACK,MAC,2026.06.19 08:10:13,SELL,BUY,TREND_PULLBACK,BAD-LOCATION BLOCK,B,4124.63,5.62,Y,30,0.392,0.0,0.404,0.0,0.672,0.0,1.532,0.0,1.532,0.0,5,5,15,,,,TARGET_FIRST,TARGET_FIRST,TARGET_FIRST,1.532,0.0,MIRRORED from original's own advATR/favATR at same real price path; does NOT include the extra spread cost of crossing to the opposite bid/ask side at entry (see report methodology note)
MAC_20260619083513_SELL_TREND_PULLBACK,MAC,2026.06.19 08:35:13,SELL,BUY,TREND_PULLBACK,NEWS FILTER (high-impact event nearby),B,4134.73,5.71,Y,60,0.804,0.128,0.804,0.128,0.804,0.128,0.804,0.128,1.42,0.128,5,5,5,,,,TARGET_FIRST,TARGET_FIRST,TARGET_FIRST,1.42,0.128,MIRRORED from original's own advATR/favATR at same real price path; does NOT include the extra spread cost of crossing to the opposite bid/ask side at entry (see report methodology note)
MAC_20260619093512_SELL_TREND_PULLBACK,MAC,2026.06.19 09:35:12,SELL,BUY,TREND_PULLBACK,SMART-GUARD,A+,4138.12,6.17,Y,5,1.092,0.0,1.288,0.0,1.288,0.0,1.288,0.0,,,5,5,5,,,,TARGET_FIRST,TARGET_FIRST,TARGET_FIRST,1.288,0.0,MIRRORED from original's own advATR/favATR at same real price path; does NOT include the extra spread cost of crossing to the opposite bid/ask side at entry (see report methodology note)
MAC_20260619102243_SELL_TREND_PULLBACK,MAC,2026.06.19 10:22:43,SELL,BUY,TREND_PULLBACK,B-GRADE QUALITY BLOCK,B,4157.23,6.48,Y,30,0.0,0.212,0.628,0.212,0.848,0.212,1.192,0.212,1.192,0.212,10,10,10,5,,,STOP_FIRST,TARGET_FIRST,TARGET_FIRST,1.192,0.212,MIRRORED from original's own advATR/favATR at same real price path; does NOT include the extra spread cost of crossing to the opposite bid/ask side at entry (see report methodology note)
MAC_20260619141514_SELL_TREND_PULLBACK,MAC,2026.06.19 14:15:14,SELL,BUY,TREND_PULLBACK,LATE-CHASE ENTRY BLOCK,A,4146.76,4.23,Y,60,0.144,0.0,0.144,0.332,0.144,0.332,0.56,0.332,1.16,0.332,30,30,30,10,10,,STOP_FIRST,STOP_FIRST,TARGET_FIRST,1.16,0.332,MIRRORED from original's own advATR/favATR at same real price path; does NOT include the extra spread cost of crossing to the opposite bid/ask side at entry (see report methodology note)
MAC_20260619144013_SELL_TREND_PULLBACK,MAC,2026.06.19 14:40:13,SELL,BUY,TREND_PULLBACK,A+ EVIDENCE DEMOTION,A,4148.25,4.21,Y,30,0.42,0.0,0.42,0.0,0.52,0.0,1.024,0.0,1.024,0.0,5,5,15,,,,TARGET_FIRST,TARGET_FIRST,TARGET_FIRST,1.024,0.0,MIRRORED from original's own advATR/favATR at same real price path; does NOT include the extra spread cost of crossing to the opposite bid/ask side at entry (see report methodology note)
MAC_20260619150512_SELL_TREND_PULLBACK,MAC,2026.06.19 15:05:12,SELL,BUY,TREND_PULLBACK,FAILED-IMPULSE BLOCK,A,4157.19,4.43,Y,60,0.164,0.0,0.164,0.148,0.164,0.18,0.164,0.452,2.32,0.592,60,60,60,30,30,60,STOP_FIRST,STOP_FIRST,SIMULTANEOUS_SAME_CHECKPOINT,2.32,0.592,MIRRORED from original's own advATR/favATR at same real price path; does NOT include the extra spread cost of crossing to the opposite bid/ask side at entry (see report methodology note)
MAC_20260619151512_SELL_TREND_PULLBACK,MAC,2026.06.19 15:15:12,SELL,BUY,TREND_PULLBACK,SMART-GUARD,A+,4155.47,4.52,Y,60,0.0,0.024,0.0,0.096,0.0,0.288,0.0,0.384,2.424,0.428,60,60,60,15,30,,STOP_FIRST,STOP_FIRST,TARGET_FIRST,2.424,0.428,MIRRORED from original's own advATR/favATR at same real price path; does NOT include the extra spread cost of crossing to the opposite bid/ask side at entry (see report methodology note)
MAC_20260619160012_BUY_SQUEEZE_RELEASE,MAC,2026.06.19 16:00:12,BUY,SELL,SQUEEZE_RELEASE,BAD-LOCATION BLOCK,B,4180.81,6.55,Y,60,0.7,0.124,0.7,0.124,0.936,0.124,0.936,0.124,1.832,0.124,5,5,5,,,,TARGET_FIRST,TARGET_FIRST,TARGET_FIRST,1.832,0.124,MIRRORED from original's own advATR/favATR at same real price path; does NOT include the extra spread cost of crossing to the opposite bid/ask side at entry (see report methodology note)
MAC_20260619161012_BUY_BREAKOUT,MAC,2026.06.19 16:10:12,BUY,SELL,BREAKOUT,BAD-RR TIMING BLOCK,A,4181.82,8.17,Y,60,0.528,0.0,0.8,0.0,0.8,0.0,0.924,0.0,1.56,0.0,5,5,5,,,,TARGET_FIRST,TARGET_FIRST,TARGET_FIRST,1.56,0.0,MIRRORED from original's own advATR/favATR at same real price path; does NOT include the extra spread cost of crossing to the opposite bid/ask side at entry (see report methodology note)
MAC_20260622010013_SELL_TREND_PULLBACK,MAC,2026.06.22 01:00:13,SELL,BUY,TREND_PULLBACK,SPREAD_TOO_WIDE,A,4142.51,3.54,Y,5,1.788,0.0,1.788,0.0,1.788,0.0,1.788,0.0,1.788,0.0,5,5,5,,,,TARGET_FIRST,TARGET_FIRST,TARGET_FIRST,1.788,0.0,MIRRORED from original's own advATR/favATR at same real price path; does NOT include the extra spread cost of crossing to the opposite bid/ask side at entry (see report methodology note)
MAC_20260622024619_SELL_TREND_PULLBACK,MAC,2026.06.22 02:46:19,SELL,BUY,TREND_PULLBACK,SMART-GUARD,A,4146.04,4.5,Y,30,0.0,0.732,0.328,0.732,0.328,0.732,1.676,0.732,3.38,0.732,10,10,30,5,5,5,STOP_FIRST,STOP_FIRST,STOP_FIRST,3.38,0.732,MIRRORED from original's own advATR/favATR at same real price path; does NOT include the extra spread cost of crossing to the opposite bid/ask side at entry (see report methodology note)
MAC_20260622025012_SELL_BREAKOUT,MAC,2026.06.22 02:50:12,SELL,BUY,BREAKOUT,SMART-GUARD,A,4138.86,5.08,Y,30,0.0,0.084,0.856,0.084,0.896,0.084,2.068,0.084,3.924,0.084,10,10,10,,,,TARGET_FIRST,TARGET_FIRST,TARGET_FIRST,3.924,0.084,MIRRORED from original's own advATR/favATR at same real price path; does NOT include the extra spread cost of crossing to the opposite bid/ask side at entry (see report methodology note)
MAC_20260622025512_SELL_SQUEEZE_RELEASE,MAC,2026.06.22 02:55:12,SELL,BUY,SQUEEZE_RELEASE,BAD-RR TIMING BLOCK,A,4137.86,5.05,Y,15,0.94,0.0,0.984,0.0,2.14,0.0,2.16,0.0,4.028,0.0,5,5,5,,,,TARGET_FIRST,TARGET_FIRST,TARGET_FIRST,4.028,0.0,MIRRORED from original's own advATR/favATR at same real price path; does NOT include the extra spread cost of crossing to the opposite bid/ask side at entry (see report methodology note)
MAC_20260622030501_SELL_TREND_PULLBACK,MAC,2026.06.22 03:05:01,SELL,BUY,TREND_PULLBACK,FAILED-IMPULSE BLOCK,A,4146.3,5.81,Y,10,0.272,0.0,1.28,0.0,1.296,0.0,1.728,0.0,4.796,0.0,5,10,10,,,,TARGET_FIRST,TARGET_FIRST,TARGET_FIRST,4.796,0.0,MIRRORED from original's own advATR/favATR at same real price path; does NOT include the extra spread cost of crossing to the opposite bid/ask side at entry (see report methodology note)
MAC_20260622032000_SELL_TREND_PULLBACK,MAC,2026.06.22 03:20:00,SELL,BUY,TREND_PULLBACK,B-GRADE QUALITY BLOCK,B,4163.91,7.23,Y,30,0.068,0.0,0.244,0.0,0.244,0.0,1.112,0.0,2.876,0.0,10,30,30,,,,TARGET_FIRST,TARGET_FIRST,TARGET_FIRST,2.876,0.0,MIRRORED from original's own advATR/favATR at same real price path; does NOT include the extra spread cost of crossing to the opposite bid/ask side at entry (see report methodology note)
MAC_20260622152544_BUY_TREND_PULLBACK,MAC,2026.06.22 15:25:44,BUY,SELL,TREND_PULLBACK,SMART-GUARD,A,4210.33,3.82,Y,5,1.512,0.0,1.58,0.0,1.684,0.0,2.06,0.0,,,5,5,5,,,,TARGET_FIRST,TARGET_FIRST,TARGET_FIRST,2.06,0.0,MIRRORED from original's own advATR/favATR at same real price path; does NOT include the extra spread cost of crossing to the opposite bid/ask side at entry (see report methodology note)
MAC_20260622165500_BUY_TREND_PULLBACK,MAC,2026.06.22 16:55:00,BUY,SELL,TREND_PULLBACK,SMART-GUARD,A,4204.18,6.37,Y,60,0.32,0.0,0.324,0.0,0.324,0.128,0.66,0.128,1.028,0.128,5,5,30,,,,TARGET_FIRST,TARGET_FIRST,TARGET_FIRST,1.028,0.128,MIRRORED from original's own advATR/favATR at same real price path; does NOT include the extra spread cost of crossing to the opposite bid/ask side at entry (see report methodology note)
MAC_20260622171012_BUY_TREND_PULLBACK,MAC,2026.06.22 17:10:12,BUY,SELL,TREND_PULLBACK,BAD-RR TIMING BLOCK,A,4206.32,7.24,Y,30,0.048,0.0,0.604,0.0,0.7,0.0,1.024,0.0,1.024,0.0,10,10,10,,,,TARGET_FIRST,TARGET_FIRST,TARGET_FIRST,1.024,0.0,MIRRORED from original's own advATR/favATR at same real price path; does NOT include the extra spread cost of crossing to the opposite bid/ask side at entry (see report methodology note)
MAC_20260622180012_BUY_TREND_PULLBACK,MAC,2026.06.22 18:00:12,BUY,SELL,TREND_PULLBACK,B-GRADE QUALITY BLOCK,B,4199.27,7.25,Y,60,0.036,0.0,0.132,0.0,0.132,0.0,0.536,0.0,1.604,0.0,30,30,30,,,,TARGET_FIRST,TARGET_FIRST,TARGET_FIRST,1.604,0.0,MIRRORED from original's own advATR/favATR at same real price path; does NOT include the extra spread cost of crossing to the opposite bid/ask side at entry (see report methodology note)
MAC_20260622180512_BUY_TREND_PULLBACK,MAC,2026.06.22 18:05:12,BUY,SELL,TREND_PULLBACK,SMART-GUARD,A,4198.67,7.22,Y,60,0.096,0.0,0.096,0.0,0.332,0.0,0.532,0.0,1.58,0.0,15,15,30,,,,TARGET_FIRST,TARGET_FIRST,TARGET_FIRST,1.58,0.0,MIRRORED from original's own advATR/favATR at same real price path; does NOT include the extra spread cost of crossing to the opposite bid/ask side at entry (see report methodology note)
MAC_20260622185012_SELL_BREAKOUT,MAC,2026.06.22 18:50:12,SELL,BUY,BREAKOUT,BAD-RR TIMING BLOCK,A,4170.05,6.1,Y,60,0.548,0.0,0.928,0.0,0.928,0.0,0.928,0.0,1.12,0.0,5,5,5,,,,TARGET_FIRST,TARGET_FIRST,TARGET_FIRST,1.12,0.0,MIRRORED from original's own advATR/favATR at same real price path; does NOT include the extra spread cost of crossing to the opposite bid/ask side at entry (see report methodology note)
MAC_20260622204000_SELL_TREND_PULLBACK,MAC,2026.06.22 20:40:00,SELL,BUY,TREND_PULLBACK,BAD-LOCATION BLOCK,A,4180.98,3.94,Y,60,0.044,0.0,0.188,0.0,0.2,0.0,0.36,0.0,1.068,0.0,15,30,60,,,,TARGET_FIRST,TARGET_FIRST,TARGET_FIRST,1.068,0.0,MIRRORED from original's own advATR/favATR at same real price path; does NOT include the extra spread cost of crossing to the opposite bid/ask side at entry (see report methodology note)
MAC_20260623031000_SELL_BREAKOUT,MAC,2026.06.23 03:10:00,SELL,BUY,BREAKOUT,BAD-RR TIMING BLOCK,A,4184.42,2.83,Y,60,0.0,0.532,0.0,0.532,0.0,0.532,0.264,0.532,1.284,0.532,30,60,60,5,5,5,STOP_FIRST,STOP_FIRST,STOP_FIRST,1.284,0.532,MIRRORED from original's own advATR/favATR at same real price path; does NOT include the extra spread cost of crossing to the opposite bid/ask side at entry (see report methodology note)
MAC_20260623110012_SELL_SQUEEZE_RELEASE,MAC,2026.06.23 11:00:12,SELL,BUY,SQUEEZE_RELEASE,BAD-RR TIMING BLOCK,A,4098.13,6.12,Y,60,0.0,0.368,0.0,0.368,0.012,0.368,0.244,0.368,1.328,0.368,30,60,60,5,5,,STOP_FIRST,STOP_FIRST,TARGET_FIRST,1.328,0.368,MIRRORED from original's own advATR/favATR at same real price path; does NOT include the extra spread cost of crossing to the opposite bid/ask side at entry (see report methodology note)
MAC_20260623110500_SELL_ASIA_BREAKOUT,MAC,2026.06.23 11:05:00,SELL,BUY,ASIA_BREAKOUT,BAD-RR TIMING BLOCK,A,4092.61,6.5,Y,60,0.128,0.0,0.128,0.0,0.352,0.0,0.568,0.0,1.592,0.0,15,15,30,,,,TARGET_FIRST,TARGET_FIRST,TARGET_FIRST,1.592,0.0,MIRRORED from original's own advATR/favATR at same real price path; does NOT include the extra spread cost of crossing to the opposite bid/ask side at entry (see report methodology note)
MAC_20260623112000_SELL_SQUEEZE_RELEASE,MAC,2026.06.23 11:20:00,SELL,BUY,SQUEEZE_RELEASE,A+ EVIDENCE DEMOTION,A,4098.3,6.14,Y,60,0.0,0.068,0.004,0.068,0.232,0.068,0.744,0.068,1.312,0.068,15,30,30,,,,TARGET_FIRST,TARGET_FIRST,TARGET_FIRST,1.312,0.068,MIRRORED from original's own advATR/favATR at same real price path; does NOT include the extra spread cost of crossing to the opposite bid/ask side at entry (see report methodology note)
MAC_20260623112500_SELL_SQUEEZE_RELEASE,MAC,2026.06.23 11:25:00,SELL,BUY,SQUEEZE_RELEASE,BAD-LOCATION BLOCK,A,4097.18,5.76,Y,30,0.08,0.0,0.324,0.0,0.376,0.0,1.48,0.0,1.48,0.0,10,10,30,,,,TARGET_FIRST,TARGET_FIRST,TARGET_FIRST,1.48,0.0,MIRRORED from original's own advATR/favATR at same real price path; does NOT include the extra spread cost of crossing to the opposite bid/ask side at entry (see report methodology note)
MAC_20260623114000_SELL_SQUEEZE_RELEASE,MAC,2026.06.23 11:40:00,SELL,BUY,SQUEEZE_RELEASE,FAILED-IMPULSE BLOCK,A,4102.52,5.91,Y,15,0.488,0.0,0.488,0.0,1.08,0.0,1.08,0.0,1.08,0.0,5,5,15,,,,TARGET_FIRST,TARGET_FIRST,TARGET_FIRST,1.08,0.0,MIRRORED from original's own advATR/favATR at same real price path; does NOT include the extra spread cost of crossing to the opposite bid/ask side at entry (see report methodology note)
MAC_20260623124513_SELL_TREND_PULLBACK,MAC,2026.06.23 12:45:13,SELL,BUY,TREND_PULLBACK,ANALYSIS-ONLY,A+,4116.85,5.32,Y,15,0.02,0.056,0.612,0.056,1.116,0.056,1.116,0.056,,,10,10,10,,,,TARGET_FIRST,TARGET_FIRST,TARGET_FIRST,1.116,0.056,MIRRORED from original's own advATR/favATR at same real price path; does NOT include the extra spread cost of crossing to the opposite bid/ask side at entry (see report methodology note)
MAC_20260623162516_SELL_TREND_PULLBACK,MAC,2026.06.23 16:25:16,SELL,BUY,TREND_PULLBACK,A+ EVIDENCE DEMOTION,A,4116.98,6.71,Y,30,0.28,0.232,0.28,0.232,0.58,0.232,1.308,0.232,,,5,15,15,5,,,SIMULTANEOUS_SAME_CHECKPOINT,TARGET_FIRST,TARGET_FIRST,1.308,0.232,MIRRORED from original's own advATR/favATR at same real price path; does NOT include the extra spread cost of crossing to the opposite bid/ask side at entry (see report methodology note)
MAC_20260623163513_SELL_TREND_PULLBACK,MAC,2026.06.23 16:35:13,SELL,BUY,TREND_PULLBACK,FAILED-IMPULSE BLOCK,A,4121.35,7.02,Y,30,0.304,0.024,0.604,0.024,0.852,0.024,1.304,0.024,,,5,5,10,,,,TARGET_FIRST,TARGET_FIRST,TARGET_FIRST,1.304,0.024,MIRRORED from original's own advATR/favATR at same real price path; does NOT include the extra spread cost of crossing to the opposite bid/ask side at entry (see report methodology note)
MAC_20260623215512_SELL_TREND_PULLBACK,MAC,2026.06.23 21:55:12,SELL,BUY,TREND_PULLBACK,BAD-LOCATION BLOCK,B,4115.32,3.12,Y,10,0.24,0.0,1.096,0.0,1.096,0.0,,,,,5,10,10,,,,TARGET_FIRST,TARGET_FIRST,TARGET_FIRST,1.096,0.0,MIRRORED from original's own advATR/favATR at same real price path; does NOT include the extra spread cost of crossing to the opposite bid/ask side at entry (see report methodology note)
MAC_20260624021013_SELL_SQUEEZE_RELEASE,MAC,2026.06.24 02:10:13,SELL,BUY,SQUEEZE_RELEASE,BAD-RR TIMING BLOCK,A,4097.09,5.26,Y,60,0.292,0.0,0.292,0.0,0.292,0.0,0.292,0.944,1.032,0.944,5,60,60,30,30,30,TARGET_FIRST,STOP_FIRST,STOP_FIRST,1.032,0.944,MIRRORED from original's own advATR/favATR at same real price path; does NOT include the extra spread cost of crossing to the opposite bid/ask side at entry (see report methodology note)
MAC_20260624023512_SELL_TREND_PULLBACK,MAC,2026.06.24 02:35:12,SELL,BUY,TREND_PULLBACK,BAD-RR TIMING BLOCK,A,4094.68,4.76,Y,60,0.0,0.84,0.0,0.84,0.06,0.84,0.708,0.84,1.344,0.84,30,30,30,5,5,5,STOP_FIRST,STOP_FIRST,STOP_FIRST,1.344,0.84,MIRRORED from original's own advATR/favATR at same real price path; does NOT include the extra spread cost of crossing to the opposite bid/ask side at entry (see report methodology note)
MAC_20260624025012_SELL_TREND_PULLBACK,MAC,2026.06.24 02:50:12,SELL,BUY,TREND_PULLBACK,LATE-CHASE ENTRY BLOCK,A,4095.41,5.56,Y,30,0.096,0.0,0.248,0.0,0.556,0.0,1.096,0.0,1.096,0.0,10,15,15,,,,TARGET_FIRST,TARGET_FIRST,TARGET_FIRST,1.096,0.0,MIRRORED from original's own advATR/favATR at same real price path; does NOT include the extra spread cost of crossing to the opposite bid/ask side at entry (see report methodology note)
MAC_20260624062012_SELL_TREND_PULLBACK,MAC,2026.06.24 06:20:12,SELL,BUY,TREND_PULLBACK,BAD-RR TIMING BLOCK,A,4052.61,7.79,Y,60,0.108,0.0,0.296,0.0,0.456,0.0,0.9,0.0,1.204,0.0,10,15,30,,,,TARGET_FIRST,TARGET_FIRST,TARGET_FIRST,1.204,0.0,MIRRORED from original's own advATR/favATR at same real price path; does NOT include the extra spread cost of crossing to the opposite bid/ask side at entry (see report methodology note)
MAC_20260624062513_SELL_TREND_PULLBACK,MAC,2026.06.24 06:25:13,SELL,BUY,TREND_PULLBACK,BAD-LOCATION BLOCK,B,4054.67,7.79,Y,60,0.352,0.0,0.404,0.0,0.792,0.0,0.792,0.0,1.1,0.0,5,5,15,,,,TARGET_FIRST,TARGET_FIRST,TARGET_FIRST,1.1,0.0,MIRRORED from original's own advATR/favATR at same real price path; does NOT include the extra spread cost of crossing to the opposite bid/ask side at entry (see report methodology note)
MAC_20260624063512_SELL_TREND_PULLBACK,MAC,2026.06.24 06:35:12,SELL,BUY,TREND_PULLBACK,FAILED-IMPULSE BLOCK,A,4061.28,7.72,Y,60,0.064,0.0,0.46,0.0,0.46,0.0,0.768,0.0,1.024,0.0,10,10,30,,,,TARGET_FIRST,TARGET_FIRST,TARGET_FIRST,1.024,0.0,MIRRORED from original's own advATR/favATR at same real price path; does NOT include the extra spread cost of crossing to the opposite bid/ask side at entry (see report methodology note)
MAC_20260624065512_SELL_TREND_PULLBACK,MAC,2026.06.24 06:55:12,SELL,BUY,TREND_PULLBACK,NEWS_AFTERMATH,A+,4063.48,6.51,Y,15,0.0,0.072,0.776,0.072,1.08,0.072,1.08,0.072,1.08,0.072,10,10,10,,,,TARGET_FIRST,TARGET_FIRST,TARGET_FIRST,1.08,0.072,MIRRORED from original's own advATR/favATR at same real price path; does NOT include the extra spread cost of crossing to the opposite bid/ask side at entry (see report methodology note)
MAC_20260624084013_SELL_TREND_PULLBACK,MAC,2026.06.24 08:40:13,SELL,BUY,TREND_PULLBACK,ANALYSIS-ONLY,A,4076.67,5.12,Y,30,0.0,0.196,0.0,0.244,0.016,0.244,1.632,0.244,1.632,0.244,30,30,30,10,,,STOP_FIRST,TARGET_FIRST,TARGET_FIRST,1.632,0.244,MIRRORED from original's own advATR/favATR at same real price path; does NOT include the extra spread cost of crossing to the opposite bid/ask side at entry (see report methodology note)
MAC_20260624084512_SELL_TREND_PULLBACK,MAC,2026.06.24 08:45:12,SELL,BUY,TREND_PULLBACK,ANTI-BIAS BLOCK,A,4075.95,5.33,Y,30,0.0,0.132,0.0,0.18,0.072,0.18,1.624,0.18,1.624,0.18,30,30,30,,,,TARGET_FIRST,TARGET_FIRST,TARGET_FIRST,1.624,0.18,MIRRORED from original's own advATR/favATR at same real price path; does NOT include the extra spread cost of crossing to the opposite bid/ask side at entry (see report methodology note)
MAC_20260624090014_SELL_TREND_PULLBACK,MAC,2026.06.24 09:00:14,SELL,BUY,TREND_PULLBACK,FAILED-IMPULSE BLOCK,A,4077.62,5.68,Y,10,0.84,0.0,1.404,0.0,1.404,0.0,1.404,0.0,1.404,0.0,5,5,5,,,,TARGET_FIRST,TARGET_FIRST,TARGET_FIRST,1.404,0.0,MIRRORED from original's own advATR/favATR at same real price path; does NOT include the extra spread cost of crossing to the opposite bid/ask side at entry (see report methodology note)
MAC_20260624151513_BUY_LONDON_FIX_PIN,MAC,2026.06.24 15:15:13,BUY,SELL,LONDON_FIX_PIN,NEWS_AFTERMATH,B,4039.58,7.76,Y,5,1.192,0.0,1.264,0.0,1.264,0.0,1.724,0.0,3.456,0.0,5,5,5,,,,TARGET_FIRST,TARGET_FIRST,TARGET_FIRST,3.456,0.0,MIRRORED from original's own advATR/favATR at same real price path; does NOT include the extra spread cost of crossing to the opposite bid/ask side at entry (see report methodology note)
MAC_20260624162012_SELL_SQUEEZE_RELEASE,MAC,2026.06.24 16:20:12,SELL,BUY,SQUEEZE_RELEASE,BAD-LOCATION BLOCK,A,3972.65,13.1,Y,30,0.032,0.0,0.236,0.0,0.596,0.0,1.48,0.0,2.068,0.0,10,15,15,,,,TARGET_FIRST,TARGET_FIRST,TARGET_FIRST,2.068,0.0,MIRRORED from original's own advATR/favATR at same real price path; does NOT include the extra spread cost of crossing to the opposite bid/ask side at entry (see report methodology note)
MAC_20260624164012_SELL_TREND_PULLBACK,MAC,2026.06.24 16:40:12,SELL,BUY,TREND_PULLBACK,A+ EVIDENCE DEMOTION,A,4004.18,14.01,Y,30,0.384,0.0,0.484,0.0,0.744,0.0,1.032,0.0,1.032,0.0,5,5,15,,,,TARGET_FIRST,TARGET_FIRST,TARGET_FIRST,1.032,0.0,MIRRORED from original's own advATR/favATR at same real price path; does NOT include the extra spread cost of crossing to the opposite bid/ask side at entry (see report methodology note)
MAC_20260625000109_SELL_TREND_PULLBACK,MAC,2026.06.25 00:01:09,SELL,BUY,TREND_PULLBACK,FAILED-IMPULSE BLOCK,A,3988.07,5.27,Y,60,0.004,0.0,0.004,0.0,0.004,0.0,0.004,0.0,1.408,0.0,60,60,60,,,,TARGET_FIRST,TARGET_FIRST,TARGET_FIRST,1.408,0.0,MIRRORED from original's own advATR/favATR at same real price path; does NOT include the extra spread cost of crossing to the opposite bid/ask side at entry (see report methodology note)
MAC_20260625011513_SELL_TREND_PULLBACK,MAC,2026.06.25 01:15:13,SELL,BUY,TREND_PULLBACK,SMART-GUARD,A+,4001.5,6.28,Y,60,0.0,0.036,0.0,0.136,0.78,0.136,0.904,0.136,1.02,0.136,15,15,15,,,,TARGET_FIRST,TARGET_FIRST,TARGET_FIRST,1.02,0.136,MIRRORED from original's own advATR/favATR at same real price path; does NOT include the extra spread cost of crossing to the opposite bid/ask side at entry (see report methodology note)
MAC_20260625034014_SELL_TREND_PULLBACK,MAC,2026.06.25 03:40:14,SELL,BUY,TREND_PULLBACK,A+ EVIDENCE DEMOTION,A,3981.99,6.99,Y,10,0.152,0.0,1.036,0.0,1.036,0.0,1.036,0.0,1.036,0.016,10,10,10,,,,TARGET_FIRST,TARGET_FIRST,TARGET_FIRST,1.036,0.016,MIRRORED from original's own advATR/favATR at same real price path; does NOT include the extra spread cost of crossing to the opposite bid/ask side at entry (see report methodology note)
MAC_20260625061513_SELL_TREND_PULLBACK,MAC,2026.06.25 06:15:13,SELL,BUY,TREND_PULLBACK,BAD-LOCATION BLOCK,A,3969.53,8.52,Y,60,0.588,0.0,0.588,0.0,0.588,0.0,0.908,0.0,1.376,0.0,5,5,5,,,,TARGET_FIRST,TARGET_FIRST,TARGET_FIRST,1.376,0.0,MIRRORED from original's own advATR/favATR at same real price path; does NOT include the extra spread cost of crossing to the opposite bid/ask side at entry (see report methodology note)
MAC_20260625063512_SELL_TREND_PULLBACK,MAC,2026.06.25 06:35:12,SELL,BUY,TREND_PULLBACK,A+ EVIDENCE DEMOTION,A,3974.72,7.86,Y,30,0.0,0.148,0.076,0.148,0.72,0.148,1.228,0.148,1.228,0.148,15,15,15,,,,TARGET_FIRST,TARGET_FIRST,TARGET_FIRST,1.228,0.148,MIRRORED from original's own advATR/favATR at same real price path; does NOT include the extra spread cost of crossing to the opposite bid/ask side at entry (see report methodology note)
MAC_20260625064512_SELL_TREND_PULLBACK,MAC,2026.06.25 06:45:12,SELL,BUY,TREND_PULLBACK,LATE-CHASE ENTRY BLOCK,A,3976.44,7.81,Y,10,0.636,0.0,1.148,0.0,1.148,0.0,1.148,0.0,1.148,0.0,5,5,5,,,,TARGET_FIRST,TARGET_FIRST,TARGET_FIRST,1.148,0.0,MIRRORED from original's own advATR/favATR at same real price path; does NOT include the extra spread cost of crossing to the opposite bid/ask side at entry (see report methodology note)
MAC_20260625105013_SELL_TREND_PULLBACK,MAC,2026.06.25 10:50:13,SELL,BUY,TREND_PULLBACK,LATE-CHASE ENTRY BLOCK,A,3977.62,6.63,Y,30,0.748,0.028,0.876,0.028,0.876,0.028,1.14,0.028,1.428,0.028,5,5,5,,,,TARGET_FIRST,TARGET_FIRST,TARGET_FIRST,1.428,0.028,MIRRORED from original's own advATR/favATR at same real price path; does NOT include the extra spread cost of crossing to the opposite bid/ask side at entry (see report methodology note)
MAC_20260625132512_SELL_TREND_PULLBACK,MAC,2026.06.25 13:25:12,SELL,BUY,TREND_PULLBACK,BAD-LOCATION BLOCK,A,3986.31,4.06,Y,60,0.244,0.0,0.244,0.0,0.244,0.916,0.244,1.004,1.66,1.004,5,60,60,15,15,15,TARGET_FIRST,STOP_FIRST,STOP_FIRST,1.66,1.004,MIRRORED from original's own advATR/favATR at same real price path; does NOT include the extra spread cost of crossing to the opposite bid/ask side at entry (see report methodology note)
MAC_20260625141744_SELL_TREND_PULLBACK,MAC,2026.06.25 14:17:44,SELL,BUY,TREND_PULLBACK,SMART-GUARD,A+,3976.98,3.46,Y,10,0.0,0.1,3.032,0.1,3.032,0.1,3.032,0.1,3.328,0.1,10,10,10,,,,TARGET_FIRST,TARGET_FIRST,TARGET_FIRST,3.328,0.1,MIRRORED from original's own advATR/favATR at same real price path; does NOT include the extra spread cost of crossing to the opposite bid/ask side at entry (see report methodology note)
MAC_20260625153115_SELL_TREND_PULLBACK,MAC,2026.06.25 15:31:15,SELL,BUY,TREND_PULLBACK,LATE-CHASE ENTRY BLOCK,A,4002.96,4.69,Y,30,0.0,0.84,0.236,0.84,0.912,0.84,2.196,0.84,2.336,0.84,10,15,15,5,5,5,STOP_FIRST,STOP_FIRST,STOP_FIRST,2.336,0.84,MIRRORED from original's own advATR/favATR at same real price path; does NOT include the extra spread cost of crossing to the opposite bid/ask side at entry (see report methodology note)
MAC_20260625221012_BUY_TREND_PULLBACK,MAC,2026.06.25 22:10:12,BUY,SELL,TREND_PULLBACK,LATE-CHASE ENTRY BLOCK,A,4038.81,5.32,Y,60,0.0,0.172,0.06,0.172,0.06,0.172,0.308,0.172,1.14,0.172,30,30,60,,,,TARGET_FIRST,TARGET_FIRST,TARGET_FIRST,1.14,0.172,MIRRORED from original's own advATR/favATR at same real price path; does NOT include the extra spread cost of crossing to the opposite bid/ask side at entry (see report methodology note)
MAC_20260626023013_BUY_TREND_PULLBACK,MAC,2026.06.26 02:30:13,BUY,SELL,TREND_PULLBACK,NEWS FILTER (high-impact event nearby),A,4029.98,4.7,Y,15,0.628,0.0,0.628,0.0,1.072,0.0,1.464,0.0,1.464,0.0,5,5,5,,,,TARGET_FIRST,TARGET_FIRST,TARGET_FIRST,1.464,0.0,MIRRORED from original's own advATR/favATR at same real price path; does NOT include the extra spread cost of crossing to the opposite bid/ask side at entry (see report methodology note)
MAC_20260626042513_BUY_TREND_PULLBACK,MAC,2026.06.26 04:25:13,BUY,SELL,TREND_PULLBACK,SMART-GUARD,A,4022.77,5.88,Y,60,0.256,0.0,0.256,0.0,0.256,0.012,0.364,0.012,1.216,0.012,5,30,60,,,,TARGET_FIRST,TARGET_FIRST,TARGET_FIRST,1.216,0.012,MIRRORED from original's own advATR/favATR at same real price path; does NOT include the extra spread cost of crossing to the opposite bid/ask side at entry (see report methodology note)
MAC_20260626043012_BUY_TREND_PULLBACK,MAC,2026.06.26 04:30:12,BUY,SELL,TREND_PULLBACK,LATE-CHASE ENTRY BLOCK,A,4020.92,5.92,Y,60,0.128,0.0,0.128,0.0,0.128,0.136,0.236,0.136,1.084,0.136,30,60,60,,,,TARGET_FIRST,TARGET_FIRST,TARGET_FIRST,1.084,0.136,MIRRORED from original's own advATR/favATR at same real price path; does NOT include the extra spread cost of crossing to the opposite bid/ask side at entry (see report methodology note)
MAC_20260626043512_BUY_TREND_PULLBACK,MAC,2026.06.26 04:35:12,BUY,SELL,TREND_PULLBACK,B-GRADE QUALITY BLOCK,B,4019.11,5.87,Y,60,0.0,0.084,0.0,0.26,0.112,0.26,0.112,0.26,1.128,0.26,60,60,60,10,,,STOP_FIRST,TARGET_FIRST,TARGET_FIRST,1.128,0.26,MIRRORED from original's own advATR/favATR at same real price path; does NOT include the extra spread cost of crossing to the opposite bid/ask side at entry (see report methodology note)
MAC_20260626061012_SELL_SQUEEZE_RELEASE,MAC,2026.06.26 06:10:12,SELL,BUY,SQUEEZE_RELEASE,A+ EVIDENCE DEMOTION,A,3994.07,6.88,Y,60,0.156,0.0,0.216,0.0,0.216,0.04,0.216,0.044,1.216,0.044,10,60,60,,,,TARGET_FIRST,TARGET_FIRST,TARGET_FIRST,1.216,0.044,MIRRORED from original's own advATR/favATR at same real price path; does NOT include the extra spread cost of crossing to the opposite bid/ask side at entry (see report methodology note)
MAC_20260626061512_SELL_TREND_PULLBACK,MAC,2026.06.26 06:15:12,SELL,BUY,TREND_PULLBACK,FAILED-IMPULSE BLOCK,A,3996.75,6.92,Y,60,0.06,0.0,0.06,0.196,0.06,0.2,0.144,0.2,1.052,0.2,60,60,60,15,,,STOP_FIRST,TARGET_FIRST,TARGET_FIRST,1.052,0.2,MIRRORED from original's own advATR/favATR at same real price path; does NOT include the extra spread cost of crossing to the opposite bid/ask side at entry (see report methodology note)
MAC_20260626062512_SELL_TREND_PULLBACK,MAC,2026.06.26 06:25:12,SELL,BUY,TREND_PULLBACK,A+ EVIDENCE DEMOTION,A,3993.12,7.14,Y,60,0.008,0.0,0.176,0.0,0.228,0.0,0.548,0.0,1.224,0.0,15,30,30,,,,TARGET_FIRST,TARGET_FIRST,TARGET_FIRST,1.224,0.0,MIRRORED from original's own advATR/favATR at same real price path; does NOT include the extra spread cost of crossing to the opposite bid/ask side at entry (see report methodology note)
MAC_20260626065012_SELL_TREND_PULLBACK,MAC,2026.06.26 06:50:12,SELL,BUY,TREND_PULLBACK,NEWS_AFTERMATH,A+,3999.24,5.79,Y,30,0.252,0.0,0.312,0.0,0.312,0.0,1.088,0.0,1.088,0.0,5,10,30,,,,TARGET_FIRST,TARGET_FIRST,TARGET_FIRST,1.088,0.0,MIRRORED from original's own advATR/favATR at same real price path; does NOT include the extra spread cost of crossing to the opposite bid/ask side at entry (see report methodology note)
MAC_20260626091013_SELL_TREND_PULLBACK,MAC,2026.06.26 09:10:13,SELL,BUY,TREND_PULLBACK,A+ EVIDENCE DEMOTION,A,4008.97,5.34,Y,15,0.1,0.0,0.928,0.0,1.148,0.0,1.188,0.0,2.208,0.0,10,10,10,,,,TARGET_FIRST,TARGET_FIRST,TARGET_FIRST,2.208,0.0,MIRRORED from original's own advATR/favATR at same real price path; does NOT include the extra spread cost of crossing to the opposite bid/ask side at entry (see report methodology note)
MAC_20260626092512_SELL_TREND_PULLBACK,MAC,2026.06.26 09:25:12,SELL,BUY,TREND_PULLBACK,FAILED-IMPULSE BLOCK,A,4021.4,6.03,Y,30,0.192,0.0,0.192,0.0,0.192,0.0,1.128,0.0,1.128,0.0,30,30,30,,,,TARGET_FIRST,TARGET_FIRST,TARGET_FIRST,1.128,0.0,MIRRORED from original's own advATR/favATR at same real price path; does NOT include the extra spread cost of crossing to the opposite bid/ask side at entry (see report methodology note)
MAC_20260629000100_SELL_HTF_TREND_FOLLOW,MAC,2026.06.29 00:01:00,SELL,BUY,HTF_TREND_FOLLOW,Trade blocked — startup,A,4071.69,3.34,Y,60,0.008,0.0,0.008,0.0,0.008,0.0,0.008,0.0,1.744,0.0,60,60,60,,,,TARGET_FIRST,TARGET_FIRST,TARGET_FIRST,1.744,0.0,MIRRORED from original's own advATR/favATR at same real price path; does NOT include the extra spread cost of crossing to the opposite bid/ask side at entry (see report methodology note)
MAC_20260629000901_SELL_HTF_TREND_FOLLOW,MAC,2026.06.29 00:09:01,SELL,BUY,HTF_TREND_FOLLOW,AI DIRECTOR BLOCK,A,4071.69,3.34,Y,60,0.008,0.0,0.008,0.0,0.008,0.0,0.008,0.0,1.744,0.0,60,60,60,,,,TARGET_FIRST,TARGET_FIRST,TARGET_FIRST,1.744,0.0,MIRRORED from original's own advATR/favATR at same real price path; does NOT include the extra spread cost of crossing to the opposite bid/ask side at entry (see report methodology note)
MAC_20260629084012_SELL_TREND_PULLBACK,MAC,2026.06.29 08:40:12,SELL,BUY,TREND_PULLBACK,SMART-GUARD,SKIP,4045.08,5.57,Y,30,0.4,0.0,0.4,0.0,0.56,0.0,1.22,0.0,1.22,0.0,5,5,15,,,,TARGET_FIRST,TARGET_FIRST,TARGET_FIRST,1.22,0.0,MIRRORED from original's own advATR/favATR at same real price path; does NOT include the extra spread cost of crossing to the opposite bid/ask side at entry (see report methodology note)
MAC_20260629145200_SELL_TREND_PULLBACK,MAC,2026.06.29 14:52:00,SELL,BUY,TREND_PULLBACK,A+ EVIDENCE DEMOTION,A,4037.75,4.21,Y,15,0.088,0.036,0.828,0.036,1.06,0.036,1.06,0.036,1.06,0.036,10,10,10,,,,TARGET_FIRST,TARGET_FIRST,TARGET_FIRST,1.06,0.036,MIRRORED from original's own advATR/favATR at same real price path; does NOT include the extra spread cost of crossing to the opposite bid/ask side at entry (see report methodology note)
MAC_20260629171513_SELL_SQUEEZE_RELEASE,MAC,2026.06.29 17:15:13,SELL,BUY,SQUEEZE_RELEASE,A+ EVIDENCE DEMOTION,A,4006.01,7.46,Y,15,0.664,0.0,0.908,0.0,1.156,0.0,1.156,0.0,,,5,5,5,,,,TARGET_FIRST,TARGET_FIRST,TARGET_FIRST,1.156,0.0,MIRRORED from original's own advATR/favATR at same real price path; does NOT include the extra spread cost of crossing to the opposite bid/ask side at entry (see report methodology note)
MAC_20260630041527_SELL_SQUEEZE_RELEASE,MAC,2026.06.30 04:15:27,SELL,BUY,SQUEEZE_RELEASE,AI DIRECTOR BLOCK,A+,3951.35,9.47,Y,10,0.868,0.0,1.18,0.0,1.18,0.0,1.18,0.0,1.18,0.0,5,5,5,,,,TARGET_FIRST,TARGET_FIRST,TARGET_FIRST,1.18,0.0,MIRRORED from original's own advATR/favATR at same real price path; does NOT include the extra spread cost of crossing to the opposite bid/ask side at entry (see report methodology note)
MAC_20260630054033_SELL_HTF_TREND_FOLLOW,MAC,2026.06.30 05:40:33,SELL,BUY,HTF_TREND_FOLLOW,AI DIRECTOR BLOCK,A+,3963.65,7.48,Y,60,0.064,0.216,0.148,0.216,0.148,0.216,0.268,0.216,1.636,0.216,30,60,60,5,,,STOP_FIRST,TARGET_FIRST,TARGET_FIRST,1.636,0.216,MIRRORED from original's own advATR/favATR at same real price path; does NOT include the extra spread cost of crossing to the opposite bid/ask side at entry (see report methodology note)
MAC_20260630054514_SELL_TREND_PULLBACK,MAC,2026.06.30 05:45:14,SELL,BUY,TREND_PULLBACK,BAD-LOCATION BLOCK,A,3959.77,7.62,Y,60,0.264,0.0,0.352,0.0,0.468,0.0,0.468,0.0,1.808,0.0,5,10,60,,,,TARGET_FIRST,TARGET_FIRST,TARGET_FIRST,1.808,0.0,MIRRORED from original's own advATR/favATR at same real price path; does NOT include the extra spread cost of crossing to the opposite bid/ask side at entry (see report methodology note)
MAC_20260630055033_SELL_HTF_TREND_FOLLOW,MAC,2026.06.30 05:50:33,SELL,BUY,HTF_TREND_FOLLOW,Trade blocked — momentum slowdown (close in opposite 30% of last,A+,3963.85,7.51,Y,60,0.14,0.004,0.256,0.004,0.256,0.004,0.316,0.004,1.62,0.112,10,30,60,,,,TARGET_FIRST,TARGET_FIRST,TARGET_FIRST,1.62,0.112,MIRRORED from original's own advATR/favATR at same real price path; does NOT include the extra spread cost of crossing to the opposite bid/ask side at entry (see report methodology note)
MAC_20260630060032_SELL_TREND_PULLBACK,MAC,2026.06.30 06:00:32,SELL,BUY,TREND_PULLBACK,AI DIRECTOR BLOCK,A+,3965.44,7.26,Y,60,0.176,0.0,0.176,0.0,0.24,0.0,0.24,0.204,1.588,0.204,15,60,60,30,,,TARGET_FIRST,TARGET_FIRST,TARGET_FIRST,1.588,0.204,MIRRORED from original's own advATR/favATR at same real price path; does NOT include the extra spread cost of crossing to the opposite bid/ask side at entry (see report methodology note)
MAC_20260630073550_BUY_BREAKOUT,MAC,2026.06.30 07:35:50,BUY,SELL,BREAKOUT,SMART-GUARD,A,3995.53,5.27,Y,60,0.62,0.0,0.62,0.0,0.62,0.0,0.876,0.0,1.392,0.0,5,5,5,,,,TARGET_FIRST,TARGET_FIRST,TARGET_FIRST,1.392,0.0,MIRRORED from original's own advATR/favATR at same real price path; does NOT include the extra spread cost of crossing to the opposite bid/ask side at entry (see report methodology note)
MAC_20260630082517_SELL_HTF_TREND_FOLLOW,MAC,2026.06.30 08:25:17,SELL,BUY,HTF_TREND_FOLLOW,STI_REENTRY_WAIT ,A+,3987.64,5.38,Y,60,0.0,0.776,0.0,0.776,0.0,0.776,0.0,0.776,1.884,0.776,60,60,60,5,5,5,STOP_FIRST,STOP_FIRST,STOP_FIRST,1.884,0.776,MIRRORED from original's own advATR/favATR at same real price path; does NOT include the extra spread cost of crossing to the opposite bid/ask side at entry (see report methodology note)
MAC_20260630083518_SELL_TREND_PULLBACK,MAC,2026.06.30 08:35:18,SELL,BUY,TREND_PULLBACK,STI_REENTRY_WAIT ,A+,3976.85,6.01,Y,60,0.324,0.0,0.324,0.0,0.324,0.0,0.632,0.0,3.616,0.0,5,5,30,,,,TARGET_FIRST,TARGET_FIRST,TARGET_FIRST,3.616,0.0,MIRRORED from original's own advATR/favATR at same real price path; does NOT include the extra spread cost of crossing to the opposite bid/ask side at entry (see report methodology note)
MAC_20260630084516_SELL_TREND_PULLBACK,MAC,2026.06.30 08:45:16,SELL,BUY,TREND_PULLBACK,BAD-LOCATION BLOCK,A,3979.78,5.49,Y,60,0.044,0.012,0.172,0.012,0.364,0.012,0.552,0.012,3.744,0.012,15,15,30,,,,TARGET_FIRST,TARGET_FIRST,TARGET_FIRST,3.744,0.012,MIRRORED from original's own advATR/favATR at same real price path; does NOT include the extra spread cost of crossing to the opposite bid/ask side at entry (see report methodology note)
MAC_20260630085016_SELL_TREND_PULLBACK,MAC,2026.06.30 08:50:16,SELL,BUY,TREND_PULLBACK,FAILED-IMPULSE BLOCK,A,3978.98,5.36,Y,30,0.104,0.0,0.432,0.0,0.548,0.0,1.46,0.0,3.896,0.0,10,10,15,,,,TARGET_FIRST,TARGET_FIRST,TARGET_FIRST,3.896,0.0,MIRRORED from original's own advATR/favATR at same real price path; does NOT include the extra spread cost of crossing to the opposite bid/ask side at entry (see report methodology note)
MAC_20260630090515_SELL_HTF_TREND_FOLLOW,MAC,2026.06.30 09:05:15,SELL,BUY,HTF_TREND_FOLLOW,NEWS FILTER (high-impact event nearby),A+,3985.76,5.55,Y,30,0.116,0.0,0.116,0.0,0.92,0.0,3.268,0.0,3.268,0.0,15,15,15,,,,TARGET_FIRST,TARGET_FIRST,TARGET_FIRST,3.268,0.0,MIRRORED from original's own advATR/favATR at same real price path; does NOT include the extra spread cost of crossing to the opposite bid/ask side at entry (see report methodology note)
MAC_20260630091031_SELL_HTF_TREND_FOLLOW,MAC,2026.06.30 09:10:31,SELL,BUY,HTF_TREND_FOLLOW,AI DIRECTOR BLOCK,A+,3986.84,5.7,Y,15,0.036,0.02,0.82,0.02,1.836,0.02,3.108,0.02,3.108,0.02,10,10,10,,,,TARGET_FIRST,TARGET_FIRST,TARGET_FIRST,3.108,0.02,MIRRORED from original's own advATR/favATR at same real price path; does NOT include the extra spread cost of crossing to the opposite bid/ask side at entry (see report methodology note)
MAC_20260630092517_SELL_HTF_TREND_FOLLOW,MAC,2026.06.30 09:25:17,SELL,BUY,HTF_TREND_FOLLOW,ANALYSIS-ONLY,A+,3998.54,6.5,Y,5,2.008,0.0,2.008,0.0,2.008,0.0,2.008,0.0,2.008,0.0,5,5,5,,,,TARGET_FIRST,TARGET_FIRST,TARGET_FIRST,2.008,0.0,MIRRORED from original's own advATR/favATR at same real price path; does NOT include the extra spread cost of crossing to the opposite bid/ask side at entry (see report methodology note)
MAC_20260630131028_SELL_HTF_TREND_FOLLOW,MAC,2026.06.30 13:10:28,SELL,BUY,HTF_TREND_FOLLOW,AI DIRECTOR BLOCK,A,4022.7,3.77,Y,60,0.404,0.0,0.404,0.0,0.548,0.0,0.564,0.0,1.16,0.0,5,5,15,,,,TARGET_FIRST,TARGET_FIRST,TARGET_FIRST,1.16,0.0,MIRRORED from original's own advATR/favATR at same real price path; does NOT include the extra spread cost of crossing to the opposite bid/ask side at entry (see report methodology note)
MAC_20260630152514_SELL_BREAKOUT,MAC,2026.06.30 15:25:14,SELL,BUY,BREAKOUT,SMART-GUARD,A+,4017.81,4.27,Y,60,0.0,0.124,0.0,0.124,0.0,0.124,0.0,0.412,1.352,0.412,60,60,60,30,30,,STOP_FIRST,STOP_FIRST,TARGET_FIRST,1.352,0.412,MIRRORED from original's own advATR/favATR at same real price path; does NOT include the extra spread cost of crossing to the opposite bid/ask side at entry (see report methodology note)
MAC_20260630155530_SELL_HTF_TREND_FOLLOW,MAC,2026.06.30 15:55:30,SELL,BUY,HTF_TREND_FOLLOW,AI DIRECTOR BLOCK,A,4013.76,4.61,Y,30,0.228,0.0,0.86,0.0,0.86,0.0,1.604,0.0,1.604,0.0,5,10,10,,,,TARGET_FIRST,TARGET_FIRST,TARGET_FIRST,1.604,0.0,MIRRORED from original's own advATR/favATR at same real price path; does NOT include the extra spread cost of crossing to the opposite bid/ask side at entry (see report methodology note)
MAC_20260630160014_SELL_TREND_PULLBACK,MAC,2026.06.30 16:00:14,SELL,BUY,TREND_PULLBACK,BAD-TIMING BLOCK,A,4016.84,4.65,Y,15,0.0,0.072,0.588,0.072,1.328,0.072,1.328,0.072,,,10,10,10,,,,TARGET_FIRST,TARGET_FIRST,TARGET_FIRST,1.328,0.072,MIRRORED from original's own advATR/favATR at same real price path; does NOT include the extra spread cost of crossing to the opposite bid/ask side at entry (see report methodology note)
MAC_20260630170256_SELL_HTF_TREND_FOLLOW,MAC,2026.06.30 17:02:56,SELL,BUY,HTF_TREND_FOLLOW,AI DIRECTOR BLOCK,A,4028.59,7.83,Y,30,0.7,0.096,0.808,0.096,0.996,0.096,1.62,0.096,1.62,0.096,5,5,5,,,,TARGET_FIRST,TARGET_FIRST,TARGET_FIRST,1.62,0.096,MIRRORED from original's own advATR/favATR at same real price path; does NOT include the extra spread cost of crossing to the opposite bid/ask side at entry (see report methodology note)
MAC_20260630170512_SELL_HTF_TREND_FOLLOW,MAC,2026.06.30 17:05:12,SELL,BUY,HTF_TREND_FOLLOW,NEWS FILTER (high-impact event nearby),A+,4026.79,8.0,Y,15,0.776,0.0,0.88,0.0,1.064,0.0,1.676,0.0,1.676,0.0,5,5,5,,,,TARGET_FIRST,TARGET_FIRST,TARGET_FIRST,1.676,0.0,MIRRORED from original's own advATR/favATR at same real price path; does NOT include the extra spread cost of crossing to the opposite bid/ask side at entry (see report methodology note)
MAC_20260701130313_SELL_HTF_TREND_FOLLOW,MAC,2026.07.01 13:03:13,SELL,BUY,HTF_TREND_FOLLOW,ANALYSIS-ONLY,A+,3987.09,3.36,Y,60,0.148,0.0,0.148,0.224,0.476,0.224,0.476,0.224,2.48,0.224,15,15,60,10,,,STOP_FIRST,TARGET_FIRST,TARGET_FIRST,2.48,0.224,MIRRORED from original's own advATR/favATR at same real price path; does NOT include the extra spread cost of crossing to the opposite bid/ask side at entry (see report methodology note)
MAC_20260701133317_SELL_HTF_TREND_FOLLOW,MAC,2026.07.01 13:33:17,SELL,BUY,HTF_TREND_FOLLOW,STI_REENTRY_WAIT ,A+,3991.27,3.32,Y,30,0.0,0.272,0.0,0.436,0.04,0.436,2.008,0.436,4.324,0.436,30,30,30,5,10,,STOP_FIRST,STOP_FIRST,TARGET_FIRST,4.324,0.436,MIRRORED from original's own advATR/favATR at same real price path; does NOT include the extra spread cost of crossing to the opposite bid/ask side at entry (see report methodology note)
MAC_20260701135658_SELL_HTF_TREND_FOLLOW,MAC,2026.07.01 13:56:58,SELL,BUY,HTF_TREND_FOLLOW,AI DIRECTOR BLOCK,A+,3996.51,3.82,Y,5,1.196,0.0,1.628,0.0,2.12,0.0,3.204,0.0,4.012,0.0,5,5,5,,,,TARGET_FIRST,TARGET_FIRST,TARGET_FIRST,4.012,0.0,MIRRORED from original's own advATR/favATR at same real price path; does NOT include the extra spread cost of crossing to the opposite bid/ask side at entry (see report methodology note)
MAC_20260701155017_SELL_HTF_TREND_FOLLOW,MAC,2026.07.01 15:50:17,SELL,BUY,HTF_TREND_FOLLOW,NEWS FILTER (high-impact event nearby),A,4027.09,5.97,Y,30,0.0,0.652,0.0,0.652,0.0,0.712,1.128,0.712,4.952,0.712,30,30,30,5,5,5,STOP_FIRST,STOP_FIRST,STOP_FIRST,4.952,0.712,MIRRORED from original's own advATR/favATR at same real price path; does NOT include the extra spread cost of crossing to the opposite bid/ask side at entry (see report methodology note)
MAC_20260701161014_SELL_TREND_PULLBACK,MAC,2026.07.01 16:10:14,SELL,BUY,TREND_PULLBACK,SMART-GUARD,A,4016.04,6.08,Y,10,0.648,0.0,1.836,0.0,4.2,0.0,5.592,0.0,5.592,0.0,5,5,5,,,,TARGET_FIRST,TARGET_FIRST,TARGET_FIRST,5.592,0.0,MIRRORED from original's own advATR/favATR at same real price path; does NOT include the extra spread cost of crossing to the opposite bid/ask side at entry (see report methodology note)
MAC_20260701162029_SELL_HTF_TREND_FOLLOW,MAC,2026.07.01 16:20:29,SELL,BUY,HTF_TREND_FOLLOW,AI DIRECTOR BLOCK,A,4027.01,6.48,Y,5,3.264,0.0,4.568,0.0,4.568,0.0,4.568,0.0,,,5,5,5,,,,TARGET_FIRST,TARGET_FIRST,TARGET_FIRST,4.568,0.0,MIRRORED from original's own advATR/favATR at same real price path; does NOT include the extra spread cost of crossing to the opposite bid/ask side at entry (see report methodology note)
MAC_20260701221021_BUY_TREND_PULLBACK,MAC,2026.07.01 22:10:21,BUY,SELL,TREND_PULLBACK,CALENDAR,A,4067.14,3.53,Y,10,0.636,0.0,1.124,0.0,1.124,0.0,1.488,0.0,3.208,0.0,5,5,5,,,,TARGET_FIRST,TARGET_FIRST,TARGET_FIRST,3.208,0.0,MIRRORED from original's own advATR/favATR at same real price path; does NOT include the extra spread cost of crossing to the opposite bid/ask side at entry (see report methodology note)
MAC_20260701221518_BUY_TREND_PULLBACK,MAC,2026.07.01 22:15:18,BUY,SELL,TREND_PULLBACK,B-GRADE QUALITY BLOCK,B,4065.7,3.59,Y,15,0.948,0.0,0.948,0.0,1.064,0.0,1.568,0.0,2.996,0.0,5,5,5,,,,TARGET_FIRST,TARGET_FIRST,TARGET_FIRST,2.996,0.0,MIRRORED from original's own advATR/favATR at same real price path; does NOT include the extra spread cost of crossing to the opposite bid/ask side at entry (see report methodology note)
MAC_20260702040529_BUY_BREAKOUT,MAC,2026.07.02 04:05:29,BUY,SELL,BREAKOUT,Trade blocked — momentum slowdown (close in opposite 30% of last,A,4065.0,6.44,Y,30,0.004,0.064,0.292,0.064,0.732,0.064,1.084,0.064,1.356,0.064,10,15,15,,,,TARGET_FIRST,TARGET_FIRST,TARGET_FIRST,1.356,0.064,MIRRORED from original's own advATR/favATR at same real price path; does NOT include the extra spread cost of crossing to the opposite bid/ask side at entry (see report methodology note)
MAC_20260702041522_BUY_BREAKOUT,MAC,2026.07.02 04:15:22,BUY,SELL,BREAKOUT,BAD-LOCATION BLOCK,B,4063.82,6.53,Y,30,0.648,0.0,0.676,0.0,0.996,0.0,1.104,0.0,1.264,0.0,5,5,5,,,,TARGET_FIRST,TARGET_FIRST,TARGET_FIRST,1.264,0.0,MIRRORED from original's own advATR/favATR at same real price path; does NOT include the extra spread cost of crossing to the opposite bid/ask side at entry (see report methodology note)
MAC_20260702042017_BUY_TREND_PULLBACK,MAC,2026.07.02 04:20:17,BUY,SELL,TREND_PULLBACK,BAD-LOCATION BLOCK,B,4060.06,6.38,Y,60,0.428,0.0,0.784,0.0,0.784,0.0,0.892,0.0,1.056,0.0,5,5,10,,,,TARGET_FIRST,TARGET_FIRST,TARGET_FIRST,1.056,0.0,MIRRORED from original's own advATR/favATR at same real price path; does NOT include the extra spread cost of crossing to the opposite bid/ask side at entry (see report methodology note)
MAC_20260702183515_BUY_TREND_PULLBACK,MAC,2026.07.02 18:35:15,BUY,SELL,TREND_PULLBACK,TREND-CONTINUATION MODE,A,4130.9,8.06,Y,60,0.204,0.0,0.204,0.0,0.204,0.0,0.384,0.0,1.336,0.0,5,30,60,,,,TARGET_FIRST,TARGET_FIRST,TARGET_FIRST,1.336,0.0,MIRRORED from original's own advATR/favATR at same real price path; does NOT include the extra spread cost of crossing to the opposite bid/ask side at entry (see report methodology note)
MAC_20260702184016_BUY_TREND_PULLBACK,MAC,2026.07.02 18:40:16,BUY,SELL,TREND_PULLBACK,TRUE-LATE BLOCK,B,4128.6,7.59,Y,60,0.096,0.0,0.096,0.0,0.096,0.048,0.324,0.048,1.3,0.048,30,30,60,,,,TARGET_FIRST,TARGET_FIRST,TARGET_FIRST,1.3,0.048,MIRRORED from original's own advATR/favATR at same real price path; does NOT include the extra spread cost of crossing to the opposite bid/ask side at entry (see report methodology note)
MAC_20260702191017_BUY_TREND_PULLBACK,MAC,2026.07.02 19:10:17,BUY,SELL,TREND_PULLBACK,FAILED-IMPULSE BLOCK,A,4123.16,6.76,Y,30,0.044,0.0,0.264,0.024,0.572,0.024,1.136,0.024,1.136,0.024,10,15,15,,,,TARGET_FIRST,TARGET_FIRST,TARGET_FIRST,1.136,0.024,MIRRORED from original's own advATR/favATR at same real price path; does NOT include the extra spread cost of crossing to the opposite bid/ask side at entry (see report methodology note)
MAC_20260702191520_BUY_TREND_PULLBACK,MAC,2026.07.02 19:15:20,BUY,SELL,TREND_PULLBACK,NEWS_ENTRY_BLOCKED_POOR_RR,A,4122.78,6.66,Y,15,0.244,0.048,0.56,0.048,1.132,0.048,1.132,0.048,1.132,0.048,5,10,10,,,,TARGET_FIRST,TARGET_FIRST,TARGET_FIRST,1.132,0.048,MIRRORED from original's own advATR/favATR at same real price path; does NOT include the extra spread cost of crossing to the opposite bid/ask side at entry (see report methodology note)
MAC_20260702192013_BUY_TREND_PULLBACK,MAC,2026.07.02 19:20:13,BUY,SELL,TREND_PULLBACK,NEWS_OBSERVING,A,4123.17,5.93,Y,15,0.3,0.0,0.656,0.0,1.296,0.0,1.296,0.0,1.296,0.0,5,5,10,,,,TARGET_FIRST,TARGET_FIRST,TARGET_FIRST,1.296,0.0,MIRRORED from original's own advATR/favATR at same real price path; does NOT include the extra spread cost of crossing to the opposite bid/ask side at entry (see report methodology note)
MAC_20260702193518_SELL_BREAKOUT,MAC,2026.07.02 19:35:18,SELL,BUY,BREAKOUT,B-GRADE QUALITY BLOCK,B,4103.35,5.8,Y,30,0.816,0.0,0.9,0.0,0.936,0.0,1.072,0.0,1.072,0.0,5,5,5,,,,TARGET_FIRST,TARGET_FIRST,TARGET_FIRST,1.072,0.0,MIRRORED from original's own advATR/favATR at same real price path; does NOT include the extra spread cost of crossing to the opposite bid/ask side at entry (see report methodology note)
MAC_20260702220018_BUY_TREND_PULLBACK,MAC,2026.07.02 22:00:18,BUY,SELL,TREND_PULLBACK,TRUE-LATE BLOCK,B,4124.03,4.36,Y,30,0.676,0.0,0.888,0.0,0.976,0.0,1.064,0.0,1.064,0.0,5,5,5,,,,TARGET_FIRST,TARGET_FIRST,TARGET_FIRST,1.064,0.0,MIRRORED from original's own advATR/favATR at same real price path; does NOT include the extra spread cost of crossing to the opposite bid/ask side at entry (see report methodology note)
MAC_20260703080535_BUY_TREND_PULLBACK,MAC,2026.07.03 08:05:35,BUY,SELL,TREND_PULLBACK,Trade blocked — spread,A,4180.03,2.93,Y,60,0.22,0.0,0.22,0.0,0.732,0.0,0.732,0.0,1.704,0.0,5,15,15,,,,TARGET_FIRST,TARGET_FIRST,TARGET_FIRST,1.704,0.0,MIRRORED from original's own advATR/favATR at same real price path; does NOT include the extra spread cost of crossing to the opposite bid/ask side at entry (see report methodology note)
MAC_20260703090517_SELL_BREAKOUT,MAC,2026.07.03 09:05:17,SELL,BUY,BREAKOUT,B-GRADE QUALITY BLOCK,B,4167.46,4.3,Y,60,0.172,0.448,0.172,0.448,0.172,0.448,0.324,0.448,1.212,0.448,30,30,60,5,5,,STOP_FIRST,STOP_FIRST,TARGET_FIRST,1.212,0.448,MIRRORED from original's own advATR/favATR at same real price path; does NOT include the extra spread cost of crossing to the opposite bid/ask side at entry (see report methodology note)
MAC_20260703110631_BUY_TREND_PULLBACK,MAC,2026.07.03 11:06:31,BUY,SELL,TREND_PULLBACK,NEWS FILTER (high-impact event nearby),A+,4185.43,4.42,Y,30,0.244,0.0,0.244,0.0,0.244,0.0,1.052,0.02,1.22,0.02,5,30,30,,,,TARGET_FIRST,TARGET_FIRST,TARGET_FIRST,1.22,0.02,MIRRORED from original's own advATR/favATR at same real price path; does NOT include the extra spread cost of crossing to the opposite bid/ask side at entry (see report methodology note)
MAC_20260703111514_BUY_TREND_PULLBACK,MAC,2026.07.03 11:15:14,BUY,SELL,TREND_PULLBACK,A+ EVIDENCE DEMOTION,A,4184.54,4.46,Y,60,0.0,0.04,0.056,0.04,0.08,0.04,0.964,0.1,1.128,0.1,30,30,30,,,,TARGET_FIRST,TARGET_FIRST,TARGET_FIRST,1.128,0.1,MIRRORED from original's own advATR/favATR at same real price path; does NOT include the extra spread cost of crossing to the opposite bid/ask side at entry (see report methodology note)
MAC_20260703151514_BUY_HTF_TREND_FOLLOW,MAC,2026.07.03 15:15:14,BUY,SELL,HTF_TREND_FOLLOW,NEWS_PROTECTION,A+,4178.34,2.92,Y,60,0.632,0.0,0.632,0.0,0.632,0.0,0.632,0.0,1.564,0.096,5,5,5,,,,TARGET_FIRST,TARGET_FIRST,TARGET_FIRST,1.564,0.096,MIRRORED from original's own advATR/favATR at same real price path; does NOT include the extra spread cost of crossing to the opposite bid/ask side at entry (see report methodology note)
MAC_20260703153016_BUY_HTF_TREND_FOLLOW,MAC,2026.07.03 15:30:16,BUY,SELL,HTF_TREND_FOLLOW,NEWS_RELEASE_COOLDOWN,A+,4174.1,2.88,Y,60,0.0,0.376,0.0,0.376,0.0,0.376,0.0,0.688,2.1,0.688,60,60,60,5,5,30,STOP_FIRST,STOP_FIRST,STOP_FIRST,2.1,0.688,MIRRORED from original's own advATR/favATR at same real price path; does NOT include the extra spread cost of crossing to the opposite bid/ask side at entry (see report methodology note)
MAC_20260703153517_BUY_TREND_PULLBACK,MAC,2026.07.03 15:35:17,BUY,SELL,TREND_PULLBACK,NEWS_OBSERVING,A+,4176.99,2.94,Y,30,0.272,0.0,0.34,0.0,0.34,0.0,1.372,0.28,2.452,0.28,5,10,30,30,,,TARGET_FIRST,TARGET_FIRST,TARGET_FIRST,2.452,0.28,MIRRORED from original's own advATR/favATR at same real price path; does NOT include the extra spread cost of crossing to the opposite bid/ask side at entry (see report methodology note)
MAC_20260703154514_BUY_HTF_TREND_FOLLOW,MAC,2026.07.03 15:45:14,BUY,SELL,HTF_TREND_FOLLOW,NEWS_OBSERVING,A+,4174.61,3.07,Y,30,0.0,0.232,0.0,0.232,0.0,0.58,1.004,0.58,2.036,0.58,30,30,30,5,15,15,STOP_FIRST,STOP_FIRST,STOP_FIRST,2.036,0.58,MIRRORED from original's own advATR/favATR at same real price path; does NOT include the extra spread cost of crossing to the opposite bid/ask side at entry (see report methodology note)
MAC_20260703162014_BUY_HTF_TREND_FOLLOW,MAC,2026.07.03 16:20:14,BUY,SELL,HTF_TREND_FOLLOW,NEWS_ENTRY_BLOCKED_POOR_RR,A+,4170.36,4.1,Y,10,0.04,0.0,1.112,0.0,1.112,0.0,1.112,0.0,1.112,0.0,10,10,10,,,,TARGET_FIRST,TARGET_FIRST,TARGET_FIRST,1.112,0.0,MIRRORED from original's own advATR/favATR at same real price path; does NOT include the extra spread cost of crossing to the opposite bid/ask side at entry (see report methodology note)
MAC_20260706023142_BUY_TREND_PULLBACK,MAC,2026.07.06 02:31:42,BUY,SELL,TREND_PULLBACK,Trade blocked — momentum slowdown (close in opposite 30% of last,A,4201.65,4.83,Y,30,0.608,0.0,0.608,0.0,0.608,0.0,1.552,0.0,1.552,0.0,5,5,5,,,,TARGET_FIRST,TARGET_FIRST,TARGET_FIRST,1.552,0.0,MIRRORED from original's own advATR/favATR at same real price path; does NOT include the extra spread cost of crossing to the opposite bid/ask side at entry (see report methodology note)
MAC_20260706052013_BUY_TREND_PULLBACK,MAC,2026.07.06 05:20:13,BUY,SELL,TREND_PULLBACK,Personality mismatch,PERSONALITY,4185.37,7.42,Y,60,0.352,0.0,0.66,0.0,0.712,0.0,0.712,0.0,1.088,0.0,5,5,10,,,,TARGET_FIRST,TARGET_FIRST,TARGET_FIRST,1.088,0.0,MIRRORED from original's own advATR/favATR at same real price path; does NOT include the extra spread cost of crossing to the opposite bid/ask side at entry (see report methodology note)
MAC_20260706073014_BUY_TREND_PULLBACK,MAC,2026.07.06 07:30:14,BUY,SELL,TREND_PULLBACK,Personality mismatch,PERSONALITY,4160.53,3.43,Y,60,0.112,0.0,0.112,0.0,0.132,0.0,0.856,0.028,1.132,0.028,30,30,30,,,,TARGET_FIRST,TARGET_FIRST,TARGET_FIRST,1.132,0.028,MIRRORED from original's own advATR/favATR at same real price path; does NOT include the extra spread cost of crossing to the opposite bid/ask side at entry (see report methodology note)
MAC_20260706074517_BUY_TREND_PULLBACK,MAC,2026.07.06 07:45:17,BUY,SELL,TREND_PULLBACK,B-GRADE QUALITY BLOCK,B,4159.84,3.35,Y,60,0.068,0.0,0.068,0.108,0.792,0.108,0.98,0.108,1.076,0.108,15,15,15,,,,TARGET_FIRST,TARGET_FIRST,TARGET_FIRST,1.076,0.108,MIRRORED from original's own advATR/favATR at same real price path; does NOT include the extra spread cost of crossing to the opposite bid/ask side at entry (see report methodology note)
MAC_20260706083522_BUY_HTF_TREND_FOLLOW,MAC,2026.07.06 08:35:22,BUY,SELL,HTF_TREND_FOLLOW,Trade blocked — spread,B,4157.83,3.85,Y,30,0.348,0.0,0.408,0.0,0.408,0.0,1.1,0.0,1.1,0.0,5,5,30,,,,TARGET_FIRST,TARGET_FIRST,TARGET_FIRST,1.1,0.0,MIRRORED from original's own advATR/favATR at same real price path; does NOT include the extra spread cost of crossing to the opposite bid/ask side at entry (see report methodology note)
MAC_20260706104517_BUY_TREND_PULLBACK,MAC,2026.07.06 10:45:17,BUY,SELL,TREND_PULLBACK,NEWS_ENTRY_BLOCKED_OVEREXTENDED,A,4164.86,4.46,Y,60,0.04,0.064,0.04,0.064,0.328,0.064,0.764,0.064,1.42,0.064,15,15,30,,,,TARGET_FIRST,TARGET_FIRST,TARGET_FIRST,1.42,0.064,MIRRORED from original's own advATR/favATR at same real price path; does NOT include the extra spread cost of crossing to the opposite bid/ask side at entry (see report methodology note)
MAC_20260706105019_BUY_TREND_PULLBACK,MAC,2026.07.06 10:50:19,BUY,SELL,TREND_PULLBACK,NEWS_ENTRY_BLOCKED_POOR_RR,A,4165.47,4.4,Y,60,0.096,0.0,0.388,0.0,0.388,0.0,0.956,0.0,1.496,0.0,10,10,30,,,,TARGET_FIRST,TARGET_FIRST,TARGET_FIRST,1.496,0.0,MIRRORED from original's own advATR/favATR at same real price path; does NOT include the extra spread cost of crossing to the opposite bid/ask side at entry (see report methodology note)
MAC_20260706105516_BUY_TREND_PULLBACK,MAC,2026.07.06 10:55:16,BUY,SELL,TREND_PULLBACK,TREND-CONTINUATION MODE,A,4164.53,4.35,Y,60,0.0,0.08,0.304,0.08,0.592,0.08,0.88,0.08,1.424,0.08,10,10,15,,,,TARGET_FIRST,TARGET_FIRST,TARGET_FIRST,1.424,0.08,MIRRORED from original's own advATR/favATR at same real price path; does NOT include the extra spread cost of crossing to the opposite bid/ask side at entry (see report methodology note)
MAC_20260706110020_BUY_TREND_PULLBACK,MAC,2026.07.06 11:00:20,BUY,SELL,TREND_PULLBACK,NEWS_OBSERVING,A,4165.64,4.29,Y,30,0.412,0.0,0.704,0.0,0.868,0.0,1.056,0.0,1.548,0.0,5,5,10,,,,TARGET_FIRST,TARGET_FIRST,TARGET_FIRST,1.548,0.0,MIRRORED from original's own advATR/favATR at same real price path; does NOT include the extra spread cost of crossing to the opposite bid/ask side at entry (see report methodology note)
MAC_20260706110524_BUY_TREND_PULLBACK,MAC,2026.07.06 11:05:24,BUY,SELL,TREND_PULLBACK,FAILED-IMPULSE BLOCK,A,4161.51,4.28,Y,60,0.32,0.0,0.484,0.0,0.612,0.0,0.88,0.0,1.168,0.0,5,5,15,,,,TARGET_FIRST,TARGET_FIRST,TARGET_FIRST,1.168,0.0,MIRRORED from original's own advATR/favATR at same real price path; does NOT include the extra spread cost of crossing to the opposite bid/ask side at entry (see report methodology note)
MAC_20260706111521_BUY_HTF_TREND_FOLLOW,MAC,2026.07.06 11:15:21,BUY,SELL,HTF_TREND_FOLLOW,Trade blocked — spread,B,4157.28,4.15,Y,60,0.224,0.0,0.256,0.0,0.284,0.0,0.796,0.0,1.004,0.0,5,30,30,,,,TARGET_FIRST,TARGET_FIRST,TARGET_FIRST,1.004,0.0,MIRRORED from original's own advATR/favATR at same real price path; does NOT include the extra spread cost of crossing to the opposite bid/ask side at entry (see report methodology note)
MAC_20260706115015_BUY_TREND_PULLBACK,MAC,2026.07.06 11:50:15,BUY,SELL,TREND_PULLBACK,Personality mismatch,PERSONALITY,4149.06,3.95,Y,60,0.0,0.32,0.0,0.32,0.0,0.32,0.224,0.32,1.124,0.32,30,60,60,5,5,,STOP_FIRST,STOP_FIRST,TARGET_FIRST,1.124,0.32,MIRRORED from original's own advATR/favATR at same real price path; does NOT include the extra spread cost of crossing to the opposite bid/ask side at entry (see report methodology note)
MAC_20260706142032_BUY_TREND_PULLBACK,MAC,2026.07.06 14:20:32,BUY,SELL,TREND_PULLBACK,Trade blocked — momentum slowdown (close in opposite 30% of last,A,4156.39,3.34,Y,60,0.12,0.092,0.12,0.112,0.172,0.112,0.42,0.112,1.04,0.112,30,30,60,,,,TARGET_FIRST,TARGET_FIRST,TARGET_FIRST,1.04,0.112,MIRRORED from original's own advATR/favATR at same real price path; does NOT include the extra spread cost of crossing to the opposite bid/ask side at entry (see report methodology note)
MAC_20260706142515_BUY_TREND_PULLBACK,MAC,2026.07.06 14:25:15,BUY,SELL,TREND_PULLBACK,BAD-LOCATION BLOCK,A,4157.63,3.14,Y,60,0.288,0.0,0.34,0.0,0.34,0.0,0.604,0.0,1.444,0.0,5,10,30,,,,TARGET_FIRST,TARGET_FIRST,TARGET_FIRST,1.444,0.0,MIRRORED from original's own advATR/favATR at same real price path; does NOT include the extra spread cost of crossing to the opposite bid/ask side at entry (see report methodology note)
MAC_20260706143518_BUY_TREND_PULLBACK,MAC,2026.07.06 14:35:18,BUY,SELL,TREND_PULLBACK,B-GRADE QUALITY BLOCK,B,4157.04,3.37,Y,60,0.244,0.0,0.492,0.0,0.492,0.0,0.492,0.0,2.756,0.0,5,10,60,,,,TARGET_FIRST,TARGET_FIRST,TARGET_FIRST,2.756,0.0,MIRRORED from original's own advATR/favATR at same real price path; does NOT include the extra spread cost of crossing to the opposite bid/ask side at entry (see report methodology note)
MAC_20260706144019_BUY_TREND_PULLBACK,MAC,2026.07.06 14:40:19,BUY,SELL,TREND_PULLBACK,Personality mismatch,PERSONALITY,4155.71,3.44,Y,60,0.328,0.0,0.328,0.0,0.328,0.0,0.328,0.148,2.548,0.148,5,5,60,,,,TARGET_FIRST,TARGET_FIRST,TARGET_FIRST,2.548,0.148,MIRRORED from original's own advATR/favATR at same real price path; does NOT include the extra spread cost of crossing to the opposite bid/ask side at entry (see report methodology note)
MAC_20260706144515_BUY_HTF_TREND_FOLLOW,MAC,2026.07.06 14:45:15,BUY,SELL,HTF_TREND_FOLLOW,NEWS_OBSERVING,A,4155.03,3.27,Y,60,0.26,0.0,0.26,0.076,0.26,0.236,0.26,0.236,2.6,0.236,5,60,60,15,,,TARGET_FIRST,TARGET_FIRST,TARGET_FIRST,2.6,0.236,MIRRORED from original's own advATR/favATR at same real price path; does NOT include the extra spread cost of crossing to the opposite bid/ask side at entry (see report methodology note)
MAC_20260706145019_BUY_HTF_TREND_FOLLOW,MAC,2026.07.06 14:50:19,BUY,SELL,HTF_TREND_FOLLOW,NEWS_ENTRY_BLOCKED_POOR_RR,A,4152.33,3.31,Y,60,0.0,0.4,0.0,0.56,0.0,0.56,0.56,0.56,2.24,0.56,30,30,30,5,5,10,STOP_FIRST,STOP_FIRST,STOP_FIRST,2.24,0.56,MIRRORED from original's own advATR/favATR at same real price path; does NOT include the extra spread cost of crossing to the opposite bid/ask side at entry (see report methodology note)
MAC_20260706151516_BUY_TREND_PULLBACK,MAC,2026.07.06 15:15:16,BUY,SELL,TREND_PULLBACK,SMART-GUARD,B,4155.88,3.35,Y,10,0.976,0.084,1.144,0.084,2.636,0.084,2.64,0.084,2.64,0.084,5,5,5,,,,TARGET_FIRST,TARGET_FIRST,TARGET_FIRST,2.64,0.084,MIRRORED from original's own advATR/favATR at same real price path; does NOT include the extra spread cost of crossing to the opposite bid/ask side at entry (see report methodology note)
MAC_20260706161018_BUY_HTF_TREND_FOLLOW,MAC,2026.07.06 16:10:18,BUY,SELL,HTF_TREND_FOLLOW,STI_REENTRY_WAIT ,B,4146.07,5.59,Y,60,0.432,0.0,0.432,0.056,0.432,0.056,0.432,0.232,1.092,0.232,5,5,60,30,,,TARGET_FIRST,TARGET_FIRST,TARGET_FIRST,1.092,0.232,MIRRORED from original's own advATR/favATR at same real price path; does NOT include the extra spread cost of crossing to the opposite bid/ask side at entry (see report methodology note)
MAC_20260706162514_BUY_HTF_TREND_FOLLOW,MAC,2026.07.06 16:25:14,BUY,SELL,HTF_TREND_FOLLOW,NEWS_OBSERVING,A,4147.21,6.33,Y,30,0.028,0.0,0.028,0.128,0.028,0.132,1.04,0.132,1.04,0.132,30,30,30,,,,TARGET_FIRST,TARGET_FIRST,TARGET_FIRST,1.04,0.132,MIRRORED from original's own advATR/favATR at same real price path; does NOT include the extra spread cost of crossing to the opposite bid/ask side at entry (see report methodology note)
MAC_20260706163515_BUY_HTF_TREND_FOLLOW,MAC,2026.07.06 16:35:15,BUY,SELL,HTF_TREND_FOLLOW,NEWS_ENTRY_BLOCKED_POOR_RR,A,4149.19,6.46,Y,30,0.0,0.0,0.0,0.008,0.16,0.008,1.14,0.008,1.14,0.008,30,30,30,,,,TARGET_FIRST,TARGET_FIRST,TARGET_FIRST,1.14,0.008,MIRRORED from original's own advATR/favATR at same real price path; does NOT include the extra spread cost of crossing to the opposite bid/ask side at entry (see report methodology note)
MAC_20260706164521_BUY_HTF_TREND_FOLLOW,MAC,2026.07.06 16:45:21,BUY,SELL,HTF_TREND_FOLLOW,NEWS FILTER (high-impact event nearby),A,4148.27,6.67,Y,10,0.1,0.02,1.048,0.02,1.048,0.02,1.048,0.02,1.048,0.02,10,10,10,,,,TARGET_FIRST,TARGET_FIRST,TARGET_FIRST,1.048,0.02,MIRRORED from original's own advATR/favATR at same real price path; does NOT include the extra spread cost of crossing to the opposite bid/ask side at entry (see report methodology note)
MAC_20260707012019_BUY_TREND_PULLBACK,MAC,2026.07.07 01:20:19,BUY,SELL,TREND_PULLBACK,NEWS_ENTRY_BLOCKED_POOR_RR,A,4167.37,2.59,Y,60,0.316,0.0,0.316,0.16,0.316,0.16,0.48,0.16,1.128,0.16,5,5,60,,,,TARGET_FIRST,TARGET_FIRST,TARGET_FIRST,1.128,0.16,MIRRORED from original's own advATR/favATR at same real price path; does NOT include the extra spread cost of crossing to the opposite bid/ask side at entry (see report methodology note)
MAC_20260707013016_BUY_TREND_PULLBACK,MAC,2026.07.07 01:30:16,BUY,SELL,TREND_PULLBACK,BAD-TIMING BLOCK,A,4166.4,2.44,Y,60,0.0,0.328,0.0,0.328,0.0,0.328,0.352,0.328,1.032,0.328,30,30,60,5,5,,STOP_FIRST,STOP_FIRST,TARGET_FIRST,1.032,0.328,MIRRORED from original's own advATR/favATR at same real price path; does NOT include the extra spread cost of crossing to the opposite bid/ask side at entry (see report methodology note)
MAC_20260707013519_BUY_BREAKOUT,MAC,2026.07.07 01:35:19,BUY,SELL,BREAKOUT,NEWS_OBSERVING,A,4168.52,2.47,Y,60,0.2,0.0,0.42,0.0,0.692,0.0,0.712,0.0,1.368,0.0,5,10,15,,,,TARGET_FIRST,TARGET_FIRST,TARGET_FIRST,1.368,0.0,MIRRORED from original's own advATR/favATR at same real price path; does NOT include the extra spread cost of crossing to the opposite bid/ask side at entry (see report methodology note)
MAC_20260707015016_BUY_TREND_PULLBACK,MAC,2026.07.07 01:50:16,BUY,SELL,TREND_PULLBACK,FAILED-IMPULSE BLOCK,A,4165.94,2.41,Y,60,0.28,0.0,0.28,0.0,0.3,0.0,0.972,0.0,1.66,0.0,5,15,30,,,,TARGET_FIRST,TARGET_FIRST,TARGET_FIRST,1.66,0.0,MIRRORED from original's own advATR/favATR at same real price path; does NOT include the extra spread cost of crossing to the opposite bid/ask side at entry (see report methodology note)
MAC_20260707020537_BUY_TREND_PULLBACK,MAC,2026.07.07 02:05:37,BUY,SELL,TREND_PULLBACK,TRADE-BRAIN BLOCK,A+,4165.33,2.27,Y,15,0.212,0.016,0.924,0.016,1.652,0.016,1.652,0.016,1.652,0.016,5,10,10,,,,TARGET_FIRST,TARGET_FIRST,TARGET_FIRST,1.652,0.016,MIRRORED from original's own advATR/favATR at same real price path; does NOT include the extra spread cost of crossing to the opposite bid/ask side at entry (see report methodology note)
MAC_20260707030515_BUY_TREND_PULLBACK,MAC,2026.07.07 03:05:15,BUY,SELL,TREND_PULLBACK,SMART-GUARD,SKIP,4156.32,2.28,Y,30,0.0,0.196,0.412,0.196,0.412,0.276,1.116,0.684,2.564,0.684,10,10,30,15,30,30,TARGET_FIRST,TARGET_FIRST,SIMULTANEOUS_SAME_CHECKPOINT,2.564,0.684,MIRRORED from original's own advATR/favATR at same real price path; does NOT include the extra spread cost of crossing to the opposite bid/ask side at entry (see report methodology note)
MAC_20260707033013_BUY_TREND_PULLBACK,MAC,2026.07.07 03:30:13,BUY,SELL,TREND_PULLBACK,NEWS_ENTRY_BLOCKED_OVEREXTENDED,A,4160.46,3.09,Y,10,0.492,0.0,1.36,0.0,1.36,0.0,2.216,0.0,3.592,0.0,5,5,10,,,,TARGET_FIRST,TARGET_FIRST,TARGET_FIRST,3.592,0.0,MIRRORED from original's own advATR/favATR at same real price path; does NOT include the extra spread cost of crossing to the opposite bid/ask side at entry (see report methodology note)
MAC_20260707033517_BUY_TREND_PULLBACK,MAC,2026.07.07 03:35:17,BUY,SELL,TREND_PULLBACK,FAILED-IMPULSE BLOCK,A,4156.66,3.43,Y,30,0.784,0.0,0.784,0.0,0.784,0.0,1.748,0.0,2.8,0.0,5,5,5,,,,TARGET_FIRST,TARGET_FIRST,TARGET_FIRST,2.8,0.0,MIRRORED from original's own advATR/favATR at same real price path; does NOT include the extra spread cost of crossing to the opposite bid/ask side at entry (see report methodology note)
MAC_20260707035516_BUY_HTF_TREND_FOLLOW,MAC,2026.07.07 03:55:16,BUY,SELL,HTF_TREND_FOLLOW,NEWS_OBSERVING,A+,4153.83,4.08,Y,5,1.032,0.0,1.192,0.0,1.192,0.0,2.076,0.0,2.076,0.0,5,5,5,,,,TARGET_FIRST,TARGET_FIRST,TARGET_FIRST,2.076,0.0,MIRRORED from original's own advATR/favATR at same real price path; does NOT include the extra spread cost of crossing to the opposite bid/ask side at entry (see report methodology note)
MAC_20260707061013_BUY_TREND_PULLBACK,MAC,2026.07.07 06:10:13,BUY,SELL,TREND_PULLBACK,Personality mismatch,PERSONALITY,4138.64,4.66,Y,60,0.148,0.0,0.176,0.0,0.608,0.0,0.608,0.0,1.024,0.028,15,15,15,,,,TARGET_FIRST,TARGET_FIRST,TARGET_FIRST,1.024,0.028,MIRRORED from original's own advATR/favATR at same real price path; does NOT include the extra spread cost of crossing to the opposite bid/ask side at entry (see report methodology note)
MAC_20260707071513_BUY_TREND_PULLBACK,MAC,2026.07.07 07:15:13,BUY,SELL,TREND_PULLBACK,Personality mismatch,PERSONALITY,4136.19,4.3,Y,60,0.34,0.0,0.372,0.0,0.492,0.0,0.668,0.0,1.304,0.0,5,5,30,,,,TARGET_FIRST,TARGET_FIRST,TARGET_FIRST,1.304,0.0,MIRRORED from original's own advATR/favATR at same real price path; does NOT include the extra spread cost of crossing to the opposite bid/ask side at entry (see report methodology note)
MAC_20260707074012_BUY_HTF_TREND_FOLLOW,MAC,2026.07.07 07:40:12,BUY,SELL,HTF_TREND_FOLLOW,NEWS_ENTRY_BLOCKED_POOR_RR,A,4130.06,4.19,Y,60,0.0,0.012,0.1,0.012,0.228,0.012,0.404,0.012,1.116,0.012,15,30,60,,,,TARGET_FIRST,TARGET_FIRST,TARGET_FIRST,1.116,0.012,MIRRORED from original's own advATR/favATR at same real price path; does NOT include the extra spread cost of crossing to the opposite bid/ask side at entry (see report methodology note)
MAC_20260707111555_BUY_TREND_PULLBACK,MAC,2026.07.07 11:15:55,BUY,SELL,TREND_PULLBACK,SMART-GUARD,A+,4136.68,4.3,Y,60,0.112,0.0,0.112,0.048,0.212,0.048,0.82,0.048,1.276,0.048,15,30,30,,,,TARGET_FIRST,TARGET_FIRST,TARGET_FIRST,1.276,0.048,MIRRORED from original's own advATR/favATR at same real price path; does NOT include the extra spread cost of crossing to the opposite bid/ask side at entry (see report methodology note)
MAC_20260707164514_BUY_TREND_PULLBACK,MAC,2026.07.07 16:45:14,BUY,SELL,TREND_PULLBACK,NEWS_ENTRY_BLOCKED_POOR_RR,A,4178.37,7.35,Y,10,0.616,0.0,1.132,0.0,1.248,0.0,1.368,0.0,1.548,0.0,5,5,5,,,,TARGET_FIRST,TARGET_FIRST,TARGET_FIRST,1.548,0.0,MIRRORED from original's own advATR/favATR at same real price path; does NOT include the extra spread cost of crossing to the opposite bid/ask side at entry (see report methodology note)
MAC_20260707204514_BUY_HTF_TREND_FOLLOW,MAC,2026.07.07 20:45:14,BUY,SELL,HTF_TREND_FOLLOW,A+ EVIDENCE DEMOTION,A,4147.17,2.61,Y,60,0.52,0.0,0.52,0.0,0.712,0.0,0.936,0.0,1.916,0.0,5,5,5,,,,TARGET_FIRST,TARGET_FIRST,TARGET_FIRST,1.916,0.0,MIRRORED from original's own advATR/favATR at same real price path; does NOT include the extra spread cost of crossing to the opposite bid/ask side at entry (see report methodology note)
MAC_20260708025513_SELL_TREND_PULLBACK,MAC,2026.07.08 02:55:13,SELL,BUY,TREND_PULLBACK,BAD-LOCATION BLOCK,A,4097.84,4.25,Y,60,0.296,0.0,0.384,0.0,0.384,0.0,0.74,0.0,2.576,0.0,5,10,30,,,,TARGET_FIRST,TARGET_FIRST,TARGET_FIRST,2.576,0.0,MIRRORED from original's own advATR/favATR at same real price path; does NOT include the extra spread cost of crossing to the opposite bid/ask side at entry (see report methodology note)
MAC_20260708034015_BUY_BREAKOUT,MAC,2026.07.08 03:40:15,BUY,SELL,BREAKOUT,SMC_HARD_CONFLICT,A+,4124.93,5.35,Y,30,0.064,0.0,0.704,0.0,0.988,0.0,1.472,0.0,1.932,0.0,10,10,10,,,,TARGET_FIRST,TARGET_FIRST,TARGET_FIRST,1.932,0.0,MIRRORED from original's own advATR/favATR at same real price path; does NOT include the extra spread cost of crossing to the opposite bid/ask side at entry (see report methodology note)
MAC_20260708034016_BUY_BREAKOUT,MAC,2026.07.08 03:40:16,BUY,SELL,BREAKOUT,SMART-GUARD,SKIP,4125.19,5.35,Y,15,0.084,0.0,0.724,0.0,1.008,0.0,1.492,0.0,1.952,0.0,10,10,10,,,,TARGET_FIRST,TARGET_FIRST,TARGET_FIRST,1.952,0.0,MIRRORED from original's own advATR/favATR at same real price path; does NOT include the extra spread cost of crossing to the opposite bid/ask side at entry (see report methodology note)
MAC_20260708043516_SELL_TREND_PULLBACK,MAC,2026.07.08 04:35:16,SELL,BUY,TREND_PULLBACK,NEWS_ENTRY_BLOCKED_POOR_RR,A,4099.21,7.53,Y,60,0.328,0.0,0.648,0.0,0.648,0.0,0.88,0.0,1.084,0.0,5,5,10,,,,TARGET_FIRST,TARGET_FIRST,TARGET_FIRST,1.084,0.0,MIRRORED from original's own advATR/favATR at same real price path; does NOT include the extra spread cost of crossing to the opposite bid/ask side at entry (see report methodology note)
MAC_20260708044016_SELL_TREND_PULLBACK,MAC,2026.07.08 04:40:16,SELL,BUY,TREND_PULLBACK,BAD-LOCATION BLOCK,A,4100.65,7.53,Y,60,0.252,0.0,0.572,0.0,0.572,0.0,0.804,0.0,1.028,0.0,5,10,10,,,,TARGET_FIRST,TARGET_FIRST,TARGET_FIRST,1.028,0.0,MIRRORED from original's own advATR/favATR at same real price path; does NOT include the extra spread cost of crossing to the opposite bid/ask side at entry (see report methodology note)
MAC_20260708060016_SELL_TREND_PULLBACK,MAC,2026.07.08 06:00:16,SELL,BUY,TREND_PULLBACK,NEWS FILTER (high-impact event nearby),A,4117.59,5.39,Y,30,0.688,0.0,0.788,0.0,0.788,0.0,1.004,0.0,,,5,5,5,,,,TARGET_FIRST,TARGET_FIRST,TARGET_FIRST,1.004,0.0,MIRRORED from original's own advATR/favATR at same real price path; does NOT include the extra spread cost of crossing to the opposite bid/ask side at entry (see report methodology note)
MAC_20260708145917_SELL_TREND_PULLBACK,MAC,2026.07.08 14:59:17,SELL,BUY,TREND_PULLBACK,FAILED-IMPULSE BLOCK,A,4061.71,6.75,Y,60,0.844,0.092,0.844,0.092,0.844,0.092,0.844,0.092,1.284,0.092,5,5,5,,,,TARGET_FIRST,TARGET_FIRST,TARGET_FIRST,1.284,0.092,MIRRORED from original's own advATR/favATR at same real price path; does NOT include the extra spread cost of crossing to the opposite bid/ask side at entry (see report methodology note)
MAC_20260708150049_SELL_TREND_PULLBACK,MAC,2026.07.08 15:00:49,SELL,BUY,TREND_PULLBACK,A+ EVIDENCE DEMOTION,A,4060.11,6.81,Y,60,0.932,0.0,0.932,0.0,0.932,0.0,0.932,0.0,1.364,0.0,5,5,5,,,,TARGET_FIRST,TARGET_FIRST,TARGET_FIRST,1.364,0.0,MIRRORED from original's own advATR/favATR at same real price path; does NOT include the extra spread cost of crossing to the opposite bid/ask side at entry (see report methodology note)
MAC_20260708194441_SELL_TREND_PULLBACK,MAC,2026.07.08 19:44:41,SELL,BUY,TREND_PULLBACK,CALIBRATED_ENTRY_QUALITY,A,4053.58,5.53,Y,30,0.348,0.0,0.628,0.0,0.696,0.0,1.916,0.0,2.256,0.0,5,5,10,,,,TARGET_FIRST,TARGET_FIRST,TARGET_FIRST,2.256,0.0,MIRRORED from original's own advATR/favATR at same real price path; does NOT include the extra spread cost of crossing to the opposite bid/ask side at entry (see report methodology note)
MAC_20260709022524_SELL_TREND_PULLBACK,MAC,2026.07.09 02:25:24,SELL,BUY,TREND_PULLBACK,B-GRADE QUALITY BLOCK,B,4076.0,2.5,Y,60,0.152,0.052,0.152,0.052,0.152,0.096,0.224,0.456,2.052,0.456,30,60,60,30,30,,SIMULTANEOUS_SAME_CHECKPOINT,STOP_FIRST,TARGET_FIRST,2.052,0.456,MIRRORED from original's own advATR/favATR at same real price path; does NOT include the extra spread cost of crossing to the opposite bid/ask side at entry (see report methodology note)
MAC_20260709025003_SELL_TREND_PULLBACK,MAC,2026.07.09 02:50:03,SELL,BUY,TREND_PULLBACK,A+ EVIDENCE DEMOTION,A,4072.59,2.48,Y,15,0.444,0.0,0.776,0.0,1.16,0.0,2.612,0.0,2.612,0.164,5,5,10,,,,TARGET_FIRST,TARGET_FIRST,TARGET_FIRST,2.612,0.164,MIRRORED from original's own advATR/favATR at same real price path; does NOT include the extra spread cost of crossing to the opposite bid/ask side at entry (see report methodology note)
MAC_20260709030502_BUY_BREAKOUT,MAC,2026.07.09 03:05:02,BUY,SELL,BREAKOUT,SMC_HARD_CONFLICT,B,4079.88,2.82,Y,60,0.08,0.0,0.08,1.272,0.08,1.272,0.328,1.272,1.652,1.272,30,30,60,10,10,10,STOP_FIRST,STOP_FIRST,STOP_FIRST,1.652,1.272,MIRRORED from original's own advATR/favATR at same real price path; does NOT include the extra spread cost of crossing to the opposite bid/ask side at entry (see report methodology note)
MAC_20260709030503_BUY_BREAKOUT,MAC,2026.07.09 03:05:03,BUY,SELL,BREAKOUT,NEWS_ENTRY_BLOCKED_POOR_RR,SKIP,4080.0,2.82,Y,60,0.1,0.0,0.1,1.252,0.1,1.252,0.344,1.252,1.668,1.252,30,30,60,10,10,10,STOP_FIRST,STOP_FIRST,STOP_FIRST,1.668,1.252,MIRRORED from original's own advATR/favATR at same real price path; does NOT include the extra spread cost of crossing to the opposite bid/ask side at entry (see report methodology note)
MAC_20260709031008_SELL_TREND_PULLBACK,MAC,2026.07.09 03:10:08,SELL,BUY,TREND_PULLBACK,SMART-GUARD,A+,4078.44,3.04,Y,5,1.368,0.0,1.368,0.112,1.368,0.112,1.368,0.232,1.368,1.34,5,5,5,30,60,60,TARGET_FIRST,TARGET_FIRST,TARGET_FIRST,1.368,1.34,MIRRORED from original's own advATR/favATR at same real price path; does NOT include the extra spread cost of crossing to the opposite bid/ask side at entry (see report methodology note)
MAC_20260709031505_BUY_BREAKOUT,MAC,2026.07.09 03:15:05,BUY,SELL,BREAKOUT,B-GRADE QUALITY BLOCK,B,4089.72,3.52,Y,10,0.572,0.0,1.38,0.0,1.38,0.0,1.484,0.0,2.44,0.0,5,5,5,,,,TARGET_FIRST,TARGET_FIRST,TARGET_FIRST,2.44,0.0,MIRRORED from original's own advATR/favATR at same real price path; does NOT include the extra spread cost of crossing to the opposite bid/ask side at entry (see report methodology note)
MAC_20260709071508_SELL_TREND_PULLBACK,MAC,2026.07.09 07:15:08,SELL,BUY,TREND_PULLBACK,STI_REENTRY_WAIT ,A+,4059.93,4.22,Y,60,0.0,0.116,0.308,0.116,0.308,0.116,0.324,0.216,1.268,0.216,10,10,60,30,,,TARGET_FIRST,TARGET_FIRST,TARGET_FIRST,1.268,0.216,MIRRORED from original's own advATR/favATR at same real price path; does NOT include the extra spread cost of crossing to the opposite bid/ask side at entry (see report methodology note)
MAC_20260709072655_SELL_TREND_PULLBACK,MAC,2026.07.09 07:26:55,SELL,BUY,TREND_PULLBACK,A+ EVIDENCE DEMOTION,A,4058.71,3.73,Y,60,0.476,0.0,0.496,0.0,0.496,0.112,0.612,0.112,1.564,0.112,5,5,30,,,,TARGET_FIRST,TARGET_FIRST,TARGET_FIRST,1.564,0.112,MIRRORED from original's own advATR/favATR at same real price path; does NOT include the extra spread cost of crossing to the opposite bid/ask side at entry (see report methodology note)
MAC_20260709131012_BUY_TREND_PULLBACK,MAC,2026.07.09 13:10:12,BUY,SELL,TREND_PULLBACK,CALIBRATED_ENTRY_QUALITY,A,4107.56,3.52,Y,60,0.236,0.0,0.304,0.0,0.332,0.0,0.372,0.0,1.208,0.0,5,10,60,,,,TARGET_FIRST,TARGET_FIRST,TARGET_FIRST,1.208,0.0,MIRRORED from original's own advATR/favATR at same real price path; does NOT include the extra spread cost of crossing to the opposite bid/ask side at entry (see report methodology note)
MAC_20260709132019_BUY_TREND_PULLBACK,MAC,2026.07.09 13:20:19,BUY,SELL,TREND_PULLBACK,TREND-CONTINUATION MODE,A,4105.58,3.41,Y,30,0.112,0.0,0.132,0.0,0.152,0.0,1.012,0.0,,,30,30,30,,,,TARGET_FIRST,TARGET_FIRST,TARGET_FIRST,1.012,0.0,MIRRORED from original's own advATR/favATR at same real price path; does NOT include the extra spread cost of crossing to the opposite bid/ask side at entry (see report methodology note)
MAC_20260709135505_SELL_BREAKOUT,MAC,2026.07.09 13:55:05,SELL,BUY,BREAKOUT,SMART-GUARD,A+,4096.46,3.16,Y,15,0.884,0.0,0.884,0.0,1.0,0.0,,,,,5,5,5,,,,TARGET_FIRST,TARGET_FIRST,TARGET_FIRST,1.0,0.0,MIRRORED from original's own advATR/favATR at same real price path; does NOT include the extra spread cost of crossing to the opposite bid/ask side at entry (see report methodology note)
MAC_20260709160004_SELL_HTF_TREND_FOLLOW,MAC,2026.07.09 16:00:04,SELL,BUY,HTF_TREND_FOLLOW,BAD-LOCATION BLOCK,A,4108.54,5.79,Y,30,0.556,0.0,0.904,0.0,0.904,0.0,1.176,0.0,1.644,0.0,5,5,5,,,,TARGET_FIRST,TARGET_FIRST,TARGET_FIRST,1.644,0.0,MIRRORED from original's own advATR/favATR at same real price path; does NOT include the extra spread cost of crossing to the opposite bid/ask side at entry (see report methodology note)
MAC_20260709160004_SELL_HTF_TREND_FOLLOW,MAC,2026.07.09 16:00:04,SELL,BUY,HTF_TREND_FOLLOW,BAD-LOCATION BLOCK,A,4108.63,5.79,Y,30,0.536,0.0,0.888,0.0,0.888,0.0,1.168,0.0,1.66,0.0,5,5,5,,,,TARGET_FIRST,TARGET_FIRST,TARGET_FIRST,1.66,0.0,MIRRORED from original's own advATR/favATR at same real price path; does NOT include the extra spread cost of crossing to the opposite bid/ask side at entry (see report methodology note)
MAC_20260709193356_BUY_TREND_PULLBACK,MAC,2026.07.09 19:33:56,BUY,SELL,TREND_PULLBACK,TREND-CONTINUATION MODE,A,4136.7,3.63,Y,60,0.464,0.0,0.464,0.0,0.62,0.0,0.928,0.0,1.048,0.0,5,5,15,,,,TARGET_FIRST,TARGET_FIRST,TARGET_FIRST,1.048,0.0,MIRRORED from original's own advATR/favATR at same real price path; does NOT include the extra spread cost of crossing to the opposite bid/ask side at entry (see report methodology note)
MAC_20260709204609_BUY_TREND_PULLBACK,MAC,2026.07.09 20:46:09,BUY,SELL,TREND_PULLBACK,BAD-LOCATION BLOCK,B,4133.98,3.5,Y,60,0.0,0.252,0.0,0.252,0.288,0.252,0.836,0.252,1.272,0.252,15,30,30,5,,,STOP_FIRST,TARGET_FIRST,TARGET_FIRST,1.272,0.252,MIRRORED from original's own advATR/favATR at same real price path; does NOT include the extra spread cost of crossing to the opposite bid/ask side at entry (see report methodology note)
MAC_20260709205743_BUY_TREND_PULLBACK,MAC,2026.07.09 20:57:43,BUY,SELL,TREND_PULLBACK,TREND-CONTINUATION MODE,A,4135.2,3.66,Y,30,0.408,0.068,0.512,0.068,0.728,0.068,1.196,0.068,1.352,0.068,5,5,10,,,,TARGET_FIRST,TARGET_FIRST,TARGET_FIRST,1.352,0.068,MIRRORED from original's own advATR/favATR at same real price path; does NOT include the extra spread cost of crossing to the opposite bid/ask side at entry (see report methodology note)
MAC_20260710024049_BUY_TREND_PULLBACK,MAC,2026.07.10 02:40:49,BUY,SELL,TREND_PULLBACK,TREND-CONTINUATION MODE,A,4122.88,1.76,Y,60,0.16,0.38,0.16,0.38,0.16,0.38,0.16,0.38,1.384,0.38,60,60,60,5,5,,STOP_FIRST,STOP_FIRST,TARGET_FIRST,1.384,0.38,MIRRORED from original's own advATR/favATR at same real price path; does NOT include the extra spread cost of crossing to the opposite bid/ask side at entry (see report methodology note)
MAC_20260710032507_SELL_BREAKOUT,MAC,2026.07.10 03:25:07,SELL,BUY,BREAKOUT,B-GRADE QUALITY BLOCK,B,4119.53,2.43,Y,30,0.0,0.448,0.0,0.448,0.608,0.448,1.2,0.448,1.2,0.448,15,15,15,5,5,,STOP_FIRST,STOP_FIRST,TARGET_FIRST,1.2,0.448,MIRRORED from original's own advATR/favATR at same real price path; does NOT include the extra spread cost of crossing to the opposite bid/ask side at entry (see report methodology note)
MAC_20260710035505_BUY_SQUEEZE_RELEASE,MAC,2026.07.10 03:55:05,BUY,SELL,SQUEEZE_RELEASE,CALIBRATED_ENTRY_QUALITY,A,4123.17,3.81,Y,60,0.08,0.38,0.08,0.38,0.08,0.38,0.08,0.38,1.18,0.38,60,60,60,5,5,,STOP_FIRST,STOP_FIRST,TARGET_FIRST,1.18,0.38,MIRRORED from original's own advATR/favATR at same real price path; does NOT include the extra spread cost of crossing to the opposite bid/ask side at entry (see report methodology note)
MAC_20260710041508_BUY_TREND_PULLBACK,MAC,2026.07.10 04:15:08,BUY,SELL,TREND_PULLBACK,CALIBRATED_ENTRY_QUALITY,A,4125.36,5.06,Y,30,0.176,0.044,0.208,0.044,0.432,0.044,1.064,0.044,1.064,0.136,10,15,30,,,,TARGET_FIRST,TARGET_FIRST,TARGET_FIRST,1.064,0.136,MIRRORED from original's own advATR/favATR at same real price path; does NOT include the extra spread cost of crossing to the opposite bid/ask side at entry (see report methodology note)
MAC_20260710044507_SELL_SQUEEZE_RELEASE,MAC,2026.07.10 04:45:07,SELL,BUY,SQUEEZE_RELEASE,TREND-CONTINUATION MODE,B,4111.5,5.91,Y,60,0.12,0.0,0.376,0.0,0.448,0.0,0.904,0.0,1.052,0.0,10,10,30,,,,TARGET_FIRST,TARGET_FIRST,TARGET_FIRST,1.052,0.0,MIRRORED from original's own advATR/favATR at same real price path; does NOT include the extra spread cost of crossing to the opposite bid/ask side at entry (see report methodology note)
MAC_20260710063009_BUY_TREND_PULLBACK,MAC,2026.07.10 06:30:09,BUY,SELL,TREND_PULLBACK,TREND-CONTINUATION MODE,B,4124.64,4.16,Y,60,0.0,0.268,0.188,0.268,0.248,0.268,0.444,0.268,1.092,0.268,15,30,60,5,,,STOP_FIRST,TARGET_FIRST,TARGET_FIRST,1.092,0.268,MIRRORED from original's own advATR/favATR at same real price path; does NOT include the extra spread cost of crossing to the opposite bid/ask side at entry (see report methodology note)
MAC_20260710084023_SELL_TREND_PULLBACK,MAC,2026.07.10 08:40:23,SELL,BUY,TREND_PULLBACK,Personality mismatch,PERSONALITY,4109.61,2.86,Y,30,0.636,0.0,0.636,0.0,0.992,0.0,1.208,0.0,1.372,0.0,5,5,5,,,,TARGET_FIRST,TARGET_FIRST,TARGET_FIRST,1.372,0.0,MIRRORED from original's own advATR/favATR at same real price path; does NOT include the extra spread cost of crossing to the opposite bid/ask side at entry (see report methodology note)
