opportunity_id,machine,timestamp,original_direction,counter_direction,setup,reasonKey,grade,signal_price,atr,original_hit_1R,original_hit_1R_at_min,counter_mfe_R_5m,counter_mae_R_5m,counter_mfe_R_10m,counter_mae_R_10m,counter_mfe_R_15m,counter_mae_R_15m,counter_mfe_R_30m,counter_mae_R_30m,counter_mfe_R_60m,counter_mae_R_60m,counter_time_to_+0.2R_min,counter_time_to_+0.3R_min,counter_time_to_+0.5R_min,counter_time_to_-0.2R_min,counter_time_to_-0.3R_min,counter_time_to_-0.5R_min,sequence_0.2R_vs_0.2R,sequence_0.3R_vs_0.3R,sequence_0.5R_vs_0.5R,counter_max_MFE_R,counter_max_MAE_R,execution_note
VPS_20260707134514_BUY_TREND_PULLBACK,VPS,2026.07.07 13:45:14,BUY,SELL,TREND_PULLBACK,SPREAD_TOO_WIDE,A,4178.22,7.55,Y,10,0.584,0.0,1.092,0.0,1.22,0.0,1.328,0.0,1.504,0.0,5,5,5,,,,TARGET_FIRST,TARGET_FIRST,TARGET_FIRST,1.504,0.0,MIRRORED from original's own advATR/favATR at same real price path; does NOT include the extra spread cost of crossing to the opposite bid/ask side at entry (see report methodology note)
VPS_20260707162535_SELL_TREND_PULLBACK,VPS,2026.07.07 16:25:35,SELL,BUY,TREND_PULLBACK,Personality mismatch,PERSONALITY,4145.04,4.45,N,,0.0,0.38,0.0,0.596,0.0,0.596,0.0,0.916,0.0,3.752,,,,5,5,10,STOP_FIRST,STOP_FIRST,STOP_FIRST,0.0,3.752,MIRRORED from original's own advATR/favATR at same real price path; does NOT include the extra spread cost of crossing to the opposite bid/ask side at entry (see report methodology note)
VPS_20260707164017_BUY_TREND_PULLBACK,VPS,2026.07.07 16:40:17,BUY,SELL,TREND_PULLBACK,SMART-GUARD,A+,4145.27,4.04,N,,0.152,0.0,0.152,0.0,0.152,0.016,,,,,,,,,,,NEITHER_5-60m,NEITHER_5-60m,NEITHER_5-60m,0.152,0.016,MIRRORED from original's own advATR/favATR at same real price path; does NOT include the extra spread cost of crossing to the opposite bid/ask side at entry (see report methodology note)
VPS_20260707170117_BUY_TREND_PULLBACK,VPS,2026.07.07 17:01:17,BUY,SELL,TREND_PULLBACK,SMART-GUARD,A+,4145.26,3.57,N,,0.0,0.156,0.252,0.156,0.252,0.156,0.252,0.156,0.3,0.22,10,60,,60,,,TARGET_FIRST,TARGET_FIRST,NEITHER_5-60m,0.3,0.22,MIRRORED from original's own advATR/favATR at same real price path; does NOT include the extra spread cost of crossing to the opposite bid/ask side at entry (see report methodology note)
VPS_20260707174512_BUY_HTF_TREND_FOLLOW,VPS,2026.07.07 17:45:12,BUY,SELL,HTF_TREND_FOLLOW,BAD-LOCATION BLOCK,A,4147.36,2.8,Y,60,0.324,0.0,0.488,0.0,0.488,0.0,0.884,0.0,1.184,0.0,5,5,30,,,,TARGET_FIRST,TARGET_FIRST,TARGET_FIRST,1.184,0.0,MIRRORED from original's own advATR/favATR at same real price path; does NOT include the extra spread cost of crossing to the opposite bid/ask side at entry (see report methodology note)
VPS_20260707175516_SELL_TREND_PULLBACK,VPS,2026.07.07 17:55:16,SELL,BUY,TREND_PULLBACK,SMART-GUARD,SKIP,4143.8,2.77,N,,0.164,0.176,0.164,0.38,0.164,0.38,0.164,0.38,0.164,2.576,,,,10,10,60,STOP_FIRST,STOP_FIRST,STOP_FIRST,0.164,2.576,MIRRORED from original's own advATR/favATR at same real price path; does NOT include the extra spread cost of crossing to the opposite bid/ask side at entry (see report methodology note)
VPS_20260707183514_SELL_TREND_PULLBACK,VPS,2026.07.07 18:35:14,SELL,BUY,TREND_PULLBACK,SPREAD_TOO_WIDE,B,4139.12,2.77,N,,0.424,0.0,0.424,0.62,0.424,1.764,0.424,3.992,0.424,5.68,5,5,,10,10,10,TARGET_FIRST,TARGET_FIRST,STOP_FIRST,0.424,5.68,MIRRORED from original's own advATR/favATR at same real price path; does NOT include the extra spread cost of crossing to the opposite bid/ask side at entry (see report methodology note)
VPS_20260707185013_SELL_BREAKOUT,VPS,2026.07.07 18:50:13,SELL,BUY,BREAKOUT,Personality mismatch,PERSONALITY,4134.99,3.38,N,,0.0,0.956,0.0,1.064,0.0,1.692,0.0,4.164,0.0,4.164,,,,5,5,5,STOP_FIRST,STOP_FIRST,STOP_FIRST,0.0,4.164,MIRRORED from original's own advATR/favATR at same real price path; does NOT include the extra spread cost of crossing to the opposite bid/ask side at entry (see report methodology note)
VPS_20260707190515_SELL_BREAKOUT,VPS,2026.07.07 19:05:15,SELL,BUY,BREAKOUT,SPREAD_TOO_WIDE,A,4119.34,4.77,N,,0.0,1.348,0.0,1.64,0.0,1.64,0.0,1.64,0.0,1.64,,,,5,5,5,STOP_FIRST,STOP_FIRST,STOP_FIRST,0.0,1.64,MIRRORED from original's own advATR/favATR at same real price path; does NOT include the extra spread cost of crossing to the opposite bid/ask side at entry (see report methodology note)
VPS_20260707191514_SELL_SQUEEZE_RELEASE,VPS,2026.07.07 19:15:14,SELL,BUY,SQUEEZE_RELEASE,SPREAD_TOO_WIDE,B,4103.29,6.0,N,,0.0,0.232,0.16,0.232,0.648,0.232,0.648,0.232,0.888,0.232,15,15,15,5,,,STOP_FIRST,TARGET_FIRST,TARGET_FIRST,0.888,0.232,MIRRORED from original's own advATR/favATR at same real price path; does NOT include the extra spread cost of crossing to the opposite bid/ask side at entry (see report methodology note)
VPS_20260707195014_SELL_SQUEEZE_RELEASE,VPS,2026.07.07 19:50:14,SELL,BUY,SQUEEZE_RELEASE,FAILED-IMPULSE BLOCK,A,4111.54,8.5,N,,0.24,0.0,0.24,0.0,0.24,0.0,0.24,0.132,,,5,,,,,,TARGET_FIRST,NEITHER_5-60m,NEITHER_5-60m,0.24,0.132,MIRRORED from original's own advATR/favATR at same real price path; does NOT include the extra spread cost of crossing to the opposite bid/ask side at entry (see report methodology note)
VPS_20260707195513_BUY_TREND_PULLBACK,VPS,2026.07.07 19:55:13,BUY,SELL,TREND_PULLBACK,B-GRADE QUALITY BLOCK,B,4116.44,8.73,N,,0.14,0.0,0.14,0.0,0.14,0.0,0.352,0.0,,,30,30,,,,,TARGET_FIRST,TARGET_FIRST,NEITHER_5-60m,0.352,0.0,MIRRORED from original's own advATR/favATR at same real price path; does NOT include the extra spread cost of crossing to the opposite bid/ask side at entry (see report methodology note)
VPS_20260707200014_BUY_TREND_PULLBACK,VPS,2026.07.07 20:00:14,BUY,SELL,TREND_PULLBACK,Personality mismatch,PERSONALITY,4113.03,8.22,N,,0.0,0.084,0.0,0.084,0.188,0.084,0.208,0.084,,,30,,,,,,TARGET_FIRST,NEITHER_5-60m,NEITHER_5-60m,0.208,0.084,MIRRORED from original's own advATR/favATR at same real price path; does NOT include the extra spread cost of crossing to the opposite bid/ask side at entry (see report methodology note)
VPS_20260707202017_SELL_TREND_PULLBACK,VPS,2026.07.07 20:20:17,SELL,BUY,TREND_PULLBACK,SPREAD_TOO_WIDE,B,4109.02,6.42,N,,0.116,0.016,0.116,0.1,0.116,0.224,,,,,,,,15,,,STOP_FIRST,NEITHER_5-60m,NEITHER_5-60m,0.116,0.224,MIRRORED from original's own advATR/favATR at same real price path; does NOT include the extra spread cost of crossing to the opposite bid/ask side at entry (see report methodology note)
VPS_20260707202516_SELL_TREND_PULLBACK,VPS,2026.07.07 20:25:16,SELL,BUY,TREND_PULLBACK,Personality mismatch,PERSONALITY,4108.69,6.03,N,,0.144,0.0,0.144,0.216,,,,,,,,,,10,,,STOP_FIRST,NEITHER_5-60m,NEITHER_5-60m,0.144,0.216,MIRRORED from original's own advATR/favATR at same real price path; does NOT include the extra spread cost of crossing to the opposite bid/ask side at entry (see report methodology note)
VPS_20260707203018_SELL_TREND_PULLBACK,VPS,2026.07.07 20:30:18,SELL,BUY,TREND_PULLBACK,BAD-TIMING BLOCK,B,4110.89,5.22,N,,0.0,0.42,,,,,,,,,,,,5,5,,STOP_FIRST,STOP_FIRST,NEITHER_5-60m,0.0,0.42,MIRRORED from original's own advATR/favATR at same real price path; does NOT include the extra spread cost of crossing to the opposite bid/ask side at entry (see report methodology note)
VPS_20260707204141_SELL_TREND_PULLBACK,VPS,2026.07.07 20:41:41,SELL,BUY,TREND_PULLBACK,Personality mismatch,PERSONALITY,4105.94,4.45,N,,0.024,0.052,0.024,0.072,0.072,0.072,0.072,0.072,,,,,,,,,NEITHER_5-60m,NEITHER_5-60m,NEITHER_5-60m,0.072,0.072,MIRRORED from original's own advATR/favATR at same real price path; does NOT include the extra spread cost of crossing to the opposite bid/ask side at entry (see report methodology note)
VPS_20260707214136_SELL_TREND_PULLBACK,VPS,2026.07.07 21:41:36,SELL,BUY,TREND_PULLBACK,Personality mismatch,PERSONALITY,4106.62,3.59,N,,0.012,0.0,0.012,0.0,0.012,1.236,0.012,1.236,0.012,1.236,,,,15,15,15,STOP_FIRST,STOP_FIRST,STOP_FIRST,0.012,1.236,MIRRORED from original's own advATR/favATR at same real price path; does NOT include the extra spread cost of crossing to the opposite bid/ask side at entry (see report methodology note)
VPS_20260707224516_SELL_TREND_PULLBACK,VPS,2026.07.07 22:45:16,SELL,BUY,TREND_PULLBACK,Personality mismatch,PERSONALITY,4100.27,3.67,N,,0.0,0.292,0.0,0.292,0.156,0.292,,,,,,,,5,,,STOP_FIRST,NEITHER_5-60m,NEITHER_5-60m,0.156,0.292,MIRRORED from original's own advATR/favATR at same real price path; does NOT include the extra spread cost of crossing to the opposite bid/ask side at entry (see report methodology note)
VPS_20260707231014_SELL_TREND_PULLBACK,VPS,2026.07.07 23:10:14,SELL,BUY,TREND_PULLBACK,FAILED-IMPULSE BLOCK,B,4105.68,4.39,N,,0.0,0.236,0.0,0.236,0.0,0.236,0.0,0.372,0.0,0.756,,,,5,30,60,STOP_FIRST,STOP_FIRST,STOP_FIRST,0.0,0.756,MIRRORED from original's own advATR/favATR at same real price path; does NOT include the extra spread cost of crossing to the opposite bid/ask side at entry (see report methodology note)
VPS_20260707231514_SELL_TREND_PULLBACK,VPS,2026.07.07 23:15:14,SELL,BUY,TREND_PULLBACK,SPREAD_TOO_WIDE,A,4105.25,3.74,N,,0.0,0.228,0.0,0.228,0.0,0.392,0.0,0.84,0.0,0.84,,,,5,15,30,STOP_FIRST,STOP_FIRST,STOP_FIRST,0.0,0.84,MIRRORED from original's own advATR/favATR at same real price path; does NOT include the extra spread cost of crossing to the opposite bid/ask side at entry (see report methodology note)
VPS_20260707235015_BUY_TREND_PULLBACK,VPS,2026.07.07 23:50:15,BUY,SELL,TREND_PULLBACK,SMART-GUARD,SKIP,4098.78,4.21,N,,0.092,0.244,0.092,0.292,0.092,0.292,0.092,0.656,0.092,2.504,,,,5,30,30,STOP_FIRST,STOP_FIRST,STOP_FIRST,0.092,2.504,MIRRORED from original's own advATR/favATR at same real price path; does NOT include the extra spread cost of crossing to the opposite bid/ask side at entry (see report methodology note)
VPS_20260707235514_SELL_TREND_PULLBACK,VPS,2026.07.07 23:55:14,SELL,BUY,TREND_PULLBACK,BAD-RR TRUE BLOCK,A,4097.7,4.28,Y,60,0.34,0.0,0.388,0.0,0.404,0.0,0.744,0.0,2.56,0.0,5,5,30,,,,TARGET_FIRST,TARGET_FIRST,TARGET_FIRST,2.56,0.0,MIRRORED from original's own advATR/favATR at same real price path; does NOT include the extra spread cost of crossing to the opposite bid/ask side at entry (see report methodology note)
VPS_20260708002515_BUY_HTF_TREND_FOLLOW,VPS,2026.07.08 00:25:15,BUY,SELL,HTF_TREND_FOLLOW,SPREAD_TOO_WIDE,A,4105.77,4.46,N,,0.088,0.348,0.088,1.736,0.088,1.736,0.088,1.736,0.252,1.736,60,,,5,5,10,STOP_FIRST,STOP_FIRST,STOP_FIRST,0.252,1.736,MIRRORED from original's own advATR/favATR at same real price path; does NOT include the extra spread cost of crossing to the opposite bid/ask side at entry (see report methodology note)
VPS_20260708003012_BUY_TREND_PULLBACK,VPS,2026.07.08 00:30:12,BUY,SELL,TREND_PULLBACK,B-GRADE QUALITY BLOCK,B,4104.42,4.45,N,,0.0,0.468,0.0,1.86,0.0,1.86,0.0,1.86,0.132,1.86,,,,5,5,10,STOP_FIRST,STOP_FIRST,STOP_FIRST,0.132,1.86,MIRRORED from original's own advATR/favATR at same real price path; does NOT include the extra spread cost of crossing to the opposite bid/ask side at entry (see report methodology note)
VPS_20260708004016_BUY_BREAKOUT,VPS,2026.07.08 00:40:16,BUY,SELL,BREAKOUT,SMART-GUARD,A+,4125.15,5.49,Y,30,0.324,0.0,0.692,0.0,0.944,0.0,1.428,0.0,1.888,0.0,5,5,10,,,,TARGET_FIRST,TARGET_FIRST,TARGET_FIRST,1.888,0.0,MIRRORED from original's own advATR/favATR at same real price path; does NOT include the extra spread cost of crossing to the opposite bid/ask side at entry (see report methodology note)
VPS_20260708004515_BUY_SQUEEZE_RELEASE,VPS,2026.07.08 00:45:15,BUY,SELL,SQUEEZE_RELEASE,SPREAD_TOO_WIDE,A,4124.81,5.54,Y,15,0.66,0.0,0.912,0.0,1.388,0.0,1.388,0.0,1.844,0.0,5,5,5,,,,TARGET_FIRST,TARGET_FIRST,TARGET_FIRST,1.844,0.0,MIRRORED from original's own advATR/favATR at same real price path; does NOT include the extra spread cost of crossing to the opposite bid/ask side at entry (see report methodology note)
VPS_20260708012015_SELL_TREND_PULLBACK,VPS,2026.07.08 01:20:15,SELL,BUY,TREND_PULLBACK,SPREAD_TOO_WIDE,B,4109.0,7.19,N,,0.0,0.336,0.0,0.54,0.0,0.54,0.148,0.54,0.58,0.54,60,60,60,5,5,10,STOP_FIRST,STOP_FIRST,STOP_FIRST,0.58,0.54,MIRRORED from original's own advATR/favATR at same real price path; does NOT include the extra spread cost of crossing to the opposite bid/ask side at entry (see report methodology note)
VPS_20260708013017_SELL_TREND_PULLBACK,VPS,2026.07.08 01:30:17,SELL,BUY,TREND_PULLBACK,TREND-CONTINUATION MODE,A,4102.97,7.48,N,,0.0,0.196,0.124,0.196,0.464,0.196,0.464,0.196,0.88,0.196,15,15,60,,,,TARGET_FIRST,TARGET_FIRST,TARGET_FIRST,0.88,0.196,MIRRORED from original's own advATR/favATR at same real price path; does NOT include the extra spread cost of crossing to the opposite bid/ask side at entry (see report methodology note)
VPS_20260708014016_SELL_TREND_PULLBACK,VPS,2026.07.08 01:40:16,SELL,BUY,TREND_PULLBACK,BAD-LOCATION BLOCK,A,4100.45,7.68,Y,60,0.584,0.0,0.584,0.0,0.584,0.0,0.772,0.0,1.012,0.0,5,5,5,,,,TARGET_FIRST,TARGET_FIRST,TARGET_FIRST,1.012,0.0,MIRRORED from original's own advATR/favATR at same real price path; does NOT include the extra spread cost of crossing to the opposite bid/ask side at entry (see report methodology note)
VPS_20260708015018_SELL_TREND_PULLBACK,VPS,2026.07.08 01:50:18,SELL,BUY,TREND_PULLBACK,SMART-GUARD,SKIP,4111.08,7.41,N,,0.0,0.116,0.0,0.124,0.228,0.124,0.452,0.124,0.476,0.124,15,30,,,,,TARGET_FIRST,TARGET_FIRST,NEITHER_5-60m,0.476,0.124,MIRRORED from original's own advATR/favATR at same real price path; does NOT include the extra spread cost of crossing to the opposite bid/ask side at entry (see report methodology note)
VPS_20260708022013_SELL_TREND_PULLBACK,VPS,2026.07.08 02:20:13,SELL,BUY,TREND_PULLBACK,B-GRADE QUALITY BLOCK,B,4114.81,6.87,N,,0.272,0.0,0.272,0.0,0.288,0.0,0.296,0.0,0.776,0.0,5,60,60,,,,TARGET_FIRST,TARGET_FIRST,TARGET_FIRST,0.776,0.0,MIRRORED from original's own advATR/favATR at same real price path; does NOT include the extra spread cost of crossing to the opposite bid/ask side at entry (see report methodology note)
VPS_20260708025516_SELL_TREND_PULLBACK,VPS,2026.07.08 02:55:16,SELL,BUY,TREND_PULLBACK,SMART-GUARD,SKIP,4116.26,6.04,N,,0.688,0.0,0.692,0.0,0.784,0.0,0.992,0.0,0.992,0.0,5,5,5,,,,TARGET_FIRST,TARGET_FIRST,TARGET_FIRST,0.992,0.0,MIRRORED from original's own advATR/favATR at same real price path; does NOT include the extra spread cost of crossing to the opposite bid/ask side at entry (see report methodology note)
VPS_20260708040013_SELL_TREND_PULLBACK,VPS,2026.07.08 04:00:13,SELL,BUY,TREND_PULLBACK,SMART-GUARD,SKIP,4123.77,4.7,N,,0.0,0.064,0.256,0.064,0.256,0.064,0.256,0.064,0.488,0.064,10,60,,,,,TARGET_FIRST,TARGET_FIRST,NEITHER_5-60m,0.488,0.064,MIRRORED from original's own advATR/favATR at same real price path; does NOT include the extra spread cost of crossing to the opposite bid/ask side at entry (see report methodology note)
VPS_20260708050516_SELL_TREND_PULLBACK,VPS,2026.07.08 05:05:16,SELL,BUY,TREND_PULLBACK,SMART-GUARD,SKIP,4129.62,3.81,N,,0.0,0.356,0.0,0.356,0.0,0.58,0.0,0.66,0.0,0.66,,,,5,5,15,STOP_FIRST,STOP_FIRST,STOP_FIRST,0.0,0.66,MIRRORED from original's own advATR/favATR at same real price path; does NOT include the extra spread cost of crossing to the opposite bid/ask side at entry (see report methodology note)
VPS_20260708051514_SELL_TREND_PULLBACK,VPS,2026.07.08 05:15:14,SELL,BUY,TREND_PULLBACK,B-GRADE QUALITY BLOCK,B,4125.66,3.95,N,,0.224,0.0,0.224,0.236,0.224,0.236,0.284,0.236,0.548,0.236,5,60,60,10,,,TARGET_FIRST,TARGET_FIRST,TARGET_FIRST,0.548,0.236,MIRRORED from original's own advATR/favATR at same real price path; does NOT include the extra spread cost of crossing to the opposite bid/ask side at entry (see report methodology note)
VPS_20260708061016_SELL_TREND_PULLBACK,VPS,2026.07.08 06:10:16,SELL,BUY,TREND_PULLBACK,SMART-GUARD,SKIP,4124.83,4.63,N,,0.54,0.0,0.572,0.0,0.572,0.0,0.572,0.0,0.572,0.556,5,5,5,60,60,60,TARGET_FIRST,TARGET_FIRST,TARGET_FIRST,0.572,0.556,MIRRORED from original's own advATR/favATR at same real price path; does NOT include the extra spread cost of crossing to the opposite bid/ask side at entry (see report methodology note)
VPS_20260708062514_BUY_BREAKOUT,VPS,2026.07.08 06:25:14,BUY,SELL,BREAKOUT,SPREAD_TOO_WIDE,A,4131.76,4.87,Y,60,0.42,0.0,0.424,0.0,0.424,0.0,0.6,0.0,1.3,0.0,5,5,30,,,,TARGET_FIRST,TARGET_FIRST,TARGET_FIRST,1.3,0.0,MIRRORED from original's own advATR/favATR at same real price path; does NOT include the extra spread cost of crossing to the opposite bid/ask side at entry (see report methodology note)
VPS_20260708071514_SELL_BREAKOUT,VPS,2026.07.08 07:15:14,SELL,BUY,BREAKOUT,SPREAD_TOO_WIDE,A,4118.06,3.88,N,,0.06,0.224,0.228,0.224,0.524,0.224,0.848,0.224,0.848,2.22,10,15,15,5,60,60,STOP_FIRST,TARGET_FIRST,TARGET_FIRST,0.848,2.22,MIRRORED from original's own advATR/favATR at same real price path; does NOT include the extra spread cost of crossing to the opposite bid/ask side at entry (see report methodology note)
VPS_20260708072013_SELL_SQUEEZE_RELEASE,VPS,2026.07.08 07:20:13,SELL,BUY,SQUEEZE_RELEASE,SPREAD_TOO_WIDE,A,4115.75,3.89,Y,30,0.296,0.0,0.464,0.0,0.76,0.0,1.084,0.0,1.084,1.98,5,10,15,60,60,60,TARGET_FIRST,TARGET_FIRST,TARGET_FIRST,1.084,1.98,MIRRORED from original's own advATR/favATR at same real price path; does NOT include the extra spread cost of crossing to the opposite bid/ask side at entry (see report methodology note)
VPS_20260708072515_SELL_TREND_PULLBACK,VPS,2026.07.08 07:25:15,SELL,BUY,TREND_PULLBACK,FAILED-IMPULSE BLOCK,A,4118.83,3.72,N,,0.152,0.0,0.464,0.0,0.8,0.0,0.8,0.0,0.8,3.584,10,10,15,60,60,60,TARGET_FIRST,TARGET_FIRST,TARGET_FIRST,0.8,3.584,MIRRORED from original's own advATR/favATR at same real price path; does NOT include the extra spread cost of crossing to the opposite bid/ask side at entry (see report methodology note)
VPS_20260708073518_SELL_TREND_PULLBACK,VPS,2026.07.08 07:35:18,SELL,BUY,TREND_PULLBACK,SMART-GUARD,A,4123.04,3.81,N,,0.34,0.244,0.34,0.244,0.34,0.252,0.34,0.508,0.34,5.848,5,5,,5,30,30,SIMULTANEOUS_SAME_CHECKPOINT,TARGET_FIRST,STOP_FIRST,0.34,5.848,MIRRORED from original's own advATR/favATR at same real price path; does NOT include the extra spread cost of crossing to the opposite bid/ask side at entry (see report methodology note)
VPS_20260708074013_SELL_TREND_PULLBACK,VPS,2026.07.08 07:40:13,SELL,BUY,TREND_PULLBACK,SPREAD_TOO_WIDE,A,4120.98,4.0,N,,0.528,0.0,0.528,0.0,0.528,0.032,0.528,0.28,0.528,5.36,5,5,5,30,60,60,TARGET_FIRST,TARGET_FIRST,TARGET_FIRST,0.528,5.36,MIRRORED from original's own advATR/favATR at same real price path; does NOT include the extra spread cost of crossing to the opposite bid/ask side at entry (see report methodology note)
VPS_20260708075516_SELL_TREND_PULLBACK,VPS,2026.07.08 07:55:16,SELL,BUY,TREND_PULLBACK,A+ EVIDENCE DEMOTION,A,4120.51,4.45,N,,0.0,0.208,0.0,0.208,0.0,0.208,0.0,3.148,0.0,6.056,,,,5,30,30,STOP_FIRST,STOP_FIRST,STOP_FIRST,0.0,6.056,MIRRORED from original's own advATR/favATR at same real price path; does NOT include the extra spread cost of crossing to the opposite bid/ask side at entry (see report methodology note)
VPS_20260708081514_SELL_TREND_PULLBACK,VPS,2026.07.08 08:15:14,SELL,BUY,TREND_PULLBACK,TRUE-LATE BLOCK,A,4118.81,4.65,N,,0.0,1.916,0.0,2.864,0.0,3.456,0.0,4.852,,,,,,5,5,5,STOP_FIRST,STOP_FIRST,STOP_FIRST,0.0,4.852,MIRRORED from original's own advATR/favATR at same real price path; does NOT include the extra spread cost of crossing to the opposite bid/ask side at entry (see report methodology note)
VPS_20260708082017_SELL_ASIA_BREAKOUT,VPS,2026.07.08 08:20:17,SELL,BUY,ASIA_BREAKOUT,SPREAD_TOO_WIDE,A,4097.41,7.31,N,,0.0,0.652,0.0,1.028,0.0,1.648,0.0,1.916,,,,,,5,5,5,STOP_FIRST,STOP_FIRST,STOP_FIRST,0.0,1.916,MIRRORED from original's own advATR/favATR at same real price path; does NOT include the extra spread cost of crossing to the opposite bid/ask side at entry (see report methodology note)
VPS_20260708083515_SELL_BREAKOUT,VPS,2026.07.08 08:35:15,SELL,BUY,BREAKOUT,SPREAD_TOO_WIDE,A,4077.47,9.22,N,,0.0,0.44,0.0,0.652,0.0,0.652,0.0,1.108,,,,,,5,5,10,STOP_FIRST,STOP_FIRST,STOP_FIRST,0.0,1.108,MIRRORED from original's own advATR/favATR at same real price path; does NOT include the extra spread cost of crossing to the opposite bid/ask side at entry (see report methodology note)
VPS_20260708084512_SELL_SQUEEZE_RELEASE,VPS,2026.07.08 08:45:12,SELL,BUY,SQUEEZE_RELEASE,Personality mismatch,PERSONALITY,4065.48,10.22,N,,0.0,0.12,0.0,0.12,0.0,0.48,0.0,0.528,,,,,,15,15,30,STOP_FIRST,STOP_FIRST,STOP_FIRST,0.0,0.528,MIRRORED from original's own advATR/favATR at same real price path; does NOT include the extra spread cost of crossing to the opposite bid/ask side at entry (see report methodology note)
VPS_20260708085517_SELL_TREND_PULLBACK,VPS,2026.07.08 08:55:17,SELL,BUY,TREND_PULLBACK,BAD-LOCATION BLOCK,B,4064.12,10.69,N,,0.0,0.412,0.0,0.456,0.0,0.456,,,,,,,,5,5,,STOP_FIRST,STOP_FIRST,NEITHER_5-60m,0.0,0.456,MIRRORED from original's own advATR/favATR at same real price path; does NOT include the extra spread cost of crossing to the opposite bid/ask side at entry (see report methodology note)
VPS_20260708090017_SELL_SQUEEZE_RELEASE,VPS,2026.07.08 09:00:17,SELL,BUY,SQUEEZE_RELEASE,SPREAD_TOO_WIDE,A,4053.09,11.36,N,,0.004,0.04,0.14,0.04,,,,,,,,,,,,,NEITHER_5-60m,NEITHER_5-60m,NEITHER_5-60m,0.14,0.04,MIRRORED from original's own advATR/favATR at same real price path; does NOT include the extra spread cost of crossing to the opposite bid/ask side at entry (see report methodology note)
VPS_20260708090513_SELL_SQUEEZE_RELEASE,VPS,2026.07.08 09:05:13,SELL,BUY,SQUEEZE_RELEASE,BAD-TIMING BLOCK,A,4053.34,11.43,N,,0.0,0.048,0.132,0.048,,,,,,,,,,,,,NEITHER_5-60m,NEITHER_5-60m,NEITHER_5-60m,0.132,0.048,MIRRORED from original's own advATR/favATR at same real price path; does NOT include the extra spread cost of crossing to the opposite bid/ask side at entry (see report methodology note)
VPS_20260708091018_SELL_SQUEEZE_RELEASE,VPS,2026.07.08 09:10:18,SELL,BUY,SQUEEZE_RELEASE,TREND-CONTINUATION MODE,A,4051.72,11.67,N,,0.184,0.0,,,,,,,,,,,,,,,NEITHER_5-60m,NEITHER_5-60m,NEITHER_5-60m,0.184,0.0,MIRRORED from original's own advATR/favATR at same real price path; does NOT include the extra spread cost of crossing to the opposite bid/ask side at entry (see report methodology note)
VPS_20260708091602_SELL_TREND_PULLBACK,VPS,2026.07.08 09:16:02,SELL,BUY,TREND_PULLBACK,BAD-LOCATION BLOCK,B,4057.96,11.71,N,,0.052,0.068,0.052,0.068,0.052,0.068,0.052,0.42,0.052,0.552,,,,30,30,60,STOP_FIRST,STOP_FIRST,STOP_FIRST,0.052,0.552,MIRRORED from original's own advATR/favATR at same real price path; does NOT include the extra spread cost of crossing to the opposite bid/ask side at entry (see report methodology note)
VPS_20260708094012_SELL_TREND_PULLBACK,VPS,2026.07.08 09:40:12,SELL,BUY,TREND_PULLBACK,Personality mismatch,PERSONALITY,4052.6,8.71,N,,0.0,0.316,0.0,0.316,0.0,0.316,0.0,0.492,,,,,,5,5,,STOP_FIRST,STOP_FIRST,NEITHER_5-60m,0.0,0.492,MIRRORED from original's own advATR/favATR at same real price path; does NOT include the extra spread cost of crossing to the opposite bid/ask side at entry (see report methodology note)
VPS_20260708102013_SELL_TREND_PULLBACK,VPS,2026.07.08 10:20:13,SELL,BUY,TREND_PULLBACK,TRUE-LATE BLOCK,B,4051.03,6.45,N,,0.108,0.0,,,,,,,,,,,,,,,NEITHER_5-60m,NEITHER_5-60m,NEITHER_5-60m,0.108,0.0,MIRRORED from original's own advATR/favATR at same real price path; does NOT include the extra spread cost of crossing to the opposite bid/ask side at entry (see report methodology note)
VPS_20260708103200_SELL_TREND_PULLBACK,VPS,2026.07.08 10:32:00,SELL,BUY,TREND_PULLBACK,SPREAD_TOO_WIDE,A,4053.96,6.26,N,,0.1,0.0,0.18,0.0,0.18,0.0,0.216,0.008,0.216,0.42,30,,,60,60,,TARGET_FIRST,STOP_FIRST,NEITHER_5-60m,0.216,0.42,MIRRORED from original's own advATR/favATR at same real price path; does NOT include the extra spread cost of crossing to the opposite bid/ask side at entry (see report methodology note)
VPS_20260708103523_SELL_TREND_PULLBACK,VPS,2026.07.08 10:35:23,SELL,BUY,TREND_PULLBACK,FAILED-IMPULSE BLOCK,B,4055.57,6.31,N,,0.076,0.004,0.076,0.004,0.112,0.004,0.112,0.108,0.112,0.696,,,,60,60,60,STOP_FIRST,STOP_FIRST,STOP_FIRST,0.112,0.696,MIRRORED from original's own advATR/favATR at same real price path; does NOT include the extra spread cost of crossing to the opposite bid/ask side at entry (see report methodology note)
VPS_20260708112018_SELL_TREND_PULLBACK,VPS,2026.07.08 11:20:18,SELL,BUY,TREND_PULLBACK,TRUE-LATE BLOCK,B,4051.19,5.21,N,,0.0,0.072,0.0,0.288,0.0,0.508,0.916,0.508,,,30,30,30,10,15,15,STOP_FIRST,STOP_FIRST,STOP_FIRST,0.916,0.508,MIRRORED from original's own advATR/favATR at same real price path; does NOT include the extra spread cost of crossing to the opposite bid/ask side at entry (see report methodology note)
VPS_20260708114514_BUY_TREND_PULLBACK,VPS,2026.07.08 11:45:14,BUY,SELL,TREND_PULLBACK,SMART-GUARD,SKIP,4064.04,6.39,N,,0.12,0.0,0.208,0.0,0.208,0.076,,,,,10,,,,,,TARGET_FIRST,NEITHER_5-60m,NEITHER_5-60m,0.208,0.076,MIRRORED from original's own advATR/favATR at same real price path; does NOT include the extra spread cost of crossing to the opposite bid/ask side at entry (see report methodology note)
VPS_20260708115519_SELL_TREND_PULLBACK,VPS,2026.07.08 11:55:19,SELL,BUY,TREND_PULLBACK,FAILED-IMPULSE BLOCK,A,4064.07,6.85,N,,0.072,0.196,,,,,,,,,,,,,,,NEITHER_5-60m,NEITHER_5-60m,NEITHER_5-60m,0.072,0.196,MIRRORED from original's own advATR/favATR at same real price path; does NOT include the extra spread cost of crossing to the opposite bid/ask side at entry (see report methodology note)
VPS_20260708120017_SELL_TREND_PULLBACK,VPS,2026.07.08 12:00:17,SELL,BUY,TREND_PULLBACK,A+ EVIDENCE DEMOTION,A,4060.53,6.89,N,,0.276,0.0,,,,,,,,,5,,,,,,TARGET_FIRST,NEITHER_5-60m,NEITHER_5-60m,0.276,0.0,MIRRORED from original's own advATR/favATR at same real price path; does NOT include the extra spread cost of crossing to the opposite bid/ask side at entry (see report methodology note)
VPS_20260708120751_SELL_TREND_PULLBACK,VPS,2026.07.08 12:07:51,SELL,BUY,TREND_PULLBACK,FAILED-IMPULSE BLOCK,A,4066.96,7.12,N,,0.304,0.0,0.492,0.0,0.492,0.0,0.492,0.0,0.916,0.0,5,5,60,,,,TARGET_FIRST,TARGET_FIRST,TARGET_FIRST,0.916,0.0,MIRRORED from original's own advATR/favATR at same real price path; does NOT include the extra spread cost of crossing to the opposite bid/ask side at entry (see report methodology note)
VPS_20260708121520_BUY_BREAKOUT,VPS,2026.07.08 12:15:20,BUY,SELL,BREAKOUT,SMART-GUARD,A,4072.59,7.09,N,,0.244,0.18,0.244,0.18,0.244,0.18,0.244,0.548,0.244,0.6,5,,,30,30,30,TARGET_FIRST,STOP_FIRST,STOP_FIRST,0.244,0.6,MIRRORED from original's own advATR/favATR at same real price path; does NOT include the extra spread cost of crossing to the opposite bid/ask side at entry (see report methodology note)
VPS_20260708122015_BUY_BREAKOUT,VPS,2026.07.08 12:20:15,BUY,SELL,BREAKOUT,B-GRADE QUALITY BLOCK,B,4075.4,7.31,N,,0.392,0.0,0.392,0.0,0.392,0.0,0.392,0.38,0.392,0.428,5,5,,30,30,,TARGET_FIRST,TARGET_FIRST,NEITHER_5-60m,0.392,0.428,MIRRORED from original's own advATR/favATR at same real price path; does NOT include the extra spread cost of crossing to the opposite bid/ask side at entry (see report methodology note)
VPS_20260708124515_BUY_TREND_PULLBACK,VPS,2026.07.08 12:45:15,BUY,SELL,TREND_PULLBACK,B-GRADE QUALITY BLOCK,B,4077.96,8.22,N,,0.0,0.212,0.0,0.256,0.092,0.256,0.324,0.256,0.456,0.256,30,30,,5,,,STOP_FIRST,TARGET_FIRST,NEITHER_5-60m,0.456,0.256,MIRRORED from original's own advATR/favATR at same real price path; does NOT include the extra spread cost of crossing to the opposite bid/ask side at entry (see report methodology note)
VPS_20260708125025_BUY_TREND_PULLBACK,VPS,2026.07.08 12:50:25,BUY,SELL,TREND_PULLBACK,SMART-GUARD,SKIP,4082.76,8.24,N,,0.324,0.024,0.324,0.024,0.52,0.024,0.556,0.024,0.824,0.024,5,5,15,,,,TARGET_FIRST,TARGET_FIRST,TARGET_FIRST,0.824,0.024,MIRRORED from original's own advATR/favATR at same real price path; does NOT include the extra spread cost of crossing to the opposite bid/ask side at entry (see report methodology note)
VPS_20260708132445_SELL_TREND_PULLBACK,VPS,2026.07.08 13:24:45,SELL,BUY,TREND_PULLBACK,B-GRADE QUALITY BLOCK,B,4070.66,7.69,N,,0.052,0.108,0.276,0.108,0.464,0.108,0.464,0.252,,,10,15,,30,,,TARGET_FIRST,TARGET_FIRST,NEITHER_5-60m,0.464,0.252,MIRRORED from original's own advATR/favATR at same real price path; does NOT include the extra spread cost of crossing to the opposite bid/ask side at entry (see report methodology note)
VPS_20260708133017_SELL_TREND_PULLBACK,VPS,2026.07.08 13:30:17,SELL,BUY,TREND_PULLBACK,STI_REENTRY_WAIT ,A,4067.26,7.96,N,,0.616,0.0,0.616,0.0,0.616,0.0,0.616,0.072,,,5,5,5,,,,TARGET_FIRST,TARGET_FIRST,TARGET_FIRST,0.616,0.072,MIRRORED from original's own advATR/favATR at same real price path; does NOT include the extra spread cost of crossing to the opposite bid/ask side at entry (see report methodology note)
VPS_20260708135017_SELL_TREND_PULLBACK,VPS,2026.07.08 13:50:17,SELL,BUY,TREND_PULLBACK,TREND-CONTINUATION MODE,A,4068.54,8.85,N,,0.0,0.124,,,,,,,,,,,,,,,NEITHER_5-60m,NEITHER_5-60m,NEITHER_5-60m,0.0,0.124,MIRRORED from original's own advATR/favATR at same real price path; does NOT include the extra spread cost of crossing to the opposite bid/ask side at entry (see report methodology note)
VPS_20260708141527_SELL_BREAKOUT,VPS,2026.07.08 14:15:27,SELL,BUY,BREAKOUT,STI_REENTRY_WAIT ,B,4057.3,8.11,N,,0.12,0.0,0.256,0.0,0.256,0.072,0.256,1.016,0.256,1.26,10,,,30,30,30,TARGET_FIRST,STOP_FIRST,STOP_FIRST,0.256,1.26,MIRRORED from original's own advATR/favATR at same real price path; does NOT include the extra spread cost of crossing to the opposite bid/ask side at entry (see report methodology note)
VPS_20260708142648_SELL_SQUEEZE_RELEASE,VPS,2026.07.08 14:26:48,SELL,BUY,SQUEEZE_RELEASE,CALIBRATED_ENTRY_QUALITY,B,4061.72,8.25,N,,0.0,0.328,0.0,0.768,0.0,1.212,0.0,1.3,0.0,1.592,,,,5,5,10,STOP_FIRST,STOP_FIRST,STOP_FIRST,0.0,1.592,MIRRORED from original's own advATR/favATR at same real price path; does NOT include the extra spread cost of crossing to the opposite bid/ask side at entry (see report methodology note)
VPS_20260708143148_SELL_TREND_PULLBACK,VPS,2026.07.08 14:31:48,SELL,BUY,TREND_PULLBACK,CALIBRATED_ENTRY_QUALITY,B,4055.84,8.43,N,,0.0,0.472,0.0,0.908,0.0,0.992,0.0,0.992,0.0,1.54,,,,5,5,10,STOP_FIRST,STOP_FIRST,STOP_FIRST,0.0,1.54,MIRRORED from original's own advATR/favATR at same real price path; does NOT include the extra spread cost of crossing to the opposite bid/ask side at entry (see report methodology note)
VPS_20260708143518_SELL_TREND_PULLBACK,VPS,2026.07.08 14:35:18,SELL,BUY,TREND_PULLBACK,TREND-CONTINUATION MODE,A,4054.91,8.52,N,,0.0,0.856,0.0,0.94,0.0,0.94,0.0,0.94,0.0,1.48,,,,5,5,5,STOP_FIRST,STOP_FIRST,STOP_FIRST,0.0,1.48,MIRRORED from original's own advATR/favATR at same real price path; does NOT include the extra spread cost of crossing to the opposite bid/ask side at entry (see report methodology note)
VPS_20260708144018_SELL_TREND_PULLBACK,VPS,2026.07.08 14:40:18,SELL,BUY,TREND_PULLBACK,STI_REENTRY_WAIT ,A,4045.66,8.8,N,,0.0,0.408,0.0,0.488,0.0,0.488,0.0,0.488,0.0,1.012,,,,5,5,60,STOP_FIRST,STOP_FIRST,STOP_FIRST,0.0,1.012,MIRRORED from original's own advATR/favATR at same real price path; does NOT include the extra spread cost of crossing to the opposite bid/ask side at entry (see report methodology note)
VPS_20260708144651_SELL_BREAKOUT,VPS,2026.07.08 14:46:51,SELL,BUY,BREAKOUT,TREND-CONTINUATION MODE,A,4036.6,8.85,N,,0.356,0.076,0.356,0.076,0.356,0.076,0.356,0.216,0.356,0.596,5,5,,30,60,60,TARGET_FIRST,TARGET_FIRST,STOP_FIRST,0.356,0.596,MIRRORED from original's own advATR/favATR at same real price path; does NOT include the extra spread cost of crossing to the opposite bid/ask side at entry (see report methodology note)
VPS_20260708145016_SELL_SQUEEZE_RELEASE,VPS,2026.07.08 14:50:16,SELL,BUY,SQUEEZE_RELEASE,TREND-CONTINUATION MODE,A,4034.9,8.75,N,,0.436,0.0,0.436,0.0,0.436,0.0,0.436,0.152,0.436,0.524,5,5,,60,60,60,TARGET_FIRST,TARGET_FIRST,STOP_FIRST,0.436,0.524,MIRRORED from original's own advATR/favATR at same real price path; does NOT include the extra spread cost of crossing to the opposite bid/ask side at entry (see report methodology note)
VPS_20260708150019_SELL_SQUEEZE_RELEASE,VPS,2026.07.08 15:00:19,SELL,BUY,SQUEEZE_RELEASE,BAD-LOCATION BLOCK,A,4038.48,8.59,N,,0.064,0.0,0.064,0.04,0.064,0.312,0.064,0.704,0.064,0.704,,,,15,15,30,STOP_FIRST,STOP_FIRST,STOP_FIRST,0.064,0.704,MIRRORED from original's own advATR/favATR at same real price path; does NOT include the extra spread cost of crossing to the opposite bid/ask side at entry (see report methodology note)
VPS_20260708152020_SELL_SQUEEZE_RELEASE,VPS,2026.07.08 15:20:20,SELL,BUY,SQUEEZE_RELEASE,STI_REENTRY_WAIT ,B,4032.31,8.9,N,,0.0,0.156,0.0,0.4,0.0,0.4,0.14,0.4,,,,,,10,10,,STOP_FIRST,STOP_FIRST,NEITHER_5-60m,0.14,0.4,MIRRORED from original's own advATR/favATR at same real price path; does NOT include the extra spread cost of crossing to the opposite bid/ask side at entry (see report methodology note)
VPS_20260708153018_SELL_TREND_PULLBACK,VPS,2026.07.08 15:30:18,SELL,BUY,TREND_PULLBACK,Personality mismatch,PERSONALITY,4029.24,8.74,N,,0.0,0.268,0.08,0.268,0.18,0.268,0.392,0.268,,,30,30,,5,,,STOP_FIRST,TARGET_FIRST,NEITHER_5-60m,0.392,0.268,MIRRORED from original's own advATR/favATR at same real price path; does NOT include the extra spread cost of crossing to the opposite bid/ask side at entry (see report methodology note)
VPS_20260708161301_SELL_TREND_PULLBACK,VPS,2026.07.08 16:13:01,SELL,BUY,TREND_PULLBACK,Personality mismatch,PERSONALITY,4041.0,6.57,Y,30,0.0,0.12,0.0,0.12,0.104,0.12,1.004,0.12,2.1,0.12,30,30,30,,,,TARGET_FIRST,TARGET_FIRST,TARGET_FIRST,2.1,0.12,MIRRORED from original's own advATR/favATR at same real price path; does NOT include the extra spread cost of crossing to the opposite bid/ask side at entry (see report methodology note)
VPS_20260708161602_SELL_TREND_PULLBACK,VPS,2026.07.08 16:16:02,SELL,BUY,TREND_PULLBACK,NEWS FILTER (high-impact event nearby),B,4038.61,6.47,Y,30,0.136,0.0,0.256,0.0,0.256,0.0,1.204,0.0,2.28,0.0,10,30,30,,,,TARGET_FIRST,TARGET_FIRST,TARGET_FIRST,2.28,0.0,MIRRORED from original's own advATR/favATR at same real price path; does NOT include the extra spread cost of crossing to the opposite bid/ask side at entry (see report methodology note)
VPS_20260708162007_SELL_TREND_PULLBACK,VPS,2026.07.08 16:20:07,SELL,BUY,TREND_PULLBACK,CALIBRATED_ENTRY_QUALITY,B,4040.68,6.27,Y,30,0.0,0.108,0.132,0.108,0.132,0.108,1.112,0.108,2.22,0.108,30,30,30,,,,TARGET_FIRST,TARGET_FIRST,TARGET_FIRST,2.22,0.108,MIRRORED from original's own advATR/favATR at same real price path; does NOT include the extra spread cost of crossing to the opposite bid/ask side at entry (see report methodology note)
VPS_20260708164504_BUY_BREAKOUT,VPS,2026.07.08 16:45:04,BUY,SELL,BREAKOUT,SMC_HARD_CONFLICT,A,4057.66,5.94,N,,0.0,0.032,0.0,0.436,0.0,0.436,0.0,1.2,0.0,1.2,,,,10,10,30,STOP_FIRST,STOP_FIRST,STOP_FIRST,0.0,1.2,MIRRORED from original's own advATR/favATR at same real price path; does NOT include the extra spread cost of crossing to the opposite bid/ask side at entry (see report methodology note)
VPS_20260708164504_BUY_BREAKOUT,VPS,2026.07.08 16:45:04,BUY,SELL,BREAKOUT,SMART-GUARD,SKIP,4057.38,5.94,N,,0.0,0.048,0.0,0.452,0.0,0.452,0.0,1.22,0.0,1.22,,,,10,10,30,STOP_FIRST,STOP_FIRST,STOP_FIRST,0.0,1.22,MIRRORED from original's own advATR/favATR at same real price path; does NOT include the extra spread cost of crossing to the opposite bid/ask side at entry (see report methodology note)
VPS_20260708165011_BUY_BREAKOUT,VPS,2026.07.08 16:50:11,BUY,SELL,BREAKOUT,Personality mismatch,PERSONALITY,4058.25,5.75,N,,0.0,0.408,0.0,0.408,0.0,0.408,0.0,1.2,0.0,1.2,,,,5,5,30,STOP_FIRST,STOP_FIRST,STOP_FIRST,0.0,1.2,MIRRORED from original's own advATR/favATR at same real price path; does NOT include the extra spread cost of crossing to the opposite bid/ask side at entry (see report methodology note)
VPS_20260708173510_SELL_TREND_PULLBACK,VPS,2026.07.08 17:35:10,SELL,BUY,TREND_PULLBACK,SMART-GUARD,A,4071.98,6.35,N,,0.0,0.164,0.0,0.288,0.0,0.3,0.304,0.484,0.468,0.484,30,30,,10,15,,STOP_FIRST,STOP_FIRST,NEITHER_5-60m,0.468,0.484,MIRRORED from original's own advATR/favATR at same real price path; does NOT include the extra spread cost of crossing to the opposite bid/ask side at entry (see report methodology note)
VPS_20260708180010_SELL_TREND_PULLBACK,VPS,2026.07.08 18:00:10,SELL,BUY,TREND_PULLBACK,CALENDAR,A,4064.15,4.68,Y,5,1.08,0.0,1.304,0.0,1.96,0.0,2.288,0.0,2.288,0.0,5,5,5,,,,TARGET_FIRST,TARGET_FIRST,TARGET_FIRST,2.288,0.0,MIRRORED from original's own advATR/favATR at same real price path; does NOT include the extra spread cost of crossing to the opposite bid/ask side at entry (see report methodology note)
VPS_20260708184509_BUY_TREND_PULLBACK,VPS,2026.07.08 18:45:09,BUY,SELL,TREND_PULLBACK,Personality mismatch,PERSONALITY,4079.63,5.14,N,,0.0,0.88,0.0,0.88,0.0,0.88,0.0,0.88,0.008,0.88,,,,5,5,5,STOP_FIRST,STOP_FIRST,STOP_FIRST,0.008,0.88,MIRRORED from original's own advATR/favATR at same real price path; does NOT include the extra spread cost of crossing to the opposite bid/ask side at entry (see report methodology note)
VPS_20260708185023_BUY_BREAKOUT,VPS,2026.07.08 18:50:23,BUY,SELL,BREAKOUT,B-GRADE QUALITY BLOCK,B,4090.94,5.82,N,,0.552,0.0,0.552,0.0,0.552,0.0,0.552,0.0,0.784,0.0,5,5,5,,,,TARGET_FIRST,TARGET_FIRST,TARGET_FIRST,0.784,0.0,MIRRORED from original's own advATR/favATR at same real price path; does NOT include the extra spread cost of crossing to the opposite bid/ask side at entry (see report methodology note)
VPS_20260708185508_BUY_BREAKOUT,VPS,2026.07.08 18:55:08,BUY,SELL,BREAKOUT,Personality mismatch,PERSONALITY,4085.31,6.13,N,,0.16,0.128,0.16,0.296,0.16,0.296,0.16,0.296,0.392,0.296,60,60,,10,,,STOP_FIRST,TARGET_FIRST,NEITHER_5-60m,0.392,0.296,MIRRORED from original's own advATR/favATR at same real price path; does NOT include the extra spread cost of crossing to the opposite bid/ask side at entry (see report methodology note)
VPS_20260708190037_SELL_TREND_PULLBACK,VPS,2026.07.08 19:00:37,SELL,BUY,TREND_PULLBACK,SMART-GUARD,A,4087.96,6.14,N,,0.12,0.092,0.12,0.092,0.12,0.096,0.12,0.096,0.12,0.564,,,,60,60,60,STOP_FIRST,STOP_FIRST,STOP_FIRST,0.12,0.564,MIRRORED from original's own advATR/favATR at same real price path; does NOT include the extra spread cost of crossing to the opposite bid/ask side at entry (see report methodology note)
VPS_20260708200518_SELL_TREND_PULLBACK,VPS,2026.07.08 20:05:18,SELL,BUY,TREND_PULLBACK,SMART-GUARD,A,4078.77,4.2,N,,0.228,0.0,0.228,0.0,0.228,0.312,0.228,0.54,0.228,0.54,5,,,15,15,30,TARGET_FIRST,STOP_FIRST,STOP_FIRST,0.228,0.54,MIRRORED from original's own advATR/favATR at same real price path; does NOT include the extra spread cost of crossing to the opposite bid/ask side at entry (see report methodology note)
VPS_20260708210949_SELL_TREND_PULLBACK,VPS,2026.07.08 21:09:49,SELL,BUY,TREND_PULLBACK,SMART-GUARD,A,4077.4,3.83,N,,0.012,0.0,,,,,,,,,,,,,,,NEITHER_5-60m,NEITHER_5-60m,NEITHER_5-60m,0.012,0.0,MIRRORED from original's own advATR/favATR at same real price path; does NOT include the extra spread cost of crossing to the opposite bid/ask side at entry (see report methodology note)
VPS_20260708213505_SELL_TREND_PULLBACK,VPS,2026.07.08 21:35:05,SELL,BUY,TREND_PULLBACK,B-GRADE QUALITY BLOCK,B,4077.4,3.83,N,,0.012,0.0,0.012,0.064,0.012,0.16,0.02,0.16,0.02,0.252,,,,60,,,STOP_FIRST,NEITHER_5-60m,NEITHER_5-60m,0.02,0.252,MIRRORED from original's own advATR/favATR at same real price path; does NOT include the extra spread cost of crossing to the opposite bid/ask side at entry (see report methodology note)
VPS_20260708220049_SELL_TREND_PULLBACK,VPS,2026.07.08 22:00:49,SELL,BUY,TREND_PULLBACK,SMART-GUARD,A,4076.62,3.59,N,,0.108,0.084,0.108,0.084,0.108,0.084,0.108,0.184,0.256,0.184,60,,,,,,TARGET_FIRST,NEITHER_5-60m,NEITHER_5-60m,0.256,0.184,MIRRORED from original's own advATR/favATR at same real price path; does NOT include the extra spread cost of crossing to the opposite bid/ask side at entry (see report methodology note)
VPS_20260708230535_SELL_TREND_PULLBACK,VPS,2026.07.08 23:05:35,SELL,BUY,TREND_PULLBACK,SMART-GUARD,A,4075.67,3.43,N,,0.128,0.0,0.128,0.004,0.128,0.004,0.128,0.004,0.468,0.304,60,60,,60,60,,SIMULTANEOUS_SAME_CHECKPOINT,SIMULTANEOUS_SAME_CHECKPOINT,NEITHER_5-60m,0.468,0.304,MIRRORED from original's own advATR/favATR at same real price path; does NOT include the extra spread cost of crossing to the opposite bid/ask side at entry (see report methodology note)
VPS_20260708235020_SELL_TREND_PULLBACK,VPS,2026.07.08 23:50:20,SELL,BUY,TREND_PULLBACK,A+ EVIDENCE DEMOTION,A,4072.14,2.53,Y,10,0.816,0.0,1.192,0.0,1.192,0.0,2.64,0.0,2.64,0.184,5,5,5,,,,TARGET_FIRST,TARGET_FIRST,TARGET_FIRST,2.64,0.184,MIRRORED from original's own advATR/favATR at same real price path; does NOT include the extra spread cost of crossing to the opposite bid/ask side at entry (see report methodology note)
VPS_20260709000504_BUY_BREAKOUT,VPS,2026.07.09 00:05:04,BUY,SELL,BREAKOUT,B-GRADE QUALITY BLOCK,B,4079.94,2.88,Y,60,0.072,0.0,0.072,1.236,0.352,1.236,0.352,1.236,1.608,1.236,15,15,60,10,10,10,STOP_FIRST,STOP_FIRST,STOP_FIRST,1.608,1.236,MIRRORED from original's own advATR/favATR at same real price path; does NOT include the extra spread cost of crossing to the opposite bid/ask side at entry (see report methodology note)
VPS_20260709001007_SELL_TREND_PULLBACK,VPS,2026.07.09 00:10:07,SELL,BUY,TREND_PULLBACK,SMART-GUARD,A+,4078.31,3.11,Y,5,1.356,0.0,1.356,0.116,1.356,0.116,1.356,0.116,1.356,1.28,5,5,5,60,60,60,TARGET_FIRST,TARGET_FIRST,TARGET_FIRST,1.356,1.28,MIRRORED from original's own advATR/favATR at same real price path; does NOT include the extra spread cost of crossing to the opposite bid/ask side at entry (see report methodology note)
VPS_20260709013036_SELL_TREND_PULLBACK,VPS,2026.07.09 01:30:36,SELL,BUY,TREND_PULLBACK,A+ EVIDENCE DEMOTION,A,4065.89,6.42,N,,0.348,0.0,0.432,0.0,0.592,0.0,0.648,0.0,0.96,0.0,5,5,15,,,,TARGET_FIRST,TARGET_FIRST,TARGET_FIRST,0.96,0.0,MIRRORED from original's own advATR/favATR at same real price path; does NOT include the extra spread cost of crossing to the opposite bid/ask side at entry (see report methodology note)
VPS_20260709020508_SELL_HTF_TREND_FOLLOW,VPS,2026.07.09 02:05:08,SELL,BUY,HTF_TREND_FOLLOW,A+ EVIDENCE DEMOTION,A,4075.23,6.07,N,,0.068,0.0,0.148,0.0,0.3,0.0,0.4,0.144,0.4,0.656,15,15,,60,60,60,TARGET_FIRST,TARGET_FIRST,STOP_FIRST,0.4,0.656,MIRRORED from original's own advATR/favATR at same real price path; does NOT include the extra spread cost of crossing to the opposite bid/ask side at entry (see report methodology note)
VPS_20260709021010_BUY_TREND_PULLBACK,VPS,2026.07.09 02:10:10,BUY,SELL,TREND_PULLBACK,SMART-GUARD,SKIP,4075.67,5.89,Y,60,0.0,0.124,0.0,0.28,0.0,0.384,0.18,0.384,1.156,0.384,60,60,60,10,15,,STOP_FIRST,STOP_FIRST,TARGET_FIRST,1.156,0.384,MIRRORED from original's own advATR/favATR at same real price path; does NOT include the extra spread cost of crossing to the opposite bid/ask side at entry (see report methodology note)
VPS_20260709025508_SELL_TREND_PULLBACK,VPS,2026.07.09 02:55:08,SELL,BUY,TREND_PULLBACK,A+ EVIDENCE DEMOTION,A,4068.83,4.39,N,,0.0,0.324,0.0,0.776,0.0,0.928,0.0,1.132,0.0,1.132,,,,5,5,10,STOP_FIRST,STOP_FIRST,STOP_FIRST,0.0,1.132,MIRRORED from original's own advATR/favATR at same real price path; does NOT include the extra spread cost of crossing to the opposite bid/ask side at entry (see report methodology note)
VPS_20260709032003_SELL_BREAKOUT,VPS,2026.07.09 03:20:03,SELL,BUY,BREAKOUT,A+ EVIDENCE DEMOTION,A,4056.37,4.87,N,,0.272,0.0,0.272,0.0,0.504,0.0,0.504,0.0,0.648,0.0,5,15,15,,,,TARGET_FIRST,TARGET_FIRST,TARGET_FIRST,0.648,0.0,MIRRORED from original's own advATR/favATR at same real price path; does NOT include the extra spread cost of crossing to the opposite bid/ask side at entry (see report methodology note)
VPS_20260709033010_SELL_TREND_PULLBACK,VPS,2026.07.09 03:30:10,SELL,BUY,TREND_PULLBACK,BAD-LOCATION BLOCK,A,4057.73,4.85,N,,0.396,0.0,0.396,0.0,0.396,0.0,0.54,0.0,0.54,0.0,5,5,30,,,,TARGET_FIRST,TARGET_FIRST,TARGET_FIRST,0.54,0.0,MIRRORED from original's own advATR/favATR at same real price path; does NOT include the extra spread cost of crossing to the opposite bid/ask side at entry (see report methodology note)
VPS_20260709041019_SELL_TREND_PULLBACK,VPS,2026.07.09 04:10:19,SELL,BUY,TREND_PULLBACK,A+ EVIDENCE DEMOTION,A,4061.57,4.26,N,,0.0,0.272,0.0,0.272,0.0,0.272,0.0,0.364,0.696,0.364,60,60,60,5,30,,STOP_FIRST,STOP_FIRST,TARGET_FIRST,0.696,0.364,MIRRORED from original's own advATR/favATR at same real price path; does NOT include the extra spread cost of crossing to the opposite bid/ask side at entry (see report methodology note)
VPS_20260709042520_SELL_TREND_PULLBACK,VPS,2026.07.09 04:25:20,SELL,BUY,TREND_PULLBACK,BAD-TIMING BLOCK,A,4059.73,3.8,N,,0.032,0.216,0.216,0.216,0.38,0.216,0.452,0.216,,,10,15,,5,,,STOP_FIRST,TARGET_FIRST,NEITHER_5-60m,0.452,0.216,MIRRORED from original's own advATR/favATR at same real price path; does NOT include the extra spread cost of crossing to the opposite bid/ask side at entry (see report methodology note)
VPS_20260709050510_SELL_HTF_TREND_FOLLOW,VPS,2026.07.09 05:05:10,SELL,BUY,HTF_TREND_FOLLOW,A+ EVIDENCE DEMOTION,A,4066.34,4.22,N,,0.248,0.0,0.248,0.0,,,,,,,5,,,,,,TARGET_FIRST,NEITHER_5-60m,NEITHER_5-60m,0.248,0.0,MIRRORED from original's own advATR/favATR at same real price path; does NOT include the extra spread cost of crossing to the opposite bid/ask side at entry (see report methodology note)
VPS_20260709064003_BUY_SQUEEZE_RELEASE,VPS,2026.07.09 06:40:03,BUY,SELL,SQUEEZE_RELEASE,CALIBRATED_ENTRY_QUALITY,A,4099.42,7.0,N,,0.0,0.188,0.0,0.244,0.0,0.364,0.0,0.456,0.0,0.516,,,,10,15,60,STOP_FIRST,STOP_FIRST,STOP_FIRST,0.0,0.516,MIRRORED from original's own advATR/favATR at same real price path; does NOT include the extra spread cost of crossing to the opposite bid/ask side at entry (see report methodology note)
VPS_20260709064507_BUY_SQUEEZE_RELEASE,VPS,2026.07.09 06:45:07,BUY,SELL,SQUEEZE_RELEASE,TREND-CONTINUATION MODE,A,4102.76,6.87,N,,0.0,0.052,0.0,0.176,0.0,0.268,0.0,0.268,0.0,0.332,,,,15,60,,STOP_FIRST,STOP_FIRST,NEITHER_5-60m,0.0,0.332,MIRRORED from original's own advATR/favATR at same real price path; does NOT include the extra spread cost of crossing to the opposite bid/ask side at entry (see report methodology note)
VPS_20260709070004_BUY_ASIA_BREAKOUT,VPS,2026.07.09 07:00:04,BUY,SELL,ASIA_BREAKOUT,STI_REENTRY_WAIT ,A,4107.72,6.44,N,,0.092,0.0,0.16,0.0,0.308,0.0,0.308,0.032,0.308,0.124,15,15,,,,,TARGET_FIRST,TARGET_FIRST,NEITHER_5-60m,0.308,0.124,MIRRORED from original's own advATR/favATR at same real price path; does NOT include the extra spread cost of crossing to the opposite bid/ask side at entry (see report methodology note)
VPS_20260709070516_BUY_TREND_PULLBACK,VPS,2026.07.09 07:05:16,BUY,SELL,TREND_PULLBACK,BAD-LOCATION BLOCK,B,4107.1,6.45,N,,0.272,0.0,0.272,0.0,0.272,0.0,0.272,0.08,0.272,0.16,5,,,,,,TARGET_FIRST,NEITHER_5-60m,NEITHER_5-60m,0.272,0.16,MIRRORED from original's own advATR/favATR at same real price path; does NOT include the extra spread cost of crossing to the opposite bid/ask side at entry (see report methodology note)
VPS_20260709071504_BUY_TREND_PULLBACK,VPS,2026.07.09 07:15:04,BUY,SELL,TREND_PULLBACK,CALIBRATED_ENTRY_QUALITY,A,4103.21,5.35,N,,0.0,0.044,0.0,0.28,0.0,0.376,0.0,0.392,0.0,0.488,,,,10,15,,STOP_FIRST,STOP_FIRST,NEITHER_5-60m,0.0,0.488,MIRRORED from original's own advATR/favATR at same real price path; does NOT include the extra spread cost of crossing to the opposite bid/ask side at entry (see report methodology note)
VPS_20260709072014_BUY_TREND_PULLBACK,VPS,2026.07.09 07:20:14,BUY,SELL,TREND_PULLBACK,TREND-CONTINUATION MODE,A,4103.83,5.24,N,,0.0,0.336,0.0,0.336,0.0,0.352,0.0,0.448,0.0,0.836,,,,5,5,60,STOP_FIRST,STOP_FIRST,STOP_FIRST,0.0,0.836,MIRRORED from original's own advATR/favATR at same real price path; does NOT include the extra spread cost of crossing to the opposite bid/ask side at entry (see report methodology note)
VPS_20260709074018_BUY_ASIA_BREAKOUT,VPS,2026.07.09 07:40:18,BUY,SELL,ASIA_BREAKOUT,TREND-CONTINUATION MODE,A,4108.45,4.82,N,,0.0,0.104,0.06,0.104,0.06,0.104,0.072,0.104,0.072,0.544,,,,60,60,60,STOP_FIRST,STOP_FIRST,STOP_FIRST,0.072,0.544,MIRRORED from original's own advATR/favATR at same real price path; does NOT include the extra spread cost of crossing to the opposite bid/ask side at entry (see report methodology note)
VPS_20260709081033_BUY_ASIA_BREAKOUT,VPS,2026.07.09 08:10:33,BUY,SELL,ASIA_BREAKOUT,Trade blocked — RSI divergence (exhaustion vs price extreme),A,4108.8,4.16,N,,0.0,0.128,0.0,0.572,0.0,0.572,0.0,0.596,0.216,0.596,60,,,10,10,10,STOP_FIRST,STOP_FIRST,STOP_FIRST,0.216,0.596,MIRRORED from original's own advATR/favATR at same real price path; does NOT include the extra spread cost of crossing to the opposite bid/ask side at entry (see report methodology note)
VPS_20260709082521_BUY_ASIA_BREAKOUT,VPS,2026.07.09 08:25:21,BUY,SELL,ASIA_BREAKOUT,STI_REENTRY_WAIT ,A,4114.88,4.53,N,,0.236,0.0,0.236,0.012,0.236,0.012,0.584,0.012,0.736,0.012,5,30,30,,,,TARGET_FIRST,TARGET_FIRST,TARGET_FIRST,0.736,0.012,MIRRORED from original's own advATR/favATR at same real price path; does NOT include the extra spread cost of crossing to the opposite bid/ask side at entry (see report methodology note)
VPS_20260709083010_BUY_TREND_PULLBACK,VPS,2026.07.09 08:30:10,BUY,SELL,TREND_PULLBACK,BAD-LOCATION BLOCK,B,4114.37,4.41,N,,0.196,0.0,0.196,0.056,0.196,0.056,0.556,0.056,0.712,0.056,30,30,30,,,,TARGET_FIRST,TARGET_FIRST,TARGET_FIRST,0.712,0.056,MIRRORED from original's own advATR/favATR at same real price path; does NOT include the extra spread cost of crossing to the opposite bid/ask side at entry (see report methodology note)
VPS_20260709083514_BUY_TREND_PULLBACK,VPS,2026.07.09 08:35:14,BUY,SELL,TREND_PULLBACK,CALIBRATED_ENTRY_QUALITY,B,4112.33,4.67,N,,0.0,0.228,0.0,0.228,0.2,0.228,0.352,0.228,0.588,0.228,15,30,60,5,,,STOP_FIRST,TARGET_FIRST,TARGET_FIRST,0.588,0.228,MIRRORED from original's own advATR/favATR at same real price path; does NOT include the extra spread cost of crossing to the opposite bid/ask side at entry (see report methodology note)
VPS_20260709093020_BUY_TREND_PULLBACK,VPS,2026.07.09 09:30:20,BUY,SELL,TREND_PULLBACK,Trade blocked — momentum slowdown (close in opposite 30% of last,A+,4109.16,4.09,N,,0.364,0.0,0.448,0.0,0.448,0.0,0.448,0.0,0.48,0.0,5,5,,,,,TARGET_FIRST,TARGET_FIRST,NEITHER_5-60m,0.48,0.0,MIRRORED from original's own advATR/favATR at same real price path; does NOT include the extra spread cost of crossing to the opposite bid/ask side at entry (see report methodology note)
VPS_20260709100516_BUY_ASIA_BREAKOUT,VPS,2026.07.09 10:05:16,BUY,SELL,ASIA_BREAKOUT,STI_REENTRY_WAIT ,A,4109.07,3.54,Y,60,0.192,0.0,0.416,0.0,0.508,0.0,0.548,0.0,1.48,0.0,10,10,15,,,,TARGET_FIRST,TARGET_FIRST,TARGET_FIRST,1.48,0.0,MIRRORED from original's own advATR/favATR at same real price path; does NOT include the extra spread cost of crossing to the opposite bid/ask side at entry (see report methodology note)
VPS_20260709101019_BUY_TREND_PULLBACK,VPS,2026.07.09 10:10:19,BUY,SELL,TREND_PULLBACK,CALIBRATED_ENTRY_QUALITY,A,4107.69,3.65,Y,60,0.248,0.0,0.34,0.0,0.376,0.0,0.412,0.0,1.28,0.0,5,10,60,,,,TARGET_FIRST,TARGET_FIRST,TARGET_FIRST,1.28,0.0,MIRRORED from original's own advATR/favATR at same real price path; does NOT include the extra spread cost of crossing to the opposite bid/ask side at entry (see report methodology note)
VPS_20260709102022_BUY_TREND_PULLBACK,VPS,2026.07.09 10:20:22,BUY,SELL,TREND_PULLBACK,TREND-CONTINUATION MODE,A,4105.44,3.54,Y,30,0.136,0.0,0.136,0.0,0.168,0.0,1.068,0.0,,,30,30,30,,,,TARGET_FIRST,TARGET_FIRST,TARGET_FIRST,1.068,0.0,MIRRORED from original's own advATR/favATR at same real price path; does NOT include the extra spread cost of crossing to the opposite bid/ask side at entry (see report methodology note)
VPS_20260709105509_SELL_BREAKOUT,VPS,2026.07.09 10:55:09,SELL,BUY,BREAKOUT,SMART-GUARD,A+,4096.1,3.23,Y,15,0.844,0.0,0.844,0.0,1.08,0.0,,,,,5,5,5,,,,TARGET_FIRST,TARGET_FIRST,TARGET_FIRST,1.08,0.0,MIRRORED from original's own advATR/favATR at same real price path; does NOT include the extra spread cost of crossing to the opposite bid/ask side at entry (see report methodology note)
VPS_20260709110005_SELL_TREND_PULLBACK,VPS,2026.07.09 11:00:05,SELL,BUY,TREND_PULLBACK,SMART-GUARD,A,4098.24,3.47,N,,0.54,0.0,0.54,0.0,0.76,0.0,,,,,5,5,5,,,,TARGET_FIRST,TARGET_FIRST,TARGET_FIRST,0.76,0.0,MIRRORED from original's own advATR/favATR at same real price path; does NOT include the extra spread cost of crossing to the opposite bid/ask side at entry (see report methodology note)
VPS_20260709113012_SELL_SQUEEZE_RELEASE,VPS,2026.07.09 11:30:12,SELL,BUY,SQUEEZE_RELEASE,CALIBRATED_ENTRY_QUALITY,B,4101.74,3.74,Y,60,0.396,0.0,0.492,0.0,0.492,0.0,0.68,0.0,1.508,0.0,5,5,30,,,,TARGET_FIRST,TARGET_FIRST,TARGET_FIRST,1.508,0.0,MIRRORED from original's own advATR/favATR at same real price path; does NOT include the extra spread cost of crossing to the opposite bid/ask side at entry (see report methodology note)
VPS_20260709113510_BUY_TREND_PULLBACK,VPS,2026.07.09 11:35:10,BUY,SELL,TREND_PULLBACK,B-GRADE QUALITY BLOCK,B,4101.73,3.83,N,,0.0,0.388,0.0,0.484,0.0,0.484,0.0,0.668,0.0,2.092,,,,5,5,30,STOP_FIRST,STOP_FIRST,STOP_FIRST,0.0,2.092,MIRRORED from original's own advATR/favATR at same real price path; does NOT include the extra spread cost of crossing to the opposite bid/ask side at entry (see report methodology note)
VPS_20260709114018_BUY_TREND_PULLBACK,VPS,2026.07.09 11:40:18,BUY,SELL,TREND_PULLBACK,TREND-CONTINUATION MODE,A,4106.04,4.19,N,,0.0,0.028,0.04,0.156,0.04,0.2,0.04,0.94,0.04,1.5,,,,15,30,30,STOP_FIRST,STOP_FIRST,STOP_FIRST,0.04,1.5,MIRRORED from original's own advATR/favATR at same real price path; does NOT include the extra spread cost of crossing to the opposite bid/ask side at entry (see report methodology note)
VPS_20260709120013_BUY_TREND_PULLBACK,VPS,2026.07.09 12:00:13,BUY,SELL,TREND_PULLBACK,STI_REENTRY_WAIT ,A,4109.03,4.43,N,,0.188,0.0,0.188,0.616,0.188,0.616,0.188,0.616,0.188,1.148,,,,10,10,10,STOP_FIRST,STOP_FIRST,STOP_FIRST,0.188,1.148,MIRRORED from original's own advATR/favATR at same real price path; does NOT include the extra spread cost of crossing to the opposite bid/ask side at entry (see report methodology note)
VPS_20260709120519_BUY_TREND_PULLBACK,VPS,2026.07.09 12:05:19,BUY,SELL,TREND_PULLBACK,BAD-LOCATION BLOCK,A,4106.75,4.25,N,,0.0,0.86,0.0,0.86,0.0,0.86,0.0,1.412,0.0,1.412,,,,5,5,5,STOP_FIRST,STOP_FIRST,STOP_FIRST,0.0,1.412,MIRRORED from original's own advATR/favATR at same real price path; does NOT include the extra spread cost of crossing to the opposite bid/ask side at entry (see report methodology note)
VPS_20260709121005_BUY_BREAKOUT,VPS,2026.07.09 12:10:05,BUY,SELL,BREAKOUT,NEWS FILTER (high-impact event nearby),A,4115.55,4.87,N,,0.212,0.0,0.576,0.0,0.576,0.0,0.576,0.512,0.576,0.512,5,10,10,30,30,30,TARGET_FIRST,TARGET_FIRST,TARGET_FIRST,0.576,0.512,MIRRORED from original's own advATR/favATR at same real price path; does NOT include the extra spread cost of crossing to the opposite bid/ask side at entry (see report methodology note)
VPS_20260709121519_BUY_TREND_PULLBACK,VPS,2026.07.09 12:15:19,BUY,SELL,TREND_PULLBACK,CALIBRATED_ENTRY_QUALITY,A,4113.71,4.77,N,,0.432,0.0,0.432,0.0,0.432,0.132,0.432,0.676,0.432,0.676,5,5,,30,30,30,TARGET_FIRST,TARGET_FIRST,STOP_FIRST,0.432,0.676,MIRRORED from original's own advATR/favATR at same real price path; does NOT include the extra spread cost of crossing to the opposite bid/ask side at entry (see report methodology note)
VPS_20260709124008_BUY_TREND_PULLBACK,VPS,2026.07.09 12:40:08,BUY,SELL,TREND_PULLBACK,NEWS_ENTRY_BLOCKED_OVEREXTENDED,A,4122.1,5.62,N,,0.688,0.0,0.72,0.0,0.912,0.0,0.912,0.0,,,5,5,5,,,,TARGET_FIRST,TARGET_FIRST,TARGET_FIRST,0.912,0.0,MIRRORED from original's own advATR/favATR at same real price path; does NOT include the extra spread cost of crossing to the opposite bid/ask side at entry (see report methodology note)
VPS_20260709130003_SELL_HTF_TREND_FOLLOW,VPS,2026.07.09 13:00:03,SELL,BUY,HTF_TREND_FOLLOW,BAD-LOCATION BLOCK,A,4108.83,5.96,Y,30,0.156,0.0,0.52,0.0,0.816,0.0,1.172,0.0,,,10,10,10,,,,TARGET_FIRST,TARGET_FIRST,TARGET_FIRST,1.172,0.0,MIRRORED from original's own advATR/favATR at same real price path; does NOT include the extra spread cost of crossing to the opposite bid/ask side at entry (see report methodology note)
VPS_20260709131008_BUY_TREND_PULLBACK,VPS,2026.07.09 13:10:08,BUY,SELL,TREND_PULLBACK,NEWS_ENTRY_BLOCKED_POOR_RR,A,4116.21,6.51,N,,0.0,0.292,0.0,0.56,0.0,0.62,,,,,,,,5,10,10,STOP_FIRST,STOP_FIRST,STOP_FIRST,0.0,0.62,MIRRORED from original's own advATR/favATR at same real price path; does NOT include the extra spread cost of crossing to the opposite bid/ask side at entry (see report methodology note)
VPS_20260709135006_BUY_TREND_PULLBACK,VPS,2026.07.09 13:50:06,BUY,SELL,TREND_PULLBACK,CALIBRATED_ENTRY_QUALITY,B,4123.11,6.52,N,,0.232,0.132,0.232,0.508,0.232,0.508,0.32,0.508,0.32,0.508,5,30,,10,10,10,TARGET_FIRST,STOP_FIRST,STOP_FIRST,0.32,0.508,MIRRORED from original's own advATR/favATR at same real price path; does NOT include the extra spread cost of crossing to the opposite bid/ask side at entry (see report methodology note)
VPS_20260709141008_SELL_TREND_PULLBACK,VPS,2026.07.09 14:10:08,SELL,BUY,TREND_PULLBACK,SMART-GUARD,A,4126.1,7.59,N,,0.0,0.432,0.0,0.432,0.0,0.432,0.0,0.432,0.084,0.432,,,,5,5,,STOP_FIRST,STOP_FIRST,NEITHER_5-60m,0.084,0.432,MIRRORED from original's own advATR/favATR at same real price path; does NOT include the extra spread cost of crossing to the opposite bid/ask side at entry (see report methodology note)
VPS_20260709145006_BUY_TREND_PULLBACK,VPS,2026.07.09 14:50:06,BUY,SELL,TREND_PULLBACK,A+ EVIDENCE DEMOTION,A,4118.81,7.07,N,,0.0,0.504,0.0,0.504,0.0,0.504,0.0,0.504,0.0,0.652,,,,5,5,5,STOP_FIRST,STOP_FIRST,STOP_FIRST,0.0,0.652,MIRRORED from original's own advATR/favATR at same real price path; does NOT include the extra spread cost of crossing to the opposite bid/ask side at entry (see report methodology note)
VPS_20260709150009_BUY_TREND_PULLBACK,VPS,2026.07.09 15:00:09,BUY,SELL,TREND_PULLBACK,STI_REENTRY_WAIT ,A+,4127.89,6.89,N,,0.072,0.0,0.148,0.0,0.148,0.0,0.148,0.08,0.148,0.14,,,,,,,NEITHER_5-60m,NEITHER_5-60m,NEITHER_5-60m,0.148,0.14,MIRRORED from original's own advATR/favATR at same real price path; does NOT include the extra spread cost of crossing to the opposite bid/ask side at entry (see report methodology note)
VPS_20260709150509_BUY_TREND_PULLBACK,VPS,2026.07.09 15:05:09,BUY,SELL,TREND_PULLBACK,BAD-TIMING BLOCK,A,4126.74,6.58,N,,0.0,0.02,0.084,0.02,0.084,0.02,0.084,0.152,0.084,0.22,,,,60,,,STOP_FIRST,NEITHER_5-60m,NEITHER_5-60m,0.084,0.22,MIRRORED from original's own advATR/favATR at same real price path; does NOT include the extra spread cost of crossing to the opposite bid/ask side at entry (see report methodology note)
VPS_20260709151513_BUY_TREND_PULLBACK,VPS,2026.07.09 15:15:13,BUY,SELL,TREND_PULLBACK,CALIBRATED_ENTRY_QUALITY,A,4125.62,5.85,N,,0.0,0.248,0.0,0.248,0.0,0.248,0.0,0.324,0.0,0.324,,,,5,30,,STOP_FIRST,STOP_FIRST,NEITHER_5-60m,0.0,0.324,MIRRORED from original's own advATR/favATR at same real price path; does NOT include the extra spread cost of crossing to the opposite bid/ask side at entry (see report methodology note)
VPS_20260709153009_BUY_TREND_PULLBACK,VPS,2026.07.09 15:30:09,BUY,SELL,TREND_PULLBACK,BAD-RR TRUE BLOCK,A,4127.48,5.03,N,,0.0,0.02,0.0,0.228,0.0,0.228,0.076,0.228,0.076,0.388,,,,10,60,,STOP_FIRST,STOP_FIRST,NEITHER_5-60m,0.076,0.388,MIRRORED from original's own advATR/favATR at same real price path; does NOT include the extra spread cost of crossing to the opposite bid/ask side at entry (see report methodology note)
VPS_20260709154512_BUY_TREND_PULLBACK,VPS,2026.07.09 15:45:12,BUY,SELL,TREND_PULLBACK,TREND-CONTINUATION MODE,A,4130.23,4.43,N,,0.004,0.0,0.252,0.0,0.336,0.0,0.336,0.0,,,10,15,,,,,TARGET_FIRST,TARGET_FIRST,NEITHER_5-60m,0.336,0.0,MIRRORED from original's own advATR/favATR at same real price path; does NOT include the extra spread cost of crossing to the opposite bid/ask side at entry (see report methodology note)
VPS_20260709161511_BUY_TREND_PULLBACK,VPS,2026.07.09 16:15:11,BUY,SELL,TREND_PULLBACK,BAD-LOCATION BLOCK,A,4129.86,3.78,N,,0.0,0.096,0.0,0.264,0.0,0.536,,,,,,,,10,15,15,STOP_FIRST,STOP_FIRST,STOP_FIRST,0.0,0.536,MIRRORED from original's own advATR/favATR at same real price path; does NOT include the extra spread cost of crossing to the opposite bid/ask side at entry (see report methodology note)
VPS_20260709162011_BUY_TREND_PULLBACK,VPS,2026.07.09 16:20:11,BUY,SELL,TREND_PULLBACK,CALIBRATED_ENTRY_QUALITY,A,4129.51,3.67,N,,0.0,0.136,0.0,0.308,0.0,0.588,,,,,,,,10,10,15,STOP_FIRST,STOP_FIRST,STOP_FIRST,0.0,0.588,MIRRORED from original's own advATR/favATR at same real price path; does NOT include the extra spread cost of crossing to the opposite bid/ask side at entry (see report methodology note)
VPS_20260709163512_BUY_TREND_PULLBACK,VPS,2026.07.09 16:35:12,BUY,SELL,TREND_PULLBACK,STI_REENTRY_WAIT ,A,4134.89,3.74,N,,,,,,,,,,,,,,,,,,NEITHER_5-60m,NEITHER_5-60m,NEITHER_5-60m,,,MIRRORED from original's own advATR/favATR at same real price path; does NOT include the extra spread cost of crossing to the opposite bid/ask side at entry (see report methodology note)
VPS_20260709164457_BUY_TREND_PULLBACK,VPS,2026.07.09 16:44:57,BUY,SELL,TREND_PULLBACK,CALIBRATED_ENTRY_QUALITY,A,4133.27,3.81,N,,0.204,0.0,0.204,0.0,0.568,0.0,0.58,0.0,,,5,15,15,,,,TARGET_FIRST,TARGET_FIRST,TARGET_FIRST,0.58,0.0,MIRRORED from original's own advATR/favATR at same real price path; does NOT include the extra spread cost of crossing to the opposite bid/ask side at entry (see report methodology note)
VPS_20260709164644_BUY_TREND_PULLBACK,VPS,2026.07.09 16:46:44,BUY,SELL,TREND_PULLBACK,TREND-CONTINUATION MODE,A,4132.55,3.78,N,,0.132,0.028,0.5,0.028,0.5,0.028,0.64,0.028,,,10,10,10,,,,TARGET_FIRST,TARGET_FIRST,TARGET_FIRST,0.64,0.028,MIRRORED from original's own advATR/favATR at same real price path; does NOT include the extra spread cost of crossing to the opposite bid/ask side at entry (see report methodology note)
VPS_20260709174627_BUY_TREND_PULLBACK,VPS,2026.07.09 17:46:27,BUY,SELL,TREND_PULLBACK,BAD-LOCATION BLOCK,B,4135.09,3.62,Y,60,0.0,0.06,0.0,0.096,0.44,0.096,0.836,0.096,1.336,0.096,15,15,30,,,,TARGET_FIRST,TARGET_FIRST,TARGET_FIRST,1.336,0.096,MIRRORED from original's own advATR/favATR at same real price path; does NOT include the extra spread cost of crossing to the opposite bid/ask side at entry (see report methodology note)
VPS_20260709180016_BUY_TREND_PULLBACK,VPS,2026.07.09 18:00:16,BUY,SELL,TREND_PULLBACK,TREND-CONTINUATION MODE,B,4136.12,3.74,Y,30,0.536,0.0,0.796,0.0,0.916,0.0,1.36,0.0,1.404,0.0,5,5,5,,,,TARGET_FIRST,TARGET_FIRST,TARGET_FIRST,1.404,0.0,MIRRORED from original's own advATR/favATR at same real price path; does NOT include the extra spread cost of crossing to the opposite bid/ask side at entry (see report methodology note)
VPS_20260709180512_BUY_TREND_PULLBACK,VPS,2026.07.09 18:05:12,BUY,SELL,TREND_PULLBACK,Personality mismatch,PERSONALITY,4131.01,3.93,N,,0.236,0.084,0.352,0.084,0.444,0.084,0.776,0.084,,,5,10,30,,,,TARGET_FIRST,TARGET_FIRST,TARGET_FIRST,0.776,0.084,MIRRORED from original's own advATR/favATR at same real price path; does NOT include the extra spread cost of crossing to the opposite bid/ask side at entry (see report methodology note)
VPS_20260709183036_SELL_TREND_PULLBACK,VPS,2026.07.09 18:30:36,SELL,BUY,TREND_PULLBACK,SMART-GUARD,SKIP,4123.05,3.76,N,,0.148,0.004,0.212,0.004,0.212,0.004,,,,,10,,,,,,TARGET_FIRST,NEITHER_5-60m,NEITHER_5-60m,0.212,0.004,MIRRORED from original's own advATR/favATR at same real price path; does NOT include the extra spread cost of crossing to the opposite bid/ask side at entry (see report methodology note)
VPS_20260709191105_BUY_TREND_PULLBACK,VPS,2026.07.09 19:11:05,BUY,SELL,TREND_PULLBACK,B-GRADE QUALITY BLOCK,B,4124.1,2.97,N,,0.0,0.068,0.344,0.068,0.384,0.068,0.476,0.068,0.54,0.068,10,10,60,,,,TARGET_FIRST,TARGET_FIRST,TARGET_FIRST,0.54,0.068,MIRRORED from original's own advATR/favATR at same real price path; does NOT include the extra spread cost of crossing to the opposite bid/ask side at entry (see report methodology note)
VPS_20260709191524_BUY_TREND_PULLBACK,VPS,2026.07.09 19:15:24,BUY,SELL,TREND_PULLBACK,Personality mismatch,PERSONALITY,4124.67,2.7,N,,0.464,0.0,0.508,0.0,0.592,0.0,0.676,0.0,0.676,0.0,5,5,10,,,,TARGET_FIRST,TARGET_FIRST,TARGET_FIRST,0.676,0.0,MIRRORED from original's own advATR/favATR at same real price path; does NOT include the extra spread cost of crossing to the opposite bid/ask side at entry (see report methodology note)
VPS_20260709192523_SELL_TREND_PULLBACK,VPS,2026.07.09 19:25:23,SELL,BUY,TREND_PULLBACK,Personality mismatch,PERSONALITY,4121.48,2.62,N,,0.0,0.124,0.056,0.124,0.056,0.14,0.144,0.212,0.144,0.212,,,,30,,,STOP_FIRST,NEITHER_5-60m,NEITHER_5-60m,0.144,0.212,MIRRORED from original's own advATR/favATR at same real price path; does NOT include the extra spread cost of crossing to the opposite bid/ask side at entry (see report methodology note)
VPS_20260709201523_BUY_TREND_PULLBACK,VPS,2026.07.09 20:15:23,BUY,SELL,TREND_PULLBACK,B-GRADE QUALITY BLOCK,B,4121.69,2.2,N,,0.0,0.016,0.0,0.056,0.076,0.056,0.076,0.64,0.076,0.64,,,,30,30,30,STOP_FIRST,STOP_FIRST,STOP_FIRST,0.076,0.64,MIRRORED from original's own advATR/favATR at same real price path; does NOT include the extra spread cost of crossing to the opposite bid/ask side at entry (see report methodology note)
VPS_20260709203032_BUY_TREND_PULLBACK,VPS,2026.07.09 20:30:32,BUY,SELL,TREND_PULLBACK,Personality mismatch,PERSONALITY,4121.63,2.04,N,,0.0,0.42,0.0,0.704,0.0,0.704,0.0,0.704,0.0,0.704,,,,5,5,10,STOP_FIRST,STOP_FIRST,STOP_FIRST,0.0,0.704,MIRRORED from original's own advATR/favATR at same real price path; does NOT include the extra spread cost of crossing to the opposite bid/ask side at entry (see report methodology note)
VPS_20260709213733_BUY_TREND_PULLBACK,VPS,2026.07.09 21:37:33,BUY,SELL,TREND_PULLBACK,Personality mismatch,PERSONALITY,4124.17,1.87,N,,0.024,0.0,0.024,0.0,0.024,0.264,0.048,0.36,0.304,0.36,60,60,,15,30,,STOP_FIRST,STOP_FIRST,NEITHER_5-60m,0.304,0.36,MIRRORED from original's own advATR/favATR at same real price path; does NOT include the extra spread cost of crossing to the opposite bid/ask side at entry (see report methodology note)
VPS_20260709220617_BUY_TREND_PULLBACK,VPS,2026.07.09 22:06:17,BUY,SELL,TREND_PULLBACK,TREND-CONTINUATION MODE,B,4125.99,1.73,N,,0.696,0.0,0.748,0.0,0.748,0.0,0.748,0.0,0.964,0.0,5,5,5,,,,TARGET_FIRST,TARGET_FIRST,TARGET_FIRST,0.964,0.0,MIRRORED from original's own advATR/favATR at same real price path; does NOT include the extra spread cost of crossing to the opposite bid/ask side at entry (see report methodology note)
VPS_20260709221044_SELL_TREND_PULLBACK,VPS,2026.07.09 22:10:44,SELL,BUY,TREND_PULLBACK,Personality mismatch,PERSONALITY,4123.82,1.94,N,,0.0,0.22,0.0,0.22,0.0,0.22,0.0,0.22,0.052,0.416,,,,5,60,,STOP_FIRST,STOP_FIRST,NEITHER_5-60m,0.052,0.416,MIRRORED from original's own advATR/favATR at same real price path; does NOT include the extra spread cost of crossing to the opposite bid/ask side at entry (see report methodology note)
VPS_20260709221536_BUY_TREND_PULLBACK,VPS,2026.07.09 22:15:36,BUY,SELL,TREND_PULLBACK,SMART-GUARD,A,4123.93,1.86,N,,0.252,0.0,0.252,0.0,0.252,0.0,0.252,0.0,0.456,0.072,5,60,,,,,TARGET_FIRST,TARGET_FIRST,NEITHER_5-60m,0.456,0.072,MIRRORED from original's own advATR/favATR at same real price path; does NOT include the extra spread cost of crossing to the opposite bid/ask side at entry (see report methodology note)
VPS_20260709223533_BUY_TREND_PULLBACK,VPS,2026.07.09 22:35:33,BUY,SELL,TREND_PULLBACK,CALIBRATED_ENTRY_QUALITY,A,4123.56,2.02,N,,0.0,0.048,0.348,0.048,0.348,0.048,0.348,0.048,0.348,0.24,10,10,,60,,,TARGET_FIRST,TARGET_FIRST,NEITHER_5-60m,0.348,0.24,MIRRORED from original's own advATR/favATR at same real price path; does NOT include the extra spread cost of crossing to the opposite bid/ask side at entry (see report methodology note)
VPS_20260709224031_BUY_TREND_PULLBACK,VPS,2026.07.09 22:40:31,BUY,SELL,TREND_PULLBACK,B-GRADE QUALITY BLOCK,B,4123.68,2.05,N,,0.004,0.0,0.368,0.0,0.368,0.0,0.368,0.076,0.368,0.212,10,10,,60,,,TARGET_FIRST,TARGET_FIRST,NEITHER_5-60m,0.368,0.212,MIRRORED from original's own advATR/favATR at same real price path; does NOT include the extra spread cost of crossing to the opposite bid/ask side at entry (see report methodology note)
VPS_20260709231533_BUY_TREND_PULLBACK,VPS,2026.07.09 23:15:33,BUY,SELL,TREND_PULLBACK,Personality mismatch,PERSONALITY,4124.38,2.07,N,,0.024,0.076,0.5,0.076,0.5,0.076,0.5,0.076,0.532,0.076,10,10,10,,,,TARGET_FIRST,TARGET_FIRST,TARGET_FIRST,0.532,0.076,MIRRORED from original's own advATR/favATR at same real price path; does NOT include the extra spread cost of crossing to the opposite bid/ask side at entry (see report methodology note)
VPS_20260709232541_BUY_TREND_PULLBACK,VPS,2026.07.09 23:25:41,BUY,SELL,TREND_PULLBACK,SMART-GUARD,A,4122.1,1.87,N,,0.0,0.024,0.0,0.148,0.0,0.148,0.0,0.42,0.648,0.42,60,60,60,30,30,,STOP_FIRST,STOP_FIRST,TARGET_FIRST,0.648,0.42,MIRRORED from original's own advATR/favATR at same real price path; does NOT include the extra spread cost of crossing to the opposite bid/ask side at entry (see report methodology note)
VPS_20260709234048_BUY_TREND_PULLBACK,VPS,2026.07.09 23:40:48,BUY,SELL,TREND_PULLBACK,TREND-CONTINUATION MODE,A,4122.63,1.84,Y,60,0.104,0.232,0.104,0.232,0.104,0.312,0.104,0.312,1.192,0.312,60,60,60,5,15,,STOP_FIRST,STOP_FIRST,TARGET_FIRST,1.192,0.312,MIRRORED from original's own advATR/favATR at same real price path; does NOT include the extra spread cost of crossing to the opposite bid/ask side at entry (see report methodology note)
VPS_20260709234520_BUY_TREND_PULLBACK,VPS,2026.07.09 23:45:20,BUY,SELL,TREND_PULLBACK,CALIBRATED_ENTRY_QUALITY,A,4122.03,1.8,Y,60,0.0,0.372,0.0,0.372,0.0,0.452,0.088,0.452,1.092,0.636,60,60,60,5,5,60,STOP_FIRST,STOP_FIRST,SIMULTANEOUS_SAME_CHECKPOINT,1.092,0.636,MIRRORED from original's own advATR/favATR at same real price path; does NOT include the extra spread cost of crossing to the opposite bid/ask side at entry (see report methodology note)
VPS_20260709235036_BUY_TREND_PULLBACK,VPS,2026.07.09 23:50:36,BUY,SELL,TREND_PULLBACK,BAD-TIMING BLOCK,SKIP,4123.94,1.85,Y,60,0.192,0.028,0.192,0.028,0.244,0.028,0.496,0.028,1.468,0.204,15,30,60,60,,,TARGET_FIRST,TARGET_FIRST,TARGET_FIRST,1.468,0.204,MIRRORED from original's own advATR/favATR at same real price path; does NOT include the extra spread cost of crossing to the opposite bid/ask side at entry (see report methodology note)
VPS_20260710000514_BUY_TREND_PULLBACK,VPS,2026.07.10 00:05:14,BUY,SELL,TREND_PULLBACK,B-GRADE QUALITY BLOCK,B,4124.69,2.12,Y,30,0.352,0.0,0.576,0.0,0.576,0.0,1.424,0.0,1.424,0.392,5,5,10,60,60,,TARGET_FIRST,TARGET_FIRST,TARGET_FIRST,1.424,0.392,MIRRORED from original's own advATR/favATR at same real price path; does NOT include the extra spread cost of crossing to the opposite bid/ask side at entry (see report methodology note)
VPS_20260710002022_BUY_TREND_PULLBACK,VPS,2026.07.10 00:20:22,BUY,SELL,TREND_PULLBACK,Personality mismatch,PERSONALITY,4121.44,2.37,N,,0.4,0.044,0.42,0.044,0.724,0.044,0.724,0.58,0.724,0.9,5,5,15,30,30,30,TARGET_FIRST,TARGET_FIRST,TARGET_FIRST,0.724,0.9,MIRRORED from original's own advATR/favATR at same real price path; does NOT include the extra spread cost of crossing to the opposite bid/ask side at entry (see report methodology note)
VPS_20260710002603_SELL_BREAKOUT,VPS,2026.07.10 00:26:03,SELL,BUY,BREAKOUT,B-GRADE QUALITY BLOCK,B,4119.21,2.5,Y,30,0.0,0.332,0.0,0.332,0.648,0.332,1.212,0.332,1.212,0.332,15,15,15,5,5,,STOP_FIRST,STOP_FIRST,TARGET_FIRST,1.212,0.332,MIRRORED from original's own advATR/favATR at same real price path; does NOT include the extra spread cost of crossing to the opposite bid/ask side at entry (see report methodology note)
VPS_20260710005513_BUY_SQUEEZE_RELEASE,VPS,2026.07.10 00:55:13,BUY,SELL,SQUEEZE_RELEASE,CALIBRATED_ENTRY_QUALITY,A,4123.27,3.86,Y,60,0.028,0.364,0.028,0.364,0.028,0.364,0.072,0.364,1.384,0.364,60,60,60,5,5,,STOP_FIRST,STOP_FIRST,TARGET_FIRST,1.384,0.364,MIRRORED from original's own advATR/favATR at same real price path; does NOT include the extra spread cost of crossing to the opposite bid/ask side at entry (see report methodology note)
VPS_20260710011511_BUY_TREND_PULLBACK,VPS,2026.07.10 01:15:11,BUY,SELL,TREND_PULLBACK,CALIBRATED_ENTRY_QUALITY,A,4126.09,5.18,Y,30,0.272,0.0,0.272,0.0,0.452,0.0,1.248,0.0,1.248,0.056,5,15,30,,,,TARGET_FIRST,TARGET_FIRST,TARGET_FIRST,1.248,0.056,MIRRORED from original's own advATR/favATR at same real price path; does NOT include the extra spread cost of crossing to the opposite bid/ask side at entry (see report methodology note)
VPS_20260710012510_BUY_TREND_PULLBACK,VPS,2026.07.10 01:25:10,BUY,SELL,TREND_PULLBACK,SMART-GUARD,A,4122.57,5.44,N,,0.172,0.028,0.728,0.028,0.764,0.028,0.928,0.028,0.928,0.312,10,10,10,60,60,,TARGET_FIRST,TARGET_FIRST,TARGET_FIRST,0.928,0.312,MIRRORED from original's own advATR/favATR at same real price path; does NOT include the extra spread cost of crossing to the opposite bid/ask side at entry (see report methodology note)
VPS_20260710013008_BUY_TREND_PULLBACK,VPS,2026.07.10 01:30:08,BUY,SELL,TREND_PULLBACK,B-GRADE QUALITY BLOCK,B,4123.11,5.43,N,,0.212,0.0,0.808,0.0,0.972,0.0,0.972,0.0,0.972,0.272,5,10,10,60,,,TARGET_FIRST,TARGET_FIRST,TARGET_FIRST,0.972,0.272,MIRRORED from original's own advATR/favATR at same real price path; does NOT include the extra spread cost of crossing to the opposite bid/ask side at entry (see report methodology note)
VPS_20260710014007_SELL_TREND_PULLBACK,VPS,2026.07.10 01:40:07,SELL,BUY,TREND_PULLBACK,Personality mismatch,PERSONALITY,4112.16,6.18,N,,0.0,0.144,0.084,0.144,0.308,0.144,0.824,0.144,0.948,0.144,15,15,30,,,,TARGET_FIRST,TARGET_FIRST,TARGET_FIRST,0.948,0.144,MIRRORED from original's own advATR/favATR at same real price path; does NOT include the extra spread cost of crossing to the opposite bid/ask side at entry (see report methodology note)
VPS_20260710021511_BUY_TREND_PULLBACK,VPS,2026.07.10 02:15:11,BUY,SELL,TREND_PULLBACK,TREND-CONTINUATION MODE,A,4124.61,5.75,N,,0.0,0.156,0.048,0.156,0.048,0.156,0.048,0.156,0.048,0.488,,,,60,60,,STOP_FIRST,STOP_FIRST,NEITHER_5-60m,0.048,0.488,MIRRORED from original's own advATR/favATR at same real price path; does NOT include the extra spread cost of crossing to the opposite bid/ask side at entry (see report methodology note)
VPS_20260710022518_BUY_TREND_PULLBACK,VPS,2026.07.10 02:25:18,BUY,SELL,TREND_PULLBACK,CALIBRATED_ENTRY_QUALITY,A,4124.4,5.54,N,,0.024,0.064,0.028,0.064,0.028,0.084,0.028,0.356,0.112,0.524,,,,30,30,60,STOP_FIRST,STOP_FIRST,STOP_FIRST,0.112,0.524,MIRRORED from original's own advATR/favATR at same real price path; does NOT include the extra spread cost of crossing to the opposite bid/ask side at entry (see report methodology note)
VPS_20260710024029_BUY_TREND_PULLBACK,VPS,2026.07.10 02:40:29,BUY,SELL,TREND_PULLBACK,Trade blocked — momentum slowdown (close in opposite 30% of last,A,4123.75,5.38,N,,0.0,0.156,0.0,0.232,0.0,0.412,0.0,0.588,0.108,0.588,,,,10,15,30,STOP_FIRST,STOP_FIRST,STOP_FIRST,0.108,0.588,MIRRORED from original's own advATR/favATR at same real price path; does NOT include the extra spread cost of crossing to the opposite bid/ask side at entry (see report methodology note)
VPS_20260710024512_BUY_TREND_PULLBACK,VPS,2026.07.10 02:45:12,BUY,SELL,TREND_PULLBACK,BAD-LOCATION BLOCK,A,4125.33,5.28,N,,0.0,0.04,0.0,0.3,0.0,0.3,0.0,0.476,0.232,0.476,60,,,10,10,,STOP_FIRST,STOP_FIRST,NEITHER_5-60m,0.232,0.476,MIRRORED from original's own advATR/favATR at same real price path; does NOT include the extra spread cost of crossing to the opposite bid/ask side at entry (see report methodology note)
VPS_20260710032508_BUY_TREND_PULLBACK,VPS,2026.07.10 03:25:08,BUY,SELL,TREND_PULLBACK,B-GRADE QUALITY BLOCK,B,4122.99,4.23,N,,0.0,0.116,0.0,0.372,0.0,0.372,0.296,0.372,0.912,0.372,30,60,60,10,10,,STOP_FIRST,STOP_FIRST,TARGET_FIRST,0.912,0.372,MIRRORED from original's own advATR/favATR at same real price path; does NOT include the extra spread cost of crossing to the opposite bid/ask side at entry (see report methodology note)
VPS_20260710033015_BUY_TREND_PULLBACK,VPS,2026.07.10 03:30:15,BUY,SELL,TREND_PULLBACK,TREND-CONTINUATION MODE,A,4124.26,4.23,Y,60,0.0,0.252,0.108,0.252,0.184,0.252,0.416,0.252,1.032,0.252,30,30,60,5,,,STOP_FIRST,TARGET_FIRST,TARGET_FIRST,1.032,0.252,MIRRORED from original's own advATR/favATR at same real price path; does NOT include the extra spread cost of crossing to the opposite bid/ask side at entry (see report methodology note)
VPS_20260710041018_BUY_TREND_PULLBACK,VPS,2026.07.10 04:10:18,BUY,SELL,TREND_PULLBACK,Personality mismatch,PERSONALITY,4116.91,3.94,N,,0.0,0.308,0.0,0.316,0.364,0.316,0.364,0.316,0.364,0.316,15,15,,5,5,,STOP_FIRST,STOP_FIRST,NEITHER_5-60m,0.364,0.316,MIRRORED from original's own advATR/favATR at same real price path; does NOT include the extra spread cost of crossing to the opposite bid/ask side at entry (see report methodology note)
VPS_20260710042513_SELL_BREAKOUT,VPS,2026.07.10 04:25:13,SELL,BUY,BREAKOUT,B-GRADE QUALITY BLOCK,B,4113.16,3.77,N,,0.392,0.0,0.524,0.0,0.596,0.0,0.624,0.0,0.624,0.0,5,5,10,,,,TARGET_FIRST,TARGET_FIRST,TARGET_FIRST,0.624,0.0,MIRRORED from original's own advATR/favATR at same real price path; does NOT include the extra spread cost of crossing to the opposite bid/ask side at entry (see report methodology note)
VPS_20260710043017_BUY_TREND_PULLBACK,VPS,2026.07.10 04:30:17,BUY,SELL,TREND_PULLBACK,B-GRADE QUALITY BLOCK,B,4116.77,3.94,N,,0.0,0.136,0.0,0.204,0.0,0.228,0.256,0.228,0.444,0.228,30,60,,10,,,STOP_FIRST,TARGET_FIRST,NEITHER_5-60m,0.444,0.228,MIRRORED from original's own advATR/favATR at same real price path; does NOT include the extra spread cost of crossing to the opposite bid/ask side at entry (see report methodology note)
VPS_20260710051122_BUY_TREND_PULLBACK,VPS,2026.07.10 05:11:22,BUY,SELL,TREND_PULLBACK,Personality mismatch,PERSONALITY,4114.04,3.24,N,,0.0,0.244,0.0,0.296,0.0,0.296,0.412,0.296,0.412,0.612,30,30,,5,60,60,STOP_FIRST,TARGET_FIRST,STOP_FIRST,0.412,0.612,MIRRORED from original's own advATR/favATR at same real price path; does NOT include the extra spread cost of crossing to the opposite bid/ask side at entry (see report methodology note)
VPS_20260710054115_SELL_TREND_PULLBACK,VPS,2026.07.10 05:41:15,SELL,BUY,TREND_PULLBACK,Personality mismatch,PERSONALITY,4111.23,3.01,Y,15,0.256,0.0,0.44,0.0,1.032,0.0,1.032,0.0,1.032,0.0,5,10,15,,,,TARGET_FIRST,TARGET_FIRST,TARGET_FIRST,1.032,0.0,MIRRORED from original's own advATR/favATR at same real price path; does NOT include the extra spread cost of crossing to the opposite bid/ask side at entry (see report methodology note)
VPS_20260710054617_BUY_TREND_PULLBACK,VPS,2026.07.10 05:46:17,BUY,SELL,TREND_PULLBACK,B-GRADE QUALITY BLOCK,B,4112.16,3.25,N,,0.016,0.292,0.016,0.84,0.016,0.84,0.016,0.84,0.016,0.84,,,,5,10,10,STOP_FIRST,STOP_FIRST,STOP_FIRST,0.016,0.84,MIRRORED from original's own advATR/favATR at same real price path; does NOT include the extra spread cost of crossing to the opposite bid/ask side at entry (see report methodology note)
MAC_20260601000001_SELL_BREAKOUT,MAC,2026.06.01 00:00:01,SELL,BUY,BREAKOUT,B-GRADE QUALITY BLOCK,B,4545.6,3.17,N,,0.012,0.0,0.012,0.0,0.012,0.0,0.012,0.0,0.012,2.112,,,,60,60,60,STOP_FIRST,STOP_FIRST,STOP_FIRST,0.012,2.112,MIRRORED from original's own advATR/favATR at same real price path; does NOT include the extra spread cost of crossing to the opposite bid/ask side at entry (see report methodology note)
MAC_20260601010014_SELL_BREAKOUT,MAC,2026.06.01 01:00:14,SELL,BUY,BREAKOUT,B-GRADE QUALITY BLOCK,B,4521.59,3.04,Y,10,0.504,0.156,1.74,0.156,1.972,0.156,1.972,0.156,1.972,0.156,5,5,5,,,,TARGET_FIRST,TARGET_FIRST,TARGET_FIRST,1.972,0.156,MIRRORED from original's own advATR/favATR at same real price path; does NOT include the extra spread cost of crossing to the opposite bid/ask side at entry (see report methodology note)
MAC_20260601011012_SELL_SQUEEZE_RELEASE,MAC,2026.06.01 01:10:12,SELL,BUY,SQUEEZE_RELEASE,FAILED-IMPULSE BLOCK,B,4525.21,5.7,N,,0.796,0.0,0.796,0.0,0.796,0.0,0.796,0.0,0.796,0.0,5,5,5,,,,TARGET_FIRST,TARGET_FIRST,TARGET_FIRST,0.796,0.0,MIRRORED from original's own advATR/favATR at same real price path; does NOT include the extra spread cost of crossing to the opposite bid/ask side at entry (see report methodology note)
MAC_20260601012501_SELL_SQUEEZE_RELEASE,MAC,2026.06.01 01:25:01,SELL,BUY,SQUEEZE_RELEASE,Trade blocked — momentum slowdown (close in opposite 30% of last,B,4533.22,6.62,N,,0.152,0.0,0.152,0.072,0.152,0.268,0.152,0.336,0.152,0.336,,,,15,30,,STOP_FIRST,STOP_FIRST,NEITHER_5-60m,0.152,0.336,MIRRORED from original's own advATR/favATR at same real price path; does NOT include the extra spread cost of crossing to the opposite bid/ask side at entry (see report methodology note)
MAC_20260601040921_BUY_TREND_PULLBACK,MAC,2026.06.01 04:09:21,BUY,SELL,TREND_PULLBACK,SMART-GUARD,SKIP,4528.84,5.42,N,,0.088,0.352,0.088,0.352,0.088,0.352,0.088,0.352,0.216,0.352,60,,,5,5,,STOP_FIRST,STOP_FIRST,NEITHER_5-60m,0.216,0.352,MIRRORED from original's own advATR/favATR at same real price path; does NOT include the extra spread cost of crossing to the opposite bid/ask side at entry (see report methodology note)
MAC_20260601041051_SELL_BREAKOUT,MAC,2026.06.01 04:10:51,SELL,BUY,BREAKOUT,B-GRADE QUALITY BLOCK,B,4527.61,5.66,N,,0.424,0.0,0.424,0.0,0.424,0.0,0.424,0.0,0.424,0.12,5,5,,,,,TARGET_FIRST,TARGET_FIRST,NEITHER_5-60m,0.424,0.12,MIRRORED from original's own advATR/favATR at same real price path; does NOT include the extra spread cost of crossing to the opposite bid/ask side at entry (see report methodology note)
MAC_20260601041512_BUY_TREND_PULLBACK,MAC,2026.06.01 04:15:12,BUY,SELL,TREND_PULLBACK,B-GRADE QUALITY BLOCK,B,4533.71,5.63,N,,0.14,0.0,0.14,0.0,0.34,0.0,0.36,0.0,0.556,0.0,15,15,60,,,,TARGET_FIRST,TARGET_FIRST,TARGET_FIRST,0.556,0.0,MIRRORED from original's own advATR/favATR at same real price path; does NOT include the extra spread cost of crossing to the opposite bid/ask side at entry (see report methodology note)
MAC_20260601042512_SELL_SQUEEZE_RELEASE,MAC,2026.06.01 04:25:12,SELL,BUY,SQUEEZE_RELEASE,FAILED-IMPULSE BLOCK,B,4532.07,5.82,N,,0.06,0.216,0.06,0.216,0.08,0.216,0.08,0.408,0.08,0.424,,,,5,30,,STOP_FIRST,STOP_FIRST,NEITHER_5-60m,0.08,0.424,MIRRORED from original's own advATR/favATR at same real price path; does NOT include the extra spread cost of crossing to the opposite bid/ask side at entry (see report methodology note)
MAC_20260601043000_SELL_SQUEEZE_RELEASE,MAC,2026.06.01 04:30:00,SELL,BUY,SQUEEZE_RELEASE,BAD-LOCATION BLOCK,B,4528.82,5.76,N,,0.284,0.0,0.284,0.0,0.304,0.0,0.304,0.188,0.304,0.204,5,15,,60,,,TARGET_FIRST,TARGET_FIRST,NEITHER_5-60m,0.304,0.204,MIRRORED from original's own advATR/favATR at same real price path; does NOT include the extra spread cost of crossing to the opposite bid/ask side at entry (see report methodology note)
MAC_20260601051512_BUY_TREND_PULLBACK,MAC,2026.06.01 05:15:12,BUY,SELL,TREND_PULLBACK,B-GRADE QUALITY BLOCK,B,4532.89,5.83,Y,60,0.032,0.0,0.08,0.0,0.228,0.0,0.676,0.0,1.044,0.0,15,30,30,,,,TARGET_FIRST,TARGET_FIRST,TARGET_FIRST,1.044,0.0,MIRRORED from original's own advATR/favATR at same real price path; does NOT include the extra spread cost of crossing to the opposite bid/ask side at entry (see report methodology note)
MAC_20260601052012_BUY_TREND_PULLBACK,MAC,2026.06.01 05:20:12,BUY,SELL,TREND_PULLBACK,SMART-GUARD,SKIP,4532.51,5.42,Y,60,0.06,0.0,0.216,0.0,0.372,0.0,0.748,0.0,1.096,0.0,10,15,30,,,,TARGET_FIRST,TARGET_FIRST,TARGET_FIRST,1.096,0.0,MIRRORED from original's own advATR/favATR at same real price path; does NOT include the extra spread cost of crossing to the opposite bid/ask side at entry (see report methodology note)
MAC_20260601061000_SELL_BREAKOUT,MAC,2026.06.01 06:10:00,SELL,BUY,BREAKOUT,BAD-LOCATION BLOCK,B,4517.52,4.26,N,,0.092,0.0,0.204,0.0,0.204,0.0,0.38,0.236,0.38,0.58,10,30,,30,60,60,TARGET_FIRST,TARGET_FIRST,STOP_FIRST,0.38,0.58,MIRRORED from original's own advATR/favATR at same real price path; does NOT include the extra spread cost of crossing to the opposite bid/ask side at entry (see report methodology note)
MAC_20260601061512_SELL_TREND_PULLBACK,MAC,2026.06.01 06:15:12,SELL,BUY,TREND_PULLBACK,B-GRADE QUALITY BLOCK,B,4518.38,4.36,N,,0.12,0.0,0.12,0.0,0.2,0.0,0.292,0.644,0.292,0.644,15,,,30,30,30,TARGET_FIRST,STOP_FIRST,STOP_FIRST,0.292,0.644,MIRRORED from original's own advATR/favATR at same real price path; does NOT include the extra spread cost of crossing to the opposite bid/ask side at entry (see report methodology note)
MAC_20260601062012_SELL_TREND_PULLBACK,MAC,2026.06.01 06:20:12,SELL,BUY,TREND_PULLBACK,BAD-LOCATION BLOCK,A,4519.57,4.3,N,,0.0,0.056,0.092,0.056,0.184,0.056,0.184,0.764,0.184,0.764,,,,30,30,30,STOP_FIRST,STOP_FIRST,STOP_FIRST,0.184,0.764,MIRRORED from original's own advATR/favATR at same real price path; does NOT include the extra spread cost of crossing to the opposite bid/ask side at entry (see report methodology note)
MAC_20260601062512_SELL_TREND_PULLBACK,MAC,2026.06.01 06:25:12,SELL,BUY,TREND_PULLBACK,SMART-GUARD,A,4518.9,4.09,N,,0.164,0.0,0.26,0.0,0.26,0.38,0.26,0.74,0.26,0.74,10,,,15,15,30,TARGET_FIRST,STOP_FIRST,STOP_FIRST,0.26,0.74,MIRRORED from original's own advATR/favATR at same real price path; does NOT include the extra spread cost of crossing to the opposite bid/ask side at entry (see report methodology note)
MAC_20260601063512_SELL_TREND_PULLBACK,MAC,2026.06.01 06:35:12,SELL,BUY,TREND_PULLBACK,FAILED-IMPULSE BLOCK,A,4521.45,4.24,N,,0.0,0.608,0.0,0.952,0.0,0.952,0.0,0.952,0.0,0.964,,,,5,5,5,STOP_FIRST,STOP_FIRST,STOP_FIRST,0.0,0.964,MIRRORED from original's own advATR/favATR at same real price path; does NOT include the extra spread cost of crossing to the opposite bid/ask side at entry (see report methodology note)
MAC_20260601064012_SELL_TREND_PULLBACK,MAC,2026.06.01 06:40:12,SELL,BUY,TREND_PULLBACK,BAD-RR TIMING BLOCK,A,4514.91,4.6,N,,0.0,0.312,0.0,0.312,0.164,0.312,0.164,0.312,0.2,0.32,60,,,5,5,,STOP_FIRST,STOP_FIRST,NEITHER_5-60m,0.2,0.32,MIRRORED from original's own advATR/favATR at same real price path; does NOT include the extra spread cost of crossing to the opposite bid/ask side at entry (see report methodology note)
MAC_20260601065012_SELL_SQUEEZE_RELEASE,MAC,2026.06.01 06:50:12,SELL,BUY,SQUEEZE_RELEASE,BAD-LOCATION BLOCK,B,4511.93,4.49,N,,0.436,0.0,0.436,0.0,0.436,0.0,0.468,0.0,0.468,0.06,5,5,,,,,TARGET_FIRST,TARGET_FIRST,NEITHER_5-60m,0.468,0.06,MIRRORED from original's own advATR/favATR at same real price path; does NOT include the extra spread cost of crossing to the opposite bid/ask side at entry (see report methodology note)
MAC_20260601075015_SELL_TREND_PULLBACK,MAC,2026.06.01 07:50:15,SELL,BUY,TREND_PULLBACK,SMART-GUARD,A,4511.11,3.33,Y,30,0.468,0.0,0.58,0.0,0.636,0.0,1.34,0.0,1.34,0.0,5,5,10,,,,TARGET_FIRST,TARGET_FIRST,TARGET_FIRST,1.34,0.0,MIRRORED from original's own advATR/favATR at same real price path; does NOT include the extra spread cost of crossing to the opposite bid/ask side at entry (see report methodology note)
MAC_20260601075513_SELL_TREND_PULLBACK,MAC,2026.06.01 07:55:13,SELL,BUY,TREND_PULLBACK,FAILED-IMPULSE BLOCK,A,4513.72,3.26,Y,30,0.272,0.0,0.328,0.0,0.56,0.0,1.048,0.0,1.048,0.0,5,10,15,,,,TARGET_FIRST,TARGET_FIRST,TARGET_FIRST,1.048,0.0,MIRRORED from original's own advATR/favATR at same real price path; does NOT include the extra spread cost of crossing to the opposite bid/ask side at entry (see report methodology note)
MAC_20260601082512_SELL_TREND_PULLBACK,MAC,2026.06.01 08:25:12,SELL,BUY,TREND_PULLBACK,B-GRADE QUALITY BLOCK,B,4522.01,3.26,N,,0.0,0.044,0.0,0.852,0.0,0.852,0.0,0.852,0.0,1.608,,,,10,10,10,STOP_FIRST,STOP_FIRST,STOP_FIRST,0.0,1.608,MIRRORED from original's own advATR/favATR at same real price path; does NOT include the extra spread cost of crossing to the opposite bid/ask side at entry (see report methodology note)
MAC_20260601090212_SELL_TREND_PULLBACK,MAC,2026.06.01 09:02:12,SELL,BUY,TREND_PULLBACK,SMART-GUARD,A,4517.55,4.89,N,,0.0,0.028,0.0,0.224,0.0,0.628,0.0,0.708,,,,,,10,15,15,STOP_FIRST,STOP_FIRST,STOP_FIRST,0.0,0.708,MIRRORED from original's own advATR/favATR at same real price path; does NOT include the extra spread cost of crossing to the opposite bid/ask side at entry (see report methodology note)
MAC_20260601091012_SELL_TREND_PULLBACK,MAC,2026.06.01 09:10:12,SELL,BUY,TREND_PULLBACK,LATE-CHASE ENTRY BLOCK,A,4517.11,4.89,N,,0.0,0.188,0.0,0.592,0.0,0.672,0.0,0.992,,,,,,10,10,10,STOP_FIRST,STOP_FIRST,STOP_FIRST,0.0,0.992,MIRRORED from original's own advATR/favATR at same real price path; does NOT include the extra spread cost of crossing to the opposite bid/ask side at entry (see report methodology note)
MAC_20260601091512_SELL_TREND_PULLBACK,MAC,2026.06.01 09:15:12,SELL,BUY,TREND_PULLBACK,BAD-RR TIMING BLOCK,A,4514.76,5.04,N,,0.0,0.388,0.0,0.464,0.0,0.464,0.0,0.868,,,,,,5,5,30,STOP_FIRST,STOP_FIRST,STOP_FIRST,0.0,0.868,MIRRORED from original's own advATR/favATR at same real price path; does NOT include the extra spread cost of crossing to the opposite bid/ask side at entry (see report methodology note)
MAC_20260601094012_SELL_BREAKOUT,MAC,2026.06.01 09:40:12,SELL,BUY,BREAKOUT,B-GRADE QUALITY BLOCK,B,4504.99,6.29,N,,0.0,0.072,0.0,0.072,,,,,,,,,,,,,NEITHER_5-60m,NEITHER_5-60m,NEITHER_5-60m,0.0,0.072,MIRRORED from original's own advATR/favATR at same real price path; does NOT include the extra spread cost of crossing to the opposite bid/ask side at entry (see report methodology note)
MAC_20260601094512_SELL_TREND_PULLBACK,MAC,2026.06.01 09:45:12,SELL,BUY,TREND_PULLBACK,BAD-LOCATION BLOCK,B,4503.74,5.82,N,,0.012,0.0,,,,,,,,,,,,,,,NEITHER_5-60m,NEITHER_5-60m,NEITHER_5-60m,0.012,0.0,MIRRORED from original's own advATR/favATR at same real price path; does NOT include the extra spread cost of crossing to the opposite bid/ask side at entry (see report methodology note)
MAC_20260601095512_SELL_TREND_PULLBACK,MAC,2026.06.01 09:55:12,SELL,BUY,TREND_PULLBACK,SMART-GUARD,A,4503.29,5.4,N,,0.0,0.116,0.416,0.116,0.416,0.116,0.416,0.116,0.416,0.624,10,10,,60,60,60,TARGET_FIRST,TARGET_FIRST,STOP_FIRST,0.416,0.624,MIRRORED from original's own advATR/favATR at same real price path; does NOT include the extra spread cost of crossing to the opposite bid/ask side at entry (see report methodology note)
MAC_20260601100512_SELL_SQUEEZE_RELEASE,MAC,2026.06.01 10:05:12,SELL,BUY,SQUEEZE_RELEASE,BAD-LOCATION BLOCK,A,4508.81,5.4,N,,0.0,0.172,0.0,0.172,0.0,0.372,0.0,0.692,0.0,1.064,,,,15,15,30,STOP_FIRST,STOP_FIRST,STOP_FIRST,0.0,1.064,MIRRORED from original's own advATR/favATR at same real price path; does NOT include the extra spread cost of crossing to the opposite bid/ask side at entry (see report methodology note)
MAC_20260601101000_SELL_TREND_PULLBACK,MAC,2026.06.01 10:10:00,SELL,BUY,TREND_PULLBACK,BAD-LOCATION BLOCK,A,4506.1,5.21,N,,0.168,0.0,0.168,0.0,0.168,0.176,0.168,0.508,0.168,0.924,,,,30,30,30,STOP_FIRST,STOP_FIRST,STOP_FIRST,0.168,0.924,MIRRORED from original's own advATR/favATR at same real price path; does NOT include the extra spread cost of crossing to the opposite bid/ask side at entry (see report methodology note)
MAC_20260601105012_SELL_TREND_PULLBACK,MAC,2026.06.01 10:50:12,SELL,BUY,TREND_PULLBACK,B-GRADE QUALITY BLOCK,B,4494.8,4.3,N,,0.14,0.0,0.804,0.0,0.804,0.032,0.804,0.072,0.804,0.196,10,10,10,,,,TARGET_FIRST,TARGET_FIRST,TARGET_FIRST,0.804,0.196,MIRRORED from original's own advATR/favATR at same real price path; does NOT include the extra spread cost of crossing to the opposite bid/ask side at entry (see report methodology note)
MAC_20260601105513_SELL_TREND_PULLBACK,MAC,2026.06.01 10:55:13,SELL,BUY,TREND_PULLBACK,LATE-CHASE ENTRY BLOCK,B,4496.14,4.4,N,,0.664,0.152,0.664,0.192,0.664,0.192,0.664,0.312,0.664,0.312,5,5,5,30,30,,TARGET_FIRST,TARGET_FIRST,TARGET_FIRST,0.664,0.312,MIRRORED from original's own advATR/favATR at same real price path; does NOT include the extra spread cost of crossing to the opposite bid/ask side at entry (see report methodology note)
MAC_20260601110512_SELL_TREND_PULLBACK,MAC,2026.06.01 11:05:12,SELL,BUY,TREND_PULLBACK,BAD-RR TIMING BLOCK,A,4494.43,5.03,N,,0.0,0.032,0.14,0.032,0.14,0.032,0.14,0.14,0.524,0.14,60,60,60,,,,TARGET_FIRST,TARGET_FIRST,TARGET_FIRST,0.524,0.14,MIRRORED from original's own advATR/favATR at same real price path; does NOT include the extra spread cost of crossing to the opposite bid/ask side at entry (see report methodology note)
MAC_20260601111012_SELL_TREND_PULLBACK,MAC,2026.06.01 11:10:12,SELL,BUY,TREND_PULLBACK,SMART-GUARD,A,4494.02,5.17,N,,0.164,0.0,0.164,0.0,0.164,0.104,0.164,0.104,0.54,0.104,60,60,60,,,,TARGET_FIRST,TARGET_FIRST,TARGET_FIRST,0.54,0.104,MIRRORED from original's own advATR/favATR at same real price path; does NOT include the extra spread cost of crossing to the opposite bid/ask side at entry (see report methodology note)
MAC_20260601114512_SELL_TREND_PULLBACK,MAC,2026.06.01 11:45:12,SELL,BUY,TREND_PULLBACK,FAILED-IMPULSE BLOCK,A,4501.03,5.54,N,,0.0,0.0,0.0,0.196,0.0,0.232,0.0,0.504,0.0,0.652,,,,15,30,30,STOP_FIRST,STOP_FIRST,STOP_FIRST,0.0,0.652,MIRRORED from original's own advATR/favATR at same real price path; does NOT include the extra spread cost of crossing to the opposite bid/ask side at entry (see report methodology note)
MAC_20260601123143_SELL_TREND_PULLBACK,MAC,2026.06.01 12:31:43,SELL,BUY,TREND_PULLBACK,SMART-GUARD,A,4493.92,4.61,N,,0.348,0.168,0.356,0.168,0.356,0.168,0.356,0.88,0.356,0.88,5,5,,30,30,30,TARGET_FIRST,TARGET_FIRST,STOP_FIRST,0.356,0.88,MIRRORED from original's own advATR/favATR at same real price path; does NOT include the extra spread cost of crossing to the opposite bid/ask side at entry (see report methodology note)
MAC_20260601123512_SELL_TREND_PULLBACK,MAC,2026.06.01 12:35:12,SELL,BUY,TREND_PULLBACK,BAD-RR TIMING BLOCK,A,4491.91,4.75,N,,0.504,0.0,0.516,0.0,0.516,0.0,0.516,0.684,0.516,0.684,5,5,5,30,30,30,TARGET_FIRST,TARGET_FIRST,TARGET_FIRST,0.516,0.684,MIRRORED from original's own advATR/favATR at same real price path; does NOT include the extra spread cost of crossing to the opposite bid/ask side at entry (see report methodology note)
MAC_20260601124512_SELL_TREND_PULLBACK,MAC,2026.06.01 12:45:12,SELL,BUY,TREND_PULLBACK,FAILED-IMPULSE BLOCK,A,4497.93,5.05,N,,0.0,0.224,0.0,0.224,0.0,1.12,0.0,1.12,0.0,1.12,,,,5,15,15,STOP_FIRST,STOP_FIRST,STOP_FIRST,0.0,1.12,MIRRORED from original's own advATR/favATR at same real price path; does NOT include the extra spread cost of crossing to the opposite bid/ask side at entry (see report methodology note)
MAC_20260601204234_SELL_TREND_PULLBACK,MAC,2026.06.01 20:42:34,SELL,BUY,TREND_PULLBACK,B-GRADE QUALITY BLOCK,B,4483.71,4.68,N,,0.876,0.0,0.876,0.0,0.876,0.0,0.876,0.0,0.876,0.0,5,5,5,,,,TARGET_FIRST,TARGET_FIRST,TARGET_FIRST,0.876,0.0,MIRRORED from original's own advATR/favATR at same real price path; does NOT include the extra spread cost of crossing to the opposite bid/ask side at entry (see report methodology note)
MAC_20260601204512_BUY_BREAKOUT,MAC,2026.06.01 20:45:12,BUY,SELL,BREAKOUT,B-GRADE QUALITY BLOCK,B,4493.94,5.0,N,,0.196,0.0,0.5,0.0,0.552,0.0,0.552,0.0,0.62,0.0,10,10,10,,,,TARGET_FIRST,TARGET_FIRST,TARGET_FIRST,0.62,0.0,MIRRORED from original's own advATR/favATR at same real price path; does NOT include the extra spread cost of crossing to the opposite bid/ask side at entry (see report methodology note)
MAC_20260601205500_SELL_TREND_PULLBACK,MAC,2026.06.01 20:55:00,SELL,BUY,TREND_PULLBACK,SMART-GUARD,SKIP,4491.54,5.11,N,,0.0,0.304,0.0,0.356,0.0,0.356,0.0,0.356,,,,,,5,5,,STOP_FIRST,STOP_FIRST,NEITHER_5-60m,0.0,0.356,MIRRORED from original's own advATR/favATR at same real price path; does NOT include the extra spread cost of crossing to the opposite bid/ask side at entry (see report methodology note)
MAC_20260601214512_SELL_TREND_PULLBACK,MAC,2026.06.01 21:45:12,SELL,BUY,TREND_PULLBACK,B-GRADE QUALITY BLOCK,B,4487.98,3.17,N,,0.0,0.032,,,,,,,,,,,,,,,NEITHER_5-60m,NEITHER_5-60m,NEITHER_5-60m,0.0,0.032,MIRRORED from original's own advATR/favATR at same real price path; does NOT include the extra spread cost of crossing to the opposite bid/ask side at entry (see report methodology note)
MAC_20260601220039_SELL_TREND_PULLBACK,MAC,2026.06.01 22:00:39,SELL,BUY,TREND_PULLBACK,B-GRADE QUALITY BLOCK,B,4485.48,2.29,N,,0.352,0.0,0.352,0.0,0.352,0.0,0.352,0.26,0.352,0.852,5,5,,30,60,60,TARGET_FIRST,TARGET_FIRST,STOP_FIRST,0.352,0.852,MIRRORED from original's own advATR/favATR at same real price path; does NOT include the extra spread cost of crossing to the opposite bid/ask side at entry (see report methodology note)
MAC_20260601225513_SELL_BREAKOUT,MAC,2026.06.01 22:55:13,SELL,BUY,BREAKOUT,BAD-LOCATION BLOCK,B,4480.66,2.15,N,,0.116,0.0,0.116,0.0,0.116,0.0,0.116,0.0,0.116,0.0,,,,,,,NEITHER_5-60m,NEITHER_5-60m,NEITHER_5-60m,0.116,0.0,MIRRORED from original's own advATR/favATR at same real price path; does NOT include the extra spread cost of crossing to the opposite bid/ask side at entry (see report methodology note)
MAC_20260601233153_SELL_BREAKOUT,MAC,2026.06.01 23:31:53,SELL,BUY,BREAKOUT,LATE-CHASE ENTRY BLOCK,B,4481.19,2.15,N,,0.016,0.0,0.016,0.0,0.016,0.0,0.016,0.0,0.016,0.0,,,,,,,NEITHER_5-60m,NEITHER_5-60m,NEITHER_5-60m,0.016,0.0,MIRRORED from original's own advATR/favATR at same real price path; does NOT include the extra spread cost of crossing to the opposite bid/ask side at entry (see report methodology note)
MAC_20260602003024_SELL_BREAKOUT,MAC,2026.06.02 00:30:24,SELL,BUY,BREAKOUT,BAD-LOCATION BLOCK,B,4481.19,2.15,N,,0.016,0.0,0.016,0.0,0.016,0.0,0.804,0.0,0.804,0.448,30,30,30,60,60,,TARGET_FIRST,TARGET_FIRST,TARGET_FIRST,0.804,0.448,MIRRORED from original's own advATR/favATR at same real price path; does NOT include the extra spread cost of crossing to the opposite bid/ask side at entry (see report methodology note)
MAC_20260602010105_SELL_TREND_PULLBACK,MAC,2026.06.02 01:01:05,SELL,BUY,TREND_PULLBACK,SMART-GUARD,A,4484.71,2.22,N,,0.0,0.36,0.0,0.36,0.0,0.36,0.0,1.068,0.0,1.068,,,,5,5,30,STOP_FIRST,STOP_FIRST,STOP_FIRST,0.0,1.068,MIRRORED from original's own advATR/favATR at same real price path; does NOT include the extra spread cost of crossing to the opposite bid/ask side at entry (see report methodology note)
MAC_20260602010512_SELL_TREND_PULLBACK,MAC,2026.06.02 01:05:12,SELL,BUY,TREND_PULLBACK,B-GRADE QUALITY BLOCK,B,4482.81,2.95,N,,0.0,0.012,0.216,0.012,0.216,0.012,0.216,0.548,0.216,0.548,10,,,30,30,30,TARGET_FIRST,STOP_FIRST,STOP_FIRST,0.216,0.548,MIRRORED from original's own advATR/favATR at same real price path; does NOT include the extra spread cost of crossing to the opposite bid/ask side at entry (see report methodology note)
MAC_20260602031012_SELL_TREND_PULLBACK,MAC,2026.06.02 03:10:12,SELL,BUY,TREND_PULLBACK,SMART-GUARD,A,4480.23,3.43,Y,15,0.444,0.0,0.592,0.0,1.076,0.0,1.56,0.0,1.56,0.0,5,5,10,,,,TARGET_FIRST,TARGET_FIRST,TARGET_FIRST,1.56,0.0,MIRRORED from original's own advATR/favATR at same real price path; does NOT include the extra spread cost of crossing to the opposite bid/ask side at entry (see report methodology note)
MAC_20260602032012_SELL_TREND_PULLBACK,MAC,2026.06.02 03:20:12,SELL,BUY,TREND_PULLBACK,B-GRADE QUALITY BLOCK,B,4485.23,3.45,N,,0.492,0.0,0.972,0.0,0.972,0.0,0.972,0.264,0.972,0.56,5,5,10,30,60,60,TARGET_FIRST,TARGET_FIRST,TARGET_FIRST,0.972,0.56,MIRRORED from original's own advATR/favATR at same real price path; does NOT include the extra spread cost of crossing to the opposite bid/ask side at entry (see report methodology note)
MAC_20260602033012_BUY_BREAKOUT,MAC,2026.06.02 03:30:12,BUY,SELL,BREAKOUT,B-GRADE QUALITY BLOCK,B,4493.71,3.96,Y,30,0.412,0.0,0.456,0.0,0.708,0.0,1.24,0.0,1.344,0.0,5,5,15,,,,TARGET_FIRST,TARGET_FIRST,TARGET_FIRST,1.344,0.0,MIRRORED from original's own advATR/favATR at same real price path; does NOT include the extra spread cost of crossing to the opposite bid/ask side at entry (see report methodology note)
MAC_20260602040012_SELL_TREND_PULLBACK,MAC,2026.06.02 04:00:12,SELL,BUY,TREND_PULLBACK,BAD-LOCATION BLOCK,A,4482.02,4.68,N,,0.304,0.0,0.304,0.14,0.5,0.14,0.504,0.14,0.528,0.684,5,5,15,60,60,60,TARGET_FIRST,TARGET_FIRST,TARGET_FIRST,0.528,0.684,MIRRORED from original's own advATR/favATR at same real price path; does NOT include the extra spread cost of crossing to the opposite bid/ask side at entry (see report methodology note)
MAC_20260602040512_SELL_TREND_PULLBACK,MAC,2026.06.02 04:05:12,SELL,BUY,TREND_PULLBACK,FAILED-IMPULSE BLOCK,A,4485.45,5.32,N,,0.0,0.38,0.184,0.38,0.184,0.38,0.208,0.38,0.208,0.876,30,,,5,5,60,STOP_FIRST,STOP_FIRST,STOP_FIRST,0.208,0.876,MIRRORED from original's own advATR/favATR at same real price path; does NOT include the extra spread cost of crossing to the opposite bid/ask side at entry (see report methodology note)
MAC_20260602041012_SELL_TREND_PULLBACK,MAC,2026.06.02 04:10:12,SELL,BUY,TREND_PULLBACK,LATE-CHASE ENTRY BLOCK,A,4480.35,5.66,N,,0.532,0.0,0.532,0.0,0.532,0.0,0.556,0.0,0.556,0.464,5,5,5,60,60,,TARGET_FIRST,TARGET_FIRST,TARGET_FIRST,0.556,0.464,MIRRORED from original's own advATR/favATR at same real price path; does NOT include the extra spread cost of crossing to the opposite bid/ask side at entry (see report methodology note)
MAC_20260602042012_SELL_TREND_PULLBACK,MAC,2026.06.02 04:20:12,SELL,BUY,TREND_PULLBACK,B-GRADE QUALITY BLOCK,B,4485.42,6.31,N,,0.0,0.064,0.16,0.064,0.176,0.064,0.176,0.7,0.176,0.74,,,,30,30,30,STOP_FIRST,STOP_FIRST,STOP_FIRST,0.176,0.74,MIRRORED from original's own advATR/favATR at same real price path; does NOT include the extra spread cost of crossing to the opposite bid/ask side at entry (see report methodology note)
MAC_20260602042512_SELL_TREND_PULLBACK,MAC,2026.06.02 04:25:12,SELL,BUY,TREND_PULLBACK,SMART-GUARD,A,4484.19,6.61,N,,0.228,0.0,0.244,0.0,0.244,0.132,0.244,0.616,0.244,0.632,5,,,30,30,30,TARGET_FIRST,STOP_FIRST,STOP_FIRST,0.244,0.632,MIRRORED from original's own advATR/favATR at same real price path; does NOT include the extra spread cost of crossing to the opposite bid/ask side at entry (see report methodology note)
MAC_20260602045012_SELL_TREND_PULLBACK,MAC,2026.06.02 04:50:12,SELL,BUY,TREND_PULLBACK,BAD-RR TIMING BLOCK,A,4475.85,7.39,N,,0.0,0.1,0.012,0.1,0.012,0.112,0.348,0.112,0.476,0.112,30,30,,,,,TARGET_FIRST,TARGET_FIRST,NEITHER_5-60m,0.476,0.112,MIRRORED from original's own advATR/favATR at same real price path; does NOT include the extra spread cost of crossing to the opposite bid/ask side at entry (see report methodology note)
MAC_20260602051012_SELL_TREND_PULLBACK,MAC,2026.06.02 05:10:12,SELL,BUY,TREND_PULLBACK,FAILED-IMPULSE BLOCK,A,4474.38,8.31,N,,0.332,0.0,0.38,0.0,0.464,0.0,0.496,0.0,0.68,0.0,5,5,60,,,,TARGET_FIRST,TARGET_FIRST,TARGET_FIRST,0.68,0.0,MIRRORED from original's own advATR/favATR at same real price path; does NOT include the extra spread cost of crossing to the opposite bid/ask side at entry (see report methodology note)
MAC_20260602052512_SELL_TREND_PULLBACK,MAC,2026.06.02 05:25:12,SELL,BUY,TREND_PULLBACK,B-GRADE QUALITY BLOCK,B,4483.93,6.97,N,,0.04,0.0,0.04,0.08,0.04,0.296,0.04,0.504,0.34,0.504,60,60,,15,30,30,STOP_FIRST,STOP_FIRST,STOP_FIRST,0.34,0.504,MIRRORED from original's own advATR/favATR at same real price path; does NOT include the extra spread cost of crossing to the opposite bid/ask side at entry (see report methodology note)
MAC_20260602053642_SELL_TREND_PULLBACK,MAC,2026.06.02 05:36:42,SELL,BUY,TREND_PULLBACK,ANALYSIS-ONLY,A,4482.41,6.46,N,,0.0,0.368,0.0,0.448,0.0,0.448,0.376,0.448,0.812,0.448,30,30,60,5,5,,STOP_FIRST,STOP_FIRST,TARGET_FIRST,0.812,0.448,MIRRORED from original's own advATR/favATR at same real price path; does NOT include the extra spread cost of crossing to the opposite bid/ask side at entry (see report methodology note)
MAC_20260602062512_SELL_TREND_PULLBACK,MAC,2026.06.02 06:25:12,SELL,BUY,TREND_PULLBACK,B-GRADE QUALITY BLOCK,B,4489.66,4.64,Y,60,0.508,0.0,0.508,0.0,0.508,0.0,0.736,0.0,1.596,0.0,5,5,5,,,,TARGET_FIRST,TARGET_FIRST,TARGET_FIRST,1.596,0.0,MIRRORED from original's own advATR/favATR at same real price path; does NOT include the extra spread cost of crossing to the opposite bid/ask side at entry (see report methodology note)
MAC_20260602063013_BUY_BREAKOUT,MAC,2026.06.02 06:30:13,BUY,SELL,BREAKOUT,B-GRADE QUALITY BLOCK,B,4496.22,4.96,N,,0.14,0.0,0.14,0.088,0.14,0.16,0.14,0.344,0.14,0.96,,,,30,30,60,STOP_FIRST,STOP_FIRST,STOP_FIRST,0.14,0.96,MIRRORED from original's own advATR/favATR at same real price path; does NOT include the extra spread cost of crossing to the opposite bid/ask side at entry (see report methodology note)
MAC_20260602063512_SELL_TREND_PULLBACK,MAC,2026.06.02 06:35:12,SELL,BUY,TREND_PULLBACK,SMART-GUARD,SKIP,4494.48,5.13,Y,60,0.0,0.0,0.22,0.0,0.292,0.0,0.632,0.0,1.124,0.0,10,30,30,,,,TARGET_FIRST,TARGET_FIRST,TARGET_FIRST,1.124,0.0,MIRRORED from original's own advATR/favATR at same real price path; does NOT include the extra spread cost of crossing to the opposite bid/ask side at entry (see report methodology note)
MAC_20260602064512_BUY_SQUEEZE_RELEASE,MAC,2026.06.02 06:45:12,BUY,SELL,SQUEEZE_RELEASE,BAD-LOCATION BLOCK,B,4497.4,5.07,N,,0.0,0.064,0.0,0.168,0.0,0.244,0.0,0.62,0.0,1.032,,,,15,30,30,STOP_FIRST,STOP_FIRST,STOP_FIRST,0.0,1.032,MIRRORED from original's own advATR/favATR at same real price path; does NOT include the extra spread cost of crossing to the opposite bid/ask side at entry (see report methodology note)
MAC_20260602070500_BUY_ASIA_BREAKOUT,MAC,2026.06.02 07:05:00,BUY,SELL,ASIA_BREAKOUT,B-GRADE QUALITY BLOCK,B,4500.58,4.47,N,,0.0,0.18,0.0,0.42,0.0,0.676,0.0,0.676,0.0,1.476,,,,10,10,15,STOP_FIRST,STOP_FIRST,STOP_FIRST,0.0,1.476,MIRRORED from original's own advATR/favATR at same real price path; does NOT include the extra spread cost of crossing to the opposite bid/ask side at entry (see report methodology note)
MAC_20260602071515_BUY_ASIA_BREAKOUT,MAC,2026.06.02 07:15:15,BUY,SELL,ASIA_BREAKOUT,BAD-LOCATION BLOCK,B,4505.39,3.86,N,,0.028,0.284,0.08,0.284,0.08,0.284,0.08,0.816,0.08,1.424,,,,5,30,30,STOP_FIRST,STOP_FIRST,STOP_FIRST,0.08,1.424,MIRRORED from original's own advATR/favATR at same real price path; does NOT include the extra spread cost of crossing to the opposite bid/ask side at entry (see report methodology note)
MAC_20260602074000_BUY_TREND_PULLBACK,MAC,2026.06.02 07:40:00,BUY,SELL,TREND_PULLBACK,SMART-GUARD,SKIP,4509.13,3.51,N,,0.0,0.152,0.0,0.472,0.0,0.488,0.0,0.904,0.0,2.064,,,,10,10,30,STOP_FIRST,STOP_FIRST,STOP_FIRST,0.0,2.064,MIRRORED from original's own advATR/favATR at same real price path; does NOT include the extra spread cost of crossing to the opposite bid/ask side at entry (see report methodology note)
MAC_20260602080012_BUY_ASIA_BREAKOUT,MAC,2026.06.02 08:00:12,BUY,SELL,ASIA_BREAKOUT,LATE-CHASE ENTRY BLOCK,B,4517.15,3.36,N,,0.124,0.0,0.204,0.0,0.204,0.176,0.204,0.58,0.204,1.2,10,,,30,30,30,TARGET_FIRST,STOP_FIRST,STOP_FIRST,0.204,1.2,MIRRORED from original's own advATR/favATR at same real price path; does NOT include the extra spread cost of crossing to the opposite bid/ask side at entry (see report methodology note)
MAC_20260602081512_BUY_ASIA_BREAKOUT,MAC,2026.06.02 08:15:12,BUY,SELL,ASIA_BREAKOUT,B-GRADE QUALITY BLOCK,B,4518.86,3.41,N,,0.0,0.036,0.128,0.036,0.128,0.372,0.128,0.984,0.132,1.116,,,,15,15,30,STOP_FIRST,STOP_FIRST,STOP_FIRST,0.132,1.116,MIRRORED from original's own advATR/favATR at same real price path; does NOT include the extra spread cost of crossing to the opposite bid/ask side at entry (see report methodology note)
MAC_20260602084012_BUY_TREND_PULLBACK,MAC,2026.06.02 08:40:12,BUY,SELL,TREND_PULLBACK,SMART-GUARD,SKIP,4523.69,3.8,N,,0.0,0.2,0.044,0.2,0.54,0.2,0.628,0.492,0.628,1.188,15,15,15,5,30,60,STOP_FIRST,TARGET_FIRST,TARGET_FIRST,0.628,1.188,MIRRORED from original's own advATR/favATR at same real price path; does NOT include the extra spread cost of crossing to the opposite bid/ask side at entry (see report methodology note)
MAC_20260602092212_BUY_TREND_PULLBACK,MAC,2026.06.02 09:22:12,BUY,SELL,TREND_PULLBACK,ANALYSIS-ONLY,B,4528.71,4.46,N,,0.092,0.48,0.092,0.56,0.092,0.56,0.092,0.56,0.092,1.008,,,,5,5,10,STOP_FIRST,STOP_FIRST,STOP_FIRST,0.092,1.008,MIRRORED from original's own advATR/favATR at same real price path; does NOT include the extra spread cost of crossing to the opposite bid/ask side at entry (see report methodology note)
MAC_20260602092512_BUY_TREND_PULLBACK,MAC,2026.06.02 09:25:12,BUY,SELL,TREND_PULLBACK,B-GRADE QUALITY BLOCK,B,4527.3,4.97,N,,0.0,0.544,0.0,0.616,0.0,0.616,0.0,0.616,0.0,1.016,,,,5,5,5,STOP_FIRST,STOP_FIRST,STOP_FIRST,0.0,1.016,MIRRORED from original's own advATR/favATR at same real price path; does NOT include the extra spread cost of crossing to the opposite bid/ask side at entry (see report methodology note)
MAC_20260602093012_BUY_ASIA_BREAKOUT,MAC,2026.06.02 09:30:12,BUY,SELL,ASIA_BREAKOUT,B-GRADE QUALITY BLOCK,B,4534.3,5.34,N,,0.0,0.048,0.068,0.048,0.072,0.048,0.096,0.152,0.096,0.424,,,,60,60,,STOP_FIRST,STOP_FIRST,NEITHER_5-60m,0.096,0.424,MIRRORED from original's own advATR/favATR at same real price path; does NOT include the extra spread cost of crossing to the opposite bid/ask side at entry (see report methodology note)
MAC_20260602095512_BUY_TREND_PULLBACK,MAC,2026.06.02 09:55:12,BUY,SELL,TREND_PULLBACK,SMART-GUARD,SKIP,4533.13,4.83,N,,0.0,0.264,0.0,0.276,0.0,0.564,0.0,0.564,0.136,0.564,,,,5,15,15,STOP_FIRST,STOP_FIRST,STOP_FIRST,0.136,0.564,MIRRORED from original's own advATR/favATR at same real price path; does NOT include the extra spread cost of crossing to the opposite bid/ask side at entry (see report methodology note)
MAC_20260602100012_BUY_ASIA_BREAKOUT,MAC,2026.06.02 10:00:12,BUY,SELL,ASIA_BREAKOUT,BAD-LOCATION BLOCK,B,4536.27,4.81,N,,0.0,0.016,0.0,0.304,0.0,0.304,0.172,0.304,0.396,0.304,60,60,,10,10,,STOP_FIRST,STOP_FIRST,NEITHER_5-60m,0.396,0.304,MIRRORED from original's own advATR/favATR at same real price path; does NOT include the extra spread cost of crossing to the opposite bid/ask side at entry (see report methodology note)
MAC_20260602100512_BUY_SQUEEZE_RELEASE,MAC,2026.06.02 10:05:12,BUY,SELL,SQUEEZE_RELEASE,BAD-LOCATION BLOCK,B,4536.54,4.75,N,,0.0,0.288,0.0,0.288,0.0,0.288,0.292,0.288,0.828,0.288,30,60,60,5,,,STOP_FIRST,TARGET_FIRST,TARGET_FIRST,0.828,0.288,MIRRORED from original's own advATR/favATR at same real price path; does NOT include the extra spread cost of crossing to the opposite bid/ask side at entry (see report methodology note)
MAC_20260602103013_BUY_LONDON_FIX_PIN,MAC,2026.06.02 10:30:13,BUY,SELL,LONDON_FIX_PIN,EPF-T4 guarded mode,B,4534.28,4.4,N,,0.108,0.0,0.204,0.0,0.24,0.0,0.688,0.132,0.688,0.132,10,30,30,,,,TARGET_FIRST,TARGET_FIRST,TARGET_FIRST,0.688,0.132,MIRRORED from original's own advATR/favATR at same real price path; does NOT include the extra spread cost of crossing to the opposite bid/ask side at entry (see report methodology note)
MAC_20260602104012_BUY_TREND_PULLBACK,MAC,2026.06.02 10:40:12,BUY,SELL,TREND_PULLBACK,FAILED-IMPULSE BLOCK,B,4532.75,3.5,N,,0.08,0.0,0.124,0.0,0.144,0.0,0.692,0.344,0.692,0.344,30,30,30,30,30,,SIMULTANEOUS_SAME_CHECKPOINT,SIMULTANEOUS_SAME_CHECKPOINT,TARGET_FIRST,0.692,0.344,MIRRORED from original's own advATR/favATR at same real price path; does NOT include the extra spread cost of crossing to the opposite bid/ask side at entry (see report methodology note)
MAC_20260602120012_BUY_TREND_PULLBACK,MAC,2026.06.02 12:00:12,BUY,SELL,TREND_PULLBACK,FAILED-IMPULSE BLOCK,B,4526.7,3.53,N,,0.0,0.132,0.0,0.376,0.0,0.864,0.0,0.864,0.372,0.864,60,60,,10,10,15,STOP_FIRST,STOP_FIRST,STOP_FIRST,0.372,0.864,MIRRORED from original's own advATR/favATR at same real price path; does NOT include the extra spread cost of crossing to the opposite bid/ask side at entry (see report methodology note)
MAC_20260602120513_BUY_TREND_PULLBACK,MAC,2026.06.02 12:05:13,BUY,SELL,TREND_PULLBACK,NEWS FILTER (high-impact event nearby),B,4527.95,3.42,N,,0.0,0.744,0.0,0.744,0.0,0.744,0.528,0.744,0.528,0.744,30,30,30,5,5,5,STOP_FIRST,STOP_FIRST,STOP_FIRST,0.528,0.744,MIRRORED from original's own advATR/favATR at same real price path; does NOT include the extra spread cost of crossing to the opposite bid/ask side at entry (see report methodology note)
MAC_20260602121012_BUY_TREND_PULLBACK,MAC,2026.06.02 12:10:12,BUY,SELL,TREND_PULLBACK,B-GRADE QUALITY BLOCK,B,4530.16,3.32,N,,0.0,0.5,0.0,0.5,0.136,0.5,0.812,0.5,0.812,0.5,30,30,30,5,5,5,STOP_FIRST,STOP_FIRST,STOP_FIRST,0.812,0.5,MIRRORED from original's own advATR/favATR at same real price path; does NOT include the extra spread cost of crossing to the opposite bid/ask side at entry (see report methodology note)
MAC_20260602125515_BUY_TREND_PULLBACK,MAC,2026.06.02 12:55:15,BUY,SELL,TREND_PULLBACK,PG selective,B,4531.0,3.76,N,,0.232,0.0,0.232,0.0,0.232,0.0,0.608,0.0,0.608,0.276,5,30,30,60,,,TARGET_FIRST,TARGET_FIRST,TARGET_FIRST,0.608,0.276,MIRRORED from original's own advATR/favATR at same real price path; does NOT include the extra spread cost of crossing to the opposite bid/ask side at entry (see report methodology note)
MAC_20260602130513_BUY_TREND_PULLBACK,MAC,2026.06.02 13:05:13,BUY,SELL,TREND_PULLBACK,FAILED-IMPULSE BLOCK,B,4528.9,3.96,N,,0.0,0.044,0.0,0.044,0.364,0.044,0.364,0.044,0.364,0.472,15,15,,60,60,,TARGET_FIRST,TARGET_FIRST,NEITHER_5-60m,0.364,0.472,MIRRORED from original's own advATR/favATR at same real price path; does NOT include the extra spread cost of crossing to the opposite bid/ask side at entry (see report methodology note)
MAC_20260602131512_BUY_TREND_PULLBACK,MAC,2026.06.02 13:15:12,BUY,SELL,TREND_PULLBACK,B-GRADE QUALITY BLOCK,B,4529.3,3.99,N,,0.036,0.0,0.404,0.0,0.404,0.0,0.404,0.028,0.404,0.428,10,10,,60,60,,TARGET_FIRST,TARGET_FIRST,NEITHER_5-60m,0.404,0.428,MIRRORED from original's own advATR/favATR at same real price path; does NOT include the extra spread cost of crossing to the opposite bid/ask side at entry (see report methodology note)
MAC_20260602135512_BUY_TREND_PULLBACK,MAC,2026.06.02 13:55:12,BUY,SELL,TREND_PULLBACK,BAD-LOCATION BLOCK,B,4532.14,3.16,N,,0.0,0.184,0.104,0.184,0.22,0.184,0.508,0.184,0.628,0.184,15,30,30,,,,TARGET_FIRST,TARGET_FIRST,TARGET_FIRST,0.628,0.184,MIRRORED from original's own advATR/favATR at same real price path; does NOT include the extra spread cost of crossing to the opposite bid/ask side at entry (see report methodology note)
MAC_20260602141013_BUY_TREND_PULLBACK,MAC,2026.06.02 14:10:13,BUY,SELL,TREND_PULLBACK,FAILED-IMPULSE BLOCK,B,4530.45,2.95,N,,0.316,0.0,0.316,0.0,0.316,0.012,0.44,0.012,0.656,0.012,5,5,60,,,,TARGET_FIRST,TARGET_FIRST,TARGET_FIRST,0.656,0.012,MIRRORED from original's own advATR/favATR at same real price path; does NOT include the extra spread cost of crossing to the opposite bid/ask side at entry (see report methodology note)
MAC_20260602142015_BUY_TREND_PULLBACK,MAC,2026.06.02 14:20:15,BUY,SELL,TREND_PULLBACK,B-GRADE QUALITY BLOCK,B,4528.37,2.99,N,,0.0,0.288,0.0,0.288,0.156,0.288,0.156,0.292,0.368,0.42,60,60,,5,60,,STOP_FIRST,SIMULTANEOUS_SAME_CHECKPOINT,NEITHER_5-60m,0.368,0.42,MIRRORED from original's own advATR/favATR at same real price path; does NOT include the extra spread cost of crossing to the opposite bid/ask side at entry (see report methodology note)
MAC_20260602142514_BUY_TREND_PULLBACK,MAC,2026.06.02 14:25:14,BUY,SELL,TREND_PULLBACK,PG selective,B,4528.88,2.86,N,,0.0,0.232,0.236,0.232,0.236,0.232,0.236,0.232,0.54,0.372,10,60,60,5,60,,STOP_FIRST,SIMULTANEOUS_SAME_CHECKPOINT,TARGET_FIRST,0.54,0.372,MIRRORED from original's own advATR/favATR at same real price path; does NOT include the extra spread cost of crossing to the opposite bid/ask side at entry (see report methodology note)
MAC_20260602143014_BUY_TREND_PULLBACK,MAC,2026.06.02 14:30:14,BUY,SELL,TREND_PULLBACK,Trade blocked — spread,B,4530.61,2.93,N,,0.468,0.0,0.468,0.0,0.468,0.0,0.468,0.0,0.764,0.124,5,5,60,,,,TARGET_FIRST,TARGET_FIRST,TARGET_FIRST,0.764,0.124,MIRRORED from original's own advATR/favATR at same real price path; does NOT include the extra spread cost of crossing to the opposite bid/ask side at entry (see report methodology note)
MAC_20260602152512_BUY_TREND_PULLBACK,MAC,2026.06.02 15:25:12,BUY,SELL,TREND_PULLBACK,B-GRADE QUALITY BLOCK,B,4531.6,3.03,Y,30,0.868,0.0,0.868,0.0,0.868,0.0,2.196,0.0,2.736,0.0,5,5,5,,,,TARGET_FIRST,TARGET_FIRST,TARGET_FIRST,2.736,0.0,MIRRORED from original's own advATR/favATR at same real price path; does NOT include the extra spread cost of crossing to the opposite bid/ask side at entry (see report methodology note)
MAC_20260602155512_SELL_BREAKOUT,MAC,2026.06.02 15:55:12,SELL,BUY,BREAKOUT,B-GRADE QUALITY BLOCK,B,4514.86,4.91,N,,0.12,0.0,0.436,0.0,0.436,0.052,0.436,0.328,0.436,1.0,10,10,,30,30,60,TARGET_FIRST,TARGET_FIRST,STOP_FIRST,0.436,1.0,MIRRORED from original's own advATR/favATR at same real price path; does NOT include the extra spread cost of crossing to the opposite bid/ask side at entry (see report methodology note)
MAC_20260602160012_SELL_SQUEEZE_RELEASE,MAC,2026.06.02 16:00:12,SELL,BUY,SQUEEZE_RELEASE,BAD-LOCATION BLOCK,B,4516.25,4.91,N,,0.324,0.0,0.324,0.168,0.324,0.276,0.324,0.656,0.324,1.128,5,5,,15,30,30,TARGET_FIRST,TARGET_FIRST,STOP_FIRST,0.324,1.128,MIRRORED from original's own advATR/favATR at same real price path; does NOT include the extra spread cost of crossing to the opposite bid/ask side at entry (see report methodology note)
MAC_20260602160500_SELL_SQUEEZE_RELEASE,MAC,2026.06.02 16:05:00,SELL,BUY,SQUEEZE_RELEASE,FAILED-IMPULSE BLOCK,B,4520.14,5.37,N,,0.0,0.264,0.0,0.444,0.0,0.54,0.0,0.888,0.0,1.32,,,,5,10,15,STOP_FIRST,STOP_FIRST,STOP_FIRST,0.0,1.32,MIRRORED from original's own advATR/favATR at same real price path; does NOT include the extra spread cost of crossing to the opposite bid/ask side at entry (see report methodology note)
MAC_20260602164000_SELL_SQUEEZE_RELEASE,MAC,2026.06.02 16:40:00,SELL,BUY,SQUEEZE_RELEASE,LATE-CHASE ENTRY BLOCK,B,4511.09,6.41,N,,0.0,0.16,0.0,0.16,0.0,0.396,0.0,0.54,0.0,1.08,,,,15,15,30,STOP_FIRST,STOP_FIRST,STOP_FIRST,0.0,1.08,MIRRORED from original's own advATR/favATR at same real price path; does NOT include the extra spread cost of crossing to the opposite bid/ask side at entry (see report methodology note)
MAC_20260602170500_BUY_TREND_PULLBACK,MAC,2026.06.02 17:05:00,BUY,SELL,TREND_PULLBACK,SMART-GUARD,SKIP,4502.58,6.17,N,,0.0,0.044,0.0,0.096,0.32,0.096,0.572,0.096,0.572,0.12,15,15,30,,,,TARGET_FIRST,TARGET_FIRST,TARGET_FIRST,0.572,0.12,MIRRORED from original's own advATR/favATR at same real price path; does NOT include the extra spread cost of crossing to the opposite bid/ask side at entry (see report methodology note)
MAC_20260602174012_BUY_TREND_PULLBACK,MAC,2026.06.02 17:40:12,BUY,SELL,TREND_PULLBACK,B-GRADE QUALITY BLOCK,B,4502.79,6.09,N,,0.0,0.108,0.0,0.108,0.0,0.108,0.0,0.268,0.02,0.268,,,,30,,,STOP_FIRST,NEITHER_5-60m,NEITHER_5-60m,0.02,0.268,MIRRORED from original's own advATR/favATR at same real price path; does NOT include the extra spread cost of crossing to the opposite bid/ask side at entry (see report methodology note)
MAC_20260602185502_SELL_TREND_PULLBACK,MAC,2026.06.02 18:55:02,SELL,BUY,TREND_PULLBACK,Trade blocked — spread,A,4503.57,4.17,N,,0.0,0.148,0.0,0.248,0.0,0.248,0.0,0.896,0.0,1.52,,,,10,30,30,STOP_FIRST,STOP_FIRST,STOP_FIRST,0.0,1.52,MIRRORED from original's own advATR/favATR at same real price path; does NOT include the extra spread cost of crossing to the opposite bid/ask side at entry (see report methodology note)
MAC_20260602190013_SELL_TREND_PULLBACK,MAC,2026.06.02 19:00:13,SELL,BUY,TREND_PULLBACK,SMART-GUARD,A,4501.97,4.12,N,,0.0,0.096,0.0,0.392,0.0,0.672,0.0,1.208,0.0,1.384,,,,10,10,15,STOP_FIRST,STOP_FIRST,STOP_FIRST,0.0,1.384,MIRRORED from original's own advATR/favATR at same real price path; does NOT include the extra spread cost of crossing to the opposite bid/ask side at entry (see report methodology note)
MAC_20260602190512_SELL_TREND_PULLBACK,MAC,2026.06.02 19:05:12,SELL,BUY,TREND_PULLBACK,BAD-RR TIMING BLOCK,A,4500.92,4.09,N,,0.076,0.0,0.076,0.288,0.076,0.576,0.076,1.112,0.076,1.328,,,,10,15,15,STOP_FIRST,STOP_FIRST,STOP_FIRST,0.076,1.328,MIRRORED from original's own advATR/favATR at same real price path; does NOT include the extra spread cost of crossing to the opposite bid/ask side at entry (see report methodology note)
MAC_20260602191012_SELL_TREND_PULLBACK,MAC,2026.06.02 19:10:12,SELL,BUY,TREND_PULLBACK,FAILED-IMPULSE BLOCK,A,4501.7,4.12,N,,0.0,0.364,0.0,0.648,0.0,0.728,0.0,1.36,0.0,1.396,,,,5,5,10,STOP_FIRST,STOP_FIRST,STOP_FIRST,0.0,1.396,MIRRORED from original's own advATR/favATR at same real price path; does NOT include the extra spread cost of crossing to the opposite bid/ask side at entry (see report methodology note)
MAC_20260602193012_SELL_BREAKOUT,MAC,2026.06.02 19:30:12,SELL,BUY,BREAKOUT,BAD-LOCATION BLOCK,B,4489.45,4.02,N,,0.036,0.0,0.036,0.172,0.036,0.172,0.236,0.172,0.236,0.212,30,,,60,,,TARGET_FIRST,NEITHER_5-60m,NEITHER_5-60m,0.236,0.212,MIRRORED from original's own advATR/favATR at same real price path; does NOT include the extra spread cost of crossing to the opposite bid/ask side at entry (see report methodology note)
MAC_20260602193512_SELL_BREAKOUT,MAC,2026.06.02 19:35:12,SELL,BUY,BREAKOUT,SMART-GUARD,SKIP,4489.77,3.89,N,,0.0,0.212,0.0,0.212,0.132,0.212,0.212,0.252,0.212,0.252,30,,,5,,,STOP_FIRST,NEITHER_5-60m,NEITHER_5-60m,0.212,0.252,MIRRORED from original's own advATR/favATR at same real price path; does NOT include the extra spread cost of crossing to the opposite bid/ask side at entry (see report methodology note)
MAC_20260602194512_SELL_SQUEEZE_RELEASE,MAC,2026.06.02 19:45:12,SELL,BUY,SQUEEZE_RELEASE,BAD-LOCATION BLOCK,B,4489.2,3.91,N,,0.192,0.0,0.268,0.0,0.268,0.0,0.268,0.192,0.268,0.584,10,,,60,60,60,TARGET_FIRST,STOP_FIRST,STOP_FIRST,0.268,0.584,MIRRORED from original's own advATR/favATR at same real price path; does NOT include the extra spread cost of crossing to the opposite bid/ask side at entry (see report methodology note)
MAC_20260602195500_SELL_TREND_PULLBACK,MAC,2026.06.02 19:55:00,SELL,BUY,TREND_PULLBACK,BAD-LOCATION BLOCK,B,4489.37,3.65,N,,0.272,0.0,0.272,0.0,0.272,0.224,0.272,0.224,0.272,0.644,5,,,15,60,60,TARGET_FIRST,STOP_FIRST,STOP_FIRST,0.272,0.644,MIRRORED from original's own advATR/favATR at same real price path; does NOT include the extra spread cost of crossing to the opposite bid/ask side at entry (see report methodology note)
MAC_20260602201012_SELL_TREND_PULLBACK,MAC,2026.06.02 20:10:12,SELL,BUY,TREND_PULLBACK,SMART-GUARD,A,4487.27,3.64,N,,0.32,0.0,0.32,0.0,0.32,0.0,0.32,0.412,0.32,0.412,5,5,,30,30,,TARGET_FIRST,TARGET_FIRST,NEITHER_5-60m,0.32,0.412,MIRRORED from original's own advATR/favATR at same real price path; does NOT include the extra spread cost of crossing to the opposite bid/ask side at entry (see report methodology note)
MAC_20260602202012_SELL_TREND_PULLBACK,MAC,2026.06.02 20:20:12,SELL,BUY,TREND_PULLBACK,BAD-RR TIMING BLOCK,A,4487.49,3.55,N,,0.052,0.0,0.296,0.0,0.296,0.0,0.296,0.448,0.296,0.448,10,,,30,30,,TARGET_FIRST,STOP_FIRST,NEITHER_5-60m,0.296,0.448,MIRRORED from original's own advATR/favATR at same real price path; does NOT include the extra spread cost of crossing to the opposite bid/ask side at entry (see report methodology note)
MAC_20260602203012_SELL_TREND_PULLBACK,MAC,2026.06.02 20:30:12,SELL,BUY,TREND_PULLBACK,FAILED-IMPULSE BLOCK,A,4490.11,3.44,N,,0.0,0.236,0.0,0.768,0.0,0.768,0.0,0.768,0.0,0.768,,,,5,10,10,STOP_FIRST,STOP_FIRST,STOP_FIRST,0.0,0.768,MIRRORED from original's own advATR/favATR at same real price path; does NOT include the extra spread cost of crossing to the opposite bid/ask side at entry (see report methodology note)
MAC_20260602204512_SELL_TREND_PULLBACK,MAC,2026.06.02 20:45:12,SELL,BUY,TREND_PULLBACK,LATE-CHASE ENTRY BLOCK,B,4485.12,3.6,N,,0.132,0.0,0.132,0.132,0.132,0.132,0.264,0.132,0.4,0.396,30,60,,60,60,,TARGET_FIRST,SIMULTANEOUS_SAME_CHECKPOINT,NEITHER_5-60m,0.4,0.396,MIRRORED from original's own advATR/favATR at same real price path; does NOT include the extra spread cost of crossing to the opposite bid/ask side at entry (see report methodology note)
MAC_20260602210015_SELL_TREND_PULLBACK,MAC,2026.06.02 21:00:15,SELL,BUY,TREND_PULLBACK,B-GRADE QUALITY BLOCK,B,4485.0,3.33,N,,0.3,0.0,0.3,0.028,0.3,0.028,0.448,0.028,0.484,0.412,5,5,,60,60,,TARGET_FIRST,TARGET_FIRST,NEITHER_5-60m,0.484,0.412,MIRRORED from original's own advATR/favATR at same real price path; does NOT include the extra spread cost of crossing to the opposite bid/ask side at entry (see report methodology note)
MAC_20260602213514_SELL_TREND_PULLBACK,MAC,2026.06.02 21:35:14,SELL,BUY,TREND_PULLBACK,Trade blocked — spread,A,4487.68,3.24,N,,0.0,0.756,0.0,0.756,0.008,0.756,0.168,0.756,0.28,0.756,60,,,5,5,5,STOP_FIRST,STOP_FIRST,STOP_FIRST,0.28,0.756,MIRRORED from original's own advATR/favATR at same real price path; does NOT include the extra spread cost of crossing to the opposite bid/ask side at entry (see report methodology note)
MAC_20260602214012_SELL_TREND_PULLBACK,MAC,2026.06.02 21:40:12,SELL,BUY,TREND_PULLBACK,BAD-LOCATION BLOCK,A,4485.53,3.19,N,,0.0,0.5,0.188,0.5,0.276,0.5,0.44,0.5,0.556,0.5,15,30,60,5,5,5,STOP_FIRST,STOP_FIRST,STOP_FIRST,0.556,0.5,MIRRORED from original's own advATR/favATR at same real price path; does NOT include the extra spread cost of crossing to the opposite bid/ask side at entry (see report methodology note)
MAC_20260602214512_SELL_TREND_PULLBACK,MAC,2026.06.02 21:45:12,SELL,BUY,TREND_PULLBACK,SMART-GUARD,A,4481.41,3.44,N,,0.652,0.0,0.736,0.0,0.76,0.0,0.884,0.0,0.992,0.0,5,5,5,,,,TARGET_FIRST,TARGET_FIRST,TARGET_FIRST,0.992,0.0,MIRRORED from original's own advATR/favATR at same real price path; does NOT include the extra spread cost of crossing to the opposite bid/ask side at entry (see report methodology note)
MAC_20260602215012_SELL_TREND_PULLBACK,MAC,2026.06.02 21:50:12,SELL,BUY,TREND_PULLBACK,FAILED-IMPULSE BLOCK,B,4486.89,3.42,N,,0.1,0.0,0.124,0.0,0.252,0.0,0.252,0.0,0.36,0.26,15,60,,60,,,TARGET_FIRST,TARGET_FIRST,NEITHER_5-60m,0.36,0.26,MIRRORED from original's own advATR/favATR at same real price path; does NOT include the extra spread cost of crossing to the opposite bid/ask side at entry (see report methodology note)
MAC_20260602222512_SELL_TREND_PULLBACK,MAC,2026.06.02 22:25:12,SELL,BUY,TREND_PULLBACK,LATE-CHASE ENTRY BLOCK,A,4486.27,2.97,N,,0.496,0.0,0.496,0.0,0.496,0.216,0.496,0.216,0.496,0.216,5,5,,15,,,TARGET_FIRST,TARGET_FIRST,NEITHER_5-60m,0.496,0.216,MIRRORED from original's own advATR/favATR at same real price path; does NOT include the extra spread cost of crossing to the opposite bid/ask side at entry (see report methodology note)
MAC_20260602225512_SELL_TREND_PULLBACK,MAC,2026.06.02 22:55:12,SELL,BUY,TREND_PULLBACK,SMART-GUARD,A,4486.58,2.76,N,,0.232,0.0,0.232,0.0,0.232,0.0,0.232,0.0,0.232,0.0,5,,,,,,TARGET_FIRST,NEITHER_5-60m,NEITHER_5-60m,0.232,0.0,MIRRORED from original's own advATR/favATR at same real price path; does NOT include the extra spread cost of crossing to the opposite bid/ask side at entry (see report methodology note)
MAC_20260603000123_SELL_TREND_PULLBACK,MAC,2026.06.03 00:01:23,SELL,BUY,TREND_PULLBACK,SMART-GUARD,A,4488.09,2.76,N,,0.012,0.0,0.012,0.0,0.012,0.0,0.012,0.0,0.456,0.0,60,60,,,,,TARGET_FIRST,TARGET_FIRST,NEITHER_5-60m,0.456,0.0,MIRRORED from original's own advATR/favATR at same real price path; does NOT include the extra spread cost of crossing to the opposite bid/ask side at entry (see report methodology note)
MAC_20260603010010_SELL_TREND_PULLBACK,MAC,2026.06.03 01:00:10,SELL,BUY,TREND_PULLBACK,FAILED-IMPULSE BLOCK,A,4488.22,2.47,N,,0.076,0.0,0.464,0.0,0.464,0.0,0.464,0.0,0.536,0.364,10,10,60,60,60,,TARGET_FIRST,TARGET_FIRST,TARGET_FIRST,0.536,0.364,MIRRORED from original's own advATR/favATR at same real price path; does NOT include the extra spread cost of crossing to the opposite bid/ask side at entry (see report methodology note)
MAC_20260603011013_SELL_TREND_PULLBACK,MAC,2026.06.03 01:10:13,SELL,BUY,TREND_PULLBACK,B-GRADE QUALITY BLOCK,B,4490.96,3.28,N,,0.0,0.208,0.0,0.232,0.0,0.232,0.0,0.288,0.068,1.76,,,,5,60,60,STOP_FIRST,STOP_FIRST,STOP_FIRST,0.068,1.76,MIRRORED from original's own advATR/favATR at same real price path; does NOT include the extra spread cost of crossing to the opposite bid/ask side at entry (see report methodology note)
MAC_20260603011512_SELL_TREND_PULLBACK,MAC,2026.06.03 01:15:12,SELL,BUY,TREND_PULLBACK,SMART-GUARD,A,4489.7,3.35,N,,0.0,0.052,0.0,0.076,0.016,0.076,0.22,0.132,0.22,1.572,30,,,60,60,60,TARGET_FIRST,STOP_FIRST,STOP_FIRST,0.22,1.572,MIRRORED from original's own advATR/favATR at same real price path; does NOT include the extra spread cost of crossing to the opposite bid/ask side at entry (see report methodology note)
MAC_20260603012515_SELL_TREND_PULLBACK,MAC,2026.06.03 01:25:15,SELL,BUY,TREND_PULLBACK,Trade blocked — spread,A,4488.84,3.56,N,,0.112,0.008,0.112,0.028,0.3,0.028,0.3,0.324,0.3,2.388,15,15,,30,30,60,TARGET_FIRST,TARGET_FIRST,STOP_FIRST,0.3,2.388,MIRRORED from original's own advATR/favATR at same real price path; does NOT include the extra spread cost of crossing to the opposite bid/ask side at entry (see report methodology note)
MAC_20260603020512_SELL_TREND_PULLBACK,MAC,2026.06.03 02:05:12,SELL,BUY,TREND_PULLBACK,LATE-CHASE ENTRY BLOCK,A,4486.52,4.19,N,,0.0,0.412,0.0,0.952,0.0,1.408,0.0,2.008,0.0,2.008,,,,5,5,10,STOP_FIRST,STOP_FIRST,STOP_FIRST,0.0,2.008,MIRRORED from original's own advATR/favATR at same real price path; does NOT include the extra spread cost of crossing to the opposite bid/ask side at entry (see report methodology note)
MAC_20260603021012_SELL_BREAKOUT,MAC,2026.06.03 02:10:12,SELL,BUY,BREAKOUT,BAD-LOCATION BLOCK,B,4482.25,4.46,N,,0.0,0.512,0.0,0.94,0.0,1.204,0.0,1.504,0.0,1.504,,,,5,5,5,STOP_FIRST,STOP_FIRST,STOP_FIRST,0.0,1.504,MIRRORED from original's own advATR/favATR at same real price path; does NOT include the extra spread cost of crossing to the opposite bid/ask side at entry (see report methodology note)
MAC_20260603021512_SELL_BREAKOUT,MAC,2026.06.03 02:15:12,SELL,BUY,BREAKOUT,B-GRADE QUALITY BLOCK,B,4476.42,4.21,N,,0.0,0.444,0.0,0.72,0.0,0.944,0.0,1.04,0.168,1.04,,,,5,5,10,STOP_FIRST,STOP_FIRST,STOP_FIRST,0.168,1.04,MIRRORED from original's own advATR/favATR at same real price path; does NOT include the extra spread cost of crossing to the opposite bid/ask side at entry (see report methodology note)
MAC_20260603022512_SELL_SQUEEZE_RELEASE,MAC,2026.06.03 02:25:12,SELL,BUY,SQUEEZE_RELEASE,BAD-LOCATION BLOCK,B,4468.7,4.62,N,,0.0,0.192,0.0,0.28,0.54,0.28,0.54,0.28,0.924,0.28,15,15,15,10,,,STOP_FIRST,TARGET_FIRST,TARGET_FIRST,0.924,0.28,MIRRORED from original's own advATR/favATR at same real price path; does NOT include the extra spread cost of crossing to the opposite bid/ask side at entry (see report methodology note)
MAC_20260603024500_SELL_SQUEEZE_RELEASE,MAC,2026.06.03 02:45:00,SELL,BUY,SQUEEZE_RELEASE,FAILED-IMPULSE BLOCK,B,4474.84,6.01,Y,60,0.0,0.188,0.0,0.188,0.0,0.188,0.224,0.188,1.364,0.188,30,60,60,,,,TARGET_FIRST,TARGET_FIRST,TARGET_FIRST,1.364,0.188,MIRRORED from original's own advATR/favATR at same real price path; does NOT include the extra spread cost of crossing to the opposite bid/ask side at entry (see report methodology note)
MAC_20260603025003_SELL_TREND_PULLBACK,MAC,2026.06.03 02:50:03,SELL,BUY,TREND_PULLBACK,Trade blocked — spread,A,4470.9,6.32,Y,60,0.076,0.0,0.22,0.0,0.46,0.0,0.46,0.0,1.544,0.0,10,15,60,,,,TARGET_FIRST,TARGET_FIRST,TARGET_FIRST,1.544,0.0,MIRRORED from original's own advATR/favATR at same real price path; does NOT include the extra spread cost of crossing to the opposite bid/ask side at entry (see report methodology note)
MAC_20260603025512_SELL_TREND_PULLBACK,MAC,2026.06.03 02:55:12,SELL,BUY,TREND_PULLBACK,SMART-GUARD,A,4471.99,6.45,Y,60,0.148,0.0,0.384,0.0,0.384,0.0,0.456,0.0,1.448,0.0,10,10,60,,,,TARGET_FIRST,TARGET_FIRST,TARGET_FIRST,1.448,0.0,MIRRORED from original's own advATR/favATR at same real price path; does NOT include the extra spread cost of crossing to the opposite bid/ask side at entry (see report methodology note)
MAC_20260603030012_SELL_TREND_PULLBACK,MAC,2026.06.03 03:00:12,SELL,BUY,TREND_PULLBACK,FAILED-IMPULSE BLOCK,A,4474.48,6.11,Y,60,0.24,0.0,0.24,0.0,0.24,0.0,0.612,0.0,1.364,0.0,5,30,30,,,,TARGET_FIRST,TARGET_FIRST,TARGET_FIRST,1.364,0.0,MIRRORED from original's own advATR/favATR at same real price path; does NOT include the extra spread cost of crossing to the opposite bid/ask side at entry (see report methodology note)
MAC_20260603033013_SELL_TREND_PULLBACK,MAC,2026.06.03 03:30:13,SELL,BUY,TREND_PULLBACK,B-GRADE QUALITY BLOCK,B,4483.74,5.45,N,,0.572,0.0,0.848,0.0,0.848,0.0,0.848,0.768,0.848,1.336,5,5,5,30,30,30,TARGET_FIRST,TARGET_FIRST,TARGET_FIRST,0.848,1.336,MIRRORED from original's own advATR/favATR at same real price path; does NOT include the extra spread cost of crossing to the opposite bid/ask side at entry (see report methodology note)
MAC_20260603040512_SELL_TREND_PULLBACK,MAC,2026.06.03 04:05:12,SELL,BUY,TREND_PULLBACK,SMART-GUARD,A,4472.88,5.37,N,,0.048,0.0,0.048,0.264,0.048,0.264,0.048,0.548,0.236,0.548,60,,,10,30,30,STOP_FIRST,STOP_FIRST,STOP_FIRST,0.236,0.548,MIRRORED from original's own advATR/favATR at same real price path; does NOT include the extra spread cost of crossing to the opposite bid/ask side at entry (see report methodology note)
MAC_20260603041513_SELL_TREND_PULLBACK,MAC,2026.06.03 04:15:13,SELL,BUY,TREND_PULLBACK,BAD-RR TIMING BLOCK,A,4469.13,5.97,N,,0.072,0.244,0.072,0.244,0.216,0.244,0.464,0.244,0.756,0.244,15,30,60,5,,,STOP_FIRST,TARGET_FIRST,TARGET_FIRST,0.756,0.244,MIRRORED from original's own advATR/favATR at same real price path; does NOT include the extra spread cost of crossing to the opposite bid/ask side at entry (see report methodology note)
MAC_20260603043012_SELL_TREND_PULLBACK,MAC,2026.06.03 04:30:12,SELL,BUY,TREND_PULLBACK,BAD-LOCATION BLOCK,B,4468.4,6.16,N,,0.256,0.0,0.256,0.14,0.256,0.14,0.5,0.14,0.78,0.14,5,30,30,,,,TARGET_FIRST,TARGET_FIRST,TARGET_FIRST,0.78,0.14,MIRRORED from original's own advATR/favATR at same real price path; does NOT include the extra spread cost of crossing to the opposite bid/ask side at entry (see report methodology note)
MAC_20260603045012_SELL_TREND_PULLBACK,MAC,2026.06.03 04:50:12,SELL,BUY,TREND_PULLBACK,FAILED-IMPULSE BLOCK,A,4475.9,6.42,N,,0.0,0.068,0.0,0.076,0.0,0.128,0.284,0.128,0.36,0.128,30,60,,,,,TARGET_FIRST,TARGET_FIRST,NEITHER_5-60m,0.36,0.128,MIRRORED from original's own advATR/favATR at same real price path; does NOT include the extra spread cost of crossing to the opposite bid/ask side at entry (see report methodology note)
MAC_20260603045514_SELL_TREND_PULLBACK,MAC,2026.06.03 04:55:14,SELL,BUY,TREND_PULLBACK,Trade blocked — spread,A,4474.52,6.3,N,,0.008,0.044,0.268,0.044,0.376,0.044,0.376,0.044,0.636,0.044,10,15,60,,,,TARGET_FIRST,TARGET_FIRST,TARGET_FIRST,0.636,0.044,MIRRORED from original's own advATR/favATR at same real price path; does NOT include the extra spread cost of crossing to the opposite bid/ask side at entry (see report methodology note)
MAC_20260603051512_SELL_TREND_PULLBACK,MAC,2026.06.03 05:15:12,SELL,BUY,TREND_PULLBACK,B-GRADE QUALITY BLOCK,B,4480.01,5.7,N,,0.0,0.248,0.0,0.248,0.0,0.248,0.116,0.248,0.524,0.272,60,60,60,5,,,STOP_FIRST,TARGET_FIRST,TARGET_FIRST,0.524,0.272,MIRRORED from original's own advATR/favATR at same real price path; does NOT include the extra spread cost of crossing to the opposite bid/ask side at entry (see report methodology note)
MAC_20260603052512_SELL_TREND_PULLBACK,MAC,2026.06.03 05:25:12,SELL,BUY,TREND_PULLBACK,SMART-GUARD,A,4478.4,5.22,N,,0.0,0.096,0.06,0.096,0.252,0.096,0.252,0.176,0.696,0.176,15,60,60,,,,TARGET_FIRST,TARGET_FIRST,TARGET_FIRST,0.696,0.176,MIRRORED from original's own advATR/favATR at same real price path; does NOT include the extra spread cost of crossing to the opposite bid/ask side at entry (see report methodology note)
MAC_20260603061512_SELL_TREND_PULLBACK,MAC,2026.06.03 06:15:12,SELL,BUY,TREND_PULLBACK,B-GRADE QUALITY BLOCK,B,4485.15,4.89,N,,0.12,0.0,0.12,0.0,0.12,0.116,0.12,0.116,0.172,0.18,,,,,,,NEITHER_5-60m,NEITHER_5-60m,NEITHER_5-60m,0.172,0.18,MIRRORED from original's own advATR/favATR at same real price path; does NOT include the extra spread cost of crossing to the opposite bid/ask side at entry (see report methodology note)
MAC_20260603071512_SELL_TREND_PULLBACK,MAC,2026.06.03 07:15:12,SELL,BUY,TREND_PULLBACK,B-GRADE QUALITY BLOCK,B,4487.03,2.41,N,,0.0,0.888,0.0,1.068,0.0,1.672,0.0,2.42,0.0,2.932,,,,5,5,5,STOP_FIRST,STOP_FIRST,STOP_FIRST,0.0,2.932,MIRRORED from original's own advATR/favATR at same real price path; does NOT include the extra spread cost of crossing to the opposite bid/ask side at entry (see report methodology note)
MAC_20260603072012_SELL_TREND_PULLBACK,MAC,2026.06.03 07:20:12,SELL,BUY,TREND_PULLBACK,SMART-GUARD,A,4481.56,2.68,N,,0.0,0.144,0.0,0.688,0.0,0.948,0.0,1.596,0.0,1.82,,,,10,10,10,STOP_FIRST,STOP_FIRST,STOP_FIRST,0.0,1.82,MIRRORED from original's own advATR/favATR at same real price path; does NOT include the extra spread cost of crossing to the opposite bid/ask side at entry (see report methodology note)
MAC_20260603073012_SELL_TREND_PULLBACK,MAC,2026.06.03 07:30:12,SELL,BUY,TREND_PULLBACK,BAD-RR TIMING BLOCK,A,4476.78,2.65,N,,0.0,0.236,0.0,0.656,0.0,0.656,0.0,1.12,0.0,1.62,,,,5,10,10,STOP_FIRST,STOP_FIRST,STOP_FIRST,0.0,1.62,MIRRORED from original's own advATR/favATR at same real price path; does NOT include the extra spread cost of crossing to the opposite bid/ask side at entry (see report methodology note)
MAC_20260603074013_SELL_BREAKOUT,MAC,2026.06.03 07:40:13,SELL,BUY,BREAKOUT,BAD-LOCATION BLOCK,B,4472.37,2.9,N,,0.132,0.204,0.132,0.296,0.132,0.412,0.212,0.412,0.212,1.428,30,,,5,15,60,STOP_FIRST,STOP_FIRST,STOP_FIRST,0.212,1.428,MIRRORED from original's own advATR/favATR at same real price path; does NOT include the extra spread cost of crossing to the opposite bid/ask side at entry (see report methodology note)
MAC_20260603080513_SELL_TREND_PULLBACK,MAC,2026.06.03 08:05:13,SELL,BUY,TREND_PULLBACK,BAD-LOCATION BLOCK,A,4471.54,3.03,N,,0.312,0.16,0.312,0.16,0.312,0.332,0.312,0.788,0.312,1.624,5,5,,15,15,30,TARGET_FIRST,TARGET_FIRST,STOP_FIRST,0.312,1.624,MIRRORED from original's own advATR/favATR at same real price path; does NOT include the extra spread cost of crossing to the opposite bid/ask side at entry (see report methodology note)
MAC_20260603082512_SELL_TREND_PULLBACK,MAC,2026.06.03 08:25:12,SELL,BUY,TREND_PULLBACK,SMART-GUARD,A,4469.07,3.53,N,,0.0,0.344,0.0,0.396,0.0,0.396,0.0,0.804,0.044,1.112,,,,5,5,30,STOP_FIRST,STOP_FIRST,STOP_FIRST,0.044,1.112,MIRRORED from original's own advATR/favATR at same real price path; does NOT include the extra spread cost of crossing to the opposite bid/ask side at entry (see report methodology note)
MAC_20260603083012_SELL_TREND_PULLBACK,MAC,2026.06.03 08:30:12,SELL,BUY,TREND_PULLBACK,B-GRADE QUALITY BLOCK,B,4465.98,3.29,N,,0.0,0.052,0.012,0.052,0.012,0.484,0.196,0.816,0.424,0.816,60,60,,15,15,30,STOP_FIRST,STOP_FIRST,STOP_FIRST,0.424,0.816,MIRRORED from original's own advATR/favATR at same real price path; does NOT include the extra spread cost of crossing to the opposite bid/ask side at entry (see report methodology note)
MAC_20260603083512_SELL_TREND_PULLBACK,MAC,2026.06.03 08:35:12,SELL,BUY,TREND_PULLBACK,LATE-CHASE ENTRY BLOCK,A,4465.58,3.89,N,,0.052,0.0,0.052,0.368,0.204,0.368,0.204,0.652,0.4,0.652,15,60,,10,10,30,STOP_FIRST,STOP_FIRST,STOP_FIRST,0.4,0.652,MIRRORED from original's own advATR/favATR at same real price path; does NOT include the extra spread cost of crossing to the opposite bid/ask side at entry (see report methodology note)
MAC_20260603084512_SELL_TREND_PULLBACK,MAC,2026.06.03 08:45:12,SELL,BUY,TREND_PULLBACK,BAD-RR TIMING BLOCK,A,4461.87,4.26,N,,0.536,0.0,0.536,0.0,0.536,0.248,0.536,0.248,0.716,0.248,5,5,5,15,,,TARGET_FIRST,TARGET_FIRST,TARGET_FIRST,0.716,0.248,MIRRORED from original's own advATR/favATR at same real price path; does NOT include the extra spread cost of crossing to the opposite bid/ask side at entry (see report methodology note)
MAC_20260603093012_SELL_TREND_PULLBACK,MAC,2026.06.03 09:30:12,SELL,BUY,TREND_PULLBACK,SMART-GUARD,A,4462.38,6.35,N,,0.0,0.092,0.036,0.092,0.036,0.196,0.036,0.276,0.488,0.432,60,60,,30,60,,STOP_FIRST,SIMULTANEOUS_SAME_CHECKPOINT,NEITHER_5-60m,0.488,0.432,MIRRORED from original's own advATR/favATR at same real price path; does NOT include the extra spread cost of crossing to the opposite bid/ask side at entry (see report methodology note)
MAC_20260603094012_SELL_TREND_PULLBACK,MAC,2026.06.03 09:40:12,SELL,BUY,TREND_PULLBACK,FAILED-IMPULSE BLOCK,A,4462.84,6.69,N,,0.0,0.212,0.0,0.288,0.0,0.288,0.436,0.288,0.436,0.436,30,30,,5,60,,STOP_FIRST,TARGET_FIRST,NEITHER_5-60m,0.436,0.436,MIRRORED from original's own advATR/favATR at same real price path; does NOT include the extra spread cost of crossing to the opposite bid/ask side at entry (see report methodology note)
MAC_20260603094512_SELL_TREND_PULLBACK,MAC,2026.06.03 09:45:12,SELL,BUY,TREND_PULLBACK,BAD-LOCATION BLOCK,A,4459.18,6.36,N,,0.0,0.072,0.0,0.072,0.208,0.072,0.688,0.072,0.688,0.228,15,30,30,60,,,TARGET_FIRST,TARGET_FIRST,TARGET_FIRST,0.688,0.228,MIRRORED from original's own advATR/favATR at same real price path; does NOT include the extra spread cost of crossing to the opposite bid/ask side at entry (see report methodology note)
MAC_20260603103012_SELL_TREND_PULLBACK,MAC,2026.06.03 10:30:12,SELL,BUY,TREND_PULLBACK,BAD-RR TIMING BLOCK,A,4455.53,5.74,N,,0.412,0.0,0.412,0.0,0.412,0.0,0.412,0.244,0.412,0.264,5,5,,30,,,TARGET_FIRST,TARGET_FIRST,NEITHER_5-60m,0.412,0.264,MIRRORED from original's own advATR/favATR at same real price path; does NOT include the extra spread cost of crossing to the opposite bid/ask side at entry (see report methodology note)
MAC_20260603103512_SELL_TREND_PULLBACK,MAC,2026.06.03 10:35:12,SELL,BUY,TREND_PULLBACK,SMART-GUARD,A,4461.79,5.5,N,,0.0,0.26,0.0,0.26,0.0,0.26,0.0,0.708,,,,,,5,30,30,STOP_FIRST,STOP_FIRST,STOP_FIRST,0.0,0.708,MIRRORED from original's own advATR/favATR at same real price path; does NOT include the extra spread cost of crossing to the opposite bid/ask side at entry (see report methodology note)
MAC_20260603105012_SELL_TREND_PULLBACK,MAC,2026.06.03 10:50:12,SELL,BUY,TREND_PULLBACK,LATE-CHASE ENTRY BLOCK,A,4459.56,5.43,N,,0.0,0.012,0.0,0.552,0.0,0.552,0.0,0.552,,,,,,10,10,10,STOP_FIRST,STOP_FIRST,STOP_FIRST,0.0,0.552,MIRRORED from original's own advATR/favATR at same real price path; does NOT include the extra spread cost of crossing to the opposite bid/ask side at entry (see report methodology note)
MAC_20260603110513_SELL_TREND_PULLBACK,MAC,2026.06.03 11:05:13,SELL,BUY,TREND_PULLBACK,BAD-LOCATION BLOCK,A,4457.58,5.92,N,,0.0,0.176,0.0,0.252,0.0,0.396,,,,,,,,10,15,,STOP_FIRST,STOP_FIRST,NEITHER_5-60m,0.0,0.396,MIRRORED from original's own advATR/favATR at same real price path; does NOT include the extra spread cost of crossing to the opposite bid/ask side at entry (see report methodology note)
MAC_20260603113012_SELL_TREND_PULLBACK,MAC,2026.06.03 11:30:12,SELL,BUY,TREND_PULLBACK,FAILED-IMPULSE BLOCK,A,4457.24,5.71,N,,,,,,,,,,,,,,,,,,NEITHER_5-60m,NEITHER_5-60m,NEITHER_5-60m,,,MIRRORED from original's own advATR/favATR at same real price path; does NOT include the extra spread cost of crossing to the opposite bid/ask side at entry (see report methodology note)
MAC_20260603113505_SELL_TREND_PULLBACK,MAC,2026.06.03 11:35:05,SELL,BUY,TREND_PULLBACK,NEWS FILTER (high-impact event nearby),A,4456.59,5.76,N,,0.0,0.028,0.036,0.028,0.036,0.136,0.036,0.868,0.036,1.048,,,,30,30,30,STOP_FIRST,STOP_FIRST,STOP_FIRST,0.036,1.048,MIRRORED from original's own advATR/favATR at same real price path; does NOT include the extra spread cost of crossing to the opposite bid/ask side at entry (see report methodology note)
MAC_20260603114013_SELL_TREND_PULLBACK,MAC,2026.06.03 11:40:13,SELL,BUY,TREND_PULLBACK,SMART-GUARD,A,4456.1,5.38,N,,0.072,0.108,0.072,0.836,0.072,0.892,0.072,0.892,0.072,1.088,,,,10,10,10,STOP_FIRST,STOP_FIRST,STOP_FIRST,0.072,1.088,MIRRORED from original's own advATR/favATR at same real price path; does NOT include the extra spread cost of crossing to the opposite bid/ask side at entry (see report methodology note)
MAC_20260603114512_SELL_TREND_PULLBACK,MAC,2026.06.03 11:45:12,SELL,BUY,TREND_PULLBACK,FAILED-IMPULSE BLOCK,A,4456.98,5.1,N,,0.0,0.184,0.0,0.952,0.0,1.008,0.0,1.008,0.0,1.216,,,,10,10,10,STOP_FIRST,STOP_FIRST,STOP_FIRST,0.0,1.216,MIRRORED from original's own advATR/favATR at same real price path; does NOT include the extra spread cost of crossing to the opposite bid/ask side at entry (see report methodology note)
MAC_20260603115012_SELL_TREND_PULLBACK,MAC,2026.06.03 11:50:12,SELL,BUY,TREND_PULLBACK,BAD-LOCATION BLOCK,A,4454.57,5.0,N,,0.0,0.776,0.0,0.836,0.0,0.836,0.156,0.836,0.156,1.048,,,,5,5,5,STOP_FIRST,STOP_FIRST,STOP_FIRST,0.156,1.048,MIRRORED from original's own advATR/favATR at same real price path; does NOT include the extra spread cost of crossing to the opposite bid/ask side at entry (see report methodology note)
MAC_20260603120012_SELL_TREND_PULLBACK,MAC,2026.06.03 12:00:12,SELL,BUY,TREND_PULLBACK,B-GRADE QUALITY BLOCK,B,4444.11,5.5,N,,0.588,0.0,0.9,0.0,0.9,0.0,0.9,0.192,0.9,0.192,5,5,5,,,,TARGET_FIRST,TARGET_FIRST,TARGET_FIRST,0.9,0.192,MIRRORED from original's own advATR/favATR at same real price path; does NOT include the extra spread cost of crossing to the opposite bid/ask side at entry (see report methodology note)
MAC_20260603123512_SELL_TREND_PULLBACK,MAC,2026.06.03 12:35:12,SELL,BUY,TREND_PULLBACK,LATE-CHASE ENTRY BLOCK,B,4440.89,6.16,N,,0.448,0.0,0.448,0.0,0.448,0.0,0.484,0.0,,,5,5,,,,,TARGET_FIRST,TARGET_FIRST,NEITHER_5-60m,0.484,0.0,MIRRORED from original's own advATR/favATR at same real price path; does NOT include the extra spread cost of crossing to the opposite bid/ask side at entry (see report methodology note)
MAC_20260603125012_SELL_TREND_PULLBACK,MAC,2026.06.03 12:50:12,SELL,BUY,TREND_PULLBACK,SMART-GUARD,A,4447.16,6.3,N,,0.0,0.192,0.0,0.3,0.076,0.3,,,,,,,,10,10,,STOP_FIRST,STOP_FIRST,NEITHER_5-60m,0.076,0.3,MIRRORED from original's own advATR/favATR at same real price path; does NOT include the extra spread cost of crossing to the opposite bid/ask side at entry (see report methodology note)
MAC_20260603125512_SELL_TREND_PULLBACK,MAC,2026.06.03 12:55:12,SELL,BUY,TREND_PULLBACK,BAD-RR TIMING BLOCK,A,4444.09,6.36,Y,15,0.0,0.104,0.268,0.104,1.196,0.104,,,,,10,15,15,,,,TARGET_FIRST,TARGET_FIRST,TARGET_FIRST,1.196,0.104,MIRRORED from original's own advATR/favATR at same real price path; does NOT include the extra spread cost of crossing to the opposite bid/ask side at entry (see report methodology note)
MAC_20260603130512_SELL_TREND_PULLBACK,MAC,2026.06.03 13:05:12,SELL,BUY,TREND_PULLBACK,FAILED-IMPULSE BLOCK,A,4448.24,5.96,Y,5,1.0,0.0,,,,,,,,,5,5,5,,,,TARGET_FIRST,TARGET_FIRST,TARGET_FIRST,1.0,0.0,MIRRORED from original's own advATR/favATR at same real price path; does NOT include the extra spread cost of crossing to the opposite bid/ask side at entry (see report methodology note)
MAC_20260603131012_SELL_TREND_PULLBACK,MAC,2026.06.03 13:10:12,SELL,BUY,TREND_PULLBACK,B-GRADE QUALITY BLOCK,B,4462.71,6.97,N,,,,,,,,,,,,,,,,,,NEITHER_5-60m,NEITHER_5-60m,NEITHER_5-60m,,,MIRRORED from original's own advATR/favATR at same real price path; does NOT include the extra spread cost of crossing to the opposite bid/ask side at entry (see report methodology note)
MAC_20260603131152_SELL_TREND_PULLBACK,MAC,2026.06.03 13:11:52,SELL,BUY,TREND_PULLBACK,B-GRADE QUALITY BLOCK,B,4462.34,6.97,N,,0.08,0.04,0.08,0.308,0.08,0.308,0.08,0.444,,,,,,10,10,,STOP_FIRST,STOP_FIRST,NEITHER_5-60m,0.08,0.444,MIRRORED from original's own advATR/favATR at same real price path; does NOT include the extra spread cost of crossing to the opposite bid/ask side at entry (see report methodology note)
MAC_20260603132512_SELL_TREND_PULLBACK,MAC,2026.06.03 13:25:12,SELL,BUY,TREND_PULLBACK,SMART-GUARD,A,4456.87,6.52,N,,0.136,0.0,0.18,0.0,0.18,0.0,0.18,0.136,,,,,,,,,NEITHER_5-60m,NEITHER_5-60m,NEITHER_5-60m,0.18,0.136,MIRRORED from original's own advATR/favATR at same real price path; does NOT include the extra spread cost of crossing to the opposite bid/ask side at entry (see report methodology note)
MAC_20260603141337_SELL_TREND_PULLBACK,MAC,2026.06.03 14:13:37,SELL,BUY,TREND_PULLBACK,Trade blocked — startup,A,4463.23,5.99,N,,0.0,0.048,0.0,0.256,0.0,0.256,0.0,0.256,0.02,0.328,,,,10,60,,STOP_FIRST,STOP_FIRST,NEITHER_5-60m,0.02,0.328,MIRRORED from original's own advATR/favATR at same real price path; does NOT include the extra spread cost of crossing to the opposite bid/ask side at entry (see report methodology note)
MAC_20260603141512_SELL_TREND_PULLBACK,MAC,2026.06.03 14:15:12,SELL,BUY,TREND_PULLBACK,A+ TIMING DEMOTION,A,4462.43,5.71,N,,0.008,0.0,0.008,0.212,0.008,0.212,0.016,0.212,0.076,0.288,,,,10,,,STOP_FIRST,NEITHER_5-60m,NEITHER_5-60m,0.076,0.288,MIRRORED from original's own advATR/favATR at same real price path; does NOT include the extra spread cost of crossing to the opposite bid/ask side at entry (see report methodology note)
MAC_20260603144612_SELL_TREND_PULLBACK,MAC,2026.06.03 14:46:12,SELL,BUY,TREND_PULLBACK,SMART-GUARD,A+,4459.3,3.9,N,,0.344,0.0,0.392,0.0,0.432,0.0,0.432,0.116,0.432,0.944,5,5,,60,60,60,TARGET_FIRST,TARGET_FIRST,STOP_FIRST,0.432,0.944,MIRRORED from original's own advATR/favATR at same real price path; does NOT include the extra spread cost of crossing to the opposite bid/ask side at entry (see report methodology note)
MAC_20260603145012_SELL_TREND_PULLBACK,MAC,2026.06.03 14:50:12,SELL,BUY,TREND_PULLBACK,ANALYSIS-ONLY,B,4462.26,4.11,N,,0.036,0.0,0.084,0.0,0.124,0.0,0.124,0.396,0.124,1.184,,,,30,30,60,STOP_FIRST,STOP_FIRST,STOP_FIRST,0.124,1.184,MIRRORED from original's own advATR/favATR at same real price path; does NOT include the extra spread cost of crossing to the opposite bid/ask side at entry (see report methodology note)
MAC_20260603145514_SELL_TREND_PULLBACK,MAC,2026.06.03 14:55:14,SELL,BUY,TREND_PULLBACK,NEWS FILTER (high-impact event nearby),B,4462.92,3.91,N,,0.06,0.0,0.06,0.416,0.06,0.472,0.06,1.024,0.06,1.312,,,,10,10,30,STOP_FIRST,STOP_FIRST,STOP_FIRST,0.06,1.312,MIRRORED from original's own advATR/favATR at same real price path; does NOT include the extra spread cost of crossing to the opposite bid/ask side at entry (see report methodology note)
MAC_20260603150512_SELL_TREND_PULLBACK,MAC,2026.06.03 15:05:12,SELL,BUY,TREND_PULLBACK,FAILED-IMPULSE BLOCK,A,4463.44,3.94,N,,0.0,0.468,0.0,0.52,0.0,0.536,0.0,1.356,0.0,1.356,,,,5,5,10,STOP_FIRST,STOP_FIRST,STOP_FIRST,0.0,1.356,MIRRORED from original's own advATR/favATR at same real price path; does NOT include the extra spread cost of crossing to the opposite bid/ask side at entry (see report methodology note)
MAC_20260603152012_SELL_TREND_PULLBACK,MAC,2026.06.03 15:20:12,SELL,BUY,TREND_PULLBACK,A+ TIMING DEMOTION,A,4458.25,3.89,N,,0.0,0.164,0.0,0.548,0.0,0.836,0.276,0.836,0.276,0.836,30,,,10,10,10,STOP_FIRST,STOP_FIRST,STOP_FIRST,0.276,0.836,MIRRORED from original's own advATR/favATR at same real price path; does NOT include the extra spread cost of crossing to the opposite bid/ask side at entry (see report methodology note)
MAC_20260603154012_SELL_BREAKOUT,MAC,2026.06.03 15:40:12,SELL,BUY,BREAKOUT,BAD-RR TIMING BLOCK,A,4451.5,4.59,N,,0.608,0.0,0.82,0.0,0.82,0.0,0.82,0.0,0.82,0.268,5,5,5,60,,,TARGET_FIRST,TARGET_FIRST,TARGET_FIRST,0.82,0.268,MIRRORED from original's own advATR/favATR at same real price path; does NOT include the extra spread cost of crossing to the opposite bid/ask side at entry (see report methodology note)
MAC_20260603162113_SELL_TREND_PULLBACK,MAC,2026.06.03 16:21:13,SELL,BUY,TREND_PULLBACK,SMART-GUARD,A+,4453.7,5.89,N,,0.0,0.268,0.0,0.356,0.0,0.356,,,,,,,,5,10,,STOP_FIRST,STOP_FIRST,NEITHER_5-60m,0.0,0.356,MIRRORED from original's own advATR/favATR at same real price path; does NOT include the extra spread cost of crossing to the opposite bid/ask side at entry (see report methodology note)
MAC_20260603163012_SELL_TREND_PULLBACK,MAC,2026.06.03 16:30:12,SELL,BUY,TREND_PULLBACK,A+ TIMING DEMOTION,A,4450.94,6.58,N,,0.0,0.152,0.0,0.152,0.0,1.176,,,,,,,,15,15,15,STOP_FIRST,STOP_FIRST,STOP_FIRST,0.0,1.176,MIRRORED from original's own advATR/favATR at same real price path; does NOT include the extra spread cost of crossing to the opposite bid/ask side at entry (see report methodology note)
MAC_20260603164512_SELL_BREAKOUT,MAC,2026.06.03 16:45:12,SELL,BUY,BREAKOUT,SMART-GUARD,A,4431.67,7.75,N,,0.24,0.0,,,,,,,,,5,,,,,,TARGET_FIRST,NEITHER_5-60m,NEITHER_5-60m,0.24,0.0,MIRRORED from original's own advATR/favATR at same real price path; does NOT include the extra spread cost of crossing to the opposite bid/ask side at entry (see report methodology note)
MAC_20260603165012_SELL_SQUEEZE_RELEASE,MAC,2026.06.03 16:50:12,SELL,BUY,SQUEEZE_RELEASE,A+ TIMING DEMOTION,A,4436.34,8.19,N,,,,,,,,,,,,,,,,,,NEITHER_5-60m,NEITHER_5-60m,NEITHER_5-60m,,,MIRRORED from original's own advATR/favATR at same real price path; does NOT include the extra spread cost of crossing to the opposite bid/ask side at entry (see report methodology note)
MAC_20260603165459_SELL_SQUEEZE_RELEASE,MAC,2026.06.03 16:54:59,SELL,BUY,SQUEEZE_RELEASE,A+ TIMING DEMOTION,A,4444.68,8.19,N,,0.06,0.012,0.06,0.012,0.364,0.012,0.496,0.012,0.496,0.012,15,15,,,,,TARGET_FIRST,TARGET_FIRST,NEITHER_5-60m,0.496,0.012,MIRRORED from original's own advATR/favATR at same real price path; does NOT include the extra spread cost of crossing to the opposite bid/ask side at entry (see report methodology note)
MAC_20260603170000_SELL_TREND_PULLBACK,MAC,2026.06.03 17:00:00,SELL,BUY,TREND_PULLBACK,FAILED-IMPULSE BLOCK,A,4445.93,8.48,N,,0.0,0.032,0.292,0.032,0.42,0.032,0.42,0.032,0.42,0.032,10,15,,,,,TARGET_FIRST,TARGET_FIRST,NEITHER_5-60m,0.42,0.032,MIRRORED from original's own advATR/favATR at same real price path; does NOT include the extra spread cost of crossing to the opposite bid/ask side at entry (see report methodology note)
MAC_20260603172012_SELL_TREND_PULLBACK,MAC,2026.06.03 17:20:12,SELL,BUY,TREND_PULLBACK,A+ TIMING DEMOTION,A,4449.28,9.26,N,,0.0,0.012,0.096,0.012,0.096,0.012,0.096,0.112,0.096,0.14,,,,,,,NEITHER_5-60m,NEITHER_5-60m,NEITHER_5-60m,0.096,0.14,MIRRORED from original's own advATR/favATR at same real price path; does NOT include the extra spread cost of crossing to the opposite bid/ask side at entry (see report methodology note)
MAC_20260603181341_SELL_TREND_PULLBACK,MAC,2026.06.03 18:13:41,SELL,BUY,TREND_PULLBACK,SMART-GUARD,A+,4446.47,6.6,N,,0.04,0.024,0.04,0.288,0.04,0.288,0.04,0.444,,,,,,10,30,,STOP_FIRST,STOP_FIRST,NEITHER_5-60m,0.04,0.444,MIRRORED from original's own advATR/favATR at same real price path; does NOT include the extra spread cost of crossing to the opposite bid/ask side at entry (see report methodology note)
MAC_20260603182012_SELL_TREND_PULLBACK,MAC,2026.06.03 18:20:12,SELL,BUY,TREND_PULLBACK,BAD-RR TIMING BLOCK,A,4446.04,6.36,N,,0.0,0.272,0.0,0.272,0.0,0.32,0.0,0.432,,,,,,5,15,,STOP_FIRST,STOP_FIRST,NEITHER_5-60m,0.0,0.432,MIRRORED from original's own advATR/favATR at same real price path; does NOT include the extra spread cost of crossing to the opposite bid/ask side at entry (see report methodology note)
MAC_20260603182512_SELL_TREND_PULLBACK,MAC,2026.06.03 18:25:12,SELL,BUY,TREND_PULLBACK,A+ TIMING DEMOTION,A,4441.59,6.4,N,,0.156,0.0,0.156,0.04,0.156,0.152,0.156,0.152,,,,,,,,,NEITHER_5-60m,NEITHER_5-60m,NEITHER_5-60m,0.156,0.152,MIRRORED from original's own advATR/favATR at same real price path; does NOT include the extra spread cost of crossing to the opposite bid/ask side at entry (see report methodology note)
MAC_20260603183012_SELL_TREND_PULLBACK,MAC,2026.06.03 18:30:12,SELL,BUY,TREND_PULLBACK,FAILED-IMPULSE BLOCK,A,4443.9,5.88,N,,0.0,0.2,0.0,0.324,0.0,0.324,0.0,0.324,,,,,,5,10,,STOP_FIRST,STOP_FIRST,NEITHER_5-60m,0.0,0.324,MIRRORED from original's own advATR/favATR at same real price path; does NOT include the extra spread cost of crossing to the opposite bid/ask side at entry (see report methodology note)
MAC_20260603190512_SELL_TREND_PULLBACK,MAC,2026.06.03 19:05:12,SELL,BUY,TREND_PULLBACK,LATE-CHASE ENTRY BLOCK,A,4443.03,4.85,N,,0.0,0.32,,,,,,,,,,,,5,5,,STOP_FIRST,STOP_FIRST,NEITHER_5-60m,0.0,0.32,MIRRORED from original's own advATR/favATR at same real price path; does NOT include the extra spread cost of crossing to the opposite bid/ask side at entry (see report methodology note)
MAC_20260603191055_SELL_TREND_PULLBACK,MAC,2026.06.03 19:10:55,SELL,BUY,TREND_PULLBACK,SMART-GUARD,A+,4439.34,5.07,N,,0.0,0.104,0.0,0.22,0.0,0.22,0.0,0.22,0.072,0.22,,,,10,,,STOP_FIRST,NEITHER_5-60m,NEITHER_5-60m,0.072,0.22,MIRRORED from original's own advATR/favATR at same real price path; does NOT include the extra spread cost of crossing to the opposite bid/ask side at entry (see report methodology note)
MAC_20260603192012_SELL_TREND_PULLBACK,MAC,2026.06.03 19:20:12,SELL,BUY,TREND_PULLBACK,BAD-RR TIMING BLOCK,A,4437.95,4.87,N,,0.0,0.116,0.1,0.116,0.1,0.116,0.188,0.116,0.188,0.116,,,,,,,NEITHER_5-60m,NEITHER_5-60m,NEITHER_5-60m,0.188,0.116,MIRRORED from original's own advATR/favATR at same real price path; does NOT include the extra spread cost of crossing to the opposite bid/ask side at entry (see report methodology note)
MAC_20260603192512_SELL_TREND_PULLBACK,MAC,2026.06.03 19:25:12,SELL,BUY,TREND_PULLBACK,A+ TIMING DEMOTION,A,4436.42,4.76,N,,0.232,0.0,0.232,0.0,0.32,0.0,0.32,0.0,0.348,0.0,5,15,,,,,TARGET_FIRST,TARGET_FIRST,NEITHER_5-60m,0.348,0.0,MIRRORED from original's own advATR/favATR at same real price path; does NOT include the extra spread cost of crossing to the opposite bid/ask side at entry (see report methodology note)
MAC_20260603203512_SELL_TREND_PULLBACK,MAC,2026.06.03 20:35:12,SELL,BUY,TREND_PULLBACK,SMART-GUARD,A,4440.27,3.94,N,,0.0,0.036,0.032,0.036,0.032,0.184,0.032,0.2,0.1,0.344,,,,30,60,,STOP_FIRST,STOP_FIRST,NEITHER_5-60m,0.1,0.344,MIRRORED from original's own advATR/favATR at same real price path; does NOT include the extra spread cost of crossing to the opposite bid/ask side at entry (see report methodology note)
MAC_20260603204012_SELL_TREND_PULLBACK,MAC,2026.06.03 20:40:12,SELL,BUY,TREND_PULLBACK,FAILED-IMPULSE BLOCK,A,4439.91,3.84,N,,0.068,0.0,0.068,0.148,0.068,0.168,0.068,0.248,0.14,0.316,,,,30,60,,STOP_FIRST,STOP_FIRST,NEITHER_5-60m,0.14,0.316,MIRRORED from original's own advATR/favATR at same real price path; does NOT include the extra spread cost of crossing to the opposite bid/ask side at entry (see report methodology note)
MAC_20260603205012_SELL_TREND_PULLBACK,MAC,2026.06.03 20:50:12,SELL,BUY,TREND_PULLBACK,A+ TIMING DEMOTION,A,4438.39,3.71,N,,0.0,0.008,0.056,0.008,0.096,0.008,0.096,0.164,0.784,0.164,60,60,60,,,,TARGET_FIRST,TARGET_FIRST,TARGET_FIRST,0.784,0.164,MIRRORED from original's own advATR/favATR at same real price path; does NOT include the extra spread cost of crossing to the opposite bid/ask side at entry (see report methodology note)
MAC_20260603210012_SELL_TREND_PULLBACK,MAC,2026.06.03 21:00:12,SELL,BUY,TREND_PULLBACK,BAD-LOCATION BLOCK,A,4438.97,3.55,N,,0.036,0.0,0.036,0.164,0.036,0.236,0.256,0.236,0.756,0.236,30,60,60,15,,,STOP_FIRST,TARGET_FIRST,TARGET_FIRST,0.756,0.236,MIRRORED from original's own advATR/favATR at same real price path; does NOT include the extra spread cost of crossing to the opposite bid/ask side at entry (see report methodology note)
MAC_20260603212012_SELL_TREND_PULLBACK,MAC,2026.06.03 21:20:12,SELL,BUY,TREND_PULLBACK,BAD-RR TIMING BLOCK,A,4437.67,3.17,Y,30,0.14,0.0,0.452,0.0,0.452,0.0,1.008,0.0,1.816,0.0,10,10,30,,,,TARGET_FIRST,TARGET_FIRST,TARGET_FIRST,1.816,0.0,MIRRORED from original's own advATR/favATR at same real price path; does NOT include the extra spread cost of crossing to the opposite bid/ask side at entry (see report methodology note)
MAC_20260603212512_SELL_TREND_PULLBACK,MAC,2026.06.03 21:25:12,SELL,BUY,TREND_PULLBACK,LATE-CHASE ENTRY BLOCK,A,4438.52,3.05,Y,60,0.356,0.0,0.356,0.0,0.356,0.0,0.936,0.0,1.776,0.0,5,5,30,,,,TARGET_FIRST,TARGET_FIRST,TARGET_FIRST,1.776,0.0,MIRRORED from original's own advATR/favATR at same real price path; does NOT include the extra spread cost of crossing to the opposite bid/ask side at entry (see report methodology note)
MAC_20260603220312_SELL_TREND_PULLBACK,MAC,2026.06.03 22:03:12,SELL,BUY,TREND_PULLBACK,FAILED-IMPULSE BLOCK,A,4445.68,2.66,N,,0.436,0.0,0.576,0.0,0.956,0.0,0.956,0.328,0.956,0.328,5,5,10,30,30,,TARGET_FIRST,TARGET_FIRST,TARGET_FIRST,0.956,0.328,MIRRORED from original's own advATR/favATR at same real price path; does NOT include the extra spread cost of crossing to the opposite bid/ask side at entry (see report methodology note)
MAC_20260603220512_SELL_TREND_PULLBACK,MAC,2026.06.03 22:05:12,SELL,BUY,TREND_PULLBACK,B-GRADE QUALITY BLOCK,B,4448.48,3.04,N,,0.0,0.044,0.136,0.044,0.468,0.044,0.468,0.656,0.468,0.656,15,15,,30,30,30,TARGET_FIRST,TARGET_FIRST,STOP_FIRST,0.468,0.656,MIRRORED from original's own advATR/favATR at same real price path; does NOT include the extra spread cost of crossing to the opposite bid/ask side at entry (see report methodology note)
MAC_20260603221012_BUY_BREAKOUT,MAC,2026.06.03 22:10:12,BUY,SELL,BREAKOUT,SMART-GUARD,SKIP,4448.2,3.11,N,,0.0,0.168,0.0,0.496,0.008,0.496,0.608,0.496,0.608,0.496,30,30,30,10,10,,STOP_FIRST,STOP_FIRST,TARGET_FIRST,0.608,0.496,MIRRORED from original's own advATR/favATR at same real price path; does NOT include the extra spread cost of crossing to the opposite bid/ask side at entry (see report methodology note)
MAC_20260603225842_SELL_TREND_PULLBACK,MAC,2026.06.03 22:58:42,SELL,BUY,TREND_PULLBACK,SMART-GUARD,A,4443.48,2.86,N,,0.076,0.0,0.076,0.0,0.076,0.0,0.076,0.0,0.076,0.0,,,,,,,NEITHER_5-60m,NEITHER_5-60m,NEITHER_5-60m,0.076,0.0,MIRRORED from original's own advATR/favATR at same real price path; does NOT include the extra spread cost of crossing to the opposite bid/ask side at entry (see report methodology note)
MAC_20260604000428_SELL_TREND_PULLBACK,MAC,2026.06.04 00:04:28,SELL,BUY,TREND_PULLBACK,SMART-GUARD,A,4443.94,2.86,N,,0.012,0.0,,,,,,,,,,,,,,,NEITHER_5-60m,NEITHER_5-60m,NEITHER_5-60m,0.012,0.0,MIRRORED from original's own advATR/favATR at same real price path; does NOT include the extra spread cost of crossing to the opposite bid/ask side at entry (see report methodology note)
MAC_20260604010052_SELL_TREND_PULLBACK,MAC,2026.06.04 01:00:52,SELL,BUY,TREND_PULLBACK,SMART-GUARD,A+,4436.54,2.87,Y,60,0.0,0.44,0.0,0.64,0.0,1.364,0.432,1.364,1.808,1.364,30,30,60,5,5,10,STOP_FIRST,STOP_FIRST,STOP_FIRST,1.808,1.364,MIRRORED from original's own advATR/favATR at same real price path; does NOT include the extra spread cost of crossing to the opposite bid/ask side at entry (see report methodology note)
MAC_20260604011512_SELL_BREAKOUT,MAC,2026.06.04 01:15:12,SELL,BUY,BREAKOUT,BAD-RR TIMING BLOCK,A,4431.85,3.72,Y,60,0.0,0.552,0.0,0.552,0.84,0.552,0.84,0.552,1.904,0.552,15,15,15,5,5,5,STOP_FIRST,STOP_FIRST,STOP_FIRST,1.904,0.552,MIRRORED from original's own advATR/favATR at same real price path; does NOT include the extra spread cost of crossing to the opposite bid/ask side at entry (see report methodology note)
MAC_20260604012014_SELL_BREAKOUT,MAC,2026.06.04 01:20:14,SELL,BUY,BREAKOUT,SMART-GUARD,A,4426.68,4.11,Y,10,0.716,0.0,1.264,0.0,1.264,0.0,1.264,0.0,2.392,0.0,5,5,5,,,,TARGET_FIRST,TARGET_FIRST,TARGET_FIRST,2.392,0.0,MIRRORED from original's own advATR/favATR at same real price path; does NOT include the extra spread cost of crossing to the opposite bid/ask side at entry (see report methodology note)
MAC_20260604012512_SELL_SQUEEZE_RELEASE,MAC,2026.06.04 01:25:12,SELL,BUY,SQUEEZE_RELEASE,BAD-LOCATION BLOCK,A,4430.57,4.32,Y,60,0.84,0.0,0.84,0.0,0.84,0.0,0.84,0.0,1.912,0.0,5,5,5,,,,TARGET_FIRST,TARGET_FIRST,TARGET_FIRST,1.912,0.0,MIRRORED from original's own advATR/favATR at same real price path; does NOT include the extra spread cost of crossing to the opposite bid/ask side at entry (see report methodology note)
MAC_20260604013000_SELL_TREND_PULLBACK,MAC,2026.06.04 01:30:00,SELL,BUY,TREND_PULLBACK,FAILED-IMPULSE BLOCK,A,4434.03,4.48,Y,30,0.5,0.0,0.5,0.0,0.5,0.0,1.384,0.0,1.604,0.0,5,5,5,,,,TARGET_FIRST,TARGET_FIRST,TARGET_FIRST,1.604,0.0,MIRRORED from original's own advATR/favATR at same real price path; does NOT include the extra spread cost of crossing to the opposite bid/ask side at entry (see report methodology note)
MAC_20260604014012_SELL_TREND_PULLBACK,MAC,2026.06.04 01:40:12,SELL,BUY,TREND_PULLBACK,A+ TIMING DEMOTION,A,4436.1,4.79,Y,30,0.16,0.0,0.232,0.0,0.28,0.0,1.124,0.0,1.332,0.0,10,30,30,,,,TARGET_FIRST,TARGET_FIRST,TARGET_FIRST,1.332,0.0,MIRRORED from original's own advATR/favATR at same real price path; does NOT include the extra spread cost of crossing to the opposite bid/ask side at entry (see report methodology note)
MAC_20260604020013_SELL_TREND_PULLBACK,MAC,2026.06.04 02:00:13,SELL,BUY,TREND_PULLBACK,B-GRADE QUALITY BLOCK,B,4449.36,5.9,N,,0.0,0.18,0.0,0.18,0.0,0.18,0.18,0.18,0.748,0.18,60,60,60,,,,TARGET_FIRST,TARGET_FIRST,TARGET_FIRST,0.748,0.18,MIRRORED from original's own advATR/favATR at same real price path; does NOT include the extra spread cost of crossing to the opposite bid/ask side at entry (see report methodology note)
MAC_20260604020512_SELL_TREND_PULLBACK,MAC,2026.06.04 02:05:12,SELL,BUY,TREND_PULLBACK,SMART-GUARD,A,4446.65,6.1,N,,0.108,0.0,0.108,0.0,0.108,0.0,0.352,0.0,0.9,0.0,30,30,60,,,,TARGET_FIRST,TARGET_FIRST,TARGET_FIRST,0.9,0.0,MIRRORED from original's own advATR/favATR at same real price path; does NOT include the extra spread cost of crossing to the opposite bid/ask side at entry (see report methodology note)
MAC_20260604030513_SELL_TREND_PULLBACK,MAC,2026.06.04 03:05:13,SELL,BUY,TREND_PULLBACK,B-GRADE QUALITY BLOCK,B,4461.18,5.7,N,,0.0,0.596,0.0,0.596,0.0,0.776,0.0,0.992,,,,,,5,5,5,STOP_FIRST,STOP_FIRST,STOP_FIRST,0.0,0.992,MIRRORED from original's own advATR/favATR at same real price path; does NOT include the extra spread cost of crossing to the opposite bid/ask side at entry (see report methodology note)
MAC_20260604031512_SELL_TREND_PULLBACK,MAC,2026.06.04 03:15:12,SELL,BUY,TREND_PULLBACK,SMART-GUARD,A,4452.58,5.15,N,,0.212,0.0,0.212,0.188,0.212,0.188,0.212,0.428,,,5,,,30,30,,TARGET_FIRST,STOP_FIRST,NEITHER_5-60m,0.212,0.428,MIRRORED from original's own advATR/favATR at same real price path; does NOT include the extra spread cost of crossing to the opposite bid/ask side at entry (see report methodology note)
MAC_20260604035810_SELL_TREND_PULLBACK,MAC,2026.06.04 03:58:10,SELL,BUY,TREND_PULLBACK,SMART-GUARD,A,4448.5,5.9,N,,0.42,0.04,0.848,0.04,0.996,0.04,,,,,5,5,10,,,,TARGET_FIRST,TARGET_FIRST,TARGET_FIRST,0.996,0.04,MIRRORED from original's own advATR/favATR at same real price path; does NOT include the extra spread cost of crossing to the opposite bid/ask side at entry (see report methodology note)
MAC_20260604041012_SELL_TREND_PULLBACK,MAC,2026.06.04 04:10:12,SELL,BUY,TREND_PULLBACK,B-GRADE QUALITY BLOCK,B,4461.39,6.3,N,,0.112,0.0,,,,,,,,,,,,,,,NEITHER_5-60m,NEITHER_5-60m,NEITHER_5-60m,0.112,0.0,MIRRORED from original's own advATR/favATR at same real price path; does NOT include the extra spread cost of crossing to the opposite bid/ask side at entry (see report methodology note)
MAC_20260604041748_SELL_TREND_PULLBACK,MAC,2026.06.04 04:17:48,SELL,BUY,TREND_PULLBACK,B-GRADE QUALITY BLOCK,B,4460.87,6.15,N,,,,,,,,,,,,,,,,,,NEITHER_5-60m,NEITHER_5-60m,NEITHER_5-60m,,,MIRRORED from original's own advATR/favATR at same real price path; does NOT include the extra spread cost of crossing to the opposite bid/ask side at entry (see report methodology note)
MAC_20260604041820_SELL_TREND_PULLBACK,MAC,2026.06.04 04:18:20,SELL,BUY,TREND_PULLBACK,B-GRADE QUALITY BLOCK,B,4464.09,6.15,N,,0.44,0.0,0.44,0.0,0.44,0.0,0.44,0.256,0.44,0.376,5,5,,30,60,,TARGET_FIRST,TARGET_FIRST,NEITHER_5-60m,0.44,0.376,MIRRORED from original's own advATR/favATR at same real price path; does NOT include the extra spread cost of crossing to the opposite bid/ask side at entry (see report methodology note)
MAC_20260604042512_BUY_BREAKOUT,MAC,2026.06.04 04:25:12,BUY,SELL,BREAKOUT,BAD-RR TIMING BLOCK,A,4470.98,6.38,N,,0.148,0.0,0.352,0.0,0.352,0.0,0.68,0.0,0.796,0.0,10,10,30,,,,TARGET_FIRST,TARGET_FIRST,TARGET_FIRST,0.796,0.0,MIRRORED from original's own advATR/favATR at same real price path; does NOT include the extra spread cost of crossing to the opposite bid/ask side at entry (see report methodology note)
MAC_20260604055000_BUY_TREND_PULLBACK,MAC,2026.06.04 05:50:00,BUY,SELL,TREND_PULLBACK,SMART-GUARD,A,4470.73,6.3,N,,0.0,0.116,0.0,0.256,0.0,0.256,0.076,0.264,0.696,0.264,60,60,60,10,,,STOP_FIRST,TARGET_FIRST,TARGET_FIRST,0.696,0.264,MIRRORED from original's own advATR/favATR at same real price path; does NOT include the extra spread cost of crossing to the opposite bid/ask side at entry (see report methodology note)
MAC_20260604060513_BUY_TREND_PULLBACK,MAC,2026.06.04 06:05:13,BUY,SELL,TREND_PULLBACK,BAD-LOCATION BLOCK,B,4473.15,5.49,N,,0.088,0.128,0.26,0.128,0.4,0.128,0.568,0.128,0.972,0.128,10,15,30,,,,TARGET_FIRST,TARGET_FIRST,TARGET_FIRST,0.972,0.128,MIRRORED from original's own advATR/favATR at same real price path; does NOT include the extra spread cost of crossing to the opposite bid/ask side at entry (see report methodology note)
MAC_20260604062512_BUY_TREND_PULLBACK,MAC,2026.06.04 06:25:12,BUY,SELL,TREND_PULLBACK,FAILED-IMPULSE BLOCK,A,4467.77,4.74,N,,0.0,0.208,0.144,0.208,0.204,0.208,0.672,0.208,0.672,0.548,15,30,30,5,60,60,STOP_FIRST,TARGET_FIRST,TARGET_FIRST,0.672,0.548,MIRRORED from original's own advATR/favATR at same real price path; does NOT include the extra spread cost of crossing to the opposite bid/ask side at entry (see report methodology note)
MAC_20260604064512_BUY_TREND_PULLBACK,MAC,2026.06.04 06:45:12,BUY,SELL,TREND_PULLBACK,B-GRADE QUALITY BLOCK,B,4460.83,4.67,N,,0.088,0.0,0.088,0.224,0.088,0.356,0.088,0.896,0.088,1.904,,,,10,15,30,STOP_FIRST,STOP_FIRST,STOP_FIRST,0.088,1.904,MIRRORED from original's own advATR/favATR at same real price path; does NOT include the extra spread cost of crossing to the opposite bid/ask side at entry (see report methodology note)
MAC_20260604070012_BUY_TREND_PULLBACK,MAC,2026.06.04 07:00:12,BUY,SELL,TREND_PULLBACK,SMART-GUARD,A,4465.13,4.09,N,,0.116,0.0,0.14,0.0,0.14,0.604,0.14,1.052,0.14,1.752,,,,15,15,15,STOP_FIRST,STOP_FIRST,STOP_FIRST,0.14,1.752,MIRRORED from original's own advATR/favATR at same real price path; does NOT include the extra spread cost of crossing to the opposite bid/ask side at entry (see report methodology note)
MAC_20260604072512_BUY_TREND_PULLBACK,MAC,2026.06.04 07:25:12,BUY,SELL,TREND_PULLBACK,BAD-RR TIMING BLOCK,A,4474.38,3.8,N,,0.0,0.16,0.0,0.76,0.0,0.76,0.0,0.912,0.236,0.912,60,,,10,10,10,STOP_FIRST,STOP_FIRST,STOP_FIRST,0.236,0.912,MIRRORED from original's own advATR/favATR at same real price path; does NOT include the extra spread cost of crossing to the opposite bid/ask side at entry (see report methodology note)
MAC_20260604073512_BUY_ASIA_BREAKOUT,MAC,2026.06.04 07:35:12,BUY,SELL,ASIA_BREAKOUT,SMART-GUARD,A,4481.82,4.23,N,,0.076,0.0,0.076,0.116,0.236,0.116,0.404,0.116,0.916,0.116,15,30,60,,,,TARGET_FIRST,TARGET_FIRST,TARGET_FIRST,0.916,0.116,MIRRORED from original's own advATR/favATR at same real price path; does NOT include the extra spread cost of crossing to the opposite bid/ask side at entry (see report methodology note)
MAC_20260604074512_BUY_BREAKOUT,MAC,2026.06.04 07:45:12,BUY,SELL,BREAKOUT,BAD-LOCATION BLOCK,B,4483.16,4.25,Y,60,0.364,0.0,0.364,0.0,0.364,0.0,0.88,0.0,1.056,0.0,5,5,30,,,,TARGET_FIRST,TARGET_FIRST,TARGET_FIRST,1.056,0.0,MIRRORED from original's own advATR/favATR at same real price path; does NOT include the extra spread cost of crossing to the opposite bid/ask side at entry (see report methodology note)
MAC_20260604075012_BUY_TREND_PULLBACK,MAC,2026.06.04 07:50:12,BUY,SELL,TREND_PULLBACK,BAD-LOCATION BLOCK,B,4479.43,4.24,Y,60,0.0,0.032,0.0,0.164,0.176,0.164,0.528,0.164,1.0,0.164,30,30,30,,,,TARGET_FIRST,TARGET_FIRST,TARGET_FIRST,1.0,0.164,MIRRORED from original's own advATR/favATR at same real price path; does NOT include the extra spread cost of crossing to the opposite bid/ask side at entry (see report methodology note)
MAC_20260604080012_BUY_TREND_PULLBACK,MAC,2026.06.04 08:00:12,BUY,SELL,TREND_PULLBACK,SMART-GUARD,A,4481.43,4.04,Y,60,0.384,0.0,0.752,0.0,0.752,0.0,0.92,0.0,1.3,0.0,5,5,10,,,,TARGET_FIRST,TARGET_FIRST,TARGET_FIRST,1.3,0.0,MIRRORED from original's own advATR/favATR at same real price path; does NOT include the extra spread cost of crossing to the opposite bid/ask side at entry (see report methodology note)
MAC_20260604080512_BUY_SQUEEZE_RELEASE,MAC,2026.06.04 08:05:12,BUY,SELL,SQUEEZE_RELEASE,BAD-LOCATION BLOCK,A,4477.64,4.08,N,,0.376,0.0,0.376,0.0,0.54,0.0,0.54,0.0,0.916,0.0,5,5,15,,,,TARGET_FIRST,TARGET_FIRST,TARGET_FIRST,0.916,0.0,MIRRORED from original's own advATR/favATR at same real price path; does NOT include the extra spread cost of crossing to the opposite bid/ask side at entry (see report methodology note)
MAC_20260604081000_BUY_TREND_PULLBACK,MAC,2026.06.04 08:10:00,BUY,SELL,TREND_PULLBACK,FAILED-IMPULSE BLOCK,A,4473.91,4.24,N,,0.0,0.312,0.0,0.312,0.168,0.312,0.184,0.312,0.528,0.312,60,60,60,5,5,,STOP_FIRST,STOP_FIRST,TARGET_FIRST,0.528,0.312,MIRRORED from original's own advATR/favATR at same real price path; does NOT include the extra spread cost of crossing to the opposite bid/ask side at entry (see report methodology note)
MAC_20260604084512_BUY_TREND_PULLBACK,MAC,2026.06.04 08:45:12,BUY,SELL,TREND_PULLBACK,LATE-CHASE ENTRY BLOCK,A,4474.0,3.99,N,,0.52,0.0,0.556,0.0,0.572,0.0,0.572,0.18,0.584,0.192,5,5,5,,,,TARGET_FIRST,TARGET_FIRST,TARGET_FIRST,0.584,0.192,MIRRORED from original's own advATR/favATR at same real price path; does NOT include the extra spread cost of crossing to the opposite bid/ask side at entry (see report methodology note)
MAC_20260604085012_BUY_TREND_PULLBACK,MAC,2026.06.04 08:50:12,BUY,SELL,TREND_PULLBACK,B-GRADE QUALITY BLOCK,B,4468.68,4.3,N,,0.02,0.0,0.036,0.0,0.036,0.496,0.036,0.66,0.048,0.672,,,,15,15,30,STOP_FIRST,STOP_FIRST,STOP_FIRST,0.048,0.672,MIRRORED from original's own advATR/favATR at same real price path; does NOT include the extra spread cost of crossing to the opposite bid/ask side at entry (see report methodology note)
MAC_20260604090012_BUY_TREND_PULLBACK,MAC,2026.06.04 09:00:12,BUY,SELL,TREND_PULLBACK,SMART-GUARD,A,4468.41,4.21,N,,0.0,0.532,0.0,0.7,0.0,0.7,0.024,0.7,0.096,0.712,,,,5,5,5,STOP_FIRST,STOP_FIRST,STOP_FIRST,0.096,0.712,MIRRORED from original's own advATR/favATR at same real price path; does NOT include the extra spread cost of crossing to the opposite bid/ask side at entry (see report methodology note)
MAC_20260604091512_BUY_TREND_PULLBACK,MAC,2026.06.04 09:15:12,BUY,SELL,TREND_PULLBACK,NEWS FILTER (high-impact event nearby),B,4473.69,4.62,N,,0.384,0.0,0.48,0.0,0.48,0.0,0.48,0.192,0.788,0.192,5,5,60,,,,TARGET_FIRST,TARGET_FIRST,TARGET_FIRST,0.788,0.192,MIRRORED from original's own advATR/favATR at same real price path; does NOT include the extra spread cost of crossing to the opposite bid/ask side at entry (see report methodology note)
MAC_20260604095012_BUY_TREND_PULLBACK,MAC,2026.06.04 09:50:12,BUY,SELL,TREND_PULLBACK,B-GRADE QUALITY BLOCK,B,4468.69,5.23,N,,0.084,0.0,0.096,0.0,0.096,0.132,0.316,0.132,,,30,30,,,,,TARGET_FIRST,TARGET_FIRST,NEITHER_5-60m,0.316,0.132,MIRRORED from original's own advATR/favATR at same real price path; does NOT include the extra spread cost of crossing to the opposite bid/ask side at entry (see report methodology note)
MAC_20260604103512_BUY_LONDON_FIX_PIN,MAC,2026.06.04 10:35:12,BUY,SELL,LONDON_FIX_PIN,NEWS FILTER (high-impact event nearby),B,4463.63,4.94,N,,0.192,0.004,,,,,,,,,,,,,,,NEITHER_5-60m,NEITHER_5-60m,NEITHER_5-60m,0.192,0.004,MIRRORED from original's own advATR/favATR at same real price path; does NOT include the extra spread cost of crossing to the opposite bid/ask side at entry (see report methodology note)
MAC_20260604104512_BUY_TREND_PULLBACK,MAC,2026.06.04 10:45:12,BUY,SELL,TREND_PULLBACK,SMART-GUARD,SKIP,4461.25,4.91,N,,,,,,,,,,,,,,,,,,NEITHER_5-60m,NEITHER_5-60m,NEITHER_5-60m,,,MIRRORED from original's own advATR/favATR at same real price path; does NOT include the extra spread cost of crossing to the opposite bid/ask side at entry (see report methodology note)
MAC_20260604105010_BUY_TREND_PULLBACK,MAC,2026.06.04 10:50:10,BUY,SELL,TREND_PULLBACK,SMART-GUARD,SKIP,4461.38,4.59,N,,,,,,,,,,,,,,,,,,NEITHER_5-60m,NEITHER_5-60m,NEITHER_5-60m,,,MIRRORED from original's own advATR/favATR at same real price path; does NOT include the extra spread cost of crossing to the opposite bid/ask side at entry (see report methodology note)
MAC_20260604105052_BUY_TREND_PULLBACK,MAC,2026.06.04 10:50:52,BUY,SELL,TREND_PULLBACK,SMART-GUARD,SKIP,4461.56,4.59,N,,0.012,0.008,0.012,0.444,0.012,0.444,0.144,0.444,,,,,,10,10,,STOP_FIRST,STOP_FIRST,NEITHER_5-60m,0.144,0.444,MIRRORED from original's own advATR/favATR at same real price path; does NOT include the extra spread cost of crossing to the opposite bid/ask side at entry (see report methodology note)
MAC_20260604110512_BUY_TREND_PULLBACK,MAC,2026.06.04 11:05:12,BUY,SELL,TREND_PULLBACK,B-GRADE QUALITY BLOCK,B,4466.67,4.3,N,,0.064,0.0,0.352,0.0,0.352,0.0,,,,,10,10,,,,,TARGET_FIRST,TARGET_FIRST,NEITHER_5-60m,0.352,0.0,MIRRORED from original's own advATR/favATR at same real price path; does NOT include the extra spread cost of crossing to the opposite bid/ask side at entry (see report methodology note)
MAC_20260604113616_BUY_TREND_PULLBACK,MAC,2026.06.04 11:36:16,BUY,SELL,TREND_PULLBACK,B-GRADE QUALITY BLOCK,B,4463.06,4.42,N,,,,,,,,,,,,,,,,,,NEITHER_5-60m,NEITHER_5-60m,NEITHER_5-60m,,,MIRRORED from original's own advATR/favATR at same real price path; does NOT include the extra spread cost of crossing to the opposite bid/ask side at entry (see report methodology note)
MAC_20260604113845_BUY_TREND_PULLBACK,MAC,2026.06.04 11:38:45,BUY,SELL,TREND_PULLBACK,B-GRADE QUALITY BLOCK,B,4460.92,4.42,N,,0.0,0.288,0.008,0.288,0.008,0.288,0.008,0.572,0.008,0.572,,,,5,30,30,STOP_FIRST,STOP_FIRST,STOP_FIRST,0.008,0.572,MIRRORED from original's own advATR/favATR at same real price path; does NOT include the extra spread cost of crossing to the opposite bid/ask side at entry (see report methodology note)
MAC_20260604120512_BUY_TREND_PULLBACK,MAC,2026.06.04 12:05:12,BUY,SELL,TREND_PULLBACK,SMART-GUARD,A,4467.24,4.84,N,,0.0,0.0,0.28,0.0,0.28,0.0,0.28,0.0,0.28,0.596,10,,,60,60,60,TARGET_FIRST,STOP_FIRST,STOP_FIRST,0.28,0.596,MIRRORED from original's own advATR/favATR at same real price path; does NOT include the extra spread cost of crossing to the opposite bid/ask side at entry (see report methodology note)
MAC_20260604124012_BUY_TREND_PULLBACK,MAC,2026.06.04 12:40:12,BUY,SELL,TREND_PULLBACK,BAD-RR TIMING BLOCK,A,4467.33,4.66,N,,0.0,0.04,0.0,0.272,0.0,0.608,0.0,0.608,0.052,0.608,,,,10,15,15,STOP_FIRST,STOP_FIRST,STOP_FIRST,0.052,0.608,MIRRORED from original's own advATR/favATR at same real price path; does NOT include the extra spread cost of crossing to the opposite bid/ask side at entry (see report methodology note)
MAC_20260604125513_BUY_BREAKOUT,MAC,2026.06.04 12:55:13,BUY,SELL,BREAKOUT,SMART-GUARD,A,4474.4,4.58,N,,0.372,0.0,0.416,0.0,0.416,0.0,0.672,0.0,0.672,0.044,5,5,30,,,,TARGET_FIRST,TARGET_FIRST,TARGET_FIRST,0.672,0.044,MIRRORED from original's own advATR/favATR at same real price path; does NOT include the extra spread cost of crossing to the opposite bid/ask side at entry (see report methodology note)
MAC_20260604130012_BUY_TREND_PULLBACK,MAC,2026.06.04 13:00:12,BUY,SELL,TREND_PULLBACK,FAILED-IMPULSE BLOCK,A,4470.88,4.67,N,,0.064,0.0,0.108,0.0,0.108,0.052,0.356,0.052,0.356,0.348,30,30,,60,60,,TARGET_FIRST,TARGET_FIRST,NEITHER_5-60m,0.356,0.348,MIRRORED from original's own advATR/favATR at same real price path; does NOT include the extra spread cost of crossing to the opposite bid/ask side at entry (see report methodology note)
MAC_20260604131012_BUY_TREND_PULLBACK,MAC,2026.06.04 13:10:12,BUY,SELL,TREND_PULLBACK,SMART-GUARD,A,4469.74,4.57,N,,0.0,0.152,0.068,0.152,0.264,0.152,0.264,0.152,0.264,0.608,15,,,60,60,60,TARGET_FIRST,STOP_FIRST,STOP_FIRST,0.264,0.608,MIRRORED from original's own advATR/favATR at same real price path; does NOT include the extra spread cost of crossing to the opposite bid/ask side at entry (see report methodology note)
MAC_20260604132512_BUY_TREND_PULLBACK,MAC,2026.06.04 13:25:12,BUY,SELL,TREND_PULLBACK,B-GRADE QUALITY BLOCK,B,4466.81,4.04,N,,0.0,0.0,0.0,0.16,0.0,0.296,0.0,0.504,0.0,1.212,,,,15,30,30,STOP_FIRST,STOP_FIRST,STOP_FIRST,0.0,1.212,MIRRORED from original's own advATR/favATR at same real price path; does NOT include the extra spread cost of crossing to the opposite bid/ask side at entry (see report methodology note)
MAC_20260604135512_BUY_TREND_PULLBACK,MAC,2026.06.04 13:55:12,BUY,SELL,TREND_PULLBACK,LATE-CHASE ENTRY BLOCK,A,4470.97,3.84,N,,0.0,0.412,0.0,0.412,0.0,0.596,0.0,0.84,0.0,3.552,,,,5,5,15,STOP_FIRST,STOP_FIRST,STOP_FIRST,0.0,3.552,MIRRORED from original's own advATR/favATR at same real price path; does NOT include the extra spread cost of crossing to the opposite bid/ask side at entry (see report methodology note)
MAC_20260604140012_BUY_TREND_PULLBACK,MAC,2026.06.04 14:00:12,BUY,SELL,TREND_PULLBACK,BAD-RR TIMING BLOCK,A,4474.9,3.81,N,,0.292,0.0,0.292,0.188,0.292,0.188,0.292,1.456,0.292,3.86,5,,,30,30,30,TARGET_FIRST,STOP_FIRST,STOP_FIRST,0.292,3.86,MIRRORED from original's own advATR/favATR at same real price path; does NOT include the extra spread cost of crossing to the opposite bid/ask side at entry (see report methodology note)
MAC_20260604142512_BUY_BREAKOUT,MAC,2026.06.04 14:25:12,BUY,SELL,BREAKOUT,B-GRADE QUALITY BLOCK,B,4479.11,4.26,N,,0.0,0.908,0.0,0.908,0.0,1.356,0.0,2.436,0.0,3.056,,,,5,5,5,STOP_FIRST,STOP_FIRST,STOP_FIRST,0.0,3.056,MIRRORED from original's own advATR/favATR at same real price path; does NOT include the extra spread cost of crossing to the opposite bid/ask side at entry (see report methodology note)
MAC_20260604143012_BUY_BREAKOUT,MAC,2026.06.04 14:30:12,BUY,SELL,BREAKOUT,SMART-GUARD,A,4489.13,5.04,N,,0.28,0.0,0.28,0.352,0.28,0.98,0.28,1.784,0.28,1.784,5,,,10,10,15,TARGET_FIRST,STOP_FIRST,STOP_FIRST,0.28,1.784,MIRRORED from original's own advATR/favATR at same real price path; does NOT include the extra spread cost of crossing to the opposite bid/ask side at entry (see report methodology note)
MAC_20260604143512_BUY_SQUEEZE_RELEASE,MAC,2026.06.04 14:35:12,BUY,SELL,SQUEEZE_RELEASE,BAD-LOCATION BLOCK,A,4485.67,5.3,N,,0.0,0.596,0.0,1.196,0.0,1.464,0.0,1.96,0.0,1.96,,,,5,5,5,STOP_FIRST,STOP_FIRST,STOP_FIRST,0.0,1.96,MIRRORED from original's own advATR/favATR at same real price path; does NOT include the extra spread cost of crossing to the opposite bid/ask side at entry (see report methodology note)
MAC_20260604144000_BUY_BREAKOUT,MAC,2026.06.04 14:40:00,BUY,SELL,BREAKOUT,BAD-LOCATION BLOCK,A,4488.46,5.45,N,,0.0,0.376,0.0,0.956,0.0,1.22,0.0,1.7,0.0,1.7,,,,5,5,10,STOP_FIRST,STOP_FIRST,STOP_FIRST,0.0,1.7,MIRRORED from original's own advATR/favATR at same real price path; does NOT include the extra spread cost of crossing to the opposite bid/ask side at entry (see report methodology note)
MAC_20260604145512_BUY_SQUEEZE_RELEASE,MAC,2026.06.04 14:55:12,BUY,SELL,SQUEEZE_RELEASE,BAD-RR TIMING BLOCK,A,4505.15,6.27,N,,0.496,0.416,0.496,0.416,0.716,0.416,0.804,0.416,0.804,0.416,5,5,15,5,5,,SIMULTANEOUS_SAME_CHECKPOINT,SIMULTANEOUS_SAME_CHECKPOINT,TARGET_FIRST,0.804,0.416,MIRRORED from original's own advATR/favATR at same real price path; does NOT include the extra spread cost of crossing to the opposite bid/ask side at entry (see report methodology note)
MAC_20260604150500_BUY_SQUEEZE_RELEASE,MAC,2026.06.04 15:05:00,BUY,SELL,SQUEEZE_RELEASE,FAILED-IMPULSE BLOCK,A,4497.48,7.88,N,,0.0,0.048,0.18,0.048,0.248,0.048,0.248,0.144,,,15,,,,,,TARGET_FIRST,NEITHER_5-60m,NEITHER_5-60m,0.248,0.144,MIRRORED from original's own advATR/favATR at same real price path; does NOT include the extra spread cost of crossing to the opposite bid/ask side at entry (see report methodology note)
MAC_20260604151000_BUY_SQUEEZE_RELEASE,MAC,2026.06.04 15:10:00,BUY,SELL,SQUEEZE_RELEASE,NEWS FILTER (high-impact event nearby),B,4498.95,8.18,N,,0.244,0.0,0.312,0.0,0.312,0.0,0.312,0.104,,,5,10,,,,,TARGET_FIRST,TARGET_FIRST,NEITHER_5-60m,0.312,0.104,MIRRORED from original's own advATR/favATR at same real price path; does NOT include the extra spread cost of crossing to the opposite bid/ask side at entry (see report methodology note)
MAC_20260604152500_BUY_TREND_PULLBACK,MAC,2026.06.04 15:25:00,BUY,SELL,TREND_PULLBACK,NEWS FILTER (high-impact event nearby),A,4497.76,8.23,N,,0.0,0.124,0.0,0.124,0.0,0.164,0.0,0.548,,,,,,30,30,30,STOP_FIRST,STOP_FIRST,STOP_FIRST,0.0,0.548,MIRRORED from original's own advATR/favATR at same real price path; does NOT include the extra spread cost of crossing to the opposite bid/ask side at entry (see report methodology note)
MAC_20260604154013_BUY_TREND_PULLBACK,MAC,2026.06.04 15:40:13,BUY,SELL,TREND_PULLBACK,FAILED-IMPULSE BLOCK,B,4501.24,7.54,N,,0.0,0.292,0.0,0.412,0.004,0.412,,,,,,,,5,10,,STOP_FIRST,STOP_FIRST,NEITHER_5-60m,0.004,0.412,MIRRORED from original's own advATR/favATR at same real price path; does NOT include the extra spread cost of crossing to the opposite bid/ask side at entry (see report methodology note)
MAC_20260604155012_BUY_TREND_PULLBACK,MAC,2026.06.04 15:50:12,BUY,SELL,TREND_PULLBACK,B-GRADE QUALITY BLOCK,B,4506.64,7.18,N,,0.0,0.132,0.304,0.132,,,,,,,10,10,,,,,TARGET_FIRST,TARGET_FIRST,NEITHER_5-60m,0.304,0.132,MIRRORED from original's own advATR/favATR at same real price path; does NOT include the extra spread cost of crossing to the opposite bid/ask side at entry (see report methodology note)
MAC_20260604160403_BUY_TREND_PULLBACK,MAC,2026.06.04 16:04:03,BUY,SELL,TREND_PULLBACK,FAILED-IMPULSE BLOCK,B,4503.44,7.02,N,,0.0,0.168,0.0,0.168,0.0,0.288,0.0,0.288,0.4,0.632,60,60,,15,60,60,STOP_FIRST,SIMULTANEOUS_SAME_CHECKPOINT,STOP_FIRST,0.4,0.632,MIRRORED from original's own advATR/favATR at same real price path; does NOT include the extra spread cost of crossing to the opposite bid/ask side at entry (see report methodology note)
MAC_20260604162012_BUY_TREND_PULLBACK,MAC,2026.06.04 16:20:12,BUY,SELL,TREND_PULLBACK,BAD-LOCATION BLOCK,B,4508.74,5.86,Y,60,0.304,0.0,0.304,0.0,0.304,0.0,0.304,0.396,1.524,0.396,5,5,60,30,30,,TARGET_FIRST,TARGET_FIRST,TARGET_FIRST,1.524,0.396,MIRRORED from original's own advATR/favATR at same real price path; does NOT include the extra spread cost of crossing to the opposite bid/ask side at entry (see report methodology note)
MAC_20260604162512_BUY_TREND_PULLBACK,MAC,2026.06.04 16:25:12,BUY,SELL,TREND_PULLBACK,B-GRADE QUALITY BLOCK,B,4504.36,5.68,Y,60,0.0,0.08,0.0,0.12,0.0,0.408,0.456,0.716,1.336,0.716,30,30,60,15,15,30,STOP_FIRST,STOP_FIRST,STOP_FIRST,1.336,0.716,MIRRORED from original's own advATR/favATR at same real price path; does NOT include the extra spread cost of crossing to the opposite bid/ask side at entry (see report methodology note)
MAC_20260604170512_BUY_TREND_PULLBACK,MAC,2026.06.04 17:05:12,BUY,SELL,TREND_PULLBACK,SMART-GUARD,A,4496.61,7.09,Y,60,0.404,0.0,0.552,0.0,0.576,0.0,0.92,0.0,1.824,0.0,5,5,10,,,,TARGET_FIRST,TARGET_FIRST,TARGET_FIRST,1.824,0.0,MIRRORED from original's own advATR/favATR at same real price path; does NOT include the extra spread cost of crossing to the opposite bid/ask side at entry (see report methodology note)
MAC_20260604171512_SELL_BREAKOUT,MAC,2026.06.04 17:15:12,SELL,BUY,BREAKOUT,SMART-GUARD,A,4486.4,7.17,N,,0.0,0.0,0.004,0.056,0.004,0.112,0.004,1.112,0.004,1.232,,,,30,30,30,STOP_FIRST,STOP_FIRST,STOP_FIRST,0.004,1.232,MIRRORED from original's own advATR/favATR at same real price path; does NOT include the extra spread cost of crossing to the opposite bid/ask side at entry (see report methodology note)
MAC_20260604182500_BUY_TREND_PULLBACK,MAC,2026.06.04 18:25:00,BUY,SELL,TREND_PULLBACK,SMART-GUARD,SKIP,4470.84,6.43,N,,0.0,0.02,0.0,0.064,,,,,,,,,,,,,NEITHER_5-60m,NEITHER_5-60m,NEITHER_5-60m,0.0,0.064,MIRRORED from original's own advATR/favATR at same real price path; does NOT include the extra spread cost of crossing to the opposite bid/ask side at entry (see report methodology note)
MAC_20260604183801_BUY_TREND_PULLBACK,MAC,2026.06.04 18:38:01,BUY,SELL,TREND_PULLBACK,SMART-GUARD,SKIP,4475.05,5.91,N,,0.236,0.136,0.236,0.136,0.236,0.188,0.236,0.512,0.236,0.624,5,,,30,30,30,TARGET_FIRST,STOP_FIRST,STOP_FIRST,0.236,0.624,MIRRORED from original's own advATR/favATR at same real price path; does NOT include the extra spread cost of crossing to the opposite bid/ask side at entry (see report methodology note)
MAC_20260604184012_BUY_TREND_PULLBACK,MAC,2026.06.04 18:40:12,BUY,SELL,TREND_PULLBACK,B-GRADE QUALITY BLOCK,B,4477.14,6.07,N,,0.368,0.0,0.368,0.0,0.368,0.044,0.368,0.364,0.368,0.468,5,5,,30,30,,TARGET_FIRST,TARGET_FIRST,NEITHER_5-60m,0.368,0.468,MIRRORED from original's own advATR/favATR at same real price path; does NOT include the extra spread cost of crossing to the opposite bid/ask side at entry (see report methodology note)
MAC_20260604192012_BUY_TREND_PULLBACK,MAC,2026.06.04 19:20:12,BUY,SELL,TREND_PULLBACK,BAD-RR TIMING BLOCK,A,4481.47,4.45,N,,0.0,0.248,0.0,0.248,0.0,0.248,0.0,0.248,0.556,0.248,60,60,60,5,,,STOP_FIRST,TARGET_FIRST,TARGET_FIRST,0.556,0.248,MIRRORED from original's own advATR/favATR at same real price path; does NOT include the extra spread cost of crossing to the opposite bid/ask side at entry (see report methodology note)
MAC_20260604194012_BUY_TREND_PULLBACK,MAC,2026.06.04 19:40:12,BUY,SELL,TREND_PULLBACK,B-GRADE QUALITY BLOCK,B,4482.34,4.55,N,,0.04,0.0,0.068,0.0,0.068,0.0,0.204,0.0,0.62,0.0,30,60,60,,,,TARGET_FIRST,TARGET_FIRST,TARGET_FIRST,0.62,0.0,MIRRORED from original's own advATR/favATR at same real price path; does NOT include the extra spread cost of crossing to the opposite bid/ask side at entry (see report methodology note)
MAC_20260604204012_BUY_TREND_PULLBACK,MAC,2026.06.04 20:40:12,BUY,SELL,TREND_PULLBACK,B-GRADE QUALITY BLOCK,B,4478.53,3.01,N,,0.16,0.0,0.16,0.084,0.16,0.084,0.16,0.084,0.688,0.236,60,60,60,60,,,SIMULTANEOUS_SAME_CHECKPOINT,TARGET_FIRST,TARGET_FIRST,0.688,0.236,MIRRORED from original's own advATR/favATR at same real price path; does NOT include the extra spread cost of crossing to the opposite bid/ask side at entry (see report methodology note)
MAC_20260604212512_BUY_TREND_PULLBACK,MAC,2026.06.04 21:25:12,BUY,SELL,TREND_PULLBACK,SMART-GUARD,A,4480.4,2.55,Y,10,0.428,0.0,1.02,0.0,1.1,0.0,1.1,0.0,1.1,0.104,5,5,10,,,,TARGET_FIRST,TARGET_FIRST,TARGET_FIRST,1.1,0.104,MIRRORED from original's own advATR/favATR at same real price path; does NOT include the extra spread cost of crossing to the opposite bid/ask side at entry (see report methodology note)
MAC_20260604214512_BUY_TREND_PULLBACK,MAC,2026.06.04 21:45:12,BUY,SELL,TREND_PULLBACK,B-GRADE QUALITY BLOCK,B,4475.06,2.43,N,,0.0,0.128,0.0,0.496,0.0,0.532,0.0,0.988,0.0,0.988,,,,10,10,15,STOP_FIRST,STOP_FIRST,STOP_FIRST,0.0,0.988,MIRRORED from original's own advATR/favATR at same real price path; does NOT include the extra spread cost of crossing to the opposite bid/ask side at entry (see report methodology note)
MAC_20260604220512_BUY_TREND_PULLBACK,MAC,2026.06.04 22:05:12,BUY,SELL,TREND_PULLBACK,BAD-RR TIMING BLOCK,A,4481.13,2.72,N,,0.364,0.0,0.424,0.0,0.424,0.0,0.424,0.0,0.48,0.0,5,5,,,,,TARGET_FIRST,TARGET_FIRST,NEITHER_5-60m,0.48,0.0,MIRRORED from original's own advATR/favATR at same real price path; does NOT include the extra spread cost of crossing to the opposite bid/ask side at entry (see report methodology note)
MAC_20260604222512_BUY_TREND_PULLBACK,MAC,2026.06.04 22:25:12,BUY,SELL,TREND_PULLBACK,SMART-GUARD,A,4479.19,2.78,N,,0.0,0.148,0.08,0.148,0.08,0.148,0.192,0.148,0.192,0.244,,,,60,,,STOP_FIRST,NEITHER_5-60m,NEITHER_5-60m,0.192,0.244,MIRRORED from original's own advATR/favATR at same real price path; does NOT include the extra spread cost of crossing to the opposite bid/ask side at entry (see report methodology note)
MAC_20260604223012_BUY_TREND_PULLBACK,MAC,2026.06.04 22:30:12,BUY,SELL,TREND_PULLBACK,LATE-CHASE ENTRY BLOCK,A,4480.28,2.76,N,,0.24,0.0,0.24,0.0,0.324,0.0,0.352,0.088,0.352,0.088,5,15,,,,,TARGET_FIRST,TARGET_FIRST,NEITHER_5-60m,0.352,0.088,MIRRORED from original's own advATR/favATR at same real price path; does NOT include the extra spread cost of crossing to the opposite bid/ask side at entry (see report methodology note)
MAC_20260604224512_BUY_TREND_PULLBACK,MAC,2026.06.04 22:45:12,BUY,SELL,TREND_PULLBACK,B-GRADE QUALITY BLOCK,B,4478.14,2.51,N,,0.0,0.08,0.044,0.08,0.044,0.436,0.044,0.436,0.044,0.436,,,,15,15,,STOP_FIRST,STOP_FIRST,NEITHER_5-60m,0.044,0.436,MIRRORED from original's own advATR/favATR at same real price path; does NOT include the extra spread cost of crossing to the opposite bid/ask side at entry (see report methodology note)
MAC_20260604234615_BUY_TREND_PULLBACK,MAC,2026.06.04 23:46:15,BUY,SELL,TREND_PULLBACK,B-GRADE QUALITY BLOCK,B,4480.96,2.55,Y,10,0.012,0.0,1.036,0.0,1.036,0.0,1.036,0.0,1.556,0.0,10,10,10,,,,TARGET_FIRST,TARGET_FIRST,TARGET_FIRST,1.556,0.0,MIRRORED from original's own advATR/favATR at same real price path; does NOT include the extra spread cost of crossing to the opposite bid/ask side at entry (see report methodology note)
MAC_20260605010047_BUY_TREND_PULLBACK,MAC,2026.06.05 01:00:47,BUY,SELL,TREND_PULLBACK,SMART-GUARD,A,4475.54,2.75,N,,0.172,0.0,0.172,0.072,0.172,0.304,0.172,0.512,0.796,0.6,60,60,60,15,15,30,STOP_FIRST,STOP_FIRST,STOP_FIRST,0.796,0.6,MIRRORED from original's own advATR/favATR at same real price path; does NOT include the extra spread cost of crossing to the opposite bid/ask side at entry (see report methodology note)
MAC_20260605015512_SELL_BREAKOUT,MAC,2026.06.05 01:55:12,SELL,BUY,BREAKOUT,BAD-RR TIMING BLOCK,A,4470.9,3.88,N,,0.0,0.088,0.02,0.088,0.088,0.088,0.088,0.16,0.088,0.952,,,,60,60,60,STOP_FIRST,STOP_FIRST,STOP_FIRST,0.088,0.952,MIRRORED from original's own advATR/favATR at same real price path; does NOT include the extra spread cost of crossing to the opposite bid/ask side at entry (see report methodology note)
MAC_20260605020014_SELL_BREAKOUT,MAC,2026.06.05 02:00:14,SELL,BUY,BREAKOUT,BAD-LOCATION BLOCK,B,4470.2,3.98,N,,0.156,0.0,0.156,0.0,0.156,0.024,0.156,0.444,0.156,0.856,,,,30,30,60,STOP_FIRST,STOP_FIRST,STOP_FIRST,0.156,0.856,MIRRORED from original's own advATR/favATR at same real price path; does NOT include the extra spread cost of crossing to the opposite bid/ask side at entry (see report methodology note)
MAC_20260605030000_SELL_TREND_PULLBACK,MAC,2026.06.05 03:00:00,SELL,BUY,TREND_PULLBACK,BAD-RR TIMING BLOCK,A,4461.0,4.34,N,,0.268,0.0,0.268,0.0,0.268,0.324,0.268,0.78,0.36,0.78,5,60,,15,15,30,TARGET_FIRST,STOP_FIRST,STOP_FIRST,0.36,0.78,MIRRORED from original's own advATR/favATR at same real price path; does NOT include the extra spread cost of crossing to the opposite bid/ask side at entry (see report methodology note)
MAC_20260605030512_SELL_TREND_PULLBACK,MAC,2026.06.05 03:05:12,SELL,BUY,TREND_PULLBACK,SMART-GUARD,A,4464.17,4.33,N,,0.0,0.2,0.0,0.616,0.0,1.076,0.0,1.076,0.552,1.076,60,60,60,5,10,10,STOP_FIRST,STOP_FIRST,STOP_FIRST,0.552,1.076,MIRRORED from original's own advATR/favATR at same real price path; does NOT include the extra spread cost of crossing to the opposite bid/ask side at entry (see report methodology note)
MAC_20260605032513_SELL_TREND_PULLBACK,MAC,2026.06.05 03:25:13,SELL,BUY,TREND_PULLBACK,BAD-LOCATION BLOCK,B,4454.43,4.61,Y,60,0.588,0.0,0.864,0.0,0.864,0.0,0.908,0.0,1.36,0.0,5,5,5,,,,TARGET_FIRST,TARGET_FIRST,TARGET_FIRST,1.36,0.0,MIRRORED from original's own advATR/favATR at same real price path; does NOT include the extra spread cost of crossing to the opposite bid/ask side at entry (see report methodology note)
MAC_20260605033512_SELL_TREND_PULLBACK,MAC,2026.06.05 03:35:12,SELL,BUY,TREND_PULLBACK,LATE-CHASE ENTRY BLOCK,A,4461.11,4.73,N,,0.276,0.0,0.276,0.0,0.276,0.0,0.764,0.22,0.764,0.492,5,30,30,30,60,,TARGET_FIRST,TARGET_FIRST,TARGET_FIRST,0.764,0.492,MIRRORED from original's own advATR/favATR at same real price path; does NOT include the extra spread cost of crossing to the opposite bid/ask side at entry (see report methodology note)
MAC_20260605034012_SELL_TREND_PULLBACK,MAC,2026.06.05 03:40:12,SELL,BUY,TREND_PULLBACK,FAILED-IMPULSE BLOCK,A,4464.3,4.81,N,,0.0,0.12,0.0,0.252,0.052,0.252,0.484,0.48,0.484,1.116,30,30,,10,30,60,STOP_FIRST,SIMULTANEOUS_SAME_CHECKPOINT,STOP_FIRST,0.484,1.116,MIRRORED from original's own advATR/favATR at same real price path; does NOT include the extra spread cost of crossing to the opposite bid/ask side at entry (see report methodology note)
MAC_20260605034513_SELL_TREND_PULLBACK,MAC,2026.06.05 03:45:13,SELL,BUY,TREND_PULLBACK,A+ TIMING DEMOTION,A,4462.83,4.66,N,,0.0,0.136,0.18,0.372,0.628,0.372,0.628,0.372,0.628,1.52,15,15,15,10,10,60,STOP_FIRST,STOP_FIRST,TARGET_FIRST,0.628,1.52,MIRRORED from original's own advATR/favATR at same real price path; does NOT include the extra spread cost of crossing to the opposite bid/ask side at entry (see report methodology note)
MAC_20260605040512_SELL_TREND_PULLBACK,MAC,2026.06.05 04:05:12,SELL,BUY,TREND_PULLBACK,SMART-GUARD,A,4469.56,5.88,N,,0.0,0.352,0.0,0.608,0.0,0.608,0.0,0.968,0.0,1.66,,,,5,5,10,STOP_FIRST,STOP_FIRST,STOP_FIRST,0.0,1.66,MIRRORED from original's own advATR/favATR at same real price path; does NOT include the extra spread cost of crossing to the opposite bid/ask side at entry (see report methodology note)
MAC_20260605043512_SELL_TREND_PULLBACK,MAC,2026.06.05 04:35:12,SELL,BUY,TREND_PULLBACK,BAD-LOCATION BLOCK,A,4456.34,6.83,N,,0.0,0.32,0.0,0.616,0.0,0.656,0.0,0.656,0.0,0.676,,,,5,5,10,STOP_FIRST,STOP_FIRST,STOP_FIRST,0.0,0.676,MIRRORED from original's own advATR/favATR at same real price path; does NOT include the extra spread cost of crossing to the opposite bid/ask side at entry (see report methodology note)
MAC_20260605044512_SELL_BREAKOUT,MAC,2026.06.05 04:45:12,SELL,BUY,BREAKOUT,BAD-RR TIMING BLOCK,A,4445.87,7.17,N,,0.0,0.04,0.248,0.04,0.248,0.04,0.248,0.04,0.372,0.308,10,60,,60,60,,TARGET_FIRST,SIMULTANEOUS_SAME_CHECKPOINT,NEITHER_5-60m,0.372,0.308,MIRRORED from original's own advATR/favATR at same real price path; does NOT include the extra spread cost of crossing to the opposite bid/ask side at entry (see report methodology note)
MAC_20260605045512_SELL_SQUEEZE_RELEASE,MAC,2026.06.05 04:55:12,SELL,BUY,SQUEEZE_RELEASE,BAD-LOCATION BLOCK,A,4450.18,7.28,N,,0.0,0.18,0.0,0.18,0.0,0.18,0.128,0.18,0.128,0.54,,,,60,60,60,STOP_FIRST,STOP_FIRST,STOP_FIRST,0.128,0.54,MIRRORED from original's own advATR/favATR at same real price path; does NOT include the extra spread cost of crossing to the opposite bid/ask side at entry (see report methodology note)
MAC_20260605050000_SELL_TREND_PULLBACK,MAC,2026.06.05 05:00:00,SELL,BUY,TREND_PULLBACK,BAD-RR TIMING BLOCK,A,4446.95,7.32,N,,0.108,0.0,0.108,0.0,0.152,0.0,0.304,0.0,0.304,0.364,30,30,,60,60,,TARGET_FIRST,TARGET_FIRST,NEITHER_5-60m,0.304,0.364,MIRRORED from original's own advATR/favATR at same real price path; does NOT include the extra spread cost of crossing to the opposite bid/ask side at entry (see report methodology note)
MAC_20260605051512_SELL_TREND_PULLBACK,MAC,2026.06.05 05:15:12,SELL,BUY,TREND_PULLBACK,SMART-GUARD,A,4449.57,6.78,N,,0.0,0.076,0.172,0.076,0.172,0.076,0.172,0.544,0.172,0.544,,,,30,30,30,STOP_FIRST,STOP_FIRST,STOP_FIRST,0.172,0.544,MIRRORED from original's own advATR/favATR at same real price path; does NOT include the extra spread cost of crossing to the opposite bid/ask side at entry (see report methodology note)
MAC_20260605052512_SELL_TREND_PULLBACK,MAC,2026.06.05 05:25:12,SELL,BUY,TREND_PULLBACK,FAILED-IMPULSE BLOCK,A,4452.41,6.68,N,,0.0,0.12,0.0,0.456,0.0,0.724,0.0,0.724,0.0,0.724,,,,10,10,15,STOP_FIRST,STOP_FIRST,STOP_FIRST,0.0,0.724,MIRRORED from original's own advATR/favATR at same real price path; does NOT include the extra spread cost of crossing to the opposite bid/ask side at entry (see report methodology note)
MAC_20260605053012_SELL_TREND_PULLBACK,MAC,2026.06.05 05:30:12,SELL,BUY,TREND_PULLBACK,A+ TIMING DEMOTION,A,4450.33,6.51,N,,0.0,0.34,0.0,0.616,0.0,0.616,0.0,0.616,0.0,0.652,,,,5,5,10,STOP_FIRST,STOP_FIRST,STOP_FIRST,0.0,0.652,MIRRORED from original's own advATR/favATR at same real price path; does NOT include the extra spread cost of crossing to the opposite bid/ask side at entry (see report methodology note)
MAC_20260605071514_SELL_TREND_PULLBACK,MAC,2026.06.05 07:15:14,SELL,BUY,TREND_PULLBACK,FAILED-IMPULSE BLOCK,A,4441.47,3.52,N,,0.0,0.204,0.0,0.26,0.0,0.26,0.06,0.26,0.824,0.26,60,60,60,5,,,STOP_FIRST,TARGET_FIRST,TARGET_FIRST,0.824,0.26,MIRRORED from original's own advATR/favATR at same real price path; does NOT include the extra spread cost of crossing to the opposite bid/ask side at entry (see report methodology note)
MAC_20260605073012_SELL_TREND_PULLBACK,MAC,2026.06.05 07:30:12,SELL,BUY,TREND_PULLBACK,LATE-CHASE ENTRY BLOCK,A,4439.53,3.49,Y,60,0.0,0.04,0.244,0.04,0.244,0.04,0.704,0.04,1.052,0.04,10,30,30,,,,TARGET_FIRST,TARGET_FIRST,TARGET_FIRST,1.052,0.04,MIRRORED from original's own advATR/favATR at same real price path; does NOT include the extra spread cost of crossing to the opposite bid/ask side at entry (see report methodology note)
MAC_20260605074012_SELL_TREND_PULLBACK,MAC,2026.06.05 07:40:12,SELL,BUY,TREND_PULLBACK,A+ TIMING DEMOTION,A,4441.53,3.41,N,,0.0,0.036,0.056,0.036,0.308,0.036,0.736,0.036,0.844,0.08,15,15,30,,,,TARGET_FIRST,TARGET_FIRST,TARGET_FIRST,0.844,0.08,MIRRORED from original's own advATR/favATR at same real price path; does NOT include the extra spread cost of crossing to the opposite bid/ask side at entry (see report methodology note)
MAC_20260605080512_BUY_BREAKOUT,MAC,2026.06.05 08:05:12,BUY,SELL,BREAKOUT,SMART-GUARD,A,4447.94,3.64,Y,60,0.048,0.0,0.048,0.084,0.22,0.084,0.776,0.084,1.008,0.084,15,30,30,,,,TARGET_FIRST,TARGET_FIRST,TARGET_FIRST,1.008,0.084,MIRRORED from original's own advATR/favATR at same real price path; does NOT include the extra spread cost of crossing to the opposite bid/ask side at entry (see report methodology note)
MAC_20260605081512_BUY_BREAKOUT,MAC,2026.06.05 08:15:12,BUY,SELL,BREAKOUT,B-GRADE QUALITY BLOCK,B,4448.98,3.62,Y,60,0.336,0.0,0.896,0.0,0.896,0.0,0.896,0.0,1.388,0.0,5,5,10,,,,TARGET_FIRST,TARGET_FIRST,TARGET_FIRST,1.388,0.0,MIRRORED from original's own advATR/favATR at same real price path; does NOT include the extra spread cost of crossing to the opposite bid/ask side at entry (see report methodology note)
MAC_20260605083242_SELL_TREND_PULLBACK,MAC,2026.06.05 08:32:42,SELL,BUY,TREND_PULLBACK,ANALYSIS-ONLY,A+,4440.76,3.5,N,,0.476,0.0,0.476,0.0,0.476,0.128,0.476,0.228,0.688,0.62,5,5,60,30,60,60,TARGET_FIRST,TARGET_FIRST,SIMULTANEOUS_SAME_CHECKPOINT,0.688,0.62,MIRRORED from original's own advATR/favATR at same real price path; does NOT include the extra spread cost of crossing to the opposite bid/ask side at entry (see report methodology note)
MAC_20260605083512_SELL_TREND_PULLBACK,MAC,2026.06.05 08:35:12,SELL,BUY,TREND_PULLBACK,SMART-GUARD,A+,4442.92,3.77,N,,0.212,0.0,0.212,0.0,0.212,0.348,0.212,0.44,0.412,0.804,5,60,,15,15,60,TARGET_FIRST,STOP_FIRST,STOP_FIRST,0.412,0.804,MIRRORED from original's own advATR/favATR at same real price path; does NOT include the extra spread cost of crossing to the opposite bid/ask side at entry (see report methodology note)
MAC_20260605084012_SELL_TREND_PULLBACK,MAC,2026.06.05 08:40:12,SELL,BUY,TREND_PULLBACK,A+ TIMING DEMOTION,A,4444.81,3.88,N,,0.0,0.028,0.0,0.532,0.0,0.532,0.0,0.624,0.424,0.976,60,60,,10,10,10,STOP_FIRST,STOP_FIRST,STOP_FIRST,0.424,0.976,MIRRORED from original's own advATR/favATR at same real price path; does NOT include the extra spread cost of crossing to the opposite bid/ask side at entry (see report methodology note)
MAC_20260605091012_SELL_TREND_PULLBACK,MAC,2026.06.05 09:10:12,SELL,BUY,TREND_PULLBACK,LATE-CHASE ENTRY BLOCK,A,4441.43,4.88,N,,0.0,0.412,0.0,0.5,0.236,0.5,0.616,0.5,,,15,30,30,5,5,10,STOP_FIRST,STOP_FIRST,STOP_FIRST,0.616,0.5,MIRRORED from original's own advATR/favATR at same real price path; does NOT include the extra spread cost of crossing to the opposite bid/ask side at entry (see report methodology note)
MAC_20260605093512_SELL_TREND_PULLBACK,MAC,2026.06.05 09:35:12,SELL,BUY,TREND_PULLBACK,FAILED-IMPULSE BLOCK,A,4446.73,5.92,N,,0.148,0.0,0.148,0.0,,,,,,,,,,,,,NEITHER_5-60m,NEITHER_5-60m,NEITHER_5-60m,0.148,0.0,MIRRORED from original's own advATR/favATR at same real price path; does NOT include the extra spread cost of crossing to the opposite bid/ask side at entry (see report methodology note)
MAC_20260605101355_SELL_TREND_PULLBACK,MAC,2026.06.05 10:13:55,SELL,BUY,TREND_PULLBACK,B-GRADE QUALITY BLOCK,B,4460.65,5.83,N,,0.068,0.004,0.244,0.004,0.46,0.004,0.46,0.004,0.46,0.08,10,15,,,,,TARGET_FIRST,TARGET_FIRST,NEITHER_5-60m,0.46,0.08,MIRRORED from original's own advATR/favATR at same real price path; does NOT include the extra spread cost of crossing to the opposite bid/ask side at entry (see report methodology note)
MAC_20260605102012_SELL_LONDON_FIX_PIN,MAC,2026.06.05 10:20:12,SELL,BUY,LONDON_FIX_PIN,ANALYSIS-ONLY,A,4460.53,5.93,N,,0.46,0.0,0.46,0.0,0.46,0.0,0.46,0.0,0.46,0.072,5,5,,,,,TARGET_FIRST,TARGET_FIRST,NEITHER_5-60m,0.46,0.072,MIRRORED from original's own advATR/favATR at same real price path; does NOT include the extra spread cost of crossing to the opposite bid/ask side at entry (see report methodology note)
MAC_20260605110012_SELL_TREND_PULLBACK,MAC,2026.06.05 11:00:12,SELL,BUY,TREND_PULLBACK,SMART-GUARD,A,4459.4,4.63,N,,0.176,0.0,0.176,0.0,0.176,0.0,0.548,0.0,0.548,0.0,30,30,30,,,,TARGET_FIRST,TARGET_FIRST,TARGET_FIRST,0.548,0.0,MIRRORED from original's own advATR/favATR at same real price path; does NOT include the extra spread cost of crossing to the opposite bid/ask side at entry (see report methodology note)
MAC_20260605111512_SELL_TREND_PULLBACK,MAC,2026.06.05 11:15:12,SELL,BUY,TREND_PULLBACK,B-GRADE QUALITY BLOCK,B,4461.12,4.4,N,,0.148,0.0,0.324,0.0,0.42,0.0,0.42,0.0,0.42,0.084,10,10,,,,,TARGET_FIRST,TARGET_FIRST,NEITHER_5-60m,0.42,0.084,MIRRORED from original's own advATR/favATR at same real price path; does NOT include the extra spread cost of crossing to the opposite bid/ask side at entry (see report methodology note)
MAC_20260605120014_SELL_TREND_PULLBACK,MAC,2026.06.05 12:00:14,SELL,BUY,TREND_PULLBACK,SMART-GUARD,A,4461.76,3.01,N,,0.0,0.208,0.504,0.208,0.808,0.208,0.808,0.208,0.808,0.208,10,10,10,5,,,STOP_FIRST,TARGET_FIRST,TARGET_FIRST,0.808,0.208,MIRRORED from original's own advATR/favATR at same real price path; does NOT include the extra spread cost of crossing to the opposite bid/ask side at entry (see report methodology note)
MAC_20260605121512_SELL_TREND_PULLBACK,MAC,2026.06.05 12:15:12,SELL,BUY,TREND_PULLBACK,B-GRADE QUALITY BLOCK,B,4465.29,3.4,N,,0.3,0.0,0.3,0.0,0.3,0.3,0.3,0.3,0.3,0.3,5,5,,15,15,,TARGET_FIRST,TARGET_FIRST,NEITHER_5-60m,0.3,0.3,MIRRORED from original's own advATR/favATR at same real price path; does NOT include the extra spread cost of crossing to the opposite bid/ask side at entry (see report methodology note)
MAC_20260605145013_BUY_TREND_PULLBACK,MAC,2026.06.05 14:50:13,BUY,SELL,TREND_PULLBACK,SMART-GUARD,A,4467.55,3.28,Y,60,0.0,0.58,0.272,0.58,0.272,0.58,0.272,0.928,6.08,0.928,10,60,60,5,5,5,STOP_FIRST,STOP_FIRST,STOP_FIRST,6.08,0.928,MIRRORED from original's own advATR/favATR at same real price path; does NOT include the extra spread cost of crossing to the opposite bid/ask side at entry (see report methodology note)
MAC_20260605145512_BUY_BREAKOUT,MAC,2026.06.05 14:55:12,BUY,SELL,BREAKOUT,SMART-GUARD,A,4472.44,3.68,Y,60,0.288,0.0,0.776,0.0,0.776,0.0,0.776,0.296,5.944,0.296,5,10,10,30,,,TARGET_FIRST,TARGET_FIRST,TARGET_FIRST,5.944,0.296,MIRRORED from original's own advATR/favATR at same real price path; does NOT include the extra spread cost of crossing to the opposite bid/ask side at entry (see report methodology note)
MAC_20260605150512_BUY_TREND_PULLBACK,MAC,2026.06.05 15:05:12,BUY,SELL,TREND_PULLBACK,FAILED-IMPULSE BLOCK,A,4465.39,4.14,Y,30,0.0,0.284,0.0,0.356,0.0,0.944,1.188,0.944,6.316,0.944,30,30,30,5,10,15,STOP_FIRST,STOP_FIRST,STOP_FIRST,6.316,0.944,MIRRORED from original's own advATR/favATR at same real price path; does NOT include the extra spread cost of crossing to the opposite bid/ask side at entry (see report methodology note)
MAC_20260605151013_BUY_TREND_PULLBACK,MAC,2026.06.05 15:10:13,BUY,SELL,TREND_PULLBACK,NEWS FILTER (high-impact event nearby),A,4469.1,4.29,Y,15,0.004,0.564,0.184,0.564,1.468,0.564,2.252,0.564,6.436,0.564,15,15,15,5,5,5,STOP_FIRST,STOP_FIRST,STOP_FIRST,6.436,0.564,MIRRORED from original's own advATR/favATR at same real price path; does NOT include the extra spread cost of crossing to the opposite bid/ask side at entry (see report methodology note)
MAC_20260605152012_BUY_TREND_PULLBACK,MAC,2026.06.05 15:20:12,BUY,SELL,TREND_PULLBACK,BAD-LOCATION BLOCK,A,4475.36,4.48,Y,10,0.736,0.0,1.964,0.0,1.988,0.0,5.144,0.0,6.72,0.0,5,5,5,,,,TARGET_FIRST,TARGET_FIRST,TARGET_FIRST,6.72,0.0,MIRRORED from original's own advATR/favATR at same real price path; does NOT include the extra spread cost of crossing to the opposite bid/ask side at entry (see report methodology note)
MAC_20260605153512_SELL_BREAKOUT,MAC,2026.06.05 15:35:12,SELL,BUY,BREAKOUT,SMART-GUARD,A+,4453.07,6.0,N,,0.0,0.54,0.0,0.54,0.0,2.356,0.0,3.536,0.0,4.068,,,,5,5,5,STOP_FIRST,STOP_FIRST,STOP_FIRST,0.0,4.068,MIRRORED from original's own advATR/favATR at same real price path; does NOT include the extra spread cost of crossing to the opposite bid/ask side at entry (see report methodology note)
MAC_20260605154512_SELL_SQUEEZE_RELEASE,MAC,2026.06.05 15:45:12,SELL,BUY,SQUEEZE_RELEASE,BAD-LOCATION BLOCK,B,4445.68,6.86,N,,0.0,1.632,0.0,2.66,0.0,2.66,0.0,2.66,0.0,3.604,,,,5,5,5,STOP_FIRST,STOP_FIRST,STOP_FIRST,0.0,3.604,MIRRORED from original's own advATR/favATR at same real price path; does NOT include the extra spread cost of crossing to the opposite bid/ask side at entry (see report methodology note)
MAC_20260605155000_SELL_BREAKOUT,MAC,2026.06.05 15:50:00,SELL,BUY,BREAKOUT,BAD-RR TIMING BLOCK,A,4440.09,7.25,N,,0.0,1.236,0.0,2.208,0.0,2.208,0.0,2.208,0.0,3.1,,,,5,5,5,STOP_FIRST,STOP_FIRST,STOP_FIRST,0.0,3.1,MIRRORED from original's own advATR/favATR at same real price path; does NOT include the extra spread cost of crossing to the opposite bid/ask side at entry (see report methodology note)
MAC_20260605160012_SELL_SQUEEZE_RELEASE,MAC,2026.06.05 16:00:12,SELL,BUY,SQUEEZE_RELEASE,BAD-RR TIMING BLOCK,A,4399.99,9.64,N,,0.68,0.0,0.772,0.0,0.772,0.0,0.772,0.0,0.772,1.428,5,5,5,60,60,60,TARGET_FIRST,TARGET_FIRST,TARGET_FIRST,0.772,1.428,MIRRORED from original's own advATR/favATR at same real price path; does NOT include the extra spread cost of crossing to the opposite bid/ask side at entry (see report methodology note)
MAC_20260605161000_SELL_SQUEEZE_RELEASE,MAC,2026.06.05 16:10:00,SELL,BUY,SQUEEZE_RELEASE,A+ TIMING DEMOTION,A,4416.26,10.87,N,,0.088,0.0,0.088,0.0,0.088,0.228,0.088,0.892,0.088,1.864,,,,15,30,30,STOP_FIRST,STOP_FIRST,STOP_FIRST,0.088,1.864,MIRRORED from original's own advATR/favATR at same real price path; does NOT include the extra spread cost of crossing to the opposite bid/ask side at entry (see report methodology note)
MAC_20260605165000_SELL_TREND_PULLBACK,MAC,2026.06.05 16:50:00,SELL,BUY,TREND_PULLBACK,BAD-RR TIMING BLOCK,A,4383.5,11.81,N,,0.016,0.0,0.016,0.608,0.016,0.608,0.016,0.608,0.016,1.248,,,,10,10,10,STOP_FIRST,STOP_FIRST,STOP_FIRST,0.016,1.248,MIRRORED from original's own advATR/favATR at same real price path; does NOT include the extra spread cost of crossing to the opposite bid/ask side at entry (see report methodology note)
MAC_20260605165513_SELL_TREND_PULLBACK,MAC,2026.06.05 16:55:13,SELL,BUY,TREND_PULLBACK,BAD-LOCATION BLOCK,B,4383.91,11.88,N,,0.0,0.616,0.0,0.616,0.0,0.616,0.0,0.864,0.0,1.256,,,,5,5,5,STOP_FIRST,STOP_FIRST,STOP_FIRST,0.0,1.256,MIRRORED from original's own advATR/favATR at same real price path; does NOT include the extra spread cost of crossing to the opposite bid/ask side at entry (see report methodology note)
MAC_20260605170012_SELL_TREND_PULLBACK,MAC,2026.06.05 17:00:12,SELL,BUY,TREND_PULLBACK,B-GRADE QUALITY BLOCK,B,4365.77,12.69,N,,0.232,0.0,0.28,0.0,0.28,0.0,0.28,0.236,0.28,0.604,5,,,30,60,60,TARGET_FIRST,STOP_FIRST,STOP_FIRST,0.28,0.604,MIRRORED from original's own advATR/favATR at same real price path; does NOT include the extra spread cost of crossing to the opposite bid/ask side at entry (see report methodology note)
MAC_20260605172513_SELL_TREND_PULLBACK,MAC,2026.06.05 17:25:13,SELL,BUY,TREND_PULLBACK,LATE-CHASE ENTRY BLOCK,B,4358.02,11.75,N,,0.156,0.236,0.156,0.388,0.156,0.388,0.444,0.388,0.444,0.388,30,30,,5,10,,STOP_FIRST,STOP_FIRST,NEITHER_5-60m,0.444,0.388,MIRRORED from original's own advATR/favATR at same real price path; does NOT include the extra spread cost of crossing to the opposite bid/ask side at entry (see report methodology note)
MAC_20260605181012_SELL_TREND_PULLBACK,MAC,2026.06.05 18:10:12,SELL,BUY,TREND_PULLBACK,SMART-GUARD,A,4360.86,10.54,N,,0.0,0.296,0.0,0.296,0.0,0.296,0.0,0.852,0.0,1.084,,,,5,30,30,STOP_FIRST,STOP_FIRST,STOP_FIRST,0.0,1.084,MIRRORED from original's own advATR/favATR at same real price path; does NOT include the extra spread cost of crossing to the opposite bid/ask side at entry (see report methodology note)
MAC_20260605181512_SELL_TREND_PULLBACK,MAC,2026.06.05 18:15:12,SELL,BUY,TREND_PULLBACK,B-GRADE QUALITY BLOCK,B,4353.45,10.12,N,,0.016,0.0,0.016,0.008,0.016,0.008,0.016,0.616,0.016,0.836,,,,30,30,30,STOP_FIRST,STOP_FIRST,STOP_FIRST,0.016,0.836,MIRRORED from original's own advATR/favATR at same real price path; does NOT include the extra spread cost of crossing to the opposite bid/ask side at entry (see report methodology note)
MAC_20260605182013_SELL_TREND_PULLBACK,MAC,2026.06.05 18:20:13,SELL,BUY,TREND_PULLBACK,BAD-LOCATION BLOCK,B,4353.8,9.65,N,,0.0,0.024,0.0,0.252,0.0,0.64,0.0,0.66,0.0,1.016,,,,10,15,15,STOP_FIRST,STOP_FIRST,STOP_FIRST,0.0,1.016,MIRRORED from original's own advATR/favATR at same real price path; does NOT include the extra spread cost of crossing to the opposite bid/ask side at entry (see report methodology note)
MAC_20260605185513_SELL_TREND_PULLBACK,MAC,2026.06.05 18:55:13,SELL,BUY,TREND_PULLBACK,LATE-CHASE ENTRY BLOCK,B,4341.42,8.58,N,,0.0,0.416,0.0,0.428,0.0,0.428,0.0,0.604,,,,,,5,5,30,STOP_FIRST,STOP_FIRST,STOP_FIRST,0.0,0.604,MIRRORED from original's own advATR/favATR at same real price path; does NOT include the extra spread cost of crossing to the opposite bid/ask side at entry (see report methodology note)
MAC_20260605195012_SELL_TREND_PULLBACK,MAC,2026.06.05 19:50:12,SELL,BUY,TREND_PULLBACK,B-GRADE QUALITY BLOCK,B,4334.36,6.59,N,,0.228,0.0,,,,,,,,,5,,,,,,TARGET_FIRST,NEITHER_5-60m,NEITHER_5-60m,0.228,0.0,MIRRORED from original's own advATR/favATR at same real price path; does NOT include the extra spread cost of crossing to the opposite bid/ask side at entry (see report methodology note)
MAC_20260605195513_SELL_TREND_PULLBACK,MAC,2026.06.05 19:55:13,SELL,BUY,TREND_PULLBACK,FAILED-IMPULSE BLOCK,B,4338.3,6.52,N,,,,,,,,,,,,,,,,,,NEITHER_5-60m,NEITHER_5-60m,NEITHER_5-60m,,,MIRRORED from original's own advATR/favATR at same real price path; does NOT include the extra spread cost of crossing to the opposite bid/ask side at entry (see report methodology note)
MAC_20260608013003_SELL_TREND_PULLBACK,MAC,2026.06.08 01:30:03,SELL,BUY,TREND_PULLBACK,SMART-GUARD,A+,4317.2,8.64,Y,30,0.284,0.0,0.4,0.0,0.4,0.0,1.248,0.0,1.248,0.0,5,10,30,,,,TARGET_FIRST,TARGET_FIRST,TARGET_FIRST,1.248,0.0,MIRRORED from original's own advATR/favATR at same real price path; does NOT include the extra spread cost of crossing to the opposite bid/ask side at entry (see report methodology note)
MAC_20260608013512_SELL_TREND_PULLBACK,MAC,2026.06.08 01:35:12,SELL,BUY,TREND_PULLBACK,FAILED-IMPULSE BLOCK,A,4323.01,8.79,N,,0.128,0.0,0.128,0.0,0.128,0.048,0.964,0.048,0.964,0.048,30,30,30,,,,TARGET_FIRST,TARGET_FIRST,TARGET_FIRST,0.964,0.048,MIRRORED from original's own advATR/favATR at same real price path; does NOT include the extra spread cost of crossing to the opposite bid/ask side at entry (see report methodology note)
MAC_20260608025513_SELL_TREND_PULLBACK,MAC,2026.06.08 02:55:13,SELL,BUY,TREND_PULLBACK,B-GRADE QUALITY BLOCK,B,4343.92,5.69,N,,0.0,0.172,0.0,0.172,0.0,0.172,0.524,0.172,0.524,0.216,30,30,30,60,,,TARGET_FIRST,TARGET_FIRST,TARGET_FIRST,0.524,0.216,MIRRORED from original's own advATR/favATR at same real price path; does NOT include the extra spread cost of crossing to the opposite bid/ask side at entry (see report methodology note)
MAC_20260608031513_SELL_TREND_PULLBACK,MAC,2026.06.08 03:15:13,SELL,BUY,TREND_PULLBACK,ANALYSIS-ONLY,A,4343.26,5.0,N,,0.492,0.0,0.648,0.0,0.648,0.0,0.648,0.032,0.648,2.172,5,5,10,60,60,60,TARGET_FIRST,TARGET_FIRST,TARGET_FIRST,0.648,2.172,MIRRORED from original's own advATR/favATR at same real price path; does NOT include the extra spread cost of crossing to the opposite bid/ask side at entry (see report methodology note)
MAC_20260608033512_SELL_TREND_PULLBACK,MAC,2026.06.08 03:35:12,SELL,BUY,TREND_PULLBACK,ANTI-BIAS BLOCK,B,4348.76,5.1,N,,0.0,0.176,0.0,0.26,0.0,0.464,0.0,0.876,0.0,2.804,,,,10,15,30,STOP_FIRST,STOP_FIRST,STOP_FIRST,0.0,2.804,MIRRORED from original's own advATR/favATR at same real price path; does NOT include the extra spread cost of crossing to the opposite bid/ask side at entry (see report methodology note)
MAC_20260608035514_SELL_TREND_PULLBACK,MAC,2026.06.08 03:55:14,SELL,BUY,TREND_PULLBACK,DIR-LOCK — SELL side locked until 04,A,4341.63,5.44,N,,0.0,0.3,0.0,0.46,0.0,1.284,0.0,2.108,0.0,2.108,,,,5,5,15,STOP_FIRST,STOP_FIRST,STOP_FIRST,0.0,2.108,MIRRORED from original's own advATR/favATR at same real price path; does NOT include the extra spread cost of crossing to the opposite bid/ask side at entry (see report methodology note)
MAC_20260608040013_SELL_TREND_PULLBACK,MAC,2026.06.08 04:00:13,SELL,BUY,TREND_PULLBACK,BAD-LOCATION BLOCK,A,4339.3,5.21,N,,0.0,0.304,0.0,1.164,0.0,1.784,0.0,2.024,0.0,2.024,,,,5,5,10,STOP_FIRST,STOP_FIRST,STOP_FIRST,0.0,2.024,MIRRORED from original's own advATR/favATR at same real price path; does NOT include the extra spread cost of crossing to the opposite bid/ask side at entry (see report methodology note)
MAC_20260608040513_SELL_TREND_PULLBACK,MAC,2026.06.08 04:05:13,SELL,BUY,TREND_PULLBACK,BAD-RR TIMING BLOCK,A,4337.64,5.58,N,,0.0,0.968,0.0,1.548,0.0,1.548,0.0,1.768,0.0,1.768,,,,5,5,5,STOP_FIRST,STOP_FIRST,STOP_FIRST,0.0,1.768,MIRRORED from original's own advATR/favATR at same real price path; does NOT include the extra spread cost of crossing to the opposite bid/ask side at entry (see report methodology note)
MAC_20260608042012_SELL_BREAKOUT,MAC,2026.06.08 04:20:12,SELL,BUY,BREAKOUT,ANTI-BIAS BLOCK,A,4315.93,6.95,N,,0.276,0.0,0.276,0.168,0.276,0.168,0.596,0.168,0.652,0.168,5,30,30,,,,TARGET_FIRST,TARGET_FIRST,TARGET_FIRST,0.652,0.168,MIRRORED from original's own advATR/favATR at same real price path; does NOT include the extra spread cost of crossing to the opposite bid/ask side at entry (see report methodology note)
MAC_20260608043013_SELL_BREAKOUT,MAC,2026.06.08 04:30:13,SELL,BUY,BREAKOUT,BAD-RR TIMING BLOCK,A,4311.59,8.04,N,,0.288,0.0,0.728,0.0,0.728,0.0,0.78,0.0,0.78,0.0,5,10,10,,,,TARGET_FIRST,TARGET_FIRST,TARGET_FIRST,0.78,0.0,MIRRORED from original's own advATR/favATR at same real price path; does NOT include the extra spread cost of crossing to the opposite bid/ask side at entry (see report methodology note)
MAC_20260608043512_SELL_SQUEEZE_RELEASE,MAC,2026.06.08 04:35:12,SELL,BUY,SQUEEZE_RELEASE,BAD-LOCATION BLOCK,A,4313.0,8.96,N,,0.592,0.0,0.592,0.0,0.592,0.0,0.636,0.0,0.636,0.0,5,5,5,,,,TARGET_FIRST,TARGET_FIRST,TARGET_FIRST,0.636,0.0,MIRRORED from original's own advATR/favATR at same real price path; does NOT include the extra spread cost of crossing to the opposite bid/ask side at entry (see report methodology note)
MAC_20260608044500_SELL_SQUEEZE_RELEASE,MAC,2026.06.08 04:45:00,SELL,BUY,SQUEEZE_RELEASE,FAILED-IMPULSE BLOCK,A,4326.16,9.46,N,,0.0,0.096,0.0,0.1,0.048,0.1,0.048,0.508,0.048,0.508,,,,30,30,30,STOP_FIRST,STOP_FIRST,STOP_FIRST,0.048,0.508,MIRRORED from original's own advATR/favATR at same real price path; does NOT include the extra spread cost of crossing to the opposite bid/ask side at entry (see report methodology note)
MAC_20260608045001_SELL_TREND_PULLBACK,MAC,2026.06.08 04:50:01,SELL,BUY,TREND_PULLBACK,A+ TIMING DEMOTION,A,4323.51,9.49,N,,0.012,0.0,0.16,0.0,0.16,0.112,0.16,0.396,0.16,0.396,,,,30,30,,STOP_FIRST,STOP_FIRST,NEITHER_5-60m,0.16,0.396,MIRRORED from original's own advATR/favATR at same real price path; does NOT include the extra spread cost of crossing to the opposite bid/ask side at entry (see report methodology note)
MAC_20260608045512_SELL_TREND_PULLBACK,MAC,2026.06.08 04:55:12,SELL,BUY,TREND_PULLBACK,ANTI-BIAS BLOCK,A,4323.73,9.64,N,,0.148,0.0,0.148,0.12,0.148,0.4,0.148,0.4,0.148,0.4,,,,15,15,,STOP_FIRST,STOP_FIRST,NEITHER_5-60m,0.148,0.4,MIRRORED from original's own advATR/favATR at same real price path; does NOT include the extra spread cost of crossing to the opposite bid/ask side at entry (see report methodology note)
MAC_20260608050013_SELL_TREND_PULLBACK,MAC,2026.06.08 05:00:13,SELL,BUY,TREND_PULLBACK,FAILED-IMPULSE BLOCK,A,4327.32,9.6,N,,0.0,0.552,0.0,0.552,0.0,0.552,0.0,0.552,0.0,0.672,,,,5,5,5,STOP_FIRST,STOP_FIRST,STOP_FIRST,0.0,0.672,MIRRORED from original's own advATR/favATR at same real price path; does NOT include the extra spread cost of crossing to the opposite bid/ask side at entry (see report methodology note)
MAC_20260608074015_SELL_TREND_PULLBACK,MAC,2026.06.08 07:40:15,SELL,BUY,TREND_PULLBACK,SMART-GUARD,A+,4311.05,4.41,N,,0.0,0.808,0.0,2.284,0.0,2.284,0.0,2.284,0.0,2.284,,,,5,5,5,STOP_FIRST,STOP_FIRST,STOP_FIRST,0.0,2.284,MIRRORED from original's own advATR/favATR at same real price path; does NOT include the extra spread cost of crossing to the opposite bid/ask side at entry (see report methodology note)
MAC_20260608083512_SELL_ASIA_BREAKOUT,MAC,2026.06.08 08:35:12,SELL,BUY,ASIA_BREAKOUT,SMART-GUARD,A+,4285.48,6.66,Y,30,0.308,0.0,0.308,0.0,0.308,0.0,1.04,0.0,1.092,0.0,5,5,30,,,,TARGET_FIRST,TARGET_FIRST,TARGET_FIRST,1.092,0.0,MIRRORED from original's own advATR/favATR at same real price path; does NOT include the extra spread cost of crossing to the opposite bid/ask side at entry (see report methodology note)
MAC_20260608084012_SELL_SQUEEZE_RELEASE,MAC,2026.06.08 08:40:12,SELL,BUY,SQUEEZE_RELEASE,FAILED-IMPULSE BLOCK,A,4290.57,8.01,N,,0.0,0.216,0.0,0.216,0.076,0.216,0.612,0.216,0.652,0.216,30,30,30,5,,,STOP_FIRST,TARGET_FIRST,TARGET_FIRST,0.652,0.216,MIRRORED from original's own advATR/favATR at same real price path; does NOT include the extra spread cost of crossing to the opposite bid/ask side at entry (see report methodology note)
MAC_20260608085012_SELL_SQUEEZE_RELEASE,MAC,2026.06.08 08:50:12,SELL,BUY,SQUEEZE_RELEASE,Trade blocked — momentum slowdown (close in opposite 30% of last,A,4286.14,8.35,N,,0.288,0.0,0.8,0.0,0.8,0.0,0.84,0.0,0.84,0.0,5,10,10,,,,TARGET_FIRST,TARGET_FIRST,TARGET_FIRST,0.84,0.0,MIRRORED from original's own advATR/favATR at same real price path; does NOT include the extra spread cost of crossing to the opposite bid/ask side at entry (see report methodology note)
MAC_20260608090000_SELL_TREND_PULLBACK,MAC,2026.06.08 09:00:00,SELL,BUY,TREND_PULLBACK,FAILED-IMPULSE BLOCK,A,4292.35,9.14,N,,0.456,0.0,0.456,0.0,0.456,0.0,0.496,0.0,0.496,0.0,5,5,,,,,TARGET_FIRST,TARGET_FIRST,NEITHER_5-60m,0.496,0.0,MIRRORED from original's own advATR/favATR at same real price path; does NOT include the extra spread cost of crossing to the opposite bid/ask side at entry (see report methodology note)
MAC_20260608090512_SELL_SQUEEZE_RELEASE,MAC,2026.06.08 09:05:12,SELL,BUY,SQUEEZE_RELEASE,A+ TIMING DEMOTION,A,4302.71,9.98,N,,0.004,0.0,0.036,0.0,0.036,0.168,0.036,0.304,0.036,0.304,,,,30,30,,STOP_FIRST,STOP_FIRST,NEITHER_5-60m,0.036,0.304,MIRRORED from original's own advATR/favATR at same real price path; does NOT include the extra spread cost of crossing to the opposite bid/ask side at entry (see report methodology note)
MAC_20260608091000_SELL_TREND_PULLBACK,MAC,2026.06.08 09:10:00,SELL,BUY,TREND_PULLBACK,A+ TIMING DEMOTION,A,4302.96,10.16,N,,0.0,0.004,0.028,0.004,0.028,0.176,0.028,0.312,0.028,0.312,,,,30,30,,STOP_FIRST,STOP_FIRST,NEITHER_5-60m,0.028,0.312,MIRRORED from original's own advATR/favATR at same real price path; does NOT include the extra spread cost of crossing to the opposite bid/ask side at entry (see report methodology note)
MAC_20260608091512_SELL_TREND_PULLBACK,MAC,2026.06.08 09:15:12,SELL,BUY,TREND_PULLBACK,SMART-GUARD,A+,4303.06,10.35,N,,0.024,0.0,0.024,0.176,0.024,0.308,0.024,0.308,0.024,0.308,,,,15,15,,STOP_FIRST,STOP_FIRST,NEITHER_5-60m,0.024,0.308,MIRRORED from original's own advATR/favATR at same real price path; does NOT include the extra spread cost of crossing to the opposite bid/ask side at entry (see report methodology note)
MAC_20260608094012_SELL_TREND_PULLBACK,MAC,2026.06.08 09:40:12,SELL,BUY,TREND_PULLBACK,ANALYSIS-ONLY,A+,4294.86,10.72,N,,0.132,0.0,0.152,0.0,0.152,0.0,0.2,0.0,0.704,0.0,30,60,60,,,,TARGET_FIRST,TARGET_FIRST,TARGET_FIRST,0.704,0.0,MIRRORED from original's own advATR/favATR at same real price path; does NOT include the extra spread cost of crossing to the opposite bid/ask side at entry (see report methodology note)
MAC_20260608094512_SELL_TREND_PULLBACK,MAC,2026.06.08 09:45:12,SELL,BUY,TREND_PULLBACK,LATE-CHASE ENTRY BLOCK,A,4298.18,9.26,N,,0.036,0.0,0.036,0.036,0.048,0.036,0.188,0.036,0.668,0.036,60,60,60,,,,TARGET_FIRST,TARGET_FIRST,TARGET_FIRST,0.668,0.036,MIRRORED from original's own advATR/favATR at same real price path; does NOT include the extra spread cost of crossing to the opposite bid/ask side at entry (see report methodology note)
MAC_20260608101512_SELL_TREND_PULLBACK,MAC,2026.06.08 10:15:12,SELL,BUY,TREND_PULLBACK,A+ TIMING DEMOTION,A,4302.44,6.68,N,,0.204,0.0,0.672,0.0,0.672,0.0,0.672,0.008,0.672,0.6,5,10,10,60,60,60,TARGET_FIRST,TARGET_FIRST,TARGET_FIRST,0.672,0.6,MIRRORED from original's own advATR/favATR at same real price path; does NOT include the extra spread cost of crossing to the opposite bid/ask side at entry (see report methodology note)
MAC_20260608102012_SELL_TREND_PULLBACK,MAC,2026.06.08 10:20:12,SELL,BUY,TREND_PULLBACK,FAILED-IMPULSE BLOCK,A,4305.96,6.89,N,,0.448,0.0,0.448,0.052,0.448,0.052,0.448,0.444,0.448,0.784,5,5,,30,30,60,TARGET_FIRST,TARGET_FIRST,STOP_FIRST,0.448,0.784,MIRRORED from original's own advATR/favATR at same real price path; does NOT include the extra spread cost of crossing to the opposite bid/ask side at entry (see report methodology note)
MAC_20260608103012_SELL_TREND_PULLBACK,MAC,2026.06.08 10:30:12,SELL,BUY,TREND_PULLBACK,SMART-GUARD,A+,4305.17,7.32,N,,0.148,0.0,0.148,0.0,0.148,0.156,0.148,0.548,0.148,0.928,,,,30,30,30,STOP_FIRST,STOP_FIRST,STOP_FIRST,0.148,0.928,MIRRORED from original's own advATR/favATR at same real price path; does NOT include the extra spread cost of crossing to the opposite bid/ask side at entry (see report methodology note)
MAC_20260608104014_SELL_TREND_PULLBACK,MAC,2026.06.08 10:40:14,SELL,BUY,TREND_PULLBACK,EPF-T4 guarded mode,A,4307.4,7.17,N,,0.0,0.508,0.0,0.58,0.0,0.684,0.0,0.836,0.0,1.096,,,,5,5,5,STOP_FIRST,STOP_FIRST,STOP_FIRST,0.0,1.096,MIRRORED from original's own advATR/favATR at same real price path; does NOT include the extra spread cost of crossing to the opposite bid/ask side at entry (see report methodology note)
MAC_20260608111512_SELL_TREND_PULLBACK,MAC,2026.06.08 11:15:12,SELL,BUY,TREND_PULLBACK,A+ TIMING DEMOTION,A,4292.34,6.95,N,,0.024,0.0,0.024,0.168,0.024,0.24,0.024,0.264,0.024,0.376,,,,15,60,,STOP_FIRST,STOP_FIRST,NEITHER_5-60m,0.024,0.376,MIRRORED from original's own advATR/favATR at same real price path; does NOT include the extra spread cost of crossing to the opposite bid/ask side at entry (see report methodology note)
MAC_20260608113012_SELL_TREND_PULLBACK,MAC,2026.06.08 11:30:12,SELL,BUY,TREND_PULLBACK,SMART-GUARD,A,4288.31,6.15,N,,0.084,0.0,0.228,0.036,0.228,0.036,0.228,0.036,0.228,0.688,10,,,60,60,60,TARGET_FIRST,STOP_FIRST,STOP_FIRST,0.228,0.688,MIRRORED from original's own advATR/favATR at same real price path; does NOT include the extra spread cost of crossing to the opposite bid/ask side at entry (see report methodology note)
MAC_20260608113512_SELL_SQUEEZE_RELEASE,MAC,2026.06.08 11:35:12,SELL,BUY,SQUEEZE_RELEASE,BAD-LOCATION BLOCK,A,4289.49,5.86,N,,0.16,0.12,0.16,0.12,0.16,0.12,0.16,0.12,0.16,1.04,,,,60,60,60,STOP_FIRST,STOP_FIRST,STOP_FIRST,0.16,1.04,MIRRORED from original's own advATR/favATR at same real price path; does NOT include the extra spread cost of crossing to the opposite bid/ask side at entry (see report methodology note)
MAC_20260608115512_SELL_TREND_PULLBACK,MAC,2026.06.08 11:55:12,SELL,BUY,TREND_PULLBACK,BAD-LOCATION BLOCK,A,4288.68,5.25,N,,0.032,0.0,0.144,0.0,0.144,0.22,0.144,0.22,0.9,1.096,60,60,60,15,60,60,STOP_FIRST,SIMULTANEOUS_SAME_CHECKPOINT,SIMULTANEOUS_SAME_CHECKPOINT,0.9,1.096,MIRRORED from original's own advATR/favATR at same real price path; does NOT include the extra spread cost of crossing to the opposite bid/ask side at entry (see report methodology note)
MAC_20260608120513_SELL_TREND_PULLBACK,MAC,2026.06.08 12:05:13,SELL,BUY,TREND_PULLBACK,FAILED-IMPULSE BLOCK,A,4290.48,5.26,N,,0.0,0.356,0.0,0.356,0.0,0.356,0.172,1.232,0.764,1.232,60,60,60,5,5,30,STOP_FIRST,STOP_FIRST,STOP_FIRST,0.764,1.232,MIRRORED from original's own advATR/favATR at same real price path; does NOT include the extra spread cost of crossing to the opposite bid/ask side at entry (see report methodology note)
MAC_20260608122512_SELL_TREND_PULLBACK,MAC,2026.06.08 12:25:12,SELL,BUY,TREND_PULLBACK,A+ TIMING DEMOTION,A,4286.09,4.94,Y,30,0.0,0.676,0.0,0.956,0.54,0.956,1.168,0.956,2.332,0.956,15,15,15,5,5,5,STOP_FIRST,STOP_FIRST,STOP_FIRST,2.332,0.956,MIRRORED from original's own advATR/favATR at same real price path; does NOT include the extra spread cost of crossing to the opposite bid/ask side at entry (see report methodology note)
MAC_20260608123012_SELL_TREND_PULLBACK,MAC,2026.06.08 12:30:12,SELL,BUY,TREND_PULLBACK,SMART-GUARD,A+,4277.76,5.18,Y,10,0.0,0.268,1.156,0.268,1.236,0.268,1.756,0.268,2.868,0.268,10,10,10,5,,,STOP_FIRST,TARGET_FIRST,TARGET_FIRST,2.868,0.268,MIRRORED from original's own advATR/favATR at same real price path; does NOT include the extra spread cost of crossing to the opposite bid/ask side at entry (see report methodology note)
MAC_20260608123512_SELL_ASIA_BREAKOUT,MAC,2026.06.08 12:35:12,SELL,BUY,ASIA_BREAKOUT,SMART-GUARD,A+,4274.16,5.36,Y,5,1.384,0.0,1.464,0.0,1.964,0.0,1.964,0.0,3.04,0.0,5,5,5,,,,TARGET_FIRST,TARGET_FIRST,TARGET_FIRST,3.04,0.0,MIRRORED from original's own advATR/favATR at same real price path; does NOT include the extra spread cost of crossing to the opposite bid/ask side at entry (see report methodology note)
MAC_20260608125012_BUY_BREAKOUT,MAC,2026.06.08 12:50:12,BUY,SELL,BREAKOUT,SMART-GUARD,A,4300.6,7.0,N,,0.384,0.0,0.384,0.0,0.552,0.0,0.552,0.816,0.552,1.616,5,5,15,30,30,30,TARGET_FIRST,TARGET_FIRST,TARGET_FIRST,0.552,1.616,MIRRORED from original's own advATR/favATR at same real price path; does NOT include the extra spread cost of crossing to the opposite bid/ask side at entry (see report methodology note)
MAC_20260608141543_SELL_TREND_PULLBACK,MAC,2026.06.08 14:15:43,SELL,BUY,TREND_PULLBACK,B-GRADE QUALITY BLOCK,B,4315.48,6.6,N,,0.812,0.0,0.812,0.0,0.884,0.0,0.884,0.0,0.96,0.0,5,5,5,,,,TARGET_FIRST,TARGET_FIRST,TARGET_FIRST,0.96,0.0,MIRRORED from original's own advATR/favATR at same real price path; does NOT include the extra spread cost of crossing to the opposite bid/ask side at entry (see report methodology note)
MAC_20260608142512_BUY_SQUEEZE_RELEASE,MAC,2026.06.08 14:25:12,BUY,SELL,SQUEEZE_RELEASE,BAD-LOCATION BLOCK,B,4325.67,7.38,N,,0.016,0.24,0.016,0.24,0.088,0.24,0.088,0.24,0.16,0.308,,,,5,60,,STOP_FIRST,STOP_FIRST,NEITHER_5-60m,0.16,0.308,MIRRORED from original's own advATR/favATR at same real price path; does NOT include the extra spread cost of crossing to the opposite bid/ask side at entry (see report methodology note)
MAC_20260608144000_SELL_TREND_PULLBACK,MAC,2026.06.08 14:40:00,SELL,BUY,TREND_PULLBACK,SMART-GUARD,A,4325.41,7.95,N,,0.0,0.068,0.0,0.068,0.052,0.068,0.296,0.068,0.296,0.136,30,,,,,,TARGET_FIRST,NEITHER_5-60m,NEITHER_5-60m,0.296,0.136,MIRRORED from original's own advATR/favATR at same real price path; does NOT include the extra spread cost of crossing to the opposite bid/ask side at entry (see report methodology note)
MAC_20260608150014_SELL_LONDON_FIX_PIN,MAC,2026.06.08 15:00:14,SELL,BUY,LONDON_FIX_PIN,EPF-T4 guarded mode,A,4327.91,7.39,N,,0.184,0.0,0.184,0.28,0.184,0.28,0.184,0.28,0.408,0.28,60,60,,10,,,STOP_FIRST,TARGET_FIRST,NEITHER_5-60m,0.408,0.28,MIRRORED from original's own advATR/favATR at same real price path; does NOT include the extra spread cost of crossing to the opposite bid/ask side at entry (see report methodology note)
MAC_20260608152512_SELL_TREND_PULLBACK,MAC,2026.06.08 15:25:12,SELL,BUY,TREND_PULLBACK,B-GRADE QUALITY BLOCK,B,4328.52,7.4,N,,0.088,0.0,0.088,0.04,0.144,0.04,0.376,0.04,0.376,0.244,30,30,,60,,,TARGET_FIRST,TARGET_FIRST,NEITHER_5-60m,0.376,0.244,MIRRORED from original's own advATR/favATR at same real price path; does NOT include the extra spread cost of crossing to the opposite bid/ask side at entry (see report methodology note)
MAC_20260608155012_SELL_TREND_PULLBACK,MAC,2026.06.08 15:50:12,SELL,BUY,TREND_PULLBACK,SMART-GUARD,A,4332.7,6.58,N,,0.0,0.152,0.0,0.152,0.0,0.22,0.0,0.532,0.444,0.532,60,60,,15,30,30,STOP_FIRST,STOP_FIRST,STOP_FIRST,0.444,0.532,MIRRORED from original's own advATR/favATR at same real price path; does NOT include the extra spread cost of crossing to the opposite bid/ask side at entry (see report methodology note)
MAC_20260608163512_SELL_TREND_PULLBACK,MAC,2026.06.08 16:35:12,SELL,BUY,TREND_PULLBACK,B-GRADE QUALITY BLOCK,B,4333.04,6.69,N,,0.416,0.0,0.416,0.0,0.416,0.004,0.416,0.62,,,5,5,,30,30,30,TARGET_FIRST,TARGET_FIRST,STOP_FIRST,0.416,0.62,MIRRORED from original's own advATR/favATR at same real price path; does NOT include the extra spread cost of crossing to the opposite bid/ask side at entry (see report methodology note)
MAC_20260608165012_SELL_TREND_PULLBACK,MAC,2026.06.08 16:50:12,SELL,BUY,TREND_PULLBACK,SMART-GUARD,A,4333.12,7.57,N,,0.124,0.0,0.124,0.228,0.124,0.552,,,,,,,,10,15,15,STOP_FIRST,STOP_FIRST,STOP_FIRST,0.124,0.552,MIRRORED from original's own advATR/favATR at same real price path; does NOT include the extra spread cost of crossing to the opposite bid/ask side at entry (see report methodology note)
MAC_20260608201512_BUY_TREND_PULLBACK,MAC,2026.06.08 20:15:12,BUY,SELL,TREND_PULLBACK,SMART-GUARD,A,4339.68,4.33,N,,0.12,0.0,0.348,0.0,0.348,0.0,0.492,0.0,0.492,0.392,10,10,,60,60,,TARGET_FIRST,TARGET_FIRST,NEITHER_5-60m,0.492,0.392,MIRRORED from original's own advATR/favATR at same real price path; does NOT include the extra spread cost of crossing to the opposite bid/ask side at entry (see report methodology note)
MAC_20260608202012_BUY_TREND_PULLBACK,MAC,2026.06.08 20:20:12,BUY,SELL,TREND_PULLBACK,FAILED-IMPULSE BLOCK,A,4338.49,4.29,N,,0.24,0.0,0.24,0.068,0.256,0.068,0.384,0.068,0.384,0.508,5,30,,60,60,60,TARGET_FIRST,TARGET_FIRST,STOP_FIRST,0.384,0.508,MIRRORED from original's own advATR/favATR at same real price path; does NOT include the extra spread cost of crossing to the opposite bid/ask side at entry (see report methodology note)
MAC_20260608210012_BUY_TREND_PULLBACK,MAC,2026.06.08 21:00:12,BUY,SELL,TREND_PULLBACK,LATE-CHASE ENTRY BLOCK,A,4339.53,4.32,N,,0.0,0.408,0.0,0.408,0.0,0.408,0.0,0.428,0.488,0.428,60,60,,5,5,,STOP_FIRST,STOP_FIRST,NEITHER_5-60m,0.488,0.428,MIRRORED from original's own advATR/favATR at same real price path; does NOT include the extra spread cost of crossing to the opposite bid/ask side at entry (see report methodology note)
MAC_20260608211012_BUY_TREND_PULLBACK,MAC,2026.06.08 21:10:12,BUY,SELL,TREND_PULLBACK,BAD-RR TIMING BLOCK,A,4343.81,4.16,Y,60,0.18,0.0,0.18,0.0,0.18,0.036,0.532,0.036,1.276,0.036,30,30,30,,,,TARGET_FIRST,TARGET_FIRST,TARGET_FIRST,1.276,0.036,MIRRORED from original's own advATR/favATR at same real price path; does NOT include the extra spread cost of crossing to the opposite bid/ask side at entry (see report methodology note)
MAC_20260608212512_BUY_TREND_PULLBACK,MAC,2026.06.08 21:25:12,BUY,SELL,TREND_PULLBACK,SMART-GUARD,A,4344.25,3.89,Y,30,0.036,0.0,0.344,0.0,0.612,0.0,1.004,0.0,1.768,0.0,10,10,15,,,,TARGET_FIRST,TARGET_FIRST,TARGET_FIRST,1.768,0.0,MIRRORED from original's own advATR/favATR at same real price path; does NOT include the extra spread cost of crossing to the opposite bid/ask side at entry (see report methodology note)
MAC_20260608214012_BUY_TREND_PULLBACK,MAC,2026.06.08 21:40:12,BUY,SELL,TREND_PULLBACK,FAILED-IMPULSE BLOCK,A,4338.38,3.7,Y,60,0.164,0.0,0.364,0.0,0.42,0.0,0.844,0.0,1.436,0.0,10,10,30,,,,TARGET_FIRST,TARGET_FIRST,TARGET_FIRST,1.436,0.0,MIRRORED from original's own advATR/favATR at same real price path; does NOT include the extra spread cost of crossing to the opposite bid/ask side at entry (see report methodology note)
MAC_20260608215012_BUY_TREND_PULLBACK,MAC,2026.06.08 21:50:12,BUY,SELL,TREND_PULLBACK,B-GRADE QUALITY BLOCK,B,4335.09,3.33,Y,60,0.072,0.0,0.096,0.0,0.096,0.0,0.636,0.0,1.2,0.0,30,30,30,,,,TARGET_FIRST,TARGET_FIRST,TARGET_FIRST,1.2,0.0,MIRRORED from original's own advATR/favATR at same real price path; does NOT include the extra spread cost of crossing to the opposite bid/ask side at entry (see report methodology note)
MAC_20260608222512_SELL_BREAKOUT,MAC,2026.06.08 22:25:12,SELL,BUY,BREAKOUT,BAD-RR TIMING BLOCK,A,4326.97,3.47,N,,0.172,0.0,0.172,0.112,0.172,0.216,0.172,0.216,0.172,0.216,,,,15,,,STOP_FIRST,NEITHER_5-60m,NEITHER_5-60m,0.172,0.216,MIRRORED from original's own advATR/favATR at same real price path; does NOT include the extra spread cost of crossing to the opposite bid/ask side at entry (see report methodology note)
MAC_20260608225500_BUY_TREND_PULLBACK,MAC,2026.06.08 22:55:00,BUY,SELL,TREND_PULLBACK,B-GRADE QUALITY BLOCK,B,4328.67,3.21,N,,0.24,0.0,0.24,0.0,0.24,0.0,0.24,0.0,0.24,0.0,5,,,,,,TARGET_FIRST,NEITHER_5-60m,NEITHER_5-60m,0.24,0.0,MIRRORED from original's own advATR/favATR at same real price path; does NOT include the extra spread cost of crossing to the opposite bid/ask side at entry (see report methodology note)
MAC_20260609000054_BUY_TREND_PULLBACK,MAC,2026.06.09 00:00:54,BUY,SELL,TREND_PULLBACK,B-GRADE QUALITY BLOCK,B,4326.83,3.21,N,,0.012,0.0,0.012,0.0,0.012,0.0,0.012,0.0,0.012,0.368,,,,60,60,,STOP_FIRST,STOP_FIRST,NEITHER_5-60m,0.012,0.368,MIRRORED from original's own advATR/favATR at same real price path; does NOT include the extra spread cost of crossing to the opposite bid/ask side at entry (see report methodology note)
MAC_20260609010122_BUY_TREND_PULLBACK,MAC,2026.06.09 01:01:22,BUY,SELL,TREND_PULLBACK,SMART-GUARD,SKIP,4330.25,3.44,N,,0.264,0.0,0.6,0.0,0.616,0.0,0.616,0.0,0.616,0.0,5,10,10,,,,TARGET_FIRST,TARGET_FIRST,TARGET_FIRST,0.616,0.0,MIRRORED from original's own advATR/favATR at same real price path; does NOT include the extra spread cost of crossing to the opposite bid/ask side at entry (see report methodology note)
MAC_20260609014512_BUY_TREND_PULLBACK,MAC,2026.06.09 01:45:12,BUY,SELL,TREND_PULLBACK,B-GRADE QUALITY BLOCK,B,4327.97,3.09,Y,60,0.112,0.0,0.112,0.068,0.112,0.068,0.18,0.068,1.808,0.068,60,60,60,,,,TARGET_FIRST,TARGET_FIRST,TARGET_FIRST,1.808,0.068,MIRRORED from original's own advATR/favATR at same real price path; does NOT include the extra spread cost of crossing to the opposite bid/ask side at entry (see report methodology note)
MAC_20260609023000_SELL_BREAKOUT,MAC,2026.06.09 02:30:00,SELL,BUY,BREAKOUT,SMART-GUARD,A,4320.91,2.28,N,,0.0,0.416,0.168,0.416,0.168,0.416,0.168,1.212,0.24,1.212,60,,,5,5,30,STOP_FIRST,STOP_FIRST,STOP_FIRST,0.24,1.212,MIRRORED from original's own advATR/favATR at same real price path; does NOT include the extra spread cost of crossing to the opposite bid/ask side at entry (see report methodology note)
MAC_20260609030000_SELL_TREND_PULLBACK,MAC,2026.06.09 03:00:00,SELL,BUY,TREND_PULLBACK,BAD-LOCATION BLOCK,A,4317.74,3.47,N,,0.076,0.0,0.236,0.0,0.524,0.0,0.524,0.068,0.7,0.068,10,15,15,,,,TARGET_FIRST,TARGET_FIRST,TARGET_FIRST,0.7,0.068,MIRRORED from original's own advATR/favATR at same real price path; does NOT include the extra spread cost of crossing to the opposite bid/ask side at entry (see report methodology note)
MAC_20260609031012_SELL_TREND_PULLBACK,MAC,2026.06.09 03:10:12,SELL,BUY,TREND_PULLBACK,FAILED-IMPULSE BLOCK,A,4319.68,3.87,N,,0.268,0.0,0.268,0.0,0.268,0.108,0.428,0.26,0.684,0.26,5,30,60,30,,,TARGET_FIRST,TARGET_FIRST,TARGET_FIRST,0.684,0.26,MIRRORED from original's own advATR/favATR at same real price path; does NOT include the extra spread cost of crossing to the opposite bid/ask side at entry (see report methodology note)
MAC_20260609032012_SELL_TREND_PULLBACK,MAC,2026.06.09 03:20:12,SELL,BUY,TREND_PULLBACK,A+ TIMING DEMOTION,A,4319.81,4.25,N,,0.0,0.108,0.0,0.248,0.376,0.248,0.612,0.248,0.612,0.248,15,15,30,10,,,STOP_FIRST,TARGET_FIRST,TARGET_FIRST,0.612,0.248,MIRRORED from original's own advATR/favATR at same real price path; does NOT include the extra spread cost of crossing to the opposite bid/ask side at entry (see report methodology note)
MAC_20260609032512_SELL_TREND_PULLBACK,MAC,2026.06.09 03:25:12,SELL,BUY,TREND_PULLBACK,SMART-GUARD,A+,4318.48,4.25,Y,60,0.0,0.124,0.5,0.124,0.736,0.124,0.736,0.124,1.0,0.124,10,10,10,,,,TARGET_FIRST,TARGET_FIRST,TARGET_FIRST,1.0,0.124,MIRRORED from original's own advATR/favATR at same real price path; does NOT include the extra spread cost of crossing to the opposite bid/ask side at entry (see report methodology note)
MAC_20260609041013_SELL_TREND_PULLBACK,MAC,2026.06.09 04:10:13,SELL,BUY,TREND_PULLBACK,FAILED-IMPULSE BLOCK,A,4326.03,4.51,N,,0.0,0.212,0.272,0.212,0.648,0.212,0.996,0.212,0.996,0.212,10,15,15,5,,,STOP_FIRST,TARGET_FIRST,TARGET_FIRST,0.996,0.212,MIRRORED from original's own advATR/favATR at same real price path; does NOT include the extra spread cost of crossing to the opposite bid/ask side at entry (see report methodology note)
MAC_20260609041513_SELL_TREND_PULLBACK,MAC,2026.06.09 04:15:13,SELL,BUY,TREND_PULLBACK,ANALYSIS-ONLY,A,4325.22,4.59,Y,15,0.34,0.136,0.704,0.136,1.048,0.136,1.048,0.136,1.048,0.136,5,5,10,,,,TARGET_FIRST,TARGET_FIRST,TARGET_FIRST,1.048,0.136,MIRRORED from original's own advATR/favATR at same real price path; does NOT include the extra spread cost of crossing to the opposite bid/ask side at entry (see report methodology note)
MAC_20260609042512_BUY_BREAKOUT,MAC,2026.06.09 04:25:12,BUY,SELL,BREAKOUT,SMART-GUARD,A,4329.5,5.08,N,,0.0,0.3,0.0,0.612,0.0,0.612,0.0,0.612,0.0,0.612,,,,5,5,10,STOP_FIRST,STOP_FIRST,STOP_FIRST,0.0,0.612,MIRRORED from original's own advATR/favATR at same real price path; does NOT include the extra spread cost of crossing to the opposite bid/ask side at entry (see report methodology note)
MAC_20260609044000_SELL_TREND_PULLBACK,MAC,2026.06.09 04:40:00,SELL,BUY,TREND_PULLBACK,ANTI-BIAS BLOCK,B,4335.1,5.86,N,,0.128,0.0,0.128,0.016,0.128,0.016,0.128,0.272,0.128,0.272,,,,30,,,STOP_FIRST,NEITHER_5-60m,NEITHER_5-60m,0.128,0.272,MIRRORED from original's own advATR/favATR at same real price path; does NOT include the extra spread cost of crossing to the opposite bid/ask side at entry (see report methodology note)
MAC_20260609044512_SELL_TREND_PULLBACK,MAC,2026.06.09 04:45:12,SELL,BUY,TREND_PULLBACK,B-GRADE QUALITY BLOCK,B,4336.87,5.94,N,,0.0,0.136,0.0,0.136,0.0,0.272,0.0,0.384,0.12,0.384,,,,15,30,,STOP_FIRST,STOP_FIRST,NEITHER_5-60m,0.12,0.384,MIRRORED from original's own advATR/favATR at same real price path; does NOT include the extra spread cost of crossing to the opposite bid/ask side at entry (see report methodology note)
MAC_20260609055500_BUY_TREND_PULLBACK,MAC,2026.06.09 05:55:00,BUY,SELL,TREND_PULLBACK,B-GRADE QUALITY BLOCK,B,4338.91,4.59,N,,0.3,0.0,0.588,0.0,0.588,0.0,0.588,0.084,0.588,0.084,5,5,10,,,,TARGET_FIRST,TARGET_FIRST,TARGET_FIRST,0.588,0.084,MIRRORED from original's own advATR/favATR at same real price path; does NOT include the extra spread cost of crossing to the opposite bid/ask side at entry (see report methodology note)
MAC_20260609060012_BUY_TREND_PULLBACK,MAC,2026.06.09 06:00:12,BUY,SELL,TREND_PULLBACK,FAILED-IMPULSE BLOCK,A,4335.64,4.6,N,,0.304,0.0,0.304,0.252,0.304,0.364,0.304,0.368,0.304,0.368,5,5,,10,15,,TARGET_FIRST,TARGET_FIRST,NEITHER_5-60m,0.304,0.368,MIRRORED from original's own advATR/favATR at same real price path; does NOT include the extra spread cost of crossing to the opposite bid/ask side at entry (see report methodology note)
MAC_20260609061012_BUY_TREND_PULLBACK,MAC,2026.06.09 06:10:12,BUY,SELL,TREND_PULLBACK,BAD-LOCATION BLOCK,A,4338.83,5.16,N,,0.0,0.076,0.0,0.08,0.3,0.08,0.356,0.08,0.356,0.08,15,15,,,,,TARGET_FIRST,TARGET_FIRST,NEITHER_5-60m,0.356,0.08,MIRRORED from original's own advATR/favATR at same real price path; does NOT include the extra spread cost of crossing to the opposite bid/ask side at entry (see report methodology note)
MAC_20260609061512_BUY_TREND_PULLBACK,MAC,2026.06.09 06:15:12,BUY,SELL,TREND_PULLBACK,SMART-GUARD,A,4339.88,4.98,N,,0.0,0.0,0.396,0.0,0.396,0.0,0.452,0.0,0.556,0.0,10,10,60,,,,TARGET_FIRST,TARGET_FIRST,TARGET_FIRST,0.556,0.0,MIRRORED from original's own advATR/favATR at same real price path; does NOT include the extra spread cost of crossing to the opposite bid/ask side at entry (see report methodology note)
MAC_20260609065512_BUY_TREND_PULLBACK,MAC,2026.06.09 06:55:12,BUY,SELL,TREND_PULLBACK,BAD-RR TIMING BLOCK,A,4339.42,4.62,Y,60,0.344,0.0,0.356,0.0,0.356,0.0,0.756,0.0,1.116,0.0,5,5,30,,,,TARGET_FIRST,TARGET_FIRST,TARGET_FIRST,1.116,0.0,MIRRORED from original's own advATR/favATR at same real price path; does NOT include the extra spread cost of crossing to the opposite bid/ask side at entry (see report methodology note)
MAC_20260609070012_BUY_TREND_PULLBACK,MAC,2026.06.09 07:00:12,BUY,SELL,TREND_PULLBACK,FAILED-IMPULSE BLOCK,A,4335.56,4.77,N,,0.02,0.0,0.02,0.12,0.216,0.12,0.428,0.12,0.756,0.12,15,30,60,,,,TARGET_FIRST,TARGET_FIRST,TARGET_FIRST,0.756,0.12,MIRRORED from original's own advATR/favATR at same real price path; does NOT include the extra spread cost of crossing to the opposite bid/ask side at entry (see report methodology note)
MAC_20260609071512_BUY_TREND_PULLBACK,MAC,2026.06.09 07:15:12,BUY,SELL,TREND_PULLBACK,B-GRADE QUALITY BLOCK,B,4332.97,4.61,N,,0.196,0.0,0.196,0.0,0.22,0.0,0.556,0.0,0.556,0.28,15,30,30,60,,,TARGET_FIRST,TARGET_FIRST,TARGET_FIRST,0.556,0.28,MIRRORED from original's own advATR/favATR at same real price path; does NOT include the extra spread cost of crossing to the opposite bid/ask side at entry (see report methodology note)
MAC_20260609073512_SELL_BREAKOUT,MAC,2026.06.09 07:35:12,SELL,BUY,BREAKOUT,SMART-GUARD,A+,4326.43,4.0,Y,60,0.332,0.0,0.332,0.0,0.332,0.0,0.976,0.0,1.632,0.0,5,5,30,,,,TARGET_FIRST,TARGET_FIRST,TARGET_FIRST,1.632,0.0,MIRRORED from original's own advATR/favATR at same real price path; does NOT include the extra spread cost of crossing to the opposite bid/ask side at entry (see report methodology note)
MAC_20260609080000_BUY_TREND_PULLBACK,MAC,2026.06.09 08:00:00,BUY,SELL,TREND_PULLBACK,SMART-GUARD,A,4332.68,4.24,N,,0.0,0.332,0.0,0.332,0.108,0.332,0.108,0.332,0.108,1.544,,,,5,5,60,STOP_FIRST,STOP_FIRST,STOP_FIRST,0.108,1.544,MIRRORED from original's own advATR/favATR at same real price path; does NOT include the extra spread cost of crossing to the opposite bid/ask side at entry (see report methodology note)
MAC_20260609081512_BUY_TREND_PULLBACK,MAC,2026.06.09 08:15:12,BUY,SELL,TREND_PULLBACK,B-GRADE QUALITY BLOCK,B,4331.66,4.26,N,,0.092,0.0,0.092,0.12,0.12,0.12,0.248,0.12,0.248,0.176,30,,,,,,TARGET_FIRST,NEITHER_5-60m,NEITHER_5-60m,0.248,0.176,MIRRORED from original's own advATR/favATR at same real price path; does NOT include the extra spread cost of crossing to the opposite bid/ask side at entry (see report methodology note)
MAC_20260609083512_BUY_ASIA_BREAKOUT,MAC,2026.06.09 08:35:12,BUY,SELL,ASIA_BREAKOUT,SMART-GUARD,A,4342.94,4.63,N,,0.0,0.108,0.0,0.528,0.0,0.528,0.0,0.528,0.792,0.528,60,60,60,10,10,10,STOP_FIRST,STOP_FIRST,STOP_FIRST,0.792,0.528,MIRRORED from original's own advATR/favATR at same real price path; does NOT include the extra spread cost of crossing to the opposite bid/ask side at entry (see report methodology note)
MAC_20260609084512_BUY_BREAKOUT,MAC,2026.06.09 08:45:12,BUY,SELL,BREAKOUT,BAD-RR TIMING BLOCK,A,4349.14,4.92,Y,60,0.348,0.0,0.348,0.0,0.348,0.0,0.656,0.0,1.248,0.0,5,5,30,,,,TARGET_FIRST,TARGET_FIRST,TARGET_FIRST,1.248,0.0,MIRRORED from original's own advATR/favATR at same real price path; does NOT include the extra spread cost of crossing to the opposite bid/ask side at entry (see report methodology note)
MAC_20260609085012_BUY_SQUEEZE_RELEASE,MAC,2026.06.09 08:50:12,BUY,SELL,SQUEEZE_RELEASE,BAD-LOCATION BLOCK,A,4344.96,4.96,N,,0.0,0.048,0.008,0.048,0.064,0.048,0.312,0.048,0.904,0.048,30,30,60,,,,TARGET_FIRST,TARGET_FIRST,TARGET_FIRST,0.904,0.048,MIRRORED from original's own advATR/favATR at same real price path; does NOT include the extra spread cost of crossing to the opposite bid/ask side at entry (see report methodology note)
MAC_20260609085500_BUY_TREND_PULLBACK,MAC,2026.06.09 08:55:00,BUY,SELL,TREND_PULLBACK,BAD-LOCATION BLOCK,A,4345.14,4.98,N,,0.0,0.028,0.024,0.028,0.076,0.028,0.324,0.028,0.912,0.028,30,30,60,,,,TARGET_FIRST,TARGET_FIRST,TARGET_FIRST,0.912,0.028,MIRRORED from original's own advATR/favATR at same real price path; does NOT include the extra spread cost of crossing to the opposite bid/ask side at entry (see report methodology note)
MAC_20260609091012_BUY_TREND_PULLBACK,MAC,2026.06.09 09:10:12,BUY,SELL,TREND_PULLBACK,SMART-GUARD,A,4344.27,5.01,Y,60,0.256,0.0,0.256,0.0,0.256,0.08,0.84,0.08,1.0,0.08,5,30,30,,,,TARGET_FIRST,TARGET_FIRST,TARGET_FIRST,1.0,0.08,MIRRORED from original's own advATR/favATR at same real price path; does NOT include the extra spread cost of crossing to the opposite bid/ask side at entry (see report methodology note)
MAC_20260609091512_BUY_TREND_PULLBACK,MAC,2026.06.09 09:15:12,BUY,SELL,TREND_PULLBACK,FAILED-IMPULSE BLOCK,A,4341.11,5.03,Y,60,0.0,0.052,0.0,0.332,0.18,0.332,0.584,0.332,1.392,0.332,30,30,30,10,10,,STOP_FIRST,STOP_FIRST,TARGET_FIRST,1.392,0.332,MIRRORED from original's own advATR/favATR at same real price path; does NOT include the extra spread cost of crossing to the opposite bid/ask side at entry (see report methodology note)
MAC_20260609093512_BUY_TREND_PULLBACK,MAC,2026.06.09 09:35:12,BUY,SELL,TREND_PULLBACK,B-GRADE QUALITY BLOCK,B,4333.83,5.5,N,,0.0,0.328,0.0,0.328,0.0,0.392,0.148,0.392,0.744,0.392,60,60,60,5,5,,STOP_FIRST,STOP_FIRST,TARGET_FIRST,0.744,0.392,MIRRORED from original's own advATR/favATR at same real price path; does NOT include the extra spread cost of crossing to the opposite bid/ask side at entry (see report methodology note)
MAC_20260609101512_BUY_TREND_PULLBACK,MAC,2026.06.09 10:15:12,BUY,SELL,TREND_PULLBACK,SMART-GUARD,SKIP,4323.55,5.17,N,,0.0,0.46,0.0,0.532,0.0,0.532,0.0,0.532,0.12,0.64,,,,5,5,10,STOP_FIRST,STOP_FIRST,STOP_FIRST,0.12,0.64,MIRRORED from original's own advATR/favATR at same real price path; does NOT include the extra spread cost of crossing to the opposite bid/ask side at entry (see report methodology note)
MAC_20260609104500_BUY_TREND_PULLBACK,MAC,2026.06.09 10:45:00,BUY,SELL,TREND_PULLBACK,B-GRADE QUALITY BLOCK,B,4328.59,5.01,N,,0.224,0.0,0.224,0.0,0.224,0.0,0.524,0.256,0.524,0.54,5,30,30,30,60,60,TARGET_FIRST,TARGET_FIRST,TARGET_FIRST,0.524,0.54,MIRRORED from original's own advATR/favATR at same real price path; does NOT include the extra spread cost of crossing to the opposite bid/ask side at entry (see report methodology note)
MAC_20260609113013_BUY_TREND_PULLBACK,MAC,2026.06.09 11:30:13,BUY,SELL,TREND_PULLBACK,SMART-GUARD,A,4335.24,4.55,N,,0.34,0.0,0.34,0.008,0.68,0.008,0.756,0.008,0.756,0.008,5,5,15,,,,TARGET_FIRST,TARGET_FIRST,TARGET_FIRST,0.756,0.008,MIRRORED from original's own advATR/favATR at same real price path; does NOT include the extra spread cost of crossing to the opposite bid/ask side at entry (see report methodology note)
MAC_20260609114012_BUY_TREND_PULLBACK,MAC,2026.06.09 11:40:12,BUY,SELL,TREND_PULLBACK,BAD-RR TIMING BLOCK,A,4334.16,4.64,N,,0.0,0.1,0.572,0.1,0.648,0.1,0.648,0.1,0.648,0.1,10,10,10,,,,TARGET_FIRST,TARGET_FIRST,TARGET_FIRST,0.648,0.1,MIRRORED from original's own advATR/favATR at same real price path; does NOT include the extra spread cost of crossing to the opposite bid/ask side at entry (see report methodology note)
MAC_20260609142000_BUY_TREND_PULLBACK,MAC,2026.06.09 14:20:00,BUY,SELL,TREND_PULLBACK,BAD-RR TIMING BLOCK,A,4339.46,4.02,N,,0.26,0.0,0.26,0.0,0.26,0.0,0.26,0.132,0.26,0.428,5,,,60,60,,TARGET_FIRST,STOP_FIRST,NEITHER_5-60m,0.26,0.428,MIRRORED from original's own advATR/favATR at same real price path; does NOT include the extra spread cost of crossing to the opposite bid/ask side at entry (see report methodology note)
MAC_20260609142512_BUY_TREND_PULLBACK,MAC,2026.06.09 14:25:12,BUY,SELL,TREND_PULLBACK,FAILED-IMPULSE BLOCK,A,4337.13,3.6,N,,0.0,0.08,0.0,0.092,0.0,0.092,0.0,0.404,0.0,0.736,,,,30,30,60,STOP_FIRST,STOP_FIRST,STOP_FIRST,0.0,0.736,MIRRORED from original's own advATR/favATR at same real price path; does NOT include the extra spread cost of crossing to the opposite bid/ask side at entry (see report methodology note)
MAC_20260609143012_BUY_TREND_PULLBACK,MAC,2026.06.09 14:30:12,BUY,SELL,TREND_PULLBACK,BAD-LOCATION BLOCK,A,4337.87,3.62,N,,0.0,0.012,0.044,0.012,0.044,0.22,0.044,0.32,0.312,0.652,60,60,,15,30,60,STOP_FIRST,STOP_FIRST,STOP_FIRST,0.312,0.652,MIRRORED from original's own advATR/favATR at same real price path; does NOT include the extra spread cost of crossing to the opposite bid/ask side at entry (see report methodology note)
MAC_20260609143512_BUY_TREND_PULLBACK,MAC,2026.06.09 14:35:12,BUY,SELL,TREND_PULLBACK,SMART-GUARD,A,4337.89,3.51,N,,0.048,0.0,0.048,0.224,0.048,0.328,0.048,0.508,0.324,0.668,60,60,,10,15,30,STOP_FIRST,STOP_FIRST,STOP_FIRST,0.324,0.668,MIRRORED from original's own advATR/favATR at same real price path; does NOT include the extra spread cost of crossing to the opposite bid/ask side at entry (see report methodology note)
MAC_20260609150012_BUY_TREND_PULLBACK,MAC,2026.06.09 15:00:12,BUY,SELL,TREND_PULLBACK,LATE-CHASE ENTRY BLOCK,A,4340.49,3.52,N,,0.0,0.208,0.0,0.372,0.0,0.372,0.62,0.372,0.62,0.372,30,30,30,5,10,,STOP_FIRST,STOP_FIRST,TARGET_FIRST,0.62,0.372,MIRRORED from original's own advATR/favATR at same real price path; does NOT include the extra spread cost of crossing to the opposite bid/ask side at entry (see report methodology note)
MAC_20260609152012_BUY_TREND_PULLBACK,MAC,2026.06.09 15:20:12,BUY,SELL,TREND_PULLBACK,BAD-RR TIMING BLOCK,A,4340.53,3.02,N,,0.12,0.0,0.728,0.0,0.728,0.0,0.728,0.184,0.796,0.28,10,10,10,60,,,TARGET_FIRST,TARGET_FIRST,TARGET_FIRST,0.796,0.28,MIRRORED from original's own advATR/favATR at same real price path; does NOT include the extra spread cost of crossing to the opposite bid/ask side at entry (see report methodology note)
MAC_20260609152512_BUY_TREND_PULLBACK,MAC,2026.06.09 15:25:12,BUY,SELL,TREND_PULLBACK,FAILED-IMPULSE BLOCK,A,4339.69,3.29,N,,0.568,0.0,0.568,0.0,0.568,0.116,0.568,0.272,0.632,0.36,5,5,5,30,60,,TARGET_FIRST,TARGET_FIRST,TARGET_FIRST,0.632,0.36,MIRRORED from original's own advATR/favATR at same real price path; does NOT include the extra spread cost of crossing to the opposite bid/ask side at entry (see report methodology note)
MAC_20260609154012_BUY_TREND_PULLBACK,MAC,2026.06.09 15:40:12,BUY,SELL,TREND_PULLBACK,SMART-GUARD,A,4340.69,3.68,Y,60,0.024,0.0,0.024,0.136,0.36,0.136,0.36,0.212,1.256,0.212,15,15,60,30,,,TARGET_FIRST,TARGET_FIRST,TARGET_FIRST,1.256,0.212,MIRRORED from original's own advATR/favATR at same real price path; does NOT include the extra spread cost of crossing to the opposite bid/ask side at entry (see report methodology note)
MAC_20260609162013_BUY_TREND_PULLBACK,MAC,2026.06.09 16:20:13,BUY,SELL,TREND_PULLBACK,B-GRADE QUALITY BLOCK,B,4334.6,5.07,Y,60,0.432,0.04,0.432,0.04,0.432,0.04,0.432,1.404,1.82,1.404,5,5,60,30,30,30,TARGET_FIRST,TARGET_FIRST,STOP_FIRST,1.82,1.404,MIRRORED from original's own advATR/favATR at same real price path; does NOT include the extra spread cost of crossing to the opposite bid/ask side at entry (see report methodology note)
MAC_20260609162513_SELL_BREAKOUT,MAC,2026.06.09 16:25:13,SELL,BUY,BREAKOUT,B-GRADE QUALITY BLOCK,B,4334.97,5.16,Y,30,0.0,0.452,0.0,0.452,0.0,0.452,1.348,0.456,1.348,1.816,30,30,30,5,5,60,STOP_FIRST,STOP_FIRST,TARGET_FIRST,1.348,1.816,MIRRORED from original's own advATR/favATR at same real price path; does NOT include the extra spread cost of crossing to the opposite bid/ask side at entry (see report methodology note)
MAC_20260609163012_SELL_BREAKOUT,MAC,2026.06.09 16:30:12,SELL,BUY,BREAKOUT,BAD-RR TIMING BLOCK,A,4329.16,5.24,Y,15,0.112,0.0,0.224,0.0,1.772,0.0,1.772,0.004,1.772,1.344,10,15,15,60,60,60,TARGET_FIRST,TARGET_FIRST,TARGET_FIRST,1.772,1.344,MIRRORED from original's own advATR/favATR at same real price path; does NOT include the extra spread cost of crossing to the opposite bid/ask side at entry (see report methodology note)
MAC_20260609163512_SELL_SQUEEZE_RELEASE,MAC,2026.06.09 16:35:12,SELL,BUY,SQUEEZE_RELEASE,BAD-LOCATION BLOCK,B,4330.47,5.21,Y,10,0.124,0.012,1.684,0.012,1.684,0.012,1.684,0.148,1.684,1.924,10,10,10,60,60,60,TARGET_FIRST,TARGET_FIRST,TARGET_FIRST,1.684,1.924,MIRRORED from original's own advATR/favATR at same real price path; does NOT include the extra spread cost of crossing to the opposite bid/ask side at entry (see report methodology note)
MAC_20260609165000_BUY_ASIA_BREAKOUT,MAC,2026.06.09 16:50:00,BUY,SELL,ASIA_BREAKOUT,SMART-GUARD,A,4352.91,7.45,Y,5,1.032,0.0,1.28,0.0,1.28,0.0,2.22,0.0,3.716,0.0,5,5,5,,,,TARGET_FIRST,TARGET_FIRST,TARGET_FIRST,3.716,0.0,MIRRORED from original's own advATR/favATR at same real price path; does NOT include the extra spread cost of crossing to the opposite bid/ask side at entry (see report methodology note)
MAC_20260609172000_SELL_BREAKOUT,MAC,2026.06.09 17:20:00,SELL,BUY,BREAKOUT,SMART-GUARD,A,4311.55,10.2,N,,0.276,0.0,0.276,0.0,0.276,0.0,0.276,1.092,0.276,1.092,5,,,30,30,30,TARGET_FIRST,STOP_FIRST,STOP_FIRST,0.276,1.092,MIRRORED from original's own advATR/favATR at same real price path; does NOT include the extra spread cost of crossing to the opposite bid/ask side at entry (see report methodology note)
MAC_20260609175012_SELL_SQUEEZE_RELEASE,MAC,2026.06.09 17:50:12,SELL,BUY,SQUEEZE_RELEASE,BAD-RR TIMING BLOCK,A,4283.61,13.46,N,,0.508,0.0,0.508,0.0,0.508,0.0,0.508,0.0,,,5,5,5,,,,TARGET_FIRST,TARGET_FIRST,TARGET_FIRST,0.508,0.0,MIRRORED from original's own advATR/favATR at same real price path; does NOT include the extra spread cost of crossing to the opposite bid/ask side at entry (see report methodology note)
MAC_20260609175500_SELL_SQUEEZE_RELEASE,MAC,2026.06.09 17:55:00,SELL,BUY,SQUEEZE_RELEASE,BAD-LOCATION BLOCK,A,4298.21,14.14,N,,0.068,0.0,0.068,0.16,0.068,0.16,0.068,0.316,,,,,,30,30,,STOP_FIRST,STOP_FIRST,NEITHER_5-60m,0.068,0.316,MIRRORED from original's own advATR/favATR at same real price path; does NOT include the extra spread cost of crossing to the opposite bid/ask side at entry (see report methodology note)
MAC_20260609180000_SELL_TREND_PULLBACK,MAC,2026.06.09 18:00:00,SELL,BUY,TREND_PULLBACK,BAD-LOCATION BLOCK,A,4300.77,12.27,N,,0.0,0.268,0.0,0.268,0.0,0.268,0.0,0.716,,,,,,5,30,30,STOP_FIRST,STOP_FIRST,STOP_FIRST,0.0,0.716,MIRRORED from original's own advATR/favATR at same real price path; does NOT include the extra spread cost of crossing to the opposite bid/ask side at entry (see report methodology note)
MAC_20260609181000_SELL_TREND_PULLBACK,MAC,2026.06.09 18:10:00,SELL,BUY,TREND_PULLBACK,SMART-GUARD,A,4296.56,11.58,N,,0.0,0.028,0.0,0.16,0.0,0.328,,,,,,,,15,15,,STOP_FIRST,STOP_FIRST,NEITHER_5-60m,0.0,0.328,MIRRORED from original's own advATR/favATR at same real price path; does NOT include the extra spread cost of crossing to the opposite bid/ask side at entry (see report methodology note)
MAC_20260609183000_SELL_TREND_PULLBACK,MAC,2026.06.09 18:30:00,SELL,BUY,TREND_PULLBACK,B-GRADE QUALITY BLOCK,B,4278.58,11.08,N,,0.0,0.216,,,,,,,,,,,,5,,,STOP_FIRST,NEITHER_5-60m,NEITHER_5-60m,0.0,0.216,MIRRORED from original's own advATR/favATR at same real price path; does NOT include the extra spread cost of crossing to the opposite bid/ask side at entry (see report methodology note)
MAC_20260609184029_SELL_TREND_PULLBACK,MAC,2026.06.09 18:40:29,SELL,BUY,TREND_PULLBACK,BAD-LOCATION BLOCK,B,4275.03,11.9,N,,0.288,0.0,0.288,0.0,0.288,0.056,0.288,0.504,0.288,1.164,5,,,30,30,30,TARGET_FIRST,STOP_FIRST,STOP_FIRST,0.288,1.164,MIRRORED from original's own advATR/favATR at same real price path; does NOT include the extra spread cost of crossing to the opposite bid/ask side at entry (see report methodology note)
MAC_20260609185013_SELL_TREND_PULLBACK,MAC,2026.06.09 18:50:13,SELL,BUY,TREND_PULLBACK,FAILED-IMPULSE BLOCK,B,4280.12,11.52,N,,0.056,0.236,0.056,0.236,0.056,0.488,0.056,0.916,0.056,1.376,,,,5,15,30,STOP_FIRST,STOP_FIRST,STOP_FIRST,0.056,1.376,MIRRORED from original's own advATR/favATR at same real price path; does NOT include the extra spread cost of crossing to the opposite bid/ask side at entry (see report methodology note)
MAC_20260609192013_SELL_TREND_PULLBACK,MAC,2026.06.09 19:20:13,SELL,BUY,TREND_PULLBACK,LATE-CHASE ENTRY BLOCK,B,4253.57,10.6,N,,0.392,0.0,0.392,0.0,0.392,0.496,0.392,0.496,0.492,0.496,5,5,,15,15,,TARGET_FIRST,TARGET_FIRST,NEITHER_5-60m,0.492,0.496,MIRRORED from original's own advATR/favATR at same real price path; does NOT include the extra spread cost of crossing to the opposite bid/ask side at entry (see report methodology note)
MAC_20260609194012_SELL_TREND_PULLBACK,MAC,2026.06.09 19:40:12,SELL,BUY,TREND_PULLBACK,B-GRADE QUALITY BLOCK,B,4240.34,11.65,N,,0.2,0.0,0.3,0.0,0.3,0.0,0.784,0.0,0.904,0.0,5,10,30,,,,TARGET_FIRST,TARGET_FIRST,TARGET_FIRST,0.904,0.0,MIRRORED from original's own advATR/favATR at same real price path; does NOT include the extra spread cost of crossing to the opposite bid/ask side at entry (see report methodology note)
MAC_20260609201512_SELL_TREND_PULLBACK,MAC,2026.06.09 20:15:12,SELL,BUY,TREND_PULLBACK,SMART-GUARD,A,4260.45,11.12,N,,0.14,0.0,0.224,0.0,0.224,0.0,0.224,0.072,0.224,0.072,10,,,,,,TARGET_FIRST,NEITHER_5-60m,NEITHER_5-60m,0.224,0.072,MIRRORED from original's own advATR/favATR at same real price path; does NOT include the extra spread cost of crossing to the opposite bid/ask side at entry (see report methodology note)
MAC_20260609202013_SELL_TREND_PULLBACK,MAC,2026.06.09 20:20:13,SELL,BUY,TREND_PULLBACK,FAILED-IMPULSE BLOCK,A,4264.17,10.64,N,,0.092,0.016,0.092,0.212,0.092,0.216,0.092,0.216,0.312,0.216,60,60,,10,,,STOP_FIRST,TARGET_FIRST,NEITHER_5-60m,0.312,0.216,MIRRORED from original's own advATR/favATR at same real price path; does NOT include the extra spread cost of crossing to the opposite bid/ask side at entry (see report methodology note)
MAC_20260609211512_SELL_TREND_PULLBACK,MAC,2026.06.09 21:15:12,SELL,BUY,TREND_PULLBACK,A+ TIMING DEMOTION,A,4264.48,5.95,N,,0.364,0.0,0.536,0.0,0.544,0.0,0.544,0.0,0.544,0.412,5,5,10,60,60,,TARGET_FIRST,TARGET_FIRST,TARGET_FIRST,0.544,0.412,MIRRORED from original's own advATR/favATR at same real price path; does NOT include the extra spread cost of crossing to the opposite bid/ask side at entry (see report methodology note)
MAC_20260609212512_SELL_TREND_PULLBACK,MAC,2026.06.09 21:25:12,SELL,BUY,TREND_PULLBACK,FAILED-IMPULSE BLOCK,A,4272.26,6.09,N,,0.024,0.0,0.024,0.128,0.024,0.2,0.024,0.504,0.024,1.152,,,,15,30,30,STOP_FIRST,STOP_FIRST,STOP_FIRST,0.024,1.152,MIRRORED from original's own advATR/favATR at same real price path; does NOT include the extra spread cost of crossing to the opposite bid/ask side at entry (see report methodology note)
MAC_20260609213512_SELL_TREND_PULLBACK,MAC,2026.06.09 21:35:12,SELL,BUY,TREND_PULLBACK,SMART-GUARD,A,4270.25,5.98,N,,0.0,0.068,0.0,0.38,0.0,0.38,0.004,0.38,0.004,1.036,,,,10,10,60,STOP_FIRST,STOP_FIRST,STOP_FIRST,0.004,1.036,MIRRORED from original's own advATR/favATR at same real price path; does NOT include the extra spread cost of crossing to the opposite bid/ask side at entry (see report methodology note)
MAC_20260609222012_SELL_TREND_PULLBACK,MAC,2026.06.09 22:20:12,SELL,BUY,TREND_PULLBACK,BAD-RR TIMING BLOCK,A,4254.95,5.26,N,,0.064,0.0,0.164,0.0,0.288,0.0,0.288,0.252,0.292,0.252,15,,,30,,,TARGET_FIRST,NEITHER_5-60m,NEITHER_5-60m,0.292,0.252,MIRRORED from original's own advATR/favATR at same real price path; does NOT include the extra spread cost of crossing to the opposite bid/ask side at entry (see report methodology note)
MAC_20260609223012_SELL_TREND_PULLBACK,MAC,2026.06.09 22:30:12,SELL,BUY,TREND_PULLBACK,LATE-CHASE ENTRY BLOCK,A,4257.04,4.99,N,,0.136,0.0,0.136,0.344,0.136,0.432,0.14,0.432,0.14,0.432,,,,10,10,,STOP_FIRST,STOP_FIRST,NEITHER_5-60m,0.14,0.432,MIRRORED from original's own advATR/favATR at same real price path; does NOT include the extra spread cost of crossing to the opposite bid/ask side at entry (see report methodology note)
MAC_20260609224012_SELL_TREND_PULLBACK,MAC,2026.06.09 22:40:12,SELL,BUY,TREND_PULLBACK,A+ TIMING DEMOTION,A,4252.68,4.88,N,,0.0,0.084,0.152,0.084,0.5,0.084,0.5,0.084,0.5,0.084,15,15,15,,,,TARGET_FIRST,TARGET_FIRST,TARGET_FIRST,0.5,0.084,MIRRORED from original's own advATR/favATR at same real price path; does NOT include the extra spread cost of crossing to the opposite bid/ask side at entry (see report methodology note)
MAC_20260609224512_SELL_TREND_PULLBACK,MAC,2026.06.09 22:45:12,SELL,BUY,TREND_PULLBACK,SMART-GUARD,A,4251.51,4.76,N,,0.252,0.0,0.612,0.0,0.612,0.0,0.612,0.0,0.612,0.0,5,10,10,,,,TARGET_FIRST,TARGET_FIRST,TARGET_FIRST,0.612,0.0,MIRRORED from original's own advATR/favATR at same real price path; does NOT include the extra spread cost of crossing to the opposite bid/ask side at entry (see report methodology note)
MAC_20260609231435_SELL_SQUEEZE_RELEASE,MAC,2026.06.09 23:14:35,SELL,BUY,SQUEEZE_RELEASE,FAILED-IMPULSE BLOCK,A,4258.72,4.89,N,,0.008,0.0,0.008,0.0,0.008,0.0,0.008,0.0,0.008,0.484,,,,60,60,,STOP_FIRST,STOP_FIRST,NEITHER_5-60m,0.008,0.484,MIRRORED from original's own advATR/favATR at same real price path; does NOT include the extra spread cost of crossing to the opposite bid/ask side at entry (see report methodology note)
MAC_20260610010001_SELL_TREND_PULLBACK,MAC,2026.06.10 01:00:01,SELL,BUY,TREND_PULLBACK,SPREAD_TOO_WIDE,A,4246.91,4.9,N,,0.756,0.0,0.756,0.0,0.756,0.0,0.772,0.0,0.772,0.924,5,5,5,60,60,60,TARGET_FIRST,TARGET_FIRST,TARGET_FIRST,0.772,0.924,MIRRORED from original's own advATR/favATR at same real price path; does NOT include the extra spread cost of crossing to the opposite bid/ask side at entry (see report methodology note)
MAC_20260610010512_SELL_TREND_PULLBACK,MAC,2026.06.10 01:05:12,SELL,BUY,TREND_PULLBACK,SMART-GUARD,A,4255.95,5.8,N,,0.0,0.108,0.0,0.108,0.0,0.108,0.032,0.16,0.032,1.404,,,,60,60,60,STOP_FIRST,STOP_FIRST,STOP_FIRST,0.032,1.404,MIRRORED from original's own advATR/favATR at same real price path; does NOT include the extra spread cost of crossing to the opposite bid/ask side at entry (see report methodology note)
MAC_20260610012012_SELL_TREND_PULLBACK,MAC,2026.06.10 01:20:12,SELL,BUY,TREND_PULLBACK,A+ TIMING DEMOTION,A,4254.26,5.47,N,,0.044,0.0,0.156,0.0,0.156,0.044,0.156,1.016,0.156,1.564,,,,30,30,30,STOP_FIRST,STOP_FIRST,STOP_FIRST,0.156,1.564,MIRRORED from original's own advATR/favATR at same real price path; does NOT include the extra spread cost of crossing to the opposite bid/ask side at entry (see report methodology note)
MAC_20260610012512_SELL_TREND_PULLBACK,MAC,2026.06.10 01:25:12,SELL,BUY,TREND_PULLBACK,FAILED-IMPULSE BLOCK,A,4254.74,5.17,N,,0.128,0.0,0.128,0.084,0.128,0.084,0.128,1.484,0.128,2.332,,,,30,30,30,STOP_FIRST,STOP_FIRST,STOP_FIRST,0.128,2.332,MIRRORED from original's own advATR/favATR at same real price path; does NOT include the extra spread cost of crossing to the opposite bid/ask side at entry (see report methodology note)
MAC_20260610020013_SELL_BREAKOUT,MAC,2026.06.10 02:00:13,SELL,BUY,BREAKOUT,BAD-LOCATION BLOCK,B,4236.55,6.34,N,,0.608,0.0,0.608,0.164,0.608,0.232,0.608,0.752,0.608,1.448,5,5,5,15,30,30,TARGET_FIRST,TARGET_FIRST,TARGET_FIRST,0.608,1.448,MIRRORED from original's own advATR/favATR at same real price path; does NOT include the extra spread cost of crossing to the opposite bid/ask side at entry (see report methodology note)
MAC_20260610021512_SELL_TREND_PULLBACK,MAC,2026.06.10 02:15:12,SELL,BUY,TREND_PULLBACK,B-GRADE QUALITY BLOCK,B,4233.83,6.01,N,,0.0,0.064,0.0,0.612,0.0,0.612,0.0,1.348,0.0,1.348,,,,10,10,10,STOP_FIRST,STOP_FIRST,STOP_FIRST,0.0,1.348,MIRRORED from original's own advATR/favATR at same real price path; does NOT include the extra spread cost of crossing to the opposite bid/ask side at entry (see report methodology note)
MAC_20260610022012_SELL_SQUEEZE_RELEASE,MAC,2026.06.10 02:20:12,SELL,BUY,SQUEEZE_RELEASE,BAD-LOCATION BLOCK,A,4232.73,6.21,N,,0.0,0.524,0.0,0.524,0.0,0.688,0.0,1.232,0.0,2.472,,,,5,5,5,STOP_FIRST,STOP_FIRST,STOP_FIRST,0.0,2.472,MIRRORED from original's own advATR/favATR at same real price path; does NOT include the extra spread cost of crossing to the opposite bid/ask side at entry (see report methodology note)
MAC_20260610022500_SELL_BREAKOUT,MAC,2026.06.10 02:25:00,SELL,BUY,BREAKOUT,BAD-RR TIMING BLOCK,A,4227.45,6.62,N,,0.0,0.172,0.0,0.172,0.0,0.328,0.0,0.836,0.0,2.0,,,,15,15,30,STOP_FIRST,STOP_FIRST,STOP_FIRST,0.0,2.0,MIRRORED from original's own advATR/favATR at same real price path; does NOT include the extra spread cost of crossing to the opposite bid/ask side at entry (see report methodology note)
MAC_20260610023012_SELL_SQUEEZE_RELEASE,MAC,2026.06.10 02:30:12,SELL,BUY,SQUEEZE_RELEASE,BAD-RR TIMING BLOCK,A,4224.5,6.77,N,,0.076,0.144,0.076,0.36,0.076,0.644,0.076,0.644,0.076,1.784,,,,10,10,15,STOP_FIRST,STOP_FIRST,STOP_FIRST,0.076,1.784,MIRRORED from original's own advATR/favATR at same real price path; does NOT include the extra spread cost of crossing to the opposite bid/ask side at entry (see report methodology note)
MAC_20260610031000_SELL_TREND_PULLBACK,MAC,2026.06.10 03:10:00,SELL,BUY,TREND_PULLBACK,FAILED-IMPULSE BLOCK,B,4224.64,7.52,N,,0.0,0.06,0.0,1.612,0.0,1.612,0.0,1.612,0.0,1.612,,,,10,10,10,STOP_FIRST,STOP_FIRST,STOP_FIRST,0.0,1.612,MIRRORED from original's own advATR/favATR at same real price path; does NOT include the extra spread cost of crossing to the opposite bid/ask side at entry (see report methodology note)
MAC_20260610040813_SELL_TREND_PULLBACK,MAC,2026.06.10 04:08:13,SELL,BUY,TREND_PULLBACK,BAD-RR TIMING BLOCK,A,4194.53,9.54,N,,0.268,0.0,0.692,0.0,0.692,0.0,0.692,0.0,0.692,0.556,5,10,10,60,60,60,TARGET_FIRST,TARGET_FIRST,TARGET_FIRST,0.692,0.556,MIRRORED from original's own advATR/favATR at same real price path; does NOT include the extra spread cost of crossing to the opposite bid/ask side at entry (see report methodology note)
MAC_20260610041012_SELL_TREND_PULLBACK,MAC,2026.06.10 04:10:12,SELL,BUY,TREND_PULLBACK,B-GRADE QUALITY BLOCK,B,4195.51,9.93,N,,0.22,0.0,0.624,0.0,0.624,0.0,0.624,0.0,0.624,0.576,5,10,10,60,60,60,TARGET_FIRST,TARGET_FIRST,TARGET_FIRST,0.624,0.576,MIRRORED from original's own advATR/favATR at same real price path; does NOT include the extra spread cost of crossing to the opposite bid/ask side at entry (see report methodology note)
MAC_20260610041512_SELL_TREND_PULLBACK,MAC,2026.06.10 04:15:12,SELL,BUY,TREND_PULLBACK,LATE-CHASE ENTRY BLOCK,B,4200.83,10.46,N,,0.388,0.0,0.388,0.004,0.388,0.004,0.388,0.412,0.388,0.748,5,5,,30,30,60,TARGET_FIRST,TARGET_FIRST,STOP_FIRST,0.388,0.748,MIRRORED from original's own advATR/favATR at same real price path; does NOT include the extra spread cost of crossing to the opposite bid/ask side at entry (see report methodology note)
MAC_20260610045512_SELL_TREND_PULLBACK,MAC,2026.06.10 04:55:12,SELL,BUY,TREND_PULLBACK,BAD-LOCATION BLOCK,B,4190.53,12.2,N,,0.0,0.02,0.0,0.136,0.0,0.304,0.0,0.332,0.028,0.496,,,,15,15,,STOP_FIRST,STOP_FIRST,NEITHER_5-60m,0.028,0.496,MIRRORED from original's own advATR/favATR at same real price path; does NOT include the extra spread cost of crossing to the opposite bid/ask side at entry (see report methodology note)
MAC_20260610050012_SELL_TREND_PULLBACK,MAC,2026.06.10 05:00:12,SELL,BUY,TREND_PULLBACK,SMART-GUARD,A,4189.61,12.16,N,,0.0,0.108,0.0,0.276,0.0,0.276,0.06,0.304,0.06,0.516,,,,10,30,60,STOP_FIRST,STOP_FIRST,STOP_FIRST,0.06,0.516,MIRRORED from original's own advATR/favATR at same real price path; does NOT include the extra spread cost of crossing to the opposite bid/ask side at entry (see report methodology note)
MAC_20260610051512_SELL_TREND_PULLBACK,MAC,2026.06.10 05:15:12,SELL,BUY,TREND_PULLBACK,LATE-CHASE ENTRY BLOCK,B,4182.74,10.44,N,,0.0,0.092,0.004,0.092,0.332,0.092,0.332,0.096,0.332,0.336,15,15,,60,60,,TARGET_FIRST,TARGET_FIRST,NEITHER_5-60m,0.332,0.336,MIRRORED from original's own advATR/favATR at same real price path; does NOT include the extra spread cost of crossing to the opposite bid/ask side at entry (see report methodology note)
MAC_20260610053513_SELL_TREND_PULLBACK,MAC,2026.06.10 05:35:13,SELL,BUY,TREND_PULLBACK,BAD-RR TIMING BLOCK,A,4180.14,9.55,N,,0.172,0.0,0.336,0.0,0.336,0.196,0.336,0.26,0.336,0.26,10,10,,30,,,TARGET_FIRST,TARGET_FIRST,NEITHER_5-60m,0.336,0.26,MIRRORED from original's own advATR/favATR at same real price path; does NOT include the extra spread cost of crossing to the opposite bid/ask side at entry (see report methodology note)
MAC_20260610054012_SELL_TREND_PULLBACK,MAC,2026.06.10 05:40:12,SELL,BUY,TREND_PULLBACK,B-GRADE QUALITY BLOCK,B,4184.27,9.81,N,,0.0,0.008,0.16,0.008,0.16,0.36,0.16,0.42,0.16,0.42,,,,15,15,,STOP_FIRST,STOP_FIRST,NEITHER_5-60m,0.16,0.42,MIRRORED from original's own advATR/favATR at same real price path; does NOT include the extra spread cost of crossing to the opposite bid/ask side at entry (see report methodology note)
MAC_20260610061512_SELL_TREND_PULLBACK,MAC,2026.06.10 06:15:12,SELL,BUY,TREND_PULLBACK,BAD-LOCATION BLOCK,B,4177.17,8.37,N,,0.0,0.108,0.0,0.108,0.0,0.108,0.152,0.108,0.152,0.108,,,,,,,NEITHER_5-60m,NEITHER_5-60m,NEITHER_5-60m,0.152,0.108,MIRRORED from original's own advATR/favATR at same real price path; does NOT include the extra spread cost of crossing to the opposite bid/ask side at entry (see report methodology note)
MAC_20260610063512_SELL_TREND_PULLBACK,MAC,2026.06.10 06:35:12,SELL,BUY,TREND_PULLBACK,FAILED-IMPULSE BLOCK,B,4178.92,7.66,N,,0.064,0.0,0.072,0.0,0.072,0.156,0.072,0.248,0.072,0.26,,,,30,,,STOP_FIRST,NEITHER_5-60m,NEITHER_5-60m,0.072,0.26,MIRRORED from original's own advATR/favATR at same real price path; does NOT include the extra spread cost of crossing to the opposite bid/ask side at entry (see report methodology note)
MAC_20260610072912_SELL_TREND_PULLBACK,MAC,2026.06.10 07:29:12,SELL,BUY,TREND_PULLBACK,SMART-GUARD,A+,4175.84,4.8,N,,0.0,0.156,0.0,0.156,0.0,0.18,0.0,0.18,0.656,0.18,60,60,60,,,,TARGET_FIRST,TARGET_FIRST,TARGET_FIRST,0.656,0.18,MIRRORED from original's own advATR/favATR at same real price path; does NOT include the extra spread cost of crossing to the opposite bid/ask side at entry (see report methodology note)
MAC_20260610081413_SELL_TREND_PULLBACK,MAC,2026.06.10 08:14:13,SELL,BUY,TREND_PULLBACK,BAD-LOCATION BLOCK,A,4179.25,3.88,Y,15,0.0,0.276,0.46,0.276,1.032,0.276,1.932,0.276,3.66,0.276,10,10,15,5,,,STOP_FIRST,TARGET_FIRST,TARGET_FIRST,3.66,0.276,MIRRORED from original's own advATR/favATR at same real price path; does NOT include the extra spread cost of crossing to the opposite bid/ask side at entry (see report methodology note)
MAC_20260610081543_SELL_TREND_PULLBACK,MAC,2026.06.10 08:15:43,SELL,BUY,TREND_PULLBACK,A+ TIMING DEMOTION,A,4178.12,3.87,Y,10,0.576,0.16,1.152,0.16,1.6,0.16,2.536,0.16,3.932,0.16,5,5,5,,,,TARGET_FIRST,TARGET_FIRST,TARGET_FIRST,3.932,0.16,MIRRORED from original's own advATR/favATR at same real price path; does NOT include the extra spread cost of crossing to the opposite bid/ask side at entry (see report methodology note)
MAC_20260610083114_SELL_TREND_PULLBACK,MAC,2026.06.10 08:31:14,SELL,BUY,TREND_PULLBACK,FAILED-IMPULSE BLOCK,A,4183.21,4.43,Y,10,0.94,0.0,1.332,0.0,1.76,0.0,2.536,0.0,2.98,0.0,5,5,5,,,,TARGET_FIRST,TARGET_FIRST,TARGET_FIRST,2.98,0.0,MIRRORED from original's own advATR/favATR at same real price path; does NOT include the extra spread cost of crossing to the opposite bid/ask side at entry (see report methodology note)
MAC_20260610084012_BUY_BREAKOUT,MAC,2026.06.10 08:40:12,BUY,SELL,BREAKOUT,SMART-GUARD,A,4193.74,4.81,N,,0.0,0.352,0.0,0.744,0.0,0.892,0.0,1.748,0.0,1.868,,,,5,5,10,STOP_FIRST,STOP_FIRST,STOP_FIRST,0.0,1.868,MIRRORED from original's own advATR/favATR at same real price path; does NOT include the extra spread cost of crossing to the opposite bid/ask side at entry (see report methodology note)
MAC_20260610091512_SELL_TREND_PULLBACK,MAC,2026.06.10 09:15:12,SELL,BUY,TREND_PULLBACK,ANTI-BIAS BLOCK,B,4213.32,7.21,N,,0.16,0.0,0.16,0.148,0.16,0.148,0.16,0.372,0.16,0.756,,,,30,30,60,STOP_FIRST,STOP_FIRST,STOP_FIRST,0.16,0.756,MIRRORED from original's own advATR/favATR at same real price path; does NOT include the extra spread cost of crossing to the opposite bid/ask side at entry (see report methodology note)
MAC_20260610092513_SELL_TREND_PULLBACK,MAC,2026.06.10 09:25:13,SELL,BUY,TREND_PULLBACK,ANALYSIS-ONLY,A,4210.48,7.37,N,,0.128,0.012,0.128,0.128,0.128,0.208,0.128,0.428,0.128,0.788,,,,15,30,60,STOP_FIRST,STOP_FIRST,STOP_FIRST,0.128,0.788,MIRRORED from original's own advATR/favATR at same real price path; does NOT include the extra spread cost of crossing to the opposite bid/ask side at entry (see report methodology note)
MAC_20260610094513_SELL_TREND_PULLBACK,MAC,2026.06.10 09:45:13,SELL,BUY,TREND_PULLBACK,LATE-CHASE ENTRY BLOCK,A,4206.33,6.64,N,,0.0,0.224,0.0,0.224,0.0,0.224,0.052,0.4,0.052,1.048,,,,5,30,60,STOP_FIRST,STOP_FIRST,STOP_FIRST,0.052,1.048,MIRRORED from original's own advATR/favATR at same real price path; does NOT include the extra spread cost of crossing to the opposite bid/ask side at entry (see report methodology note)
MAC_20260610100013_SELL_TREND_PULLBACK,MAC,2026.06.10 10:00:13,SELL,BUY,TREND_PULLBACK,BAD-RR TIMING BLOCK,A,4202.35,6.27,N,,0.308,0.0,0.308,0.168,0.308,0.168,0.308,0.476,0.308,2.388,5,5,,30,30,60,TARGET_FIRST,TARGET_FIRST,STOP_FIRST,0.308,2.388,MIRRORED from original's own advATR/favATR at same real price path; does NOT include the extra spread cost of crossing to the opposite bid/ask side at entry (see report methodology note)
MAC_20260610101513_SELL_TREND_PULLBACK,MAC,2026.06.10 10:15:13,SELL,BUY,TREND_PULLBACK,A+ TIMING DEMOTION,A,4200.5,6.39,N,,0.0,0.16,0.0,0.284,0.0,0.352,0.0,0.724,0.0,2.228,,,,10,15,30,STOP_FIRST,STOP_FIRST,STOP_FIRST,0.0,2.228,MIRRORED from original's own advATR/favATR at same real price path; does NOT include the extra spread cost of crossing to the opposite bid/ask side at entry (see report methodology note)
MAC_20260610102013_SELL_TREND_PULLBACK,MAC,2026.06.10 10:20:13,SELL,BUY,TREND_PULLBACK,ANTI-BIAS BLOCK,A,4200.24,5.86,N,,0.0,0.296,0.0,0.364,0.0,0.656,0.0,1.164,0.0,2.412,,,,5,10,15,STOP_FIRST,STOP_FIRST,STOP_FIRST,0.0,2.412,MIRRORED from original's own advATR/favATR at same real price path; does NOT include the extra spread cost of crossing to the opposite bid/ask side at entry (see report methodology note)
MAC_20260610104013_SELL_BREAKOUT,MAC,2026.06.10 10:40:13,SELL,BUY,BREAKOUT,BAD-RR TIMING BLOCK,A,4190.64,5.53,N,,0.0,0.124,0.0,0.54,0.0,0.54,0.0,1.86,0.0,1.86,,,,10,10,10,STOP_FIRST,STOP_FIRST,STOP_FIRST,0.0,1.86,MIRRORED from original's own advATR/favATR at same real price path; does NOT include the extra spread cost of crossing to the opposite bid/ask side at entry (see report methodology note)
MAC_20260610110012_SELL_SQUEEZE_RELEASE,MAC,2026.06.10 11:00:12,SELL,BUY,SQUEEZE_RELEASE,BAD-LOCATION BLOCK,A,4185.1,5.75,N,,0.0,1.404,0.0,1.404,0.0,1.404,0.0,1.404,0.0,1.404,,,,5,5,5,STOP_FIRST,STOP_FIRST,STOP_FIRST,0.0,1.404,MIRRORED from original's own advATR/favATR at same real price path; does NOT include the extra spread cost of crossing to the opposite bid/ask side at entry (see report methodology note)
MAC_20260610110501_SELL_ASIA_BREAKOUT,MAC,2026.06.10 11:05:01,SELL,BUY,ASIA_BREAKOUT,ANTI-BIAS BLOCK,A+,4164.8,7.27,N,,0.144,0.0,0.488,0.0,0.488,0.0,0.488,0.0,0.596,0.0,10,10,60,,,,TARGET_FIRST,TARGET_FIRST,TARGET_FIRST,0.596,0.0,MIRRORED from original's own advATR/favATR at same real price path; does NOT include the extra spread cost of crossing to the opposite bid/ask side at entry (see report methodology note)
MAC_20260610111500_SELL_SQUEEZE_RELEASE,MAC,2026.06.10 11:15:00,SELL,BUY,SQUEEZE_RELEASE,BAD-RR TIMING BLOCK,A,4166.58,8.12,N,,0.348,0.0,0.348,0.0,0.348,0.0,0.348,0.0,0.444,0.048,5,5,,,,,TARGET_FIRST,TARGET_FIRST,NEITHER_5-60m,0.444,0.048,MIRRORED from original's own advATR/favATR at same real price path; does NOT include the extra spread cost of crossing to the opposite bid/ask side at entry (see report methodology note)
MAC_20260610112000_SELL_SQUEEZE_RELEASE,MAC,2026.06.10 11:20:00,SELL,BUY,SQUEEZE_RELEASE,A+ TIMING DEMOTION,A,4173.61,8.64,N,,0.0,0.116,0.0,0.116,0.0,0.22,0.092,0.22,0.092,0.368,,,,15,60,,STOP_FIRST,STOP_FIRST,NEITHER_5-60m,0.092,0.368,MIRRORED from original's own advATR/favATR at same real price path; does NOT include the extra spread cost of crossing to the opposite bid/ask side at entry (see report methodology note)
MAC_20260610112501_SELL_TREND_PULLBACK,MAC,2026.06.10 11:25:01,SELL,BUY,TREND_PULLBACK,BAD-LOCATION BLOCK,A,4171.56,8.35,N,,0.0,0.008,0.0,0.128,0.068,0.128,0.196,0.128,0.196,0.284,,,,60,,,STOP_FIRST,NEITHER_5-60m,NEITHER_5-60m,0.196,0.284,MIRRORED from original's own advATR/favATR at same real price path; does NOT include the extra spread cost of crossing to the opposite bid/ask side at entry (see report methodology note)
MAC_20260610115012_SELL_TREND_PULLBACK,MAC,2026.06.10 11:50:12,SELL,BUY,TREND_PULLBACK,FAILED-IMPULSE BLOCK,A,4175.06,8.93,N,,0.0,0.16,0.0,0.264,0.0,0.336,0.0,0.424,0.0,0.424,,,,10,15,,STOP_FIRST,STOP_FIRST,NEITHER_5-60m,0.0,0.424,MIRRORED from original's own advATR/favATR at same real price path; does NOT include the extra spread cost of crossing to the opposite bid/ask side at entry (see report methodology note)
MAC_20260610120012_SELL_TREND_PULLBACK,MAC,2026.06.10 12:00:12,SELL,BUY,TREND_PULLBACK,SMART-GUARD,A+,4168.76,9.03,N,,0.0,0.052,0.072,0.052,0.072,0.14,0.072,0.14,0.072,0.14,,,,,,,NEITHER_5-60m,NEITHER_5-60m,NEITHER_5-60m,0.072,0.14,MIRRORED from original's own advATR/favATR at same real price path; does NOT include the extra spread cost of crossing to the opposite bid/ask side at entry (see report methodology note)
MAC_20260610133813_SELL_TREND_PULLBACK,MAC,2026.06.10 13:38:13,SELL,BUY,TREND_PULLBACK,A+ TIMING DEMOTION,A,4168.47,7.07,N,,0.148,0.124,0.312,0.124,0.312,0.124,0.384,0.616,,,10,10,,30,30,30,TARGET_FIRST,TARGET_FIRST,STOP_FIRST,0.384,0.616,MIRRORED from original's own advATR/favATR at same real price path; does NOT include the extra spread cost of crossing to the opposite bid/ask side at entry (see report methodology note)
MAC_20260610134512_SELL_TREND_PULLBACK,MAC,2026.06.10 13:45:12,SELL,BUY,TREND_PULLBACK,FAILED-IMPULSE BLOCK,A,4171.03,6.54,N,,0.18,0.0,0.18,0.0,0.26,0.0,0.26,0.82,,,15,,,30,30,30,TARGET_FIRST,STOP_FIRST,STOP_FIRST,0.26,0.82,MIRRORED from original's own advATR/favATR at same real price path; does NOT include the extra spread cost of crossing to the opposite bid/ask side at entry (see report methodology note)
MAC_20260610135521_SELL_TREND_PULLBACK,MAC,2026.06.10 13:55:21,SELL,BUY,TREND_PULLBACK,ANALYSIS-ONLY,A+,4171.64,6.62,N,,0.22,0.848,0.22,0.848,0.22,0.848,,,,,5,,,5,5,5,SIMULTANEOUS_SAME_CHECKPOINT,STOP_FIRST,STOP_FIRST,0.22,0.848,MIRRORED from original's own advATR/favATR at same real price path; does NOT include the extra spread cost of crossing to the opposite bid/ask side at entry (see report methodology note)
MAC_20260610140012_SELL_TREND_PULLBACK,MAC,2026.06.10 14:00:12,SELL,BUY,TREND_PULLBACK,SMART-GUARD,A+,4175.14,6.46,N,,0.0,1.084,0.0,1.084,0.0,1.084,,,,,,,,5,5,5,STOP_FIRST,STOP_FIRST,STOP_FIRST,0.0,1.084,MIRRORED from original's own advATR/favATR at same real price path; does NOT include the extra spread cost of crossing to the opposite bid/ask side at entry (see report methodology note)
MAC_20260610140512_SELL_ASIA_BREAKOUT,MAC,2026.06.10 14:05:12,SELL,BUY,ASIA_BREAKOUT,BAD-LOCATION BLOCK,A,4157.5,7.21,N,,0.252,0.0,0.616,0.0,0.616,0.0,,,,,5,10,10,,,,TARGET_FIRST,TARGET_FIRST,TARGET_FIRST,0.616,0.0,MIRRORED from original's own advATR/favATR at same real price path; does NOT include the extra spread cost of crossing to the opposite bid/ask side at entry (see report methodology note)
MAC_20260610142841_SELL_TREND_PULLBACK,MAC,2026.06.10 14:28:41,SELL,BUY,TREND_PULLBACK,SMART-GUARD,A+,4166.06,7.58,N,,0.0,0.024,0.0,0.428,0.0,0.704,0.0,0.892,0.0,1.676,,,,10,10,15,STOP_FIRST,STOP_FIRST,STOP_FIRST,0.0,1.676,MIRRORED from original's own advATR/favATR at same real price path; does NOT include the extra spread cost of crossing to the opposite bid/ask side at entry (see report methodology note)
MAC_20260610143012_SELL_TREND_PULLBACK,MAC,2026.06.10 14:30:12,SELL,BUY,TREND_PULLBACK,A+ TIMING DEMOTION,A,4165.02,7.91,N,,0.032,0.0,0.032,0.36,0.032,0.624,0.032,0.804,0.032,1.552,,,,10,10,15,STOP_FIRST,STOP_FIRST,STOP_FIRST,0.032,1.552,MIRRORED from original's own advATR/favATR at same real price path; does NOT include the extra spread cost of crossing to the opposite bid/ask side at entry (see report methodology note)
MAC_20260610145012_SELL_TREND_PULLBACK,MAC,2026.06.10 14:50:12,SELL,BUY,TREND_PULLBACK,BAD-RR TIMING BLOCK,A,4155.45,8.12,N,,0.0,0.02,0.0,0.308,0.0,0.364,0.0,1.04,0.34,1.04,60,60,,10,10,30,STOP_FIRST,STOP_FIRST,STOP_FIRST,0.34,1.04,MIRRORED from original's own advATR/favATR at same real price path; does NOT include the extra spread cost of crossing to the opposite bid/ask side at entry (see report methodology note)
MAC_20260610150012_SELL_BREAKOUT,MAC,2026.06.10 15:00:12,SELL,BUY,BREAKOUT,BAD-RR TIMING BLOCK,A,4148.79,8.47,N,,0.0,0.032,0.0,0.548,0.0,0.684,0.644,0.684,0.644,0.684,30,30,30,10,10,10,STOP_FIRST,STOP_FIRST,STOP_FIRST,0.644,0.684,MIRRORED from original's own advATR/favATR at same real price path; does NOT include the extra spread cost of crossing to the opposite bid/ask side at entry (see report methodology note)
MAC_20260610150512_SELL_SQUEEZE_RELEASE,MAC,2026.06.10 15:05:12,SELL,BUY,SQUEEZE_RELEASE,BAD-RR TIMING BLOCK,A,4148.07,8.45,N,,0.0,0.512,0.0,0.652,0.0,0.652,0.676,0.652,0.676,0.652,30,30,30,5,5,5,STOP_FIRST,STOP_FIRST,STOP_FIRST,0.676,0.652,MIRRORED from original's own advATR/favATR at same real price path; does NOT include the extra spread cost of crossing to the opposite bid/ask side at entry (see report methodology note)
MAC_20260610153002_SELL_SQUEEZE_RELEASE,MAC,2026.06.10 15:30:02,SELL,BUY,SQUEEZE_RELEASE,A+ TIMING DEMOTION,A,4143.95,7.72,Y,60,0.956,0.0,0.956,0.0,0.956,0.0,0.956,0.0,1.008,0.0,5,5,5,,,,TARGET_FIRST,TARGET_FIRST,TARGET_FIRST,1.008,0.0,MIRRORED from original's own advATR/favATR at same real price path; does NOT include the extra spread cost of crossing to the opposite bid/ask side at entry (see report methodology note)
MAC_20260610153500_SELL_TREND_PULLBACK,MAC,2026.06.10 15:35:00,SELL,BUY,TREND_PULLBACK,FAILED-IMPULSE BLOCK,A,4163.26,9.63,N,,0.0,0.072,0.0,0.148,0.0,0.256,0.0,0.696,0.008,0.696,,,,15,30,30,STOP_FIRST,STOP_FIRST,STOP_FIRST,0.008,0.696,MIRRORED from original's own advATR/favATR at same real price path; does NOT include the extra spread cost of crossing to the opposite bid/ask side at entry (see report methodology note)
MAC_20260610154012_SELL_TREND_PULLBACK,MAC,2026.06.10 15:40:12,SELL,BUY,TREND_PULLBACK,A+ TIMING DEMOTION,A,4161.39,10.14,N,,0.0,0.068,0.0,0.168,0.0,0.38,0.0,0.588,0.08,0.588,,,,15,15,30,STOP_FIRST,STOP_FIRST,STOP_FIRST,0.08,0.588,MIRRORED from original's own advATR/favATR at same real price path; does NOT include the extra spread cost of crossing to the opposite bid/ask side at entry (see report methodology note)
MAC_20260610161014_SELL_TREND_PULLBACK,MAC,2026.06.10 16:10:14,SELL,BUY,TREND_PULLBACK,LATE-CHASE ENTRY BLOCK,A,4155.13,11.6,N,,0.284,0.22,0.284,0.22,0.284,0.22,0.284,0.22,0.284,0.22,5,,,5,,,SIMULTANEOUS_SAME_CHECKPOINT,NEITHER_5-60m,NEITHER_5-60m,0.284,0.22,MIRRORED from original's own advATR/favATR at same real price path; does NOT include the extra spread cost of crossing to the opposite bid/ask side at entry (see report methodology note)
MAC_20260610161513_SELL_TREND_PULLBACK,MAC,2026.06.10 16:15:13,SELL,BUY,TREND_PULLBACK,NEWS FILTER (high-impact event nearby),A,4148.49,11.69,N,,0.512,0.0,0.512,0.0,0.512,0.0,0.512,0.0,0.512,0.0,5,5,5,,,,TARGET_FIRST,TARGET_FIRST,TARGET_FIRST,0.512,0.0,MIRRORED from original's own advATR/favATR at same real price path; does NOT include the extra spread cost of crossing to the opposite bid/ask side at entry (see report methodology note)
MAC_20260610172942_SELL_TREND_PULLBACK,MAC,2026.06.10 17:29:42,SELL,BUY,TREND_PULLBACK,SMART-GUARD,A,4160.72,11.85,N,,0.0,0.064,0.0,0.092,0.0,0.336,0.0,1.192,0.0,1.864,,,,15,15,30,STOP_FIRST,STOP_FIRST,STOP_FIRST,0.0,1.864,MIRRORED from original's own advATR/favATR at same real price path; does NOT include the extra spread cost of crossing to the opposite bid/ask side at entry (see report methodology note)
MAC_20260610173112_SELL_TREND_PULLBACK,MAC,2026.06.10 17:31:12,SELL,BUY,TREND_PULLBACK,ANALYSIS-ONLY,A+,4159.2,11.5,N,,0.052,0.044,0.052,0.292,0.052,0.652,0.052,1.176,0.052,1.868,,,,10,15,15,STOP_FIRST,STOP_FIRST,STOP_FIRST,0.052,1.868,MIRRORED from original's own advATR/favATR at same real price path; does NOT include the extra spread cost of crossing to the opposite bid/ask side at entry (see report methodology note)
MAC_20260610174012_SELL_TREND_PULLBACK,MAC,2026.06.10 17:40:12,SELL,BUY,TREND_PULLBACK,NEWS FILTER (high-impact event nearby),A,4157.84,11.24,N,,0.0,0.252,0.0,0.616,0.0,0.764,0.0,1.192,0.0,1.864,,,,5,10,10,STOP_FIRST,STOP_FIRST,STOP_FIRST,0.0,1.864,MIRRORED from original's own advATR/favATR at same real price path; does NOT include the extra spread cost of crossing to the opposite bid/ask side at entry (see report methodology note)
MAC_20260610175512_SELL_TREND_PULLBACK,MAC,2026.06.10 17:55:12,SELL,BUY,TREND_PULLBACK,BAD-RR TIMING BLOCK,A,4137.02,9.64,N,,0.0,0.48,0.0,0.48,0.0,0.524,0.0,1.308,0.0,1.5,,,,5,5,15,STOP_FIRST,STOP_FIRST,STOP_FIRST,0.0,1.5,MIRRORED from original's own advATR/favATR at same real price path; does NOT include the extra spread cost of crossing to the opposite bid/ask side at entry (see report methodology note)
MAC_20260610180512_SELL_TREND_PULLBACK,MAC,2026.06.10 18:05:12,SELL,BUY,TREND_PULLBACK,B-GRADE QUALITY BLOCK,B,4126.6,10.52,N,,0.0,0.084,0.0,0.164,0.0,0.804,0.0,0.98,0.0,0.988,,,,15,15,15,STOP_FIRST,STOP_FIRST,STOP_FIRST,0.0,0.988,MIRRORED from original's own advATR/favATR at same real price path; does NOT include the extra spread cost of crossing to the opposite bid/ask side at entry (see report methodology note)
MAC_20260610181012_SELL_TREND_PULLBACK,MAC,2026.06.10 18:10:12,SELL,BUY,TREND_PULLBACK,LATE-CHASE ENTRY BLOCK,A,4124.32,10.43,N,,0.0,0.076,0.0,0.724,0.0,0.9,0.0,0.912,0.0,0.912,,,,10,10,10,STOP_FIRST,STOP_FIRST,STOP_FIRST,0.0,0.912,MIRRORED from original's own advATR/favATR at same real price path; does NOT include the extra spread cost of crossing to the opposite bid/ask side at entry (see report methodology note)
MAC_20260610215012_SELL_TREND_PULLBACK,MAC,2026.06.10 21:50:12,SELL,BUY,TREND_PULLBACK,BAD-RR TIMING BLOCK,A,4101.03,5.71,N,,0.0,0.032,0.028,0.032,0.028,0.304,0.028,0.856,0.028,1.148,,,,15,15,30,STOP_FIRST,STOP_FIRST,STOP_FIRST,0.028,1.148,MIRRORED from original's own advATR/favATR at same real price path; does NOT include the extra spread cost of crossing to the opposite bid/ask side at entry (see report methodology note)
MAC_20260610215512_SELL_TREND_PULLBACK,MAC,2026.06.10 21:55:12,SELL,BUY,TREND_PULLBACK,BAD-LOCATION BLOCK,A,4100.47,5.94,N,,0.064,0.0,0.064,0.256,0.064,0.416,0.064,1.068,0.064,1.192,,,,10,15,30,STOP_FIRST,STOP_FIRST,STOP_FIRST,0.064,1.192,MIRRORED from original's own advATR/favATR at same real price path; does NOT include the extra spread cost of crossing to the opposite bid/ask side at entry (see report methodology note)
MAC_20260610221012_SELL_BREAKOUT,MAC,2026.06.10 22:10:12,SELL,BUY,BREAKOUT,SMART-GUARD,A,4094.17,5.24,N,,0.0,0.408,0.0,0.408,0.0,0.728,0.0,0.728,0.0,0.868,,,,5,5,15,STOP_FIRST,STOP_FIRST,STOP_FIRST,0.0,0.868,MIRRORED from original's own advATR/favATR at same real price path; does NOT include the extra spread cost of crossing to the opposite bid/ask side at entry (see report methodology note)
MAC_20260610221512_SELL_BREAKOUT,MAC,2026.06.10 22:15:12,SELL,BUY,BREAKOUT,BAD-RR TIMING BLOCK,A,4088.67,5.17,N,,0.06,0.0,0.06,0.312,0.06,0.312,0.228,0.312,0.228,0.456,30,,,10,10,,STOP_FIRST,STOP_FIRST,NEITHER_5-60m,0.228,0.456,MIRRORED from original's own advATR/favATR at same real price path; does NOT include the extra spread cost of crossing to the opposite bid/ask side at entry (see report methodology note)
MAC_20260610223012_SELL_SQUEEZE_RELEASE,MAC,2026.06.10 22:30:12,SELL,BUY,SQUEEZE_RELEASE,BAD-RR TIMING BLOCK,A,4085.52,5.12,N,,0.068,0.0,0.476,0.0,0.476,0.0,0.476,0.212,0.476,0.212,10,10,,30,,,TARGET_FIRST,TARGET_FIRST,NEITHER_5-60m,0.476,0.212,MIRRORED from original's own advATR/favATR at same real price path; does NOT include the extra spread cost of crossing to the opposite bid/ask side at entry (see report methodology note)
MAC_20260610223500_SELL_SQUEEZE_RELEASE,MAC,2026.06.10 22:35:00,SELL,BUY,SQUEEZE_RELEASE,BAD-LOCATION BLOCK,A,4086.3,5.21,N,,0.004,0.0,0.408,0.0,0.408,0.0,0.408,0.268,0.408,0.268,10,10,,30,,,TARGET_FIRST,TARGET_FIRST,NEITHER_5-60m,0.408,0.268,MIRRORED from original's own advATR/favATR at same real price path; does NOT include the extra spread cost of crossing to the opposite bid/ask side at entry (see report methodology note)
MAC_20260610233720_SELL_SQUEEZE_RELEASE,MAC,2026.06.10 23:37:20,SELL,BUY,SQUEEZE_RELEASE,BAD-LOCATION BLOCK,A,4082.72,5.63,N,,0.008,0.0,0.008,0.0,0.008,0.816,0.008,2.104,0.008,3.256,,,,15,15,15,STOP_FIRST,STOP_FIRST,STOP_FIRST,0.008,3.256,MIRRORED from original's own advATR/favATR at same real price path; does NOT include the extra spread cost of crossing to the opposite bid/ask side at entry (see report methodology note)
MAC_20260611010002_SELL_TREND_PULLBACK,MAC,2026.06.11 01:00:02,SELL,BUY,TREND_PULLBACK,BAD-LOCATION BLOCK,B,4066.46,5.78,N,,0.0,0.26,0.0,0.924,0.0,0.924,0.0,2.048,0.0,2.048,,,,5,10,10,STOP_FIRST,STOP_FIRST,STOP_FIRST,0.0,2.048,MIRRORED from original's own advATR/favATR at same real price path; does NOT include the extra spread cost of crossing to the opposite bid/ask side at entry (see report methodology note)
MAC_20260611010514_SELL_TREND_PULLBACK,MAC,2026.06.11 01:05:14,SELL,BUY,TREND_PULLBACK,B-GRADE QUALITY BLOCK,B,4062.4,6.99,N,,0.0,0.532,0.0,0.908,0.0,1.46,0.172,1.46,0.172,1.46,,,,5,5,5,STOP_FIRST,STOP_FIRST,STOP_FIRST,0.172,1.46,MIRRORED from original's own advATR/favATR at same real price path; does NOT include the extra spread cost of crossing to the opposite bid/ask side at entry (see report methodology note)
MAC_20260611011013_SELL_BREAKOUT,MAC,2026.06.11 01:10:13,SELL,BUY,BREAKOUT,SMART-GUARD,A,4052.92,7.63,N,,0.056,0.336,0.056,0.84,0.056,0.84,0.656,0.84,0.656,1.172,30,30,30,5,5,10,STOP_FIRST,STOP_FIRST,STOP_FIRST,0.656,1.172,MIRRORED from original's own advATR/favATR at same real price path; does NOT include the extra spread cost of crossing to the opposite bid/ask side at entry (see report methodology note)
MAC_20260611011512_SELL_BREAKOUT,MAC,2026.06.11 01:15:12,SELL,BUY,BREAKOUT,BAD-LOCATION BLOCK,B,4053.79,7.68,N,,0.0,0.38,0.0,0.88,0.0,0.88,0.604,0.88,0.604,1.212,30,30,30,5,5,10,STOP_FIRST,STOP_FIRST,STOP_FIRST,0.604,1.212,MIRRORED from original's own advATR/favATR at same real price path; does NOT include the extra spread cost of crossing to the opposite bid/ask side at entry (see report methodology note)
MAC_20260611012012_SELL_BREAKOUT,MAC,2026.06.11 01:20:12,SELL,BUY,BREAKOUT,BAD-RR TIMING BLOCK,A,4046.48,8.38,N,,0.0,0.456,0.0,0.456,0.904,0.456,0.904,0.456,0.904,0.76,15,15,15,5,5,60,STOP_FIRST,STOP_FIRST,TARGET_FIRST,0.904,0.76,MIRRORED from original's own advATR/favATR at same real price path; does NOT include the extra spread cost of crossing to the opposite bid/ask side at entry (see report methodology note)
MAC_20260611013500_SELL_SQUEEZE_RELEASE,MAC,2026.06.11 01:35:00,SELL,BUY,SQUEEZE_RELEASE,FAILED-IMPULSE BLOCK,A,4050.61,9.1,N,,0.652,0.0,0.652,0.0,0.652,0.0,0.652,0.172,0.652,0.884,5,5,5,60,60,60,TARGET_FIRST,TARGET_FIRST,TARGET_FIRST,0.652,0.884,MIRRORED from original's own advATR/favATR at same real price path; does NOT include the extra spread cost of crossing to the opposite bid/ask side at entry (see report methodology note)
MAC_20260611015443_SELL_TREND_PULLBACK,MAC,2026.06.11 01:54:43,SELL,BUY,TREND_PULLBACK,SMART-GUARD,A,4054.85,10.45,N,,0.0,0.312,0.0,0.312,0.0,0.548,0.0,0.932,0.252,0.932,60,,,5,5,15,STOP_FIRST,STOP_FIRST,STOP_FIRST,0.252,0.932,MIRRORED from original's own advATR/favATR at same real price path; does NOT include the extra spread cost of crossing to the opposite bid/ask side at entry (see report methodology note)
MAC_20260611015613_SELL_TREND_PULLBACK,MAC,2026.06.11 01:56:13,SELL,BUY,TREND_PULLBACK,ANALYSIS-ONLY,A,4050.83,10.91,N,,0.0,0.152,0.0,0.376,0.0,0.744,0.388,0.744,0.388,0.744,30,30,,10,10,15,STOP_FIRST,STOP_FIRST,STOP_FIRST,0.388,0.744,MIRRORED from original's own advATR/favATR at same real price path; does NOT include the extra spread cost of crossing to the opposite bid/ask side at entry (see report methodology note)
MAC_20260611020513_SELL_TREND_PULLBACK,MAC,2026.06.11 02:05:13,SELL,BUY,TREND_PULLBACK,FAILED-IMPULSE BLOCK,B,4047.68,11.28,N,,0.0,0.608,0.0,0.608,0.0,0.608,0.488,0.608,0.488,0.608,30,30,,5,5,5,STOP_FIRST,STOP_FIRST,STOP_FIRST,0.488,0.608,MIRRORED from original's own advATR/favATR at same real price path; does NOT include the extra spread cost of crossing to the opposite bid/ask side at entry (see report methodology note)
MAC_20260611021013_SELL_TREND_PULLBACK,MAC,2026.06.11 02:10:13,SELL,BUY,TREND_PULLBACK,BAD-LOCATION BLOCK,B,4041.2,11.69,N,,0.052,0.364,0.112,0.364,0.692,0.364,0.692,0.364,0.692,0.364,15,15,15,5,5,,STOP_FIRST,STOP_FIRST,TARGET_FIRST,0.692,0.364,MIRRORED from original's own advATR/favATR at same real price path; does NOT include the extra spread cost of crossing to the opposite bid/ask side at entry (see report methodology note)
MAC_20260611021512_SELL_TREND_PULLBACK,MAC,2026.06.11 02:15:12,SELL,BUY,TREND_PULLBACK,B-GRADE QUALITY BLOCK,B,4030.46,11.27,Y,15,0.436,0.0,0.496,0.0,1.1,0.0,1.1,0.0,1.1,0.0,5,5,15,,,,TARGET_FIRST,TARGET_FIRST,TARGET_FIRST,1.1,0.0,MIRRORED from original's own advATR/favATR at same real price path; does NOT include the extra spread cost of crossing to the opposite bid/ask side at entry (see report methodology note)
MAC_20260611022013_SELL_TREND_PULLBACK,MAC,2026.06.11 02:20:13,SELL,BUY,TREND_PULLBACK,LATE-CHASE ENTRY BLOCK,B,4041.38,11.57,N,,0.692,0.0,0.692,0.0,0.692,0.0,0.692,0.0,0.792,0.0,5,5,5,,,,TARGET_FIRST,TARGET_FIRST,TARGET_FIRST,0.792,0.0,MIRRORED from original's own advATR/favATR at same real price path; does NOT include the extra spread cost of crossing to the opposite bid/ask side at entry (see report methodology note)
MAC_20260611031512_SELL_TREND_PULLBACK,MAC,2026.06.11 03:15:12,SELL,BUY,TREND_PULLBACK,FAILED-IMPULSE BLOCK,A,4050.79,12.3,Y,60,0.436,0.0,0.436,0.0,0.536,0.0,0.552,0.0,1.16,0.0,5,5,15,,,,TARGET_FIRST,TARGET_FIRST,TARGET_FIRST,1.16,0.0,MIRRORED from original's own advATR/favATR at same real price path; does NOT include the extra spread cost of crossing to the opposite bid/ask side at entry (see report methodology note)
MAC_20260611032512_SELL_TREND_PULLBACK,MAC,2026.06.11 03:25:12,SELL,BUY,TREND_PULLBACK,A+ TIMING DEMOTION,A,4059.39,12.44,Y,60,0.252,0.0,0.268,0.0,0.268,0.0,0.376,0.0,1.492,0.0,5,30,60,,,,TARGET_FIRST,TARGET_FIRST,TARGET_FIRST,1.492,0.0,MIRRORED from original's own advATR/favATR at same real price path; does NOT include the extra spread cost of crossing to the opposite bid/ask side at entry (see report methodology note)
MAC_20260611034012_SELL_TREND_PULLBACK,MAC,2026.06.11 03:40:12,SELL,BUY,TREND_PULLBACK,ANALYSIS-ONLY,A,4062.65,11.56,Y,60,0.056,0.0,0.292,0.0,0.292,0.0,0.824,0.0,1.736,0.0,10,30,30,,,,TARGET_FIRST,TARGET_FIRST,TARGET_FIRST,1.736,0.0,MIRRORED from original's own advATR/favATR at same real price path; does NOT include the extra spread cost of crossing to the opposite bid/ask side at entry (see report methodology note)
MAC_20260611040012_SELL_TREND_PULLBACK,MAC,2026.06.11 04:00:12,SELL,BUY,TREND_PULLBACK,B-GRADE QUALITY BLOCK,B,4086.72,11.9,N,,0.0,0.252,0.0,0.252,0.0,0.252,0.64,0.252,0.908,0.252,30,30,30,5,,,STOP_FIRST,TARGET_FIRST,TARGET_FIRST,0.908,0.252,MIRRORED from original's own advATR/favATR at same real price path; does NOT include the extra spread cost of crossing to the opposite bid/ask side at entry (see report methodology note)
MAC_20260611042012_BUY_BREAKOUT,MAC,2026.06.11 04:20:12,BUY,SELL,BREAKOUT,SMART-GUARD,A,4096.4,13.21,N,,0.0,0.284,0.0,0.284,0.0,0.432,0.0,0.524,0.192,0.524,,,,5,15,30,STOP_FIRST,STOP_FIRST,STOP_FIRST,0.192,0.524,MIRRORED from original's own advATR/favATR at same real price path; does NOT include the extra spread cost of crossing to the opposite bid/ask side at entry (see report methodology note)
MAC_20260611043012_BUY_BREAKOUT,MAC,2026.06.11 04:30:12,BUY,SELL,BREAKOUT,B-GRADE QUALITY BLOCK,B,4104.94,11.45,N,,0.0,0.2,0.0,0.272,0.0,0.308,0.192,0.308,0.736,0.308,60,60,60,5,15,,STOP_FIRST,STOP_FIRST,TARGET_FIRST,0.736,0.308,MIRRORED from original's own advATR/favATR at same real price path; does NOT include the extra spread cost of crossing to the opposite bid/ask side at entry (see report methodology note)
MAC_20260611050012_SELL_TREND_PULLBACK,MAC,2026.06.11 05:00:12,SELL,BUY,TREND_PULLBACK,B-GRADE QUALITY BLOCK,B,4099.79,9.86,N,,0.0,0.02,0.0,0.104,0.0,0.392,0.0,0.644,0.0,1.74,,,,15,15,30,STOP_FIRST,STOP_FIRST,STOP_FIRST,0.0,1.74,MIRRORED from original's own advATR/favATR at same real price path; does NOT include the extra spread cost of crossing to the opposite bid/ask side at entry (see report methodology note)
MAC_20260611051012_SELL_TREND_PULLBACK,MAC,2026.06.11 05:10:12,SELL,BUY,TREND_PULLBACK,SMART-GUARD,A,4097.14,9.98,N,,0.0,0.284,0.0,0.284,0.0,0.332,0.0,1.224,0.0,1.616,,,,5,15,30,STOP_FIRST,STOP_FIRST,STOP_FIRST,0.0,1.616,MIRRORED from original's own advATR/favATR at same real price path; does NOT include the extra spread cost of crossing to the opposite bid/ask side at entry (see report methodology note)
MAC_20260611052012_SELL_TREND_PULLBACK,MAC,2026.06.11 05:20:12,SELL,BUY,TREND_PULLBACK,LATE-CHASE ENTRY BLOCK,A,4093.54,8.79,N,,0.0,0.216,0.0,0.44,0.0,0.852,0.0,1.668,0.0,1.668,,,,5,10,15,STOP_FIRST,STOP_FIRST,STOP_FIRST,0.0,1.668,MIRRORED from original's own advATR/favATR at same real price path; does NOT include the extra spread cost of crossing to the opposite bid/ask side at entry (see report methodology note)
MAC_20260611052512_SELL_TREND_PULLBACK,MAC,2026.06.11 05:25:12,SELL,BUY,TREND_PULLBACK,BAD-RR TIMING BLOCK,A,4088.71,8.39,N,,0.0,0.232,0.0,0.66,0.0,1.052,0.0,1.52,0.0,1.52,,,,5,10,10,STOP_FIRST,STOP_FIRST,STOP_FIRST,0.0,1.52,MIRRORED from original's own advATR/favATR at same real price path; does NOT include the extra spread cost of crossing to the opposite bid/ask side at entry (see report methodology note)
MAC_20260611054012_SELL_TREND_PULLBACK,MAC,2026.06.11 05:40:12,SELL,BUY,TREND_PULLBACK,A+ TIMING DEMOTION,A,4066.12,8.49,N,,0.0,0.336,0.0,0.436,0.0,0.436,0.44,0.436,0.44,0.436,30,30,,5,5,,STOP_FIRST,STOP_FIRST,NEITHER_5-60m,0.44,0.436,MIRRORED from original's own advATR/favATR at same real price path; does NOT include the extra spread cost of crossing to the opposite bid/ask side at entry (see report methodology note)
MAC_20260611055012_SELL_BREAKOUT,MAC,2026.06.11 05:50:12,SELL,BUY,BREAKOUT,BAD-RR TIMING BLOCK,A,4056.74,8.94,N,,0.34,0.0,0.608,0.0,0.84,0.0,0.84,0.0,0.84,0.0,5,5,10,,,,TARGET_FIRST,TARGET_FIRST,TARGET_FIRST,0.84,0.0,MIRRORED from original's own advATR/favATR at same real price path; does NOT include the extra spread cost of crossing to the opposite bid/ask side at entry (see report methodology note)
MAC_20260611055512_SELL_TREND_PULLBACK,MAC,2026.06.11 05:55:12,SELL,BUY,TREND_PULLBACK,BAD-LOCATION BLOCK,A,4063.91,9.03,N,,0.284,0.0,0.512,0.0,0.512,0.0,0.512,0.02,0.512,0.02,5,10,10,,,,TARGET_FIRST,TARGET_FIRST,TARGET_FIRST,0.512,0.02,MIRRORED from original's own advATR/favATR at same real price path; does NOT include the extra spread cost of crossing to the opposite bid/ask side at entry (see report methodology note)
MAC_20260611060012_SELL_TREND_PULLBACK,MAC,2026.06.11 06:00:12,SELL,BUY,TREND_PULLBACK,FAILED-IMPULSE BLOCK,A,4070.0,9.06,N,,0.244,0.0,0.244,0.0,0.244,0.02,0.244,0.288,0.244,0.288,5,,,30,,,TARGET_FIRST,NEITHER_5-60m,NEITHER_5-60m,0.244,0.288,MIRRORED from original's own advATR/favATR at same real price path; does NOT include the extra spread cost of crossing to the opposite bid/ask side at entry (see report methodology note)
MAC_20260611061512_SELL_TREND_PULLBACK,MAC,2026.06.11 06:15:12,SELL,BUY,TREND_PULLBACK,SMART-GUARD,A+,4069.27,9.52,N,,0.0,0.216,0.0,0.244,0.0,0.244,0.052,0.244,0.6,0.244,60,60,60,5,,,STOP_FIRST,TARGET_FIRST,TARGET_FIRST,0.6,0.244,MIRRORED from original's own advATR/favATR at same real price path; does NOT include the extra spread cost of crossing to the opposite bid/ask side at entry (see report methodology note)
MAC_20260611063012_SELL_TREND_PULLBACK,MAC,2026.06.11 06:30:12,SELL,BUY,TREND_PULLBACK,LATE-CHASE ENTRY BLOCK,A,4064.78,9.05,N,,0.064,0.0,0.252,0.0,0.252,0.0,0.436,0.0,0.828,0.0,10,30,60,,,,TARGET_FIRST,TARGET_FIRST,TARGET_FIRST,0.828,0.0,MIRRORED from original's own advATR/favATR at same real price path; does NOT include the extra spread cost of crossing to the opposite bid/ask side at entry (see report methodology note)
MAC_20260611064512_SELL_TREND_PULLBACK,MAC,2026.06.11 06:45:12,SELL,BUY,TREND_PULLBACK,A+ TIMING DEMOTION,A,4068.61,8.31,N,,0.0,0.136,0.2,0.136,0.288,0.136,0.716,0.136,0.716,0.136,10,30,30,,,,TARGET_FIRST,TARGET_FIRST,TARGET_FIRST,0.716,0.136,MIRRORED from original's own advATR/favATR at same real price path; does NOT include the extra spread cost of crossing to the opposite bid/ask side at entry (see report methodology note)
MAC_20260611071012_SELL_TREND_PULLBACK,MAC,2026.06.11 07:10:12,SELL,BUY,TREND_PULLBACK,FAILED-IMPULSE BLOCK,A,4078.67,6.88,N,,0.28,0.0,0.28,0.0,0.28,0.0,0.28,0.06,0.332,0.06,5,60,,,,,TARGET_FIRST,TARGET_FIRST,NEITHER_5-60m,0.332,0.06,MIRRORED from original's own advATR/favATR at same real price path; does NOT include the extra spread cost of crossing to the opposite bid/ask side at entry (see report methodology note)
MAC_20260611072012_SELL_TREND_PULLBACK,MAC,2026.06.11 07:20:12,SELL,BUY,TREND_PULLBACK,SMART-GUARD,A,4081.14,6.37,N,,0.028,0.0,0.028,0.076,0.028,0.22,0.12,0.22,0.704,0.276,60,60,60,15,,,STOP_FIRST,TARGET_FIRST,TARGET_FIRST,0.704,0.276,MIRRORED from original's own advATR/favATR at same real price path; does NOT include the extra spread cost of crossing to the opposite bid/ask side at entry (see report methodology note)
MAC_20260611073013_SELL_TREND_PULLBACK,MAC,2026.06.11 07:30:13,SELL,BUY,TREND_PULLBACK,ANALYSIS-ONLY,A+,4079.95,5.87,N,,0.0,0.156,0.192,0.156,0.212,0.156,0.3,0.156,0.844,0.22,15,30,60,60,,,TARGET_FIRST,TARGET_FIRST,TARGET_FIRST,0.844,0.22,MIRRORED from original's own advATR/favATR at same real price path; does NOT include the extra spread cost of crossing to the opposite bid/ask side at entry (see report methodology note)
MAC_20260611080012_SELL_TREND_PULLBACK,MAC,2026.06.11 08:00:12,SELL,BUY,TREND_PULLBACK,A+ TIMING DEMOTION,A,4081.57,5.61,Y,60,0.0,0.196,0.0,0.196,0.0,0.344,0.768,0.344,1.08,0.344,30,30,30,15,15,,STOP_FIRST,STOP_FIRST,TARGET_FIRST,1.08,0.344,MIRRORED from original's own advATR/favATR at same real price path; does NOT include the extra spread cost of crossing to the opposite bid/ask side at entry (see report methodology note)
MAC_20260611083342_SELL_TREND_PULLBACK,MAC,2026.06.11 08:33:42,SELL,BUY,TREND_PULLBACK,SMART-GUARD,A+,4092.48,5.41,N,,0.312,0.0,0.312,0.188,0.312,0.564,0.312,0.984,0.312,0.984,5,5,,15,15,15,TARGET_FIRST,TARGET_FIRST,STOP_FIRST,0.312,0.984,MIRRORED from original's own advATR/favATR at same real price path; does NOT include the extra spread cost of crossing to the opposite bid/ask side at entry (see report methodology note)
MAC_20260611083512_SELL_TREND_PULLBACK,MAC,2026.06.11 08:35:12,SELL,BUY,TREND_PULLBACK,FAILED-IMPULSE BLOCK,A,4094.06,6.57,N,,0.16,0.0,0.16,0.252,0.16,0.564,0.16,0.908,0.16,0.908,,,,10,15,15,STOP_FIRST,STOP_FIRST,STOP_FIRST,0.16,0.908,MIRRORED from original's own advATR/favATR at same real price path; does NOT include the extra spread cost of crossing to the opposite bid/ask side at entry (see report methodology note)
MAC_20260611090142_SELL_TREND_PULLBACK,MAC,2026.06.11 09:01:42,SELL,BUY,TREND_PULLBACK,B-GRADE QUALITY BLOCK,B,4089.89,7.08,N,,0.0,0.608,0.0,0.608,0.0,0.608,0.1,0.608,0.424,0.608,60,60,,5,5,5,STOP_FIRST,STOP_FIRST,STOP_FIRST,0.424,0.608,MIRRORED from original's own advATR/favATR at same real price path; does NOT include the extra spread cost of crossing to the opposite bid/ask side at entry (see report methodology note)
MAC_20260611091512_SELL_SQUEEZE_RELEASE,MAC,2026.06.11 09:15:12,SELL,BUY,SQUEEZE_RELEASE,FAILED-IMPULSE BLOCK,A,4083.96,7.65,N,,0.4,0.0,0.4,0.0,0.4,0.0,0.448,0.0,,,5,5,,,,,TARGET_FIRST,TARGET_FIRST,NEITHER_5-60m,0.448,0.0,MIRRORED from original's own advATR/favATR at same real price path; does NOT include the extra spread cost of crossing to the opposite bid/ask side at entry (see report methodology note)
MAC_20260611093012_SELL_TREND_PULLBACK,MAC,2026.06.11 09:30:12,SELL,BUY,TREND_PULLBACK,A+ TIMING DEMOTION,A,4087.88,7.93,N,,0.0,0.196,0.06,0.196,0.236,0.196,0.44,0.196,,,15,30,,,,,TARGET_FIRST,TARGET_FIRST,NEITHER_5-60m,0.44,0.196,MIRRORED from original's own advATR/favATR at same real price path; does NOT include the extra spread cost of crossing to the opposite bid/ask side at entry (see report methodology note)
MAC_20260611093512_SELL_TREND_PULLBACK,MAC,2026.06.11 09:35:12,SELL,BUY,TREND_PULLBACK,SMART-GUARD,A+,4084.09,7.88,N,,0.252,0.0,0.428,0.0,0.448,0.0,0.676,0.0,,,5,10,30,,,,TARGET_FIRST,TARGET_FIRST,TARGET_FIRST,0.676,0.0,MIRRORED from original's own advATR/favATR at same real price path; does NOT include the extra spread cost of crossing to the opposite bid/ask side at entry (see report methodology note)
MAC_20260611094012_SELL_TREND_PULLBACK,MAC,2026.06.11 09:40:12,SELL,BUY,TREND_PULLBACK,FAILED-IMPULSE BLOCK,A,4089.02,7.94,N,,0.18,0.0,0.196,0.0,0.38,0.0,0.424,0.0,,,15,15,,,,,TARGET_FIRST,TARGET_FIRST,NEITHER_5-60m,0.424,0.0,MIRRORED from original's own advATR/favATR at same real price path; does NOT include the extra spread cost of crossing to the opposite bid/ask side at entry (see report methodology note)
MAC_20260611122559_SELL_TREND_PULLBACK,MAC,2026.06.11 12:25:59,SELL,BUY,TREND_PULLBACK,BAD-LOCATION BLOCK,A,4081.82,4.87,Y,30,0.004,0.204,0.496,0.204,0.812,0.204,1.072,0.204,1.072,0.204,10,10,15,5,,,STOP_FIRST,TARGET_FIRST,TARGET_FIRST,1.072,0.204,MIRRORED from original's own advATR/favATR at same real price path; does NOT include the extra spread cost of crossing to the opposite bid/ask side at entry (see report methodology note)
MAC_20260611123012_SELL_TREND_PULLBACK,MAC,2026.06.11 12:30:12,SELL,BUY,TREND_PULLBACK,SMART-GUARD,A+,4079.39,4.92,Y,15,0.2,0.0,0.688,0.0,1.0,0.0,1.26,0.0,1.26,0.0,5,10,10,,,,TARGET_FIRST,TARGET_FIRST,TARGET_FIRST,1.26,0.0,MIRRORED from original's own advATR/favATR at same real price path; does NOT include the extra spread cost of crossing to the opposite bid/ask side at entry (see report methodology note)
MAC_20260611124012_SELL_TREND_PULLBACK,MAC,2026.06.11 12:40:12,SELL,BUY,TREND_PULLBACK,A+ EVIDENCE DEMOTION,A,4087.58,5.07,N,,0.328,0.0,0.576,0.0,0.576,0.0,0.576,0.0,0.576,0.256,5,5,10,60,,,TARGET_FIRST,TARGET_FIRST,TARGET_FIRST,0.576,0.256,MIRRORED from original's own advATR/favATR at same real price path; does NOT include the extra spread cost of crossing to the opposite bid/ask side at entry (see report methodology note)
MAC_20260611130512_SELL_TREND_PULLBACK,MAC,2026.06.11 13:05:12,SELL,BUY,TREND_PULLBACK,FAILED-IMPULSE BLOCK,A,4092.02,5.15,N,,0.0,0.1,0.0,0.596,0.0,0.596,0.0,0.596,0.0,0.596,,,,10,10,10,STOP_FIRST,STOP_FIRST,STOP_FIRST,0.0,0.596,MIRRORED from original's own advATR/favATR at same real price path; does NOT include the extra spread cost of crossing to the opposite bid/ask side at entry (see report methodology note)
MAC_20260611141644_SELL_TREND_PULLBACK,MAC,2026.06.11 14:16:44,SELL,BUY,TREND_PULLBACK,SMART-GUARD,A+,4084.2,5.16,N,,0.172,0.0,0.452,0.0,0.452,0.0,0.452,0.108,0.452,0.972,10,10,,60,60,60,TARGET_FIRST,TARGET_FIRST,STOP_FIRST,0.452,0.972,MIRRORED from original's own advATR/favATR at same real price path; does NOT include the extra spread cost of crossing to the opposite bid/ask side at entry (see report methodology note)
MAC_20260611143012_SELL_TREND_PULLBACK,MAC,2026.06.11 14:30:12,SELL,BUY,TREND_PULLBACK,A+ EVIDENCE DEMOTION,A,4089.93,5.38,N,,0.0,0.124,0.0,0.436,0.0,0.532,0.0,0.816,0.0,1.832,,,,10,10,15,STOP_FIRST,STOP_FIRST,STOP_FIRST,0.0,1.832,MIRRORED from original's own advATR/favATR at same real price path; does NOT include the extra spread cost of crossing to the opposite bid/ask side at entry (see report methodology note)
MAC_20260611144512_SELL_TREND_PULLBACK,MAC,2026.06.11 14:45:12,SELL,BUY,TREND_PULLBACK,BAD-LOCATION BLOCK,A,4082.63,5.32,N,,0.224,0.0,0.252,0.0,0.252,0.28,0.288,0.524,0.288,1.54,5,,,15,30,30,TARGET_FIRST,STOP_FIRST,STOP_FIRST,0.288,1.54,MIRRORED from original's own advATR/favATR at same real price path; does NOT include the extra spread cost of crossing to the opposite bid/ask side at entry (see report methodology note)
MAC_20260611145513_SELL_TREND_PULLBACK,MAC,2026.06.11 14:55:13,SELL,BUY,TREND_PULLBACK,NEWS FILTER (high-impact event nearby),A,4085.93,5.33,N,,0.04,0.524,0.04,0.524,0.04,0.772,0.04,1.552,0.04,1.784,,,,5,5,5,STOP_FIRST,STOP_FIRST,STOP_FIRST,0.04,1.784,MIRRORED from original's own advATR/favATR at same real price path; does NOT include the extra spread cost of crossing to the opposite bid/ask side at entry (see report methodology note)
MAC_20260611151512_SELL_BREAKOUT,MAC,2026.06.11 15:15:12,SELL,BUY,BREAKOUT,SMART-GUARD,A,4075.51,6.2,N,,0.0,0.248,0.0,0.66,0.0,0.86,0.124,0.86,0.532,0.86,60,60,60,5,10,10,STOP_FIRST,STOP_FIRST,STOP_FIRST,0.532,0.86,MIRRORED from original's own advATR/favATR at same real price path; does NOT include the extra spread cost of crossing to the opposite bid/ask side at entry (see report methodology note)
MAC_20260611152012_SELL_SQUEEZE_RELEASE,MAC,2026.06.11 15:20:12,SELL,BUY,SQUEEZE_RELEASE,BAD-RR TIMING BLOCK,A,4071.46,6.35,N,,0.0,0.388,0.0,0.584,0.0,0.584,0.704,0.584,0.772,0.584,30,30,30,5,5,10,STOP_FIRST,STOP_FIRST,STOP_FIRST,0.772,0.584,MIRRORED from original's own advATR/favATR at same real price path; does NOT include the extra spread cost of crossing to the opposite bid/ask side at entry (see report methodology note)
MAC_20260611153012_SELL_SQUEEZE_RELEASE,MAC,2026.06.11 15:30:12,SELL,BUY,SQUEEZE_RELEASE,BAD-LOCATION BLOCK,A,4065.09,7.37,Y,60,0.112,0.156,0.448,0.156,0.668,0.156,0.964,0.156,1.012,0.156,10,10,15,,,,TARGET_FIRST,TARGET_FIRST,TARGET_FIRST,1.012,0.156,MIRRORED from original's own advATR/favATR at same real price path; does NOT include the extra spread cost of crossing to the opposite bid/ask side at entry (see report methodology note)
MAC_20260611153500_SELL_BREAKOUT,MAC,2026.06.11 15:35:00,SELL,BUY,BREAKOUT,BAD-RR TIMING BLOCK,A,4062.06,8.18,Y,30,0.248,0.0,0.552,0.0,0.752,0.0,1.036,0.0,1.06,0.0,5,10,10,,,,TARGET_FIRST,TARGET_FIRST,TARGET_FIRST,1.06,0.0,MIRRORED from original's own advATR/favATR at same real price path; does NOT include the extra spread cost of crossing to the opposite bid/ask side at entry (see report methodology note)
MAC_20260611154500_SELL_SQUEEZE_RELEASE,MAC,2026.06.11 15:45:00,SELL,BUY,SQUEEZE_RELEASE,A+ EVIDENCE DEMOTION,A,4073.23,8.67,N,,0.192,0.0,0.432,0.0,0.444,0.0,0.484,0.0,0.484,0.2,10,10,,60,,,TARGET_FIRST,TARGET_FIRST,NEITHER_5-60m,0.484,0.2,MIRRORED from original's own advATR/favATR at same real price path; does NOT include the extra spread cost of crossing to the opposite bid/ask side at entry (see report methodology note)
MAC_20260611155000_SELL_TREND_PULLBACK,MAC,2026.06.11 15:50:00,SELL,BUY,TREND_PULLBACK,A+ EVIDENCE DEMOTION,A,4077.34,9.05,N,,0.232,0.0,0.244,0.0,0.264,0.0,0.284,0.144,0.396,0.372,5,60,,60,60,,TARGET_FIRST,SIMULTANEOUS_SAME_CHECKPOINT,NEITHER_5-60m,0.396,0.372,MIRRORED from original's own advATR/favATR at same real price path; does NOT include the extra spread cost of crossing to the opposite bid/ask side at entry (see report methodology note)
MAC_20260611160512_SELL_TREND_PULLBACK,MAC,2026.06.11 16:05:12,SELL,BUY,TREND_PULLBACK,FAILED-IMPULSE BLOCK,A,4083.12,9.92,N,,0.024,0.0,0.024,0.36,0.024,0.364,0.024,0.364,0.144,0.572,,,,10,10,60,STOP_FIRST,STOP_FIRST,STOP_FIRST,0.144,0.572,MIRRORED from original's own advATR/favATR at same real price path; does NOT include the extra spread cost of crossing to the opposite bid/ask side at entry (see report methodology note)
MAC_20260611161512_SELL_TREND_PULLBACK,MAC,2026.06.11 16:15:12,SELL,BUY,TREND_PULLBACK,SMART-GUARD,A+,4074.15,10.26,N,,0.0,0.0,0.004,0.0,0.048,0.0,0.048,0.204,0.488,0.532,60,60,,30,60,60,STOP_FIRST,SIMULTANEOUS_SAME_CHECKPOINT,STOP_FIRST,0.488,0.532,MIRRORED from original's own advATR/favATR at same real price path; does NOT include the extra spread cost of crossing to the opposite bid/ask side at entry (see report methodology note)
MAC_20260611162512_SELL_TREND_PULLBACK,MAC,2026.06.11 16:25:12,SELL,BUY,TREND_PULLBACK,LATE-CHASE ENTRY BLOCK,A,4074.32,10.01,N,,0.04,0.0,0.044,0.0,0.044,0.216,0.492,0.216,0.492,0.552,30,30,,15,60,60,STOP_FIRST,TARGET_FIRST,STOP_FIRST,0.492,0.552,MIRRORED from original's own advATR/favATR at same real price path; does NOT include the extra spread cost of crossing to the opposite bid/ask side at entry (see report methodology note)
MAC_20260611163942_SELL_TREND_PULLBACK,MAC,2026.06.11 16:39:42,SELL,BUY,TREND_PULLBACK,ANALYSIS-ONLY,A,4075.34,9.71,N,,0.0,0.264,0.452,0.264,0.468,0.264,0.468,0.608,0.468,0.608,10,10,,5,30,30,STOP_FIRST,TARGET_FIRST,STOP_FIRST,0.468,0.608,MIRRORED from original's own advATR/favATR at same real price path; does NOT include the extra spread cost of crossing to the opposite bid/ask side at entry (see report methodology note)
MAC_20260611171512_SELL_TREND_PULLBACK,MAC,2026.06.11 17:15:12,SELL,BUY,TREND_PULLBACK,B-GRADE QUALITY BLOCK,B,4063.26,10.88,N,,0.064,0.0,0.648,0.0,0.648,0.0,0.68,0.0,0.684,0.0,10,10,10,,,,TARGET_FIRST,TARGET_FIRST,TARGET_FIRST,0.684,0.0,MIRRORED from original's own advATR/favATR at same real price path; does NOT include the extra spread cost of crossing to the opposite bid/ask side at entry (see report methodology note)
MAC_20260611172012_SELL_TREND_PULLBACK,MAC,2026.06.11 17:20:12,SELL,BUY,TREND_PULLBACK,BAD-LOCATION BLOCK,A,4064.73,11.11,N,,0.58,0.0,0.58,0.0,0.58,0.0,0.616,0.0,0.616,0.0,5,5,5,,,,TARGET_FIRST,TARGET_FIRST,TARGET_FIRST,0.616,0.0,MIRRORED from original's own advATR/favATR at same real price path; does NOT include the extra spread cost of crossing to the opposite bid/ask side at entry (see report methodology note)
MAC_20260611172512_SELL_TREND_PULLBACK,MAC,2026.06.11 17:25:12,SELL,BUY,TREND_PULLBACK,FAILED-IMPULSE BLOCK,A,4080.73,11.49,N,,0.0,0.156,0.0,0.248,0.036,0.248,0.036,0.248,0.036,0.344,,,,10,60,,STOP_FIRST,STOP_FIRST,NEITHER_5-60m,0.036,0.344,MIRRORED from original's own advATR/favATR at same real price path; does NOT include the extra spread cost of crossing to the opposite bid/ask side at entry (see report methodology note)
MAC_20260611173012_SELL_TREND_PULLBACK,MAC,2026.06.11 17:30:12,SELL,BUY,TREND_PULLBACK,A+ EVIDENCE DEMOTION,A,4075.73,11.95,N,,0.0,0.072,0.204,0.072,0.204,0.072,0.204,0.16,0.204,0.16,10,,,,,,TARGET_FIRST,NEITHER_5-60m,NEITHER_5-60m,0.204,0.16,MIRRORED from original's own advATR/favATR at same real price path; does NOT include the extra spread cost of crossing to the opposite bid/ask side at entry (see report methodology note)
MAC_20260611173512_SELL_TREND_PULLBACK,MAC,2026.06.11 17:35:12,SELL,BUY,TREND_PULLBACK,SMART-GUARD,A+,4073.55,12.0,N,,0.276,0.0,0.276,0.0,0.276,0.0,0.276,0.088,0.276,0.088,5,,,,,,TARGET_FIRST,NEITHER_5-60m,NEITHER_5-60m,0.276,0.088,MIRRORED from original's own advATR/favATR at same real price path; does NOT include the extra spread cost of crossing to the opposite bid/ask side at entry (see report methodology note)
MAC_20260611182612_SELL_TREND_PULLBACK,MAC,2026.06.11 18:26:12,SELL,BUY,TREND_PULLBACK,ANALYSIS-ONLY,A,4078.1,9.54,Y,60,0.096,0.0,0.404,0.0,0.448,0.0,0.524,0.0,1.116,0.0,10,10,30,,,,TARGET_FIRST,TARGET_FIRST,TARGET_FIRST,1.116,0.0,MIRRORED from original's own advATR/favATR at same real price path; does NOT include the extra spread cost of crossing to the opposite bid/ask side at entry (see report methodology note)
MAC_20260611183512_SELL_TREND_PULLBACK,MAC,2026.06.11 18:35:12,SELL,BUY,TREND_PULLBACK,SMART-GUARD,A,4080.28,8.49,Y,60,0.348,0.0,0.4,0.0,0.488,0.0,0.488,0.0,1.152,0.048,5,5,60,,,,TARGET_FIRST,TARGET_FIRST,TARGET_FIRST,1.152,0.048,MIRRORED from original's own advATR/favATR at same real price path; does NOT include the extra spread cost of crossing to the opposite bid/ask side at entry (see report methodology note)
MAC_20260611185012_SELL_TREND_PULLBACK,MAC,2026.06.11 18:50:12,SELL,BUY,TREND_PULLBACK,B-GRADE QUALITY BLOCK,B,4090.28,7.76,N,,0.0,0.132,0.0,0.132,0.0,0.132,0.744,0.132,0.744,0.568,30,30,30,60,60,60,TARGET_FIRST,TARGET_FIRST,TARGET_FIRST,0.744,0.568,MIRRORED from original's own advATR/favATR at same real price path; does NOT include the extra spread cost of crossing to the opposite bid/ask side at entry (see report methodology note)
MAC_20260611193012_SELL_TREND_PULLBACK,MAC,2026.06.11 19:30:12,SELL,BUY,TREND_PULLBACK,A+ EVIDENCE DEMOTION,A,4079.2,8.13,Y,60,0.236,0.0,0.236,0.0,0.236,0.0,0.236,0.024,1.788,0.152,5,60,60,,,,TARGET_FIRST,TARGET_FIRST,TARGET_FIRST,1.788,0.152,MIRRORED from original's own advATR/favATR at same real price path; does NOT include the extra spread cost of crossing to the opposite bid/ask side at entry (see report methodology note)
MAC_20260611193513_SELL_TREND_PULLBACK,MAC,2026.06.11 19:35:13,SELL,BUY,TREND_PULLBACK,LATE-CHASE ENTRY BLOCK,A,4083.86,7.9,Y,60,0.0,0.04,0.0,0.152,0.0,0.188,0.0,0.392,3.38,0.392,60,60,60,30,30,,STOP_FIRST,STOP_FIRST,TARGET_FIRST,3.38,0.392,MIRRORED from original's own advATR/favATR at same real price path; does NOT include the extra spread cost of crossing to the opposite bid/ask side at entry (see report methodology note)
MAC_20260611194513_SELL_TREND_PULLBACK,MAC,2026.06.11 19:45:13,SELL,BUY,TREND_PULLBACK,BAD-RR TIMING BLOCK,A,4082.78,7.46,Y,60,0.0,0.14,0.0,0.216,0.0,0.36,0.0,0.36,4.496,0.36,60,60,60,10,15,,STOP_FIRST,STOP_FIRST,TARGET_FIRST,4.496,0.36,MIRRORED from original's own advATR/favATR at same real price path; does NOT include the extra spread cost of crossing to the opposite bid/ask side at entry (see report methodology note)
MAC_20260611200512_SELL_TREND_PULLBACK,MAC,2026.06.11 20:05:12,SELL,BUY,TREND_PULLBACK,SMART-GUARD,A+,4076.49,7.18,Y,30,0.004,0.0,0.068,0.0,0.08,0.0,3.964,0.0,5.016,0.0,30,30,30,,,,TARGET_FIRST,TARGET_FIRST,TARGET_FIRST,5.016,0.0,MIRRORED from original's own advATR/favATR at same real price path; does NOT include the extra spread cost of crossing to the opposite bid/ask side at entry (see report methodology note)
MAC_20260611203012_SELL_TREND_PULLBACK,MAC,2026.06.11 20:30:12,SELL,BUY,TREND_PULLBACK,B-GRADE QUALITY BLOCK,B,4115.22,7.28,Y,5,1.78,0.0,1.944,0.0,2.824,0.0,2.824,0.0,2.824,0.0,5,5,5,,,,TARGET_FIRST,TARGET_FIRST,TARGET_FIRST,2.824,0.0,MIRRORED from original's own advATR/favATR at same real price path; does NOT include the extra spread cost of crossing to the opposite bid/ask side at entry (see report methodology note)
MAC_20260611203512_BUY_BREAKOUT,MAC,2026.06.11 20:35:12,BUY,SELL,BREAKOUT,SMART-GUARD,A,4147.17,9.92,N,,0.0,0.14,0.0,0.784,0.0,0.784,0.464,0.784,0.464,0.784,30,30,,10,10,10,STOP_FIRST,STOP_FIRST,STOP_FIRST,0.464,0.784,MIRRORED from original's own advATR/favATR at same real price path; does NOT include the extra spread cost of crossing to the opposite bid/ask side at entry (see report methodology note)
MAC_20260611204500_BUY_SQUEEZE_RELEASE,MAC,2026.06.11 20:45:00,BUY,SELL,SQUEEZE_RELEASE,BAD-LOCATION BLOCK,B,4166.6,11.35,Y,30,0.424,0.0,0.46,0.0,0.516,0.0,1.092,0.0,1.092,0.16,5,5,15,,,,TARGET_FIRST,TARGET_FIRST,TARGET_FIRST,1.092,0.16,MIRRORED from original's own advATR/favATR at same real price path; does NOT include the extra spread cost of crossing to the opposite bid/ask side at entry (see report methodology note)
MAC_20260611211000_BUY_SQUEEZE_RELEASE,MAC,2026.06.11 21:10:00,BUY,SELL,SQUEEZE_RELEASE,FAILED-IMPULSE BLOCK,B,4135.43,14.64,N,,0.0,0.312,0.0,0.704,0.0,0.704,0.0,0.704,0.0,1.06,,,,5,5,10,STOP_FIRST,STOP_FIRST,STOP_FIRST,0.0,1.06,MIRRORED from original's own advATR/favATR at same real price path; does NOT include the extra spread cost of crossing to the opposite bid/ask side at entry (see report methodology note)
MAC_20260611214012_BUY_TREND_PULLBACK,MAC,2026.06.11 21:40:12,BUY,SELL,TREND_PULLBACK,BAD-LOCATION BLOCK,B,4157.56,15.31,N,,0.0,0.356,0.0,0.436,0.0,0.808,0.0,1.06,0.0,1.504,,,,5,5,15,STOP_FIRST,STOP_FIRST,STOP_FIRST,0.0,1.504,MIRRORED from original's own advATR/favATR at same real price path; does NOT include the extra spread cost of crossing to the opposite bid/ask side at entry (see report methodology note)
MAC_20260611221012_BUY_TREND_PULLBACK,MAC,2026.06.11 22:10:12,BUY,SELL,TREND_PULLBACK,SMART-GUARD,SKIP,4174.22,9.77,N,,0.0,0.584,0.0,0.98,0.0,0.98,0.0,1.676,0.0,1.676,,,,5,5,5,STOP_FIRST,STOP_FIRST,STOP_FIRST,0.0,1.676,MIRRORED from original's own advATR/favATR at same real price path; does NOT include the extra spread cost of crossing to the opposite bid/ask side at entry (see report methodology note)
MAC_20260611223512_BUY_BREAKOUT,MAC,2026.06.11 22:35:12,BUY,SELL,BREAKOUT,SMART-GUARD,A,4215.4,9.47,N,,0.252,0.0,0.252,0.0,0.252,0.0,0.272,0.0,0.272,0.0,5,,,,,,TARGET_FIRST,NEITHER_5-60m,NEITHER_5-60m,0.272,0.0,MIRRORED from original's own advATR/favATR at same real price path; does NOT include the extra spread cost of crossing to the opposite bid/ask side at entry (see report methodology note)
MAC_20260611225512_BUY_SQUEEZE_RELEASE,MAC,2026.06.11 22:55:12,BUY,SELL,SQUEEZE_RELEASE,BAD-RR TIMING BLOCK,A,4210.04,9.58,N,,0.044,0.0,0.044,0.0,0.044,0.0,0.044,0.0,0.044,0.0,,,,,,,NEITHER_5-60m,NEITHER_5-60m,NEITHER_5-60m,0.044,0.0,MIRRORED from original's own advATR/favATR at same real price path; does NOT include the extra spread cost of crossing to the opposite bid/ask side at entry (see report methodology note)
MAC_20260611235846_BUY_SQUEEZE_RELEASE,MAC,2026.06.11 23:58:46,BUY,SELL,SQUEEZE_RELEASE,BAD-RR TIMING BLOCK,A,4209.04,9.58,N,,0.004,0.0,0.004,0.0,0.004,0.0,0.004,0.0,0.004,0.168,,,,,,,NEITHER_5-60m,NEITHER_5-60m,NEITHER_5-60m,0.004,0.168,MIRRORED from original's own advATR/favATR at same real price path; does NOT include the extra spread cost of crossing to the opposite bid/ask side at entry (see report methodology note)
MAC_20260612010001_BUY_SQUEEZE_RELEASE,MAC,2026.06.12 01:00:01,BUY,SELL,SQUEEZE_RELEASE,BAD-LOCATION BLOCK,A,4218.34,9.62,N,,0.408,0.0,0.408,0.0,0.416,0.0,0.464,0.0,0.464,1.0,5,5,,60,60,60,TARGET_FIRST,TARGET_FIRST,STOP_FIRST,0.464,1.0,MIRRORED from original's own advATR/favATR at same real price path; does NOT include the extra spread cost of crossing to the opposite bid/ask side at entry (see report methodology note)
MAC_20260612013012_BUY_TREND_PULLBACK,MAC,2026.06.12 01:30:12,BUY,SELL,TREND_PULLBACK,SMART-GUARD,SKIP,4215.05,8.76,N,,0.024,0.0,0.024,0.02,0.024,0.54,0.024,1.248,0.024,1.248,,,,15,15,15,STOP_FIRST,STOP_FIRST,STOP_FIRST,0.024,1.248,MIRRORED from original's own advATR/favATR at same real price path; does NOT include the extra spread cost of crossing to the opposite bid/ask side at entry (see report methodology note)
MAC_20260612023512_BUY_TREND_PULLBACK,MAC,2026.06.12 02:35:12,BUY,SELL,TREND_PULLBACK,B-GRADE QUALITY BLOCK,B,4217.7,9.05,N,,0.072,0.0,0.072,0.216,0.072,0.216,0.072,0.216,0.188,0.216,,,,10,,,STOP_FIRST,NEITHER_5-60m,NEITHER_5-60m,0.188,0.216,MIRRORED from original's own advATR/favATR at same real price path; does NOT include the extra spread cost of crossing to the opposite bid/ask side at entry (see report methodology note)
MAC_20260612025512_BUY_TREND_PULLBACK,MAC,2026.06.12 02:55:12,BUY,SELL,TREND_PULLBACK,FAILED-IMPULSE BLOCK,B,4216.88,8.77,N,,0.0,0.068,0.0,0.068,0.0,0.068,0.156,0.252,0.712,0.252,60,60,60,30,,,STOP_FIRST,TARGET_FIRST,TARGET_FIRST,0.712,0.252,MIRRORED from original's own advATR/favATR at same real price path; does NOT include the extra spread cost of crossing to the opposite bid/ask side at entry (see report methodology note)
MAC_20260612032513_BUY_TREND_PULLBACK,MAC,2026.06.12 03:25:13,BUY,SELL,TREND_PULLBACK,LATE-CHASE ENTRY BLOCK,B,4222.82,7.22,Y,30,0.152,0.0,0.604,0.0,0.844,0.0,1.196,0.0,2.316,0.0,10,10,10,,,,TARGET_FIRST,TARGET_FIRST,TARGET_FIRST,2.316,0.0,MIRRORED from original's own advATR/favATR at same real price path; does NOT include the extra spread cost of crossing to the opposite bid/ask side at entry (see report methodology note)
MAC_20260612035012_BUY_TREND_PULLBACK,MAC,2026.06.12 03:50:12,BUY,SELL,TREND_PULLBACK,B-GRADE QUALITY BLOCK,B,4204.6,8.39,Y,60,0.16,0.0,0.16,0.0,0.92,0.0,0.92,0.0,1.216,0.0,15,15,15,,,,TARGET_FIRST,TARGET_FIRST,TARGET_FIRST,1.216,0.0,MIRRORED from original's own advATR/favATR at same real price path; does NOT include the extra spread cost of crossing to the opposite bid/ask side at entry (see report methodology note)
MAC_20260612040012_BUY_TREND_PULLBACK,MAC,2026.06.12 04:00:12,BUY,SELL,TREND_PULLBACK,SMART-GUARD,A,4204.36,8.31,Y,30,0.916,0.0,0.916,0.0,0.916,0.0,1.172,0.0,1.216,0.0,5,5,5,,,,TARGET_FIRST,TARGET_FIRST,TARGET_FIRST,1.216,0.0,MIRRORED from original's own advATR/favATR at same real price path; does NOT include the extra spread cost of crossing to the opposite bid/ask side at entry (see report methodology note)
MAC_20260612040512_SELL_BREAKOUT,MAC,2026.06.12 04:05:12,SELL,BUY,BREAKOUT,SMART-GUARD,A,4185.11,9.66,N,,0.32,0.0,0.32,0.0,0.32,0.0,0.32,0.248,0.32,0.248,5,5,,30,,,TARGET_FIRST,TARGET_FIRST,NEITHER_5-60m,0.32,0.248,MIRRORED from original's own advATR/favATR at same real price path; does NOT include the extra spread cost of crossing to the opposite bid/ask side at entry (see report methodology note)
MAC_20260612045500_BUY_TREND_PULLBACK,MAC,2026.06.12 04:55:00,BUY,SELL,TREND_PULLBACK,B-GRADE QUALITY BLOCK,B,4186.82,9.42,N,,0.0,0.004,0.0,0.184,0.0,0.452,0.0,0.452,0.156,0.452,,,,15,15,,STOP_FIRST,STOP_FIRST,NEITHER_5-60m,0.156,0.452,MIRRORED from original's own advATR/favATR at same real price path; does NOT include the extra spread cost of crossing to the opposite bid/ask side at entry (see report methodology note)
MAC_20260612051012_BUY_TREND_PULLBACK,MAC,2026.06.12 05:10:12,BUY,SELL,TREND_PULLBACK,SMART-GUARD,A,4197.61,9.77,N,,0.148,0.0,0.184,0.0,0.268,0.0,0.592,0.0,0.592,0.0,15,30,30,,,,TARGET_FIRST,TARGET_FIRST,TARGET_FIRST,0.592,0.0,MIRRORED from original's own advATR/favATR at same real price path; does NOT include the extra spread cost of crossing to the opposite bid/ask side at entry (see report methodology note)
MAC_20260612055512_BUY_TREND_PULLBACK,MAC,2026.06.12 05:55:12,BUY,SELL,TREND_PULLBACK,B-GRADE QUALITY BLOCK,B,4188.64,6.77,N,,0.0,0.164,0.0,0.164,0.0,0.268,0.0,0.492,0.0,0.884,,,,15,30,60,STOP_FIRST,STOP_FIRST,STOP_FIRST,0.0,0.884,MIRRORED from original's own advATR/favATR at same real price path; does NOT include the extra spread cost of crossing to the opposite bid/ask side at entry (see report methodology note)
MAC_20260612062012_BUY_TREND_PULLBACK,MAC,2026.06.12 06:20:12,BUY,SELL,TREND_PULLBACK,SMART-GUARD,A,4195.32,5.94,N,,0.0,0.112,0.0,0.444,0.0,0.56,0.0,0.56,0.248,0.56,60,,,10,10,15,STOP_FIRST,STOP_FIRST,STOP_FIRST,0.248,0.56,MIRRORED from original's own advATR/favATR at same real price path; does NOT include the extra spread cost of crossing to the opposite bid/ask side at entry (see report methodology note)
MAC_20260612063512_BUY_TREND_PULLBACK,MAC,2026.06.12 06:35:12,BUY,SELL,TREND_PULLBACK,BAD-RR TIMING BLOCK,A,4203.73,6.3,N,,0.028,0.0,0.34,0.0,0.34,0.0,0.468,0.0,0.768,0.0,10,10,60,,,,TARGET_FIRST,TARGET_FIRST,TARGET_FIRST,0.768,0.0,MIRRORED from original's own advATR/favATR at same real price path; does NOT include the extra spread cost of crossing to the opposite bid/ask side at entry (see report methodology note)
MAC_20260612064512_BUY_TREND_PULLBACK,MAC,2026.06.12 06:45:12,BUY,SELL,TREND_PULLBACK,FAILED-IMPULSE BLOCK,A,4198.49,6.2,N,,0.0,0.008,0.0,0.164,0.136,0.164,0.224,0.164,0.44,0.164,30,60,,,,,TARGET_FIRST,TARGET_FIRST,NEITHER_5-60m,0.44,0.164,MIRRORED from original's own advATR/favATR at same real price path; does NOT include the extra spread cost of crossing to the opposite bid/ask side at entry (see report methodology note)
MAC_20260612065512_BUY_TREND_PULLBACK,MAC,2026.06.12 06:55:12,BUY,SELL,TREND_PULLBACK,BAD-LOCATION BLOCK,A,4201.15,5.64,N,,0.34,0.0,0.34,0.0,0.34,0.0,0.672,0.0,0.768,0.0,5,5,30,,,,TARGET_FIRST,TARGET_FIRST,TARGET_FIRST,0.768,0.0,MIRRORED from original's own advATR/favATR at same real price path; does NOT include the extra spread cost of crossing to the opposite bid/ask side at entry (see report methodology note)
MAC_20260612070012_BUY_TREND_PULLBACK,MAC,2026.06.12 07:00:12,BUY,SELL,TREND_PULLBACK,LATE-CHASE ENTRY BLOCK,A,4196.37,5.44,N,,0.0,0.008,0.0,0.024,0.1,0.024,0.348,0.024,0.444,0.024,30,30,,,,,TARGET_FIRST,TARGET_FIRST,NEITHER_5-60m,0.444,0.024,MIRRORED from original's own advATR/favATR at same real price path; does NOT include the extra spread cost of crossing to the opposite bid/ask side at entry (see report methodology note)
MAC_20260612071512_BUY_TREND_PULLBACK,MAC,2026.06.12 07:15:12,BUY,SELL,TREND_PULLBACK,B-GRADE QUALITY BLOCK,B,4195.11,5.51,N,,0.252,0.0,0.252,0.0,0.252,0.0,0.252,0.012,0.716,0.012,5,60,60,,,,TARGET_FIRST,TARGET_FIRST,TARGET_FIRST,0.716,0.012,MIRRORED from original's own advATR/favATR at same real price path; does NOT include the extra spread cost of crossing to the opposite bid/ask side at entry (see report methodology note)
MAC_20260612074013_BUY_TREND_PULLBACK,MAC,2026.06.12 07:40:13,BUY,SELL,TREND_PULLBACK,SMART-GUARD,A,4195.02,4.83,Y,60,0.388,0.0,0.388,0.0,0.388,0.0,0.808,0.0,1.548,0.0,5,5,30,,,,TARGET_FIRST,TARGET_FIRST,TARGET_FIRST,1.548,0.0,MIRRORED from original's own advATR/favATR at same real price path; does NOT include the extra spread cost of crossing to the opposite bid/ask side at entry (see report methodology note)
MAC_20260612081512_BUY_TREND_PULLBACK,MAC,2026.06.12 08:15:12,BUY,SELL,TREND_PULLBACK,B-GRADE QUALITY BLOCK,B,4188.41,4.62,Y,30,0.16,0.0,0.16,0.0,0.328,0.0,1.048,0.0,1.152,0.0,15,15,30,,,,TARGET_FIRST,TARGET_FIRST,TARGET_FIRST,1.152,0.0,MIRRORED from original's own advATR/favATR at same real price path; does NOT include the extra spread cost of crossing to the opposite bid/ask side at entry (see report methodology note)
MAC_20260612084012_SELL_BREAKOUT,MAC,2026.06.12 08:40:12,SELL,BUY,BREAKOUT,SMART-GUARD,A,4176.23,5.2,N,,0.268,0.0,0.268,0.0,0.268,0.088,0.532,0.088,0.532,0.088,5,30,30,,,,TARGET_FIRST,TARGET_FIRST,TARGET_FIRST,0.532,0.088,MIRRORED from original's own advATR/favATR at same real price path; does NOT include the extra spread cost of crossing to the opposite bid/ask side at entry (see report methodology note)
MAC_20260612085012_BUY_TREND_PULLBACK,MAC,2026.06.12 08:50:12,BUY,SELL,TREND_PULLBACK,SMART-GUARD,SKIP,4178.94,5.32,N,,0.288,0.0,0.288,0.0,0.288,0.2,0.288,0.316,0.288,0.316,5,,,15,30,,TARGET_FIRST,STOP_FIRST,NEITHER_5-60m,0.288,0.316,MIRRORED from original's own advATR/favATR at same real price path; does NOT include the extra spread cost of crossing to the opposite bid/ask side at entry (see report methodology note)
MAC_20260612092000_BUY_TREND_PULLBACK,MAC,2026.06.12 09:20:00,BUY,SELL,TREND_PULLBACK,B-GRADE QUALITY BLOCK,B,4180.86,6.1,N,,0.0,0.008,0.024,0.008,0.26,0.008,0.26,0.008,0.26,0.14,15,,,,,,TARGET_FIRST,NEITHER_5-60m,NEITHER_5-60m,0.26,0.14,MIRRORED from original's own advATR/favATR at same real price path; does NOT include the extra spread cost of crossing to the opposite bid/ask side at entry (see report methodology note)
MAC_20260612102012_BUY_TREND_PULLBACK,MAC,2026.06.12 10:20:12,BUY,SELL,TREND_PULLBACK,B-GRADE QUALITY BLOCK,B,4177.73,5.2,N,,0.012,0.0,0.26,0.0,0.26,0.0,0.26,0.42,0.26,3.112,10,,,30,30,60,TARGET_FIRST,STOP_FIRST,STOP_FIRST,0.26,3.112,MIRRORED from original's own advATR/favATR at same real price path; does NOT include the extra spread cost of crossing to the opposite bid/ask side at entry (see report methodology note)
MAC_20260612103012_BUY_TREND_PULLBACK,MAC,2026.06.12 10:30:12,BUY,SELL,TREND_PULLBACK,SMART-GUARD,SKIP,4174.44,5.33,N,,0.0,0.008,0.0,0.456,0.0,0.656,0.0,1.348,0.0,3.284,,,,10,10,15,STOP_FIRST,STOP_FIRST,STOP_FIRST,0.0,3.284,MIRRORED from original's own advATR/favATR at same real price path; does NOT include the extra spread cost of crossing to the opposite bid/ask side at entry (see report methodology note)
MAC_20260612110016_BUY_BREAKOUT,MAC,2026.06.12 11:00:16,BUY,SELL,BREAKOUT,SMART-GUARD,A,4192.73,6.81,N,,0.0,0.548,0.0,0.656,0.0,1.496,0.0,1.496,0.0,1.712,,,,5,5,5,STOP_FIRST,STOP_FIRST,STOP_FIRST,0.0,1.712,MIRRORED from original's own advATR/favATR at same real price path; does NOT include the extra spread cost of crossing to the opposite bid/ask side at entry (see report methodology note)
MAC_20260612110512_BUY_SQUEEZE_RELEASE,MAC,2026.06.12 11:05:12,BUY,SELL,SQUEEZE_RELEASE,BAD-RR TIMING BLOCK,A,4197.76,7.25,N,,0.0,0.34,0.0,1.124,0.0,1.124,0.0,1.284,0.0,1.408,,,,5,5,10,STOP_FIRST,STOP_FIRST,STOP_FIRST,0.0,1.408,MIRRORED from original's own advATR/favATR at same real price path; does NOT include the extra spread cost of crossing to the opposite bid/ask side at entry (see report methodology note)
MAC_20260612111500_BUY_SQUEEZE_RELEASE,MAC,2026.06.12 11:15:00,BUY,SELL,SQUEEZE_RELEASE,BAD-LOCATION BLOCK,B,4204.01,6.92,N,,0.0,0.82,0.0,0.82,0.0,0.82,0.0,0.984,0.0,1.156,,,,5,5,5,STOP_FIRST,STOP_FIRST,STOP_FIRST,0.0,1.156,MIRRORED from original's own advATR/favATR at same real price path; does NOT include the extra spread cost of crossing to the opposite bid/ask side at entry (see report methodology note)
MAC_20260612120500_BUY_SQUEEZE_RELEASE,MAC,2026.06.12 12:05:00,BUY,SELL,SQUEEZE_RELEASE,LATE-CHASE ENTRY BLOCK,B,4221.67,8.92,N,,0.0,0.072,0.0,0.108,0.0,0.108,0.056,0.172,0.068,0.172,,,,,,,NEITHER_5-60m,NEITHER_5-60m,NEITHER_5-60m,0.068,0.172,MIRRORED from original's own advATR/favATR at same real price path; does NOT include the extra spread cost of crossing to the opposite bid/ask side at entry (see report methodology note)
MAC_20260612121000_BUY_TREND_PULLBACK,MAC,2026.06.12 12:10:00,BUY,SELL,TREND_PULLBACK,B-GRADE QUALITY BLOCK,B,4223.36,7.89,N,,0.0,0.036,0.0,0.036,0.04,0.036,0.148,0.108,0.16,0.108,,,,,,,NEITHER_5-60m,NEITHER_5-60m,NEITHER_5-60m,0.16,0.108,MIRRORED from original's own advATR/favATR at same real price path; does NOT include the extra spread cost of crossing to the opposite bid/ask side at entry (see report methodology note)
MAC_20260612123513_BUY_TREND_PULLBACK,MAC,2026.06.12 12:35:13,BUY,SELL,TREND_PULLBACK,BAD-LOCATION BLOCK,B,4225.86,6.32,Y,60,0.136,0.0,0.136,0.0,0.136,0.0,0.36,0.0,1.136,0.0,30,30,60,,,,TARGET_FIRST,TARGET_FIRST,TARGET_FIRST,1.136,0.0,MIRRORED from original's own advATR/favATR at same real price path; does NOT include the extra spread cost of crossing to the opposite bid/ask side at entry (see report methodology note)
MAC_20260612124012_BUY_TREND_PULLBACK,MAC,2026.06.12 12:40:12,BUY,SELL,TREND_PULLBACK,SMART-GUARD,SKIP,4223.74,6.16,Y,60,0.0,0.108,0.0,0.108,0.0,0.108,0.232,0.108,1.028,0.108,30,60,60,,,,TARGET_FIRST,TARGET_FIRST,TARGET_FIRST,1.028,0.108,MIRRORED from original's own advATR/favATR at same real price path; does NOT include the extra spread cost of crossing to the opposite bid/ask side at entry (see report methodology note)
MAC_20260612124512_BUY_TREND_PULLBACK,MAC,2026.06.12 12:45:12,BUY,SELL,TREND_PULLBACK,LATE-CHASE ENTRY BLOCK,B,4225.0,6.0,Y,60,0.068,0.0,0.076,0.0,0.32,0.0,0.32,0.0,1.136,0.0,15,15,60,,,,TARGET_FIRST,TARGET_FIRST,TARGET_FIRST,1.136,0.0,MIRRORED from original's own advATR/favATR at same real price path; does NOT include the extra spread cost of crossing to the opposite bid/ask side at entry (see report methodology note)
MAC_20260612130013_BUY_TREND_PULLBACK,MAC,2026.06.12 13:00:13,BUY,SELL,TREND_PULLBACK,FAILED-IMPULSE BLOCK,B,4219.23,5.26,Y,60,0.0,0.432,0.0,0.432,0.16,0.432,0.86,0.432,1.008,0.432,30,30,30,5,5,,STOP_FIRST,STOP_FIRST,TARGET_FIRST,1.008,0.432,MIRRORED from original's own advATR/favATR at same real price path; does NOT include the extra spread cost of crossing to the opposite bid/ask side at entry (see report methodology note)
MAC_20260612133012_SELL_BREAKOUT,MAC,2026.06.12 13:30:12,SELL,BUY,BREAKOUT,SMART-GUARD,A,4207.82,5.96,N,,0.52,0.0,0.576,0.0,0.576,0.0,0.576,0.0,0.576,0.412,5,5,5,60,60,,TARGET_FIRST,TARGET_FIRST,TARGET_FIRST,0.576,0.412,MIRRORED from original's own advATR/favATR at same real price path; does NOT include the extra spread cost of crossing to the opposite bid/ask side at entry (see report methodology note)
MAC_20260612134012_BUY_TREND_PULLBACK,MAC,2026.06.12 13:40:12,BUY,SELL,TREND_PULLBACK,SMART-GUARD,A,4216.47,6.05,Y,60,0.096,0.0,0.096,0.0,0.224,0.0,0.696,0.0,1.072,0.0,15,30,30,,,,TARGET_FIRST,TARGET_FIRST,TARGET_FIRST,1.072,0.0,MIRRORED from original's own advATR/favATR at same real price path; does NOT include the extra spread cost of crossing to the opposite bid/ask side at entry (see report methodology note)
MAC_20260612141000_BUY_TREND_PULLBACK,MAC,2026.06.12 14:10:00,BUY,SELL,TREND_PULLBACK,B-GRADE QUALITY BLOCK,B,4207.7,5.96,N,,0.0,0.008,0.028,0.008,0.028,0.164,0.5,0.164,0.5,0.432,30,30,30,60,60,,TARGET_FIRST,TARGET_FIRST,TARGET_FIRST,0.5,0.432,MIRRORED from original's own advATR/favATR at same real price path; does NOT include the extra spread cost of crossing to the opposite bid/ask side at entry (see report methodology note)
MAC_20260612144512_BUY_TREND_PULLBACK,MAC,2026.06.12 14:45:12,BUY,SELL,TREND_PULLBACK,SMART-GUARD,A,4210.73,4.75,Y,60,0.008,0.0,0.008,0.288,0.328,0.288,0.328,0.356,1.524,0.356,15,15,60,10,30,,STOP_FIRST,TARGET_FIRST,TARGET_FIRST,1.524,0.356,MIRRORED from original's own advATR/favATR at same real price path; does NOT include the extra spread cost of crossing to the opposite bid/ask side at entry (see report methodology note)
MAC_20260612145512_BUY_TREND_PULLBACK,MAC,2026.06.12 14:55:12,BUY,SELL,TREND_PULLBACK,BAD-RR TIMING BLOCK,A,4214.13,5.1,Y,60,0.572,0.0,0.572,0.0,0.572,0.0,0.876,0.064,1.696,0.064,5,5,5,,,,TARGET_FIRST,TARGET_FIRST,TARGET_FIRST,1.696,0.064,MIRRORED from original's own advATR/favATR at same real price path; does NOT include the extra spread cost of crossing to the opposite bid/ask side at entry (see report methodology note)
MAC_20260612151012_BUY_TREND_PULLBACK,MAC,2026.06.12 15:10:12,BUY,SELL,TREND_PULLBACK,B-GRADE QUALITY BLOCK,B,4208.77,5.36,Y,30,0.0,0.46,0.084,0.46,0.436,0.46,1.204,0.46,1.444,0.46,15,15,30,5,5,,STOP_FIRST,STOP_FIRST,TARGET_FIRST,1.444,0.46,MIRRORED from original's own advATR/favATR at same real price path; does NOT include the extra spread cost of crossing to the opposite bid/ask side at entry (see report methodology note)
MAC_20260612155012_BUY_TREND_PULLBACK,MAC,2026.06.12 15:50:12,BUY,SELL,TREND_PULLBACK,SMART-GUARD,SKIP,4198.15,6.22,N,,0.364,0.0,0.56,0.0,0.56,0.124,0.56,0.368,0.588,0.48,5,5,10,30,30,,TARGET_FIRST,TARGET_FIRST,TARGET_FIRST,0.588,0.48,MIRRORED from original's own advATR/favATR at same real price path; does NOT include the extra spread cost of crossing to the opposite bid/ask side at entry (see report methodology note)
MAC_20260612162500_BUY_TREND_PULLBACK,MAC,2026.06.12 16:25:00,BUY,SELL,TREND_PULLBACK,B-GRADE QUALITY BLOCK,B,4204.39,6.74,N,,0.136,0.0,0.332,0.0,0.332,0.076,0.912,0.076,0.968,0.076,10,10,30,,,,TARGET_FIRST,TARGET_FIRST,TARGET_FIRST,0.968,0.076,MIRRORED from original's own advATR/favATR at same real price path; does NOT include the extra spread cost of crossing to the opposite bid/ask side at entry (see report methodology note)
MAC_20260612164012_BUY_TREND_PULLBACK,MAC,2026.06.12 16:40:12,BUY,SELL,TREND_PULLBACK,BAD-RR TIMING BLOCK,A,4205.99,7.21,Y,60,0.872,0.0,0.94,0.0,0.94,0.0,0.94,0.0,1.036,0.0,5,5,5,,,,TARGET_FIRST,TARGET_FIRST,TARGET_FIRST,1.036,0.0,MIRRORED from original's own advATR/favATR at same real price path; does NOT include the extra spread cost of crossing to the opposite bid/ask side at entry (see report methodology note)
MAC_20260612165012_BUY_TREND_PULLBACK,MAC,2026.06.12 16:50:12,BUY,SELL,TREND_PULLBACK,SMART-GUARD,SKIP,4189.29,8.75,N,,0.0,0.012,0.0,0.028,0.0,0.196,0.0,0.376,0.252,0.376,60,,,30,30,,STOP_FIRST,STOP_FIRST,NEITHER_5-60m,0.252,0.376,MIRRORED from original's own advATR/favATR at same real price path; does NOT include the extra spread cost of crossing to the opposite bid/ask side at entry (see report methodology note)
MAC_20260612172512_BUY_TREND_PULLBACK,MAC,2026.06.12 17:25:12,BUY,SELL,TREND_PULLBACK,B-GRADE QUALITY BLOCK,B,4188.13,9.89,N,,0.0,0.044,0.032,0.044,0.032,0.156,0.176,0.7,0.176,1.616,,,,30,30,30,STOP_FIRST,STOP_FIRST,STOP_FIRST,0.176,1.616,MIRRORED from original's own advATR/favATR at same real price path; does NOT include the extra spread cost of crossing to the opposite bid/ask side at entry (see report methodology note)
MAC_20260612175012_BUY_TREND_PULLBACK,MAC,2026.06.12 17:50:12,BUY,SELL,TREND_PULLBACK,SMART-GUARD,SKIP,4183.68,10.5,N,,0.0,0.828,0.0,0.828,0.0,0.828,0.0,1.26,0.0,1.692,,,,5,5,5,STOP_FIRST,STOP_FIRST,STOP_FIRST,0.0,1.692,MIRRORED from original's own advATR/favATR at same real price path; does NOT include the extra spread cost of crossing to the opposite bid/ask side at entry (see report methodology note)
MAC_20260612180512_BUY_TREND_PULLBACK,MAC,2026.06.12 18:05:12,BUY,SELL,TREND_PULLBACK,BAD-RR TIMING BLOCK,A,4205.14,10.69,N,,0.0,0.16,0.0,0.308,0.0,0.432,0.0,0.856,0.0,0.856,,,,10,10,30,STOP_FIRST,STOP_FIRST,STOP_FIRST,0.0,0.856,MIRRORED from original's own advATR/favATR at same real price path; does NOT include the extra spread cost of crossing to the opposite bid/ask side at entry (see report methodology note)
MAC_20260612182012_BUY_SQUEEZE_RELEASE,MAC,2026.06.12 18:20:12,BUY,SELL,SQUEEZE_RELEASE,BAD-LOCATION BLOCK,B,4216.8,9.65,N,,0.0,0.468,0.0,0.468,0.0,0.468,0.372,0.468,0.372,0.468,30,30,,5,5,,STOP_FIRST,STOP_FIRST,NEITHER_5-60m,0.372,0.468,MIRRORED from original's own advATR/favATR at same real price path; does NOT include the extra spread cost of crossing to the opposite bid/ask side at entry (see report methodology note)
MAC_20260612182500_BUY_BREAKOUT,MAC,2026.06.12 18:25:00,BUY,SELL,BREAKOUT,SMART-GUARD,A,4228.29,10.3,N,,0.016,0.0,0.34,0.0,0.356,0.0,0.792,0.0,0.792,0.0,10,10,30,,,,TARGET_FIRST,TARGET_FIRST,TARGET_FIRST,0.792,0.0,MIRRORED from original's own advATR/favATR at same real price path; does NOT include the extra spread cost of crossing to the opposite bid/ask side at entry (see report methodology note)
MAC_20260612184500_BUY_SQUEEZE_RELEASE,MAC,2026.06.12 18:45:00,BUY,SELL,SQUEEZE_RELEASE,FAILED-IMPULSE BLOCK,A,4211.28,10.88,N,,0.124,0.0,0.124,0.22,0.124,0.22,0.124,0.56,0.124,0.56,,,,10,30,30,STOP_FIRST,STOP_FIRST,STOP_FIRST,0.124,0.56,MIRRORED from original's own advATR/favATR at same real price path; does NOT include the extra spread cost of crossing to the opposite bid/ask side at entry (see report methodology note)
MAC_20260612185000_BUY_TREND_PULLBACK,MAC,2026.06.12 18:50:00,BUY,SELL,TREND_PULLBACK,FAILED-IMPULSE BLOCK,A,4208.21,11.0,N,,0.0,0.328,0.0,0.328,0.0,0.328,0.0,0.664,0.0,0.664,,,,5,5,30,STOP_FIRST,STOP_FIRST,STOP_FIRST,0.0,0.664,MIRRORED from original's own advATR/favATR at same real price path; does NOT include the extra spread cost of crossing to the opposite bid/ask side at entry (see report methodology note)
MAC_20260612190023_BUY_TREND_PULLBACK,MAC,2026.06.12 19:00:23,BUY,SELL,TREND_PULLBACK,SMART-GUARD,A,4212.9,10.74,N,,0.104,0.0,0.104,0.508,0.104,0.508,0.104,0.508,,,,,,10,10,10,STOP_FIRST,STOP_FIRST,STOP_FIRST,0.104,0.508,MIRRORED from original's own advATR/favATR at same real price path; does NOT include the extra spread cost of crossing to the opposite bid/ask side at entry (see report methodology note)
MAC_20260612192012_BUY_TREND_PULLBACK,MAC,2026.06.12 19:20:12,BUY,SELL,TREND_PULLBACK,B-GRADE QUALITY BLOCK,B,4224.12,9.7,N,,0.268,0.0,0.276,0.0,0.276,0.0,0.448,0.0,,,5,30,,,,,TARGET_FIRST,TARGET_FIRST,NEITHER_5-60m,0.448,0.0,MIRRORED from original's own advATR/favATR at same real price path; does NOT include the extra spread cost of crossing to the opposite bid/ask side at entry (see report methodology note)
MAC_20260612192512_BUY_TREND_PULLBACK,MAC,2026.06.12 19:25:12,BUY,SELL,TREND_PULLBACK,LATE-CHASE ENTRY BLOCK,B,4217.66,9.72,N,,0.008,0.0,0.008,0.012,0.008,0.072,0.18,0.072,,,,,,,,,NEITHER_5-60m,NEITHER_5-60m,NEITHER_5-60m,0.18,0.072,MIRRORED from original's own advATR/favATR at same real price path; does NOT include the extra spread cost of crossing to the opposite bid/ask side at entry (see report methodology note)
MAC_20260615024513_BUY_TREND_PULLBACK,MAC,2026.06.15 02:45:13,BUY,SELL,TREND_PULLBACK,FAILED-IMPULSE BLOCK,B,4284.73,3.99,N,,0.0,0.98,0.0,1.068,0.0,1.068,0.0,1.9,0.0,2.224,,,,5,5,5,STOP_FIRST,STOP_FIRST,STOP_FIRST,0.0,2.224,MIRRORED from original's own advATR/favATR at same real price path; does NOT include the extra spread cost of crossing to the opposite bid/ask side at entry (see report methodology note)
MAC_20260615025012_BUY_TREND_PULLBACK,MAC,2026.06.15 02:50:12,BUY,SELL,TREND_PULLBACK,B-GRADE QUALITY BLOCK,B,4294.63,4.33,N,,0.124,0.0,0.124,0.068,0.124,0.068,0.124,0.836,0.124,1.132,,,,30,30,30,STOP_FIRST,STOP_FIRST,STOP_FIRST,0.124,1.132,MIRRORED from original's own advATR/favATR at same real price path; does NOT include the extra spread cost of crossing to the opposite bid/ask side at entry (see report methodology note)
MAC_20260615025512_BUY_TREND_PULLBACK,MAC,2026.06.15 02:55:12,BUY,SELL,TREND_PULLBACK,SMART-GUARD,SKIP,4293.42,4.24,N,,0.0,0.184,0.0,0.184,0.0,0.444,0.0,1.272,0.064,1.272,,,,15,15,30,STOP_FIRST,STOP_FIRST,STOP_FIRST,0.064,1.272,MIRRORED from original's own advATR/favATR at same real price path; does NOT include the extra spread cost of crossing to the opposite bid/ask side at entry (see report methodology note)
MAC_20260615032012_BUY_BREAKOUT,MAC,2026.06.15 03:20:12,BUY,SELL,BREAKOUT,SMART-GUARD,A,4304.03,3.55,Y,60,0.0,0.32,0.296,0.32,0.296,0.32,0.908,0.32,1.624,0.32,10,30,30,5,5,,STOP_FIRST,STOP_FIRST,TARGET_FIRST,1.624,0.32,MIRRORED from original's own advATR/favATR at same real price path; does NOT include the extra spread cost of crossing to the opposite bid/ask side at entry (see report methodology note)
MAC_20260615032512_BUY_BREAKOUT,MAC,2026.06.15 03:25:12,BUY,SELL,BREAKOUT,BAD-RR TIMING BLOCK,A,4306.96,3.89,Y,30,0.572,0.0,0.572,0.0,0.76,0.0,1.464,0.0,1.788,0.0,5,5,5,,,,TARGET_FIRST,TARGET_FIRST,TARGET_FIRST,1.788,0.0,MIRRORED from original's own advATR/favATR at same real price path; does NOT include the extra spread cost of crossing to the opposite bid/ask side at entry (see report methodology note)
MAC_20260615034512_BUY_SQUEEZE_RELEASE,MAC,2026.06.15 03:45:12,BUY,SELL,SQUEEZE_RELEASE,FAILED-IMPULSE BLOCK,B,4297.75,5.16,N,,0.136,0.0,0.388,0.0,0.632,0.0,0.632,0.0,0.632,1.54,10,10,15,60,60,60,TARGET_FIRST,TARGET_FIRST,TARGET_FIRST,0.632,1.54,MIRRORED from original's own advATR/favATR at same real price path; does NOT include the extra spread cost of crossing to the opposite bid/ask side at entry (see report methodology note)
MAC_20260615040001_BUY_TREND_PULLBACK,MAC,2026.06.15 04:00:01,BUY,SELL,TREND_PULLBACK,FAILED-IMPULSE BLOCK,B,4294.59,4.93,N,,0.404,0.0,0.404,0.0,0.404,0.072,0.404,0.596,0.404,1.868,5,5,,30,30,30,TARGET_FIRST,TARGET_FIRST,STOP_FIRST,0.404,1.868,MIRRORED from original's own advATR/favATR at same real price path; does NOT include the extra spread cost of crossing to the opposite bid/ask side at entry (see report methodology note)
MAC_20260615042143_BUY_TREND_PULLBACK,MAC,2026.06.15 04:21:43,BUY,SELL,TREND_PULLBACK,B-GRADE QUALITY BLOCK,B,4297.18,6.84,N,,0.0,0.276,0.0,0.988,0.0,1.068,0.0,1.192,0.0,1.9,,,,5,10,10,STOP_FIRST,STOP_FIRST,STOP_FIRST,0.0,1.9,MIRRORED from original's own advATR/favATR at same real price path; does NOT include the extra spread cost of crossing to the opposite bid/ask side at entry (see report methodology note)
MAC_20260615042513_BUY_TREND_PULLBACK,MAC,2026.06.15 04:25:13,BUY,SELL,TREND_PULLBACK,BAD-LOCATION BLOCK,B,4301.47,7.46,N,,0.0,0.676,0.0,0.748,0.0,0.864,0.0,0.864,0.0,1.512,,,,5,5,5,STOP_FIRST,STOP_FIRST,STOP_FIRST,0.0,1.512,MIRRORED from original's own advATR/favATR at same real price path; does NOT include the extra spread cost of crossing to the opposite bid/ask side at entry (see report methodology note)
MAC_20260615043012_BUY_TREND_PULLBACK,MAC,2026.06.15 04:30:12,BUY,SELL,TREND_PULLBACK,SMART-GUARD,SKIP,4302.02,7.7,N,,0.0,0.624,0.0,0.696,0.0,0.808,0.0,0.808,0.0,1.448,,,,5,5,5,STOP_FIRST,STOP_FIRST,STOP_FIRST,0.0,1.448,MIRRORED from original's own advATR/favATR at same real price path; does NOT include the extra spread cost of crossing to the opposite bid/ask side at entry (see report methodology note)
MAC_20260615044013_BUY_BREAKOUT,MAC,2026.06.15 04:40:13,BUY,SELL,BREAKOUT,BAD-LOCATION BLOCK,B,4315.55,8.31,N,,0.004,0.1,0.004,0.1,0.004,0.1,0.004,0.532,0.004,0.84,,,,30,30,30,STOP_FIRST,STOP_FIRST,STOP_FIRST,0.004,0.84,MIRRORED from original's own advATR/favATR at same real price path; does NOT include the extra spread cost of crossing to the opposite bid/ask side at entry (see report methodology note)
MAC_20260615050012_BUY_SQUEEZE_RELEASE,MAC,2026.06.15 05:00:12,BUY,SELL,SQUEEZE_RELEASE,BAD-LOCATION BLOCK,B,4317.38,7.72,N,,0.0,0.264,0.0,0.476,0.0,0.476,0.0,0.648,0.0,0.9,,,,5,10,30,STOP_FIRST,STOP_FIRST,STOP_FIRST,0.0,0.9,MIRRORED from original's own advATR/favATR at same real price path; does NOT include the extra spread cost of crossing to the opposite bid/ask side at entry (see report methodology note)
MAC_20260615050500_BUY_SQUEEZE_RELEASE,MAC,2026.06.15 05:05:00,BUY,SELL,SQUEEZE_RELEASE,BAD-RR TIMING BLOCK,A,4322.55,7.99,N,,0.048,0.0,0.048,0.204,0.048,0.204,0.048,0.368,0.048,0.608,,,,10,30,60,STOP_FIRST,STOP_FIRST,STOP_FIRST,0.048,0.608,MIRRORED from original's own advATR/favATR at same real price path; does NOT include the extra spread cost of crossing to the opposite bid/ask side at entry (see report methodology note)
MAC_20260615073650_BUY_TREND_PULLBACK,MAC,2026.06.15 07:36:50,BUY,SELL,TREND_PULLBACK,SMART-GUARD,A,4329.25,3.56,Y,60,0.18,0.0,0.18,0.0,0.296,0.0,0.296,0.0,1.036,0.28,15,60,60,60,,,TARGET_FIRST,TARGET_FIRST,TARGET_FIRST,1.036,0.28,MIRRORED from original's own advATR/favATR at same real price path; does NOT include the extra spread cost of crossing to the opposite bid/ask side at entry (see report methodology note)
MAC_20260615074513_BUY_TREND_PULLBACK,MAC,2026.06.15 07:45:13,BUY,SELL,TREND_PULLBACK,LATE-CHASE ENTRY BLOCK,B,4328.26,3.4,Y,60,0.192,0.0,0.192,0.012,0.192,0.012,0.192,0.12,1.968,0.412,60,60,60,60,60,,SIMULTANEOUS_SAME_CHECKPOINT,SIMULTANEOUS_SAME_CHECKPOINT,TARGET_FIRST,1.968,0.412,MIRRORED from original's own advATR/favATR at same real price path; does NOT include the extra spread cost of crossing to the opposite bid/ask side at entry (see report methodology note)
MAC_20260615075013_BUY_TREND_PULLBACK,MAC,2026.06.15 07:50:13,BUY,SELL,TREND_PULLBACK,BAD-LOCATION BLOCK,B,4328.45,3.32,Y,60,0.22,0.0,0.22,0.0,0.22,0.024,0.22,0.304,2.156,0.396,5,60,60,30,30,,TARGET_FIRST,STOP_FIRST,TARGET_FIRST,2.156,0.396,MIRRORED from original's own advATR/favATR at same real price path; does NOT include the extra spread cost of crossing to the opposite bid/ask side at entry (see report methodology note)
MAC_20260615075513_BUY_TREND_PULLBACK,MAC,2026.06.15 07:55:13,BUY,SELL,TREND_PULLBACK,FAILED-IMPULSE BLOCK,B,4326.77,3.18,Y,60,0.0,0.2,0.0,0.236,0.0,0.316,0.0,0.624,2.036,0.624,60,60,60,5,15,30,STOP_FIRST,STOP_FIRST,STOP_FIRST,2.036,0.624,MIRRORED from original's own advATR/favATR at same real price path; does NOT include the extra spread cost of crossing to the opposite bid/ask side at entry (see report methodology note)
MAC_20260615080512_BUY_TREND_PULLBACK,MAC,2026.06.15 08:05:12,BUY,SELL,TREND_PULLBACK,B-GRADE QUALITY BLOCK,B,4327.85,3.11,Y,60,0.0,0.104,0.0,0.184,0.0,0.184,0.0,0.5,2.892,0.5,60,60,60,30,30,30,STOP_FIRST,STOP_FIRST,STOP_FIRST,2.892,0.5,MIRRORED from original's own advATR/favATR at same real price path; does NOT include the extra spread cost of crossing to the opposite bid/ask side at entry (see report methodology note)
MAC_20260615082512_BUY_TREND_PULLBACK,MAC,2026.06.15 08:25:12,BUY,SELL,TREND_PULLBACK,BAD-RR TIMING BLOCK,A,4331.07,3.43,Y,15,0.0,0.08,0.36,0.08,1.284,0.08,2.388,0.08,3.068,0.08,10,10,15,,,,TARGET_FIRST,TARGET_FIRST,TARGET_FIRST,3.068,0.08,MIRRORED from original's own advATR/favATR at same real price path; does NOT include the extra spread cost of crossing to the opposite bid/ask side at entry (see report methodology note)
MAC_20260615084512_SELL_BREAKOUT,MAC,2026.06.15 08:45:12,SELL,BUY,BREAKOUT,SMART-GUARD,A,4311.38,4.17,N,,0.304,0.0,0.304,0.076,0.304,0.076,0.304,0.58,0.304,0.788,5,5,,30,30,30,TARGET_FIRST,TARGET_FIRST,STOP_FIRST,0.304,0.788,MIRRORED from original's own advATR/favATR at same real price path; does NOT include the extra spread cost of crossing to the opposite bid/ask side at entry (see report methodology note)
MAC_20260615085012_SELL_SQUEEZE_RELEASE,MAC,2026.06.15 08:50:12,SELL,BUY,SQUEEZE_RELEASE,BAD-LOCATION BLOCK,B,4314.3,4.42,N,,0.0,0.336,0.0,0.336,0.0,0.812,0.0,0.864,0.0,1.008,,,,5,5,15,STOP_FIRST,STOP_FIRST,STOP_FIRST,0.0,1.008,MIRRORED from original's own advATR/favATR at same real price path; does NOT include the extra spread cost of crossing to the opposite bid/ask side at entry (see report methodology note)
MAC_20260615094500_BUY_TREND_PULLBACK,MAC,2026.06.15 09:45:00,BUY,SELL,TREND_PULLBACK,B-GRADE QUALITY BLOCK,B,4306.64,6.0,N,,0.0,0.068,0.0,0.096,0.0,0.128,0.0,0.488,0.0,0.692,,,,30,30,60,STOP_FIRST,STOP_FIRST,STOP_FIRST,0.0,0.692,MIRRORED from original's own advATR/favATR at same real price path; does NOT include the extra spread cost of crossing to the opposite bid/ask side at entry (see report methodology note)
MAC_20260615102012_BUY_TREND_PULLBACK,MAC,2026.06.15 10:20:12,BUY,SELL,TREND_PULLBACK,BAD-RR TIMING BLOCK,A,4314.52,4.51,N,,0.0,0.22,0.0,0.22,0.032,0.22,0.056,0.224,0.056,1.384,,,,5,60,60,STOP_FIRST,STOP_FIRST,STOP_FIRST,0.056,1.384,MIRRORED from original's own advATR/favATR at same real price path; does NOT include the extra spread cost of crossing to the opposite bid/ask side at entry (see report methodology note)
MAC_20260615103012_BUY_TREND_PULLBACK,MAC,2026.06.15 10:30:12,BUY,SELL,TREND_PULLBACK,SMART-GUARD,A,4315.89,4.27,N,,0.164,0.0,0.164,0.056,0.164,0.108,0.188,0.704,0.188,1.336,,,,30,30,30,STOP_FIRST,STOP_FIRST,STOP_FIRST,0.188,1.336,MIRRORED from original's own advATR/favATR at same real price path; does NOT include the extra spread cost of crossing to the opposite bid/ask side at entry (see report methodology note)
MAC_20260615105012_BUY_TREND_PULLBACK,MAC,2026.06.15 10:50:12,BUY,SELL,TREND_PULLBACK,B-GRADE QUALITY BLOCK,B,4313.95,4.07,N,,0.0,0.864,0.0,0.932,0.0,1.448,0.0,1.592,0.0,2.928,,,,5,5,5,STOP_FIRST,STOP_FIRST,STOP_FIRST,0.0,2.928,MIRRORED from original's own advATR/favATR at same real price path; does NOT include the extra spread cost of crossing to the opposite bid/ask side at entry (see report methodology note)
MAC_20260615110012_BUY_BREAKOUT,MAC,2026.06.15 11:00:12,BUY,SELL,BREAKOUT,SMART-GUARD,SKIP,4323.58,4.46,N,,0.0,0.46,0.0,0.46,0.0,0.472,0.0,0.588,0.0,1.812,,,,5,5,30,STOP_FIRST,STOP_FIRST,STOP_FIRST,0.0,1.812,MIRRORED from original's own advATR/favATR at same real price path; does NOT include the extra spread cost of crossing to the opposite bid/ask side at entry (see report methodology note)
MAC_20260615110512_BUY_BREAKOUT,MAC,2026.06.15 11:05:12,BUY,SELL,BREAKOUT,BAD-RR TIMING BLOCK,A,4328.79,4.8,N,,0.056,0.0,0.056,0.004,0.056,0.112,0.056,1.248,0.056,1.248,,,,30,30,30,STOP_FIRST,STOP_FIRST,STOP_FIRST,0.056,1.248,MIRRORED from original's own advATR/favATR at same real price path; does NOT include the extra spread cost of crossing to the opposite bid/ask side at entry (see report methodology note)
MAC_20260615111013_BUY_BREAKOUT,MAC,2026.06.15 11:10:13,BUY,SELL,BREAKOUT,BAD-LOCATION BLOCK,B,4328.22,4.84,N,,0.0,0.16,0.0,0.16,0.0,0.16,0.0,1.284,,,,,,30,30,30,STOP_FIRST,STOP_FIRST,STOP_FIRST,0.0,1.284,MIRRORED from original's own advATR/favATR at same real price path; does NOT include the extra spread cost of crossing to the opposite bid/ask side at entry (see report methodology note)
MAC_20260615111512_BUY_TREND_PULLBACK,MAC,2026.06.15 11:15:12,BUY,SELL,TREND_PULLBACK,BAD-LOCATION BLOCK,B,4329.08,4.84,N,,0.0,0.088,0.008,0.088,0.028,0.088,0.028,1.212,,,,,,30,30,30,STOP_FIRST,STOP_FIRST,STOP_FIRST,0.028,1.212,MIRRORED from original's own advATR/favATR at same real price path; does NOT include the extra spread cost of crossing to the opposite bid/ask side at entry (see report methodology note)
MAC_20260615113512_BUY_TREND_PULLBACK,MAC,2026.06.15 11:35:12,BUY,SELL,TREND_PULLBACK,SMART-GUARD,A,4343.81,5.61,N,,0.048,0.0,0.408,0.0,0.408,0.0,0.636,0.0,,,10,10,30,,,,TARGET_FIRST,TARGET_FIRST,TARGET_FIRST,0.636,0.0,MIRRORED from original's own advATR/favATR at same real price path; does NOT include the extra spread cost of crossing to the opposite bid/ask side at entry (see report methodology note)
MAC_20260615114012_BUY_SQUEEZE_RELEASE,MAC,2026.06.15 11:40:12,BUY,SELL,SQUEEZE_RELEASE,BAD-LOCATION BLOCK,B,4343.22,5.72,N,,0.36,0.0,0.36,0.0,0.58,0.0,,,,,5,5,15,,,,TARGET_FIRST,TARGET_FIRST,TARGET_FIRST,0.58,0.0,MIRRORED from original's own advATR/favATR at same real price path; does NOT include the extra spread cost of crossing to the opposite bid/ask side at entry (see report methodology note)
MAC_20260615120023_BUY_TREND_PULLBACK,MAC,2026.06.15 12:00:23,BUY,SELL,TREND_PULLBACK,FAILED-IMPULSE BLOCK,B,4334.99,5.93,N,,0.0,0.444,,,,,,,,,,,,5,5,,STOP_FIRST,STOP_FIRST,NEITHER_5-60m,0.0,0.444,MIRRORED from original's own advATR/favATR at same real price path; does NOT include the extra spread cost of crossing to the opposite bid/ask side at entry (see report methodology note)
MAC_20260615171831_BUY_TREND_PULLBACK,MAC,2026.06.15 17:18:31,BUY,SELL,TREND_PULLBACK,FAILED-IMPULSE BLOCK,B,4359.13,7.05,N,,0.064,0.108,0.064,0.32,0.064,0.32,0.064,0.32,0.468,0.32,60,60,,10,10,,STOP_FIRST,STOP_FIRST,NEITHER_5-60m,0.468,0.32,MIRRORED from original's own advATR/favATR at same real price path; does NOT include the extra spread cost of crossing to the opposite bid/ask side at entry (see report methodology note)
MAC_20260615172012_BUY_TREND_PULLBACK,MAC,2026.06.15 17:20:12,BUY,SELL,TREND_PULLBACK,BAD-LOCATION BLOCK,A,4360.9,7.08,N,,0.164,0.0,0.164,0.22,0.164,0.22,0.164,0.22,0.564,0.22,60,60,60,10,,,STOP_FIRST,TARGET_FIRST,TARGET_FIRST,0.564,0.22,MIRRORED from original's own advATR/favATR at same real price path; does NOT include the extra spread cost of crossing to the opposite bid/ask side at entry (see report methodology note)
MAC_20260615172512_BUY_TREND_PULLBACK,MAC,2026.06.15 17:25:12,BUY,SELL,TREND_PULLBACK,B-GRADE QUALITY BLOCK,B,4358.11,7.26,N,,0.0,0.368,0.0,0.368,0.0,0.368,0.0,0.368,0.396,0.368,60,60,,5,5,,STOP_FIRST,STOP_FIRST,NEITHER_5-60m,0.396,0.368,MIRRORED from original's own advATR/favATR at same real price path; does NOT include the extra spread cost of crossing to the opposite bid/ask side at entry (see report methodology note)
MAC_20260615174942_BUY_TREND_PULLBACK,MAC,2026.06.15 17:49:42,BUY,SELL,TREND_PULLBACK,SMART-GUARD,A,4361.81,7.38,N,,0.0,0.004,0.256,0.004,0.36,0.004,0.592,0.004,0.592,0.004,10,15,30,,,,TARGET_FIRST,TARGET_FIRST,TARGET_FIRST,0.592,0.004,MIRRORED from original's own advATR/favATR at same real price path; does NOT include the extra spread cost of crossing to the opposite bid/ask side at entry (see report methodology note)
MAC_20260615183512_BUY_TREND_PULLBACK,MAC,2026.06.15 18:35:12,BUY,SELL,TREND_PULLBACK,FAILED-IMPULSE BLOCK,A,4352.7,5.92,N,,0.0,0.088,0.0,0.44,0.0,0.44,0.0,0.44,0.792,0.44,60,60,60,10,10,,STOP_FIRST,STOP_FIRST,TARGET_FIRST,0.792,0.44,MIRRORED from original's own advATR/favATR at same real price path; does NOT include the extra spread cost of crossing to the opposite bid/ask side at entry (see report methodology note)
MAC_20260615185012_BUY_TREND_PULLBACK,MAC,2026.06.15 18:50:12,BUY,SELL,TREND_PULLBACK,SMART-GUARD,A,4357.05,5.32,Y,60,0.032,0.0,0.064,0.0,0.064,0.052,0.928,0.052,1.512,0.052,30,30,30,,,,TARGET_FIRST,TARGET_FIRST,TARGET_FIRST,1.512,0.052,MIRRORED from original's own advATR/favATR at same real price path; does NOT include the extra spread cost of crossing to the opposite bid/ask side at entry (see report methodology note)
MAC_20260615191512_BUY_TREND_PULLBACK,MAC,2026.06.15 19:15:12,BUY,SELL,TREND_PULLBACK,B-GRADE QUALITY BLOCK,B,4351.53,4.65,Y,30,0.584,0.0,0.844,0.0,0.844,0.0,1.256,0.0,1.772,0.0,5,5,5,,,,TARGET_FIRST,TARGET_FIRST,TARGET_FIRST,1.772,0.0,MIRRORED from original's own advATR/favATR at same real price path; does NOT include the extra spread cost of crossing to the opposite bid/ask side at entry (see report methodology note)
MAC_20260615192512_SELL_BREAKOUT,MAC,2026.06.15 19:25:12,SELL,BUY,BREAKOUT,SMART-GUARD,A,4341.65,4.94,N,,0.112,0.0,0.112,0.056,0.112,0.236,0.112,0.38,0.112,0.948,,,,15,30,60,STOP_FIRST,STOP_FIRST,STOP_FIRST,0.112,0.948,MIRRORED from original's own advATR/favATR at same real price path; does NOT include the extra spread cost of crossing to the opposite bid/ask side at entry (see report methodology note)
MAC_20260615193012_SELL_BREAKOUT,MAC,2026.06.15 19:30:12,SELL,BUY,BREAKOUT,B-GRADE QUALITY BLOCK,B,4342.99,4.91,N,,0.0,0.168,0.0,0.348,0.0,0.492,0.0,0.724,0.0,1.348,,,,10,10,30,STOP_FIRST,STOP_FIRST,STOP_FIRST,0.0,1.348,MIRRORED from original's own advATR/favATR at same real price path; does NOT include the extra spread cost of crossing to the opposite bid/ask side at entry (see report methodology note)
MAC_20260615203000_BUY_TREND_PULLBACK,MAC,2026.06.15 20:30:00,BUY,SELL,TREND_PULLBACK,SMART-GUARD,SKIP,4329.83,4.38,N,,0.308,0.0,0.456,0.0,0.664,0.0,0.796,0.0,0.872,0.0,5,5,15,,,,TARGET_FIRST,TARGET_FIRST,TARGET_FIRST,0.872,0.0,MIRRORED from original's own advATR/favATR at same real price path; does NOT include the extra spread cost of crossing to the opposite bid/ask side at entry (see report methodology note)
MAC_20260615212512_BUY_TREND_PULLBACK,MAC,2026.06.15 21:25:12,BUY,SELL,TREND_PULLBACK,B-GRADE QUALITY BLOCK,B,4327.27,4.1,N,,0.192,0.0,0.408,0.0,0.408,0.0,0.408,0.0,0.54,0.0,10,10,60,,,,TARGET_FIRST,TARGET_FIRST,TARGET_FIRST,0.54,0.0,MIRRORED from original's own advATR/favATR at same real price path; does NOT include the extra spread cost of crossing to the opposite bid/ask side at entry (see report methodology note)
MAC_20260615213012_BUY_TREND_PULLBACK,MAC,2026.06.15 21:30:12,BUY,SELL,TREND_PULLBACK,SMART-GUARD,SKIP,4325.33,4.05,N,,0.22,0.0,0.22,0.0,0.22,0.0,0.22,0.072,0.356,0.072,5,60,,,,,TARGET_FIRST,TARGET_FIRST,NEITHER_5-60m,0.356,0.072,MIRRORED from original's own advATR/favATR at same real price path; does NOT include the extra spread cost of crossing to the opposite bid/ask side at entry (see report methodology note)
MAC_20260615223012_BUY_TREND_PULLBACK,MAC,2026.06.15 22:30:12,BUY,SELL,TREND_PULLBACK,SMART-GUARD,SKIP,4322.5,2.84,N,,0.032,0.0,0.252,0.0,0.46,0.0,0.48,0.0,0.48,0.0,10,15,,,,,TARGET_FIRST,TARGET_FIRST,NEITHER_5-60m,0.48,0.0,MIRRORED from original's own advATR/favATR at same real price path; does NOT include the extra spread cost of crossing to the opposite bid/ask side at entry (see report methodology note)
MAC_20260615223513_BUY_TREND_PULLBACK,MAC,2026.06.15 22:35:13,BUY,SELL,TREND_PULLBACK,B-GRADE QUALITY BLOCK,B,4322.38,2.78,N,,0.452,0.0,0.472,0.0,0.472,0.0,0.472,0.0,0.472,0.0,5,5,,,,,TARGET_FIRST,TARGET_FIRST,NEITHER_5-60m,0.472,0.0,MIRRORED from original's own advATR/favATR at same real price path; does NOT include the extra spread cost of crossing to the opposite bid/ask side at entry (see report methodology note)
MAC_20260615233146_BUY_TREND_PULLBACK,MAC,2026.06.15 23:31:46,BUY,SELL,TREND_PULLBACK,SMART-GUARD,SKIP,4320.96,2.73,N,,0.008,0.0,0.008,0.0,0.008,0.0,0.096,0.0,0.096,0.0,,,,,,,NEITHER_5-60m,NEITHER_5-60m,NEITHER_5-60m,0.096,0.0,MIRRORED from original's own advATR/favATR at same real price path; does NOT include the extra spread cost of crossing to the opposite bid/ask side at entry (see report methodology note)
MAC_20260616041747_SELL_TREND_PULLBACK,MAC,2026.06.16 04:17:47,SELL,BUY,TREND_PULLBACK,SMART-GUARD,A,4320.23,4.42,N,,0.024,0.092,0.024,0.124,0.024,0.388,0.024,0.508,0.024,1.056,,,,15,15,30,STOP_FIRST,STOP_FIRST,STOP_FIRST,0.024,1.056,MIRRORED from original's own advATR/favATR at same real price path; does NOT include the extra spread cost of crossing to the opposite bid/ask side at entry (see report methodology note)
MAC_20260616045512_SELL_TREND_PULLBACK,MAC,2026.06.16 04:55:12,SELL,BUY,TREND_PULLBACK,A+ EVIDENCE DEMOTION,A,4312.98,5.27,N,,0.04,0.0,0.04,0.288,0.04,0.288,0.04,0.336,0.372,0.336,60,60,,10,30,,STOP_FIRST,STOP_FIRST,NEITHER_5-60m,0.372,0.336,MIRRORED from original's own advATR/favATR at same real price path; does NOT include the extra spread cost of crossing to the opposite bid/ask side at entry (see report methodology note)
MAC_20260616052012_SELL_TREND_PULLBACK,MAC,2026.06.16 05:20:12,SELL,BUY,TREND_PULLBACK,SMART-GUARD,A,4310.72,4.49,N,,0.0,0.012,0.244,0.012,0.636,0.012,0.636,0.012,0.74,0.012,10,15,15,,,,TARGET_FIRST,TARGET_FIRST,TARGET_FIRST,0.74,0.012,MIRRORED from original's own advATR/favATR at same real price path; does NOT include the extra spread cost of crossing to the opposite bid/ask side at entry (see report methodology note)
MAC_20260616052512_SELL_TREND_PULLBACK,MAC,2026.06.16 05:25:12,SELL,BUY,TREND_PULLBACK,BAD-RR TIMING BLOCK,A,4310.46,4.29,N,,0.28,0.0,0.692,0.0,0.692,0.0,0.692,0.0,0.912,0.0,5,10,10,,,,TARGET_FIRST,TARGET_FIRST,TARGET_FIRST,0.912,0.0,MIRRORED from original's own advATR/favATR at same real price path; does NOT include the extra spread cost of crossing to the opposite bid/ask side at entry (see report methodology note)
MAC_20260616053012_SELL_TREND_PULLBACK,MAC,2026.06.16 05:30:12,SELL,BUY,TREND_PULLBACK,LATE-CHASE ENTRY BLOCK,A,4313.65,4.29,N,,0.396,0.0,0.396,0.052,0.396,0.136,0.412,0.136,0.736,0.136,5,5,60,,,,TARGET_FIRST,TARGET_FIRST,TARGET_FIRST,0.736,0.136,MIRRORED from original's own advATR/favATR at same real price path; does NOT include the extra spread cost of crossing to the opposite bid/ask side at entry (see report methodology note)
MAC_20260616062012_SELL_TREND_PULLBACK,MAC,2026.06.16 06:20:12,SELL,BUY,TREND_PULLBACK,SMART-GUARD,A,4317.94,3.85,Y,30,0.236,0.0,0.376,0.0,0.712,0.0,1.464,0.0,1.464,0.0,5,10,15,,,,TARGET_FIRST,TARGET_FIRST,TARGET_FIRST,1.464,0.0,MIRRORED from original's own advATR/favATR at same real price path; does NOT include the extra spread cost of crossing to the opposite bid/ask side at entry (see report methodology note)
MAC_20260616063012_SELL_TREND_PULLBACK,MAC,2026.06.16 06:30:12,SELL,BUY,TREND_PULLBACK,B-GRADE QUALITY BLOCK,B,4321.45,3.86,Y,15,0.348,0.0,0.652,0.0,1.096,0.0,1.096,0.0,1.096,0.0,5,5,10,,,,TARGET_FIRST,TARGET_FIRST,TARGET_FIRST,1.096,0.0,MIRRORED from original's own advATR/favATR at same real price path; does NOT include the extra spread cost of crossing to the opposite bid/ask side at entry (see report methodology note)
MAC_20260616063512_BUY_BREAKOUT,MAC,2026.06.16 06:35:12,BUY,SELL,BREAKOUT,BAD-RR TIMING BLOCK,A,4324.9,4.11,N,,0.0,0.276,0.0,0.696,0.0,0.696,0.0,0.696,0.188,0.696,,,,5,10,10,STOP_FIRST,STOP_FIRST,STOP_FIRST,0.188,0.696,MIRRORED from original's own advATR/favATR at same real price path; does NOT include the extra spread cost of crossing to the opposite bid/ask side at entry (see report methodology note)
MAC_20260616064012_BUY_BREAKOUT,MAC,2026.06.16 06:40:12,BUY,SELL,BREAKOUT,B-GRADE QUALITY BLOCK,B,4327.84,4.16,N,,0.0,0.404,0.0,0.404,0.0,0.404,0.076,0.404,0.468,0.404,60,60,,5,5,,STOP_FIRST,STOP_FIRST,NEITHER_5-60m,0.468,0.404,MIRRORED from original's own advATR/favATR at same real price path; does NOT include the extra spread cost of crossing to the opposite bid/ask side at entry (see report methodology note)
MAC_20260616083000_BUY_TREND_PULLBACK,MAC,2026.06.16 08:30:00,BUY,SELL,TREND_PULLBACK,BAD-LOCATION BLOCK,A,4326.64,2.75,Y,10,0.588,0.0,1.26,0.0,1.288,0.0,1.548,0.0,1.716,0.0,5,5,5,,,,TARGET_FIRST,TARGET_FIRST,TARGET_FIRST,1.716,0.0,MIRRORED from original's own advATR/favATR at same real price path; does NOT include the extra spread cost of crossing to the opposite bid/ask side at entry (see report methodology note)
MAC_20260616083512_BUY_TREND_PULLBACK,MAC,2026.06.16 08:35:12,BUY,SELL,TREND_PULLBACK,B-GRADE QUALITY BLOCK,B,4322.68,3.32,N,,0.568,0.0,0.588,0.0,0.588,0.0,0.804,0.0,0.944,0.0,5,5,5,,,,TARGET_FIRST,TARGET_FIRST,TARGET_FIRST,0.944,0.0,MIRRORED from original's own advATR/favATR at same real price path; does NOT include the extra spread cost of crossing to the opposite bid/ask side at entry (see report methodology note)
MAC_20260616104500_BUY_TREND_PULLBACK,MAC,2026.06.16 10:45:00,BUY,SELL,TREND_PULLBACK,BAD-LOCATION BLOCK,A,4327.81,3.68,N,,0.0,0.104,0.0,0.468,0.0,0.68,0.0,1.18,0.0,1.724,,,,10,10,15,STOP_FIRST,STOP_FIRST,STOP_FIRST,0.0,1.724,MIRRORED from original's own advATR/favATR at same real price path; does NOT include the extra spread cost of crossing to the opposite bid/ask side at entry (see report methodology note)
MAC_20260616105512_BUY_TREND_PULLBACK,MAC,2026.06.16 10:55:12,BUY,SELL,TREND_PULLBACK,SMART-GUARD,A,4332.21,3.89,N,,0.0,0.188,0.0,0.292,0.0,0.612,0.0,0.82,0.0,1.244,,,,10,15,15,STOP_FIRST,STOP_FIRST,STOP_FIRST,0.0,1.244,MIRRORED from original's own advATR/favATR at same real price path; does NOT include the extra spread cost of crossing to the opposite bid/ask side at entry (see report methodology note)
MAC_20260616110012_BUY_ASIA_BREAKOUT,MAC,2026.06.16 11:00:12,BUY,SELL,ASIA_BREAKOUT,SMART-GUARD,A,4334.08,3.95,N,,0.0,0.096,0.0,0.412,0.0,0.464,0.0,0.748,0.0,1.276,,,,10,10,30,STOP_FIRST,STOP_FIRST,STOP_FIRST,0.0,1.276,MIRRORED from original's own advATR/favATR at same real price path; does NOT include the extra spread cost of crossing to the opposite bid/ask side at entry (see report methodology note)
MAC_20260616111012_BUY_TREND_PULLBACK,MAC,2026.06.16 11:10:12,BUY,SELL,TREND_PULLBACK,BAD-RR TIMING BLOCK,A,4338.24,3.91,N,,0.0,0.044,0.0,0.2,0.0,0.2,0.0,0.344,0.0,0.908,,,,10,30,60,STOP_FIRST,STOP_FIRST,STOP_FIRST,0.0,0.908,MIRRORED from original's own advATR/favATR at same real price path; does NOT include the extra spread cost of crossing to the opposite bid/ask side at entry (see report methodology note)
MAC_20260616112512_BUY_TREND_PULLBACK,MAC,2026.06.16 11:25:12,BUY,SELL,TREND_PULLBACK,B-GRADE QUALITY BLOCK,B,4340.13,3.93,N,,0.0,0.136,0.0,0.152,0.0,0.152,0.0,0.424,0.0,0.712,,,,30,30,60,STOP_FIRST,STOP_FIRST,STOP_FIRST,0.0,0.712,MIRRORED from original's own advATR/favATR at same real price path; does NOT include the extra spread cost of crossing to the opposite bid/ask side at entry (see report methodology note)
MAC_20260616114512_BUY_TREND_PULLBACK,MAC,2026.06.16 11:45:12,BUY,SELL,TREND_PULLBACK,LATE-CHASE ENTRY BLOCK,B,4343.71,4.13,N,,0.072,0.0,0.072,0.056,0.072,0.292,0.072,0.332,0.308,0.332,60,60,,15,30,,STOP_FIRST,STOP_FIRST,NEITHER_5-60m,0.308,0.332,MIRRORED from original's own advATR/favATR at same real price path; does NOT include the extra spread cost of crossing to the opposite bid/ask side at entry (see report methodology note)
MAC_20260616120012_BUY_ASIA_BREAKOUT,MAC,2026.06.16 12:00:12,BUY,SELL,ASIA_BREAKOUT,BAD-LOCATION BLOCK,B,4346.96,4.04,N,,0.22,0.0,0.22,0.016,0.22,0.016,0.636,0.016,,,5,30,30,,,,TARGET_FIRST,TARGET_FIRST,TARGET_FIRST,0.636,0.016,MIRRORED from original's own advATR/favATR at same real price path; does NOT include the extra spread cost of crossing to the opposite bid/ask side at entry (see report methodology note)
MAC_20260616121512_BUY_TREND_PULLBACK,MAC,2026.06.16 12:15:12,BUY,SELL,TREND_PULLBACK,SMART-GUARD,SKIP,4346.31,3.91,N,,0.404,0.0,0.564,0.0,0.592,0.0,0.592,0.0,,,5,5,10,,,,TARGET_FIRST,TARGET_FIRST,TARGET_FIRST,0.592,0.0,MIRRORED from original's own advATR/favATR at same real price path; does NOT include the extra spread cost of crossing to the opposite bid/ask side at entry (see report methodology note)
MAC_20260616122512_BUY_TREND_PULLBACK,MAC,2026.06.16 12:25:12,BUY,SELL,TREND_PULLBACK,FAILED-IMPULSE BLOCK,B,4340.69,3.78,N,,0.016,0.0,0.016,0.404,0.016,0.596,,,,,,,,10,10,15,STOP_FIRST,STOP_FIRST,STOP_FIRST,0.016,0.596,MIRRORED from original's own advATR/favATR at same real price path; does NOT include the extra spread cost of crossing to the opposite bid/ask side at entry (see report methodology note)
MAC_20260616123512_BUY_TREND_PULLBACK,MAC,2026.06.16 12:35:12,BUY,SELL,TREND_PULLBACK,BAD-LOCATION BLOCK,A,4344.59,3.89,N,,0.0,0.176,0.24,0.176,0.24,0.176,,,,,10,,,,,,TARGET_FIRST,NEITHER_5-60m,NEITHER_5-60m,0.24,0.176,MIRRORED from original's own advATR/favATR at same real price path; does NOT include the extra spread cost of crossing to the opposite bid/ask side at entry (see report methodology note)
MAC_20260617001905_SELL_BREAKOUT,MAC,2026.06.17 00:19:05,SELL,BUY,BREAKOUT,SMART-GUARD,A,4334.07,2.72,N,,0.004,0.0,0.004,0.0,0.004,0.0,0.004,0.0,0.052,0.4,,,,60,60,,STOP_FIRST,STOP_FIRST,NEITHER_5-60m,0.052,0.4,MIRRORED from original's own advATR/favATR at same real price path; does NOT include the extra spread cost of crossing to the opposite bid/ask side at entry (see report methodology note)
MAC_20260617010012_SELL_BREAKOUT,MAC,2026.06.17 01:00:12,SELL,BUY,BREAKOUT,B-GRADE QUALITY BLOCK,B,4330.7,2.74,N,,0.092,0.0,0.268,0.0,0.268,0.0,0.268,0.204,0.684,0.204,10,60,60,30,,,TARGET_FIRST,TARGET_FIRST,TARGET_FIRST,0.684,0.204,MIRRORED from original's own advATR/favATR at same real price path; does NOT include the extra spread cost of crossing to the opposite bid/ask side at entry (see report methodology note)
MAC_20260617010512_SELL_BREAKOUT,MAC,2026.06.17 01:05:12,SELL,BUY,BREAKOUT,LATE-CHASE ENTRY BLOCK,A,4331.03,3.21,N,,0.188,0.0,0.188,0.0,0.188,0.216,0.208,0.216,0.54,0.216,30,60,60,15,,,STOP_FIRST,TARGET_FIRST,TARGET_FIRST,0.54,0.216,MIRRORED from original's own advATR/favATR at same real price path; does NOT include the extra spread cost of crossing to the opposite bid/ask side at entry (see report methodology note)
MAC_20260617011020_SELL_SQUEEZE_RELEASE,MAC,2026.06.17 01:10:20,SELL,BUY,SQUEEZE_RELEASE,FAILED-IMPULSE BLOCK,B,4332.42,3.21,N,,0.0,0.132,0.0,0.388,0.0,0.388,0.052,0.388,0.548,0.388,60,60,60,10,10,,STOP_FIRST,STOP_FIRST,TARGET_FIRST,0.548,0.388,MIRRORED from original's own advATR/favATR at same real price path; does NOT include the extra spread cost of crossing to the opposite bid/ask side at entry (see report methodology note)
MAC_20260617012500_SELL_BREAKOUT,MAC,2026.06.17 01:25:00,SELL,BUY,BREAKOUT,SMART-GUARD,A,4329.03,3.08,Y,60,0.28,0.0,0.44,0.0,0.476,0.0,0.692,0.0,1.008,0.0,5,10,30,,,,TARGET_FIRST,TARGET_FIRST,TARGET_FIRST,1.008,0.0,MIRRORED from original's own advATR/favATR at same real price path; does NOT include the extra spread cost of crossing to the opposite bid/ask side at entry (see report methodology note)
MAC_20260617015001_BUY_TREND_PULLBACK,MAC,2026.06.17 01:50:01,BUY,SELL,TREND_PULLBACK,SMART-GUARD,SKIP,4333.42,3.07,N,,0.0,0.124,0.0,0.252,0.0,0.252,0.0,0.444,0.152,0.444,,,,10,30,,STOP_FIRST,STOP_FIRST,NEITHER_5-60m,0.152,0.444,MIRRORED from original's own advATR/favATR at same real price path; does NOT include the extra spread cost of crossing to the opposite bid/ask side at entry (see report methodology note)
MAC_20260617015512_BUY_TREND_PULLBACK,MAC,2026.06.17 01:55:12,BUY,SELL,TREND_PULLBACK,B-GRADE QUALITY BLOCK,B,4334.47,3.08,N,,0.0,0.116,0.008,0.116,0.008,0.192,0.008,0.304,0.304,0.304,60,60,,30,30,,STOP_FIRST,STOP_FIRST,NEITHER_5-60m,0.304,0.304,MIRRORED from original's own advATR/favATR at same real price path; does NOT include the extra spread cost of crossing to the opposite bid/ask side at entry (see report methodology note)
MAC_20260617022015_BUY_TREND_PULLBACK,MAC,2026.06.17 02:20:15,BUY,SELL,TREND_PULLBACK,FAILED-IMPULSE BLOCK,A,4336.11,2.18,N,,0.0,0.052,0.1,0.052,0.424,0.052,0.728,0.052,0.94,0.676,15,15,30,60,60,60,TARGET_FIRST,TARGET_FIRST,TARGET_FIRST,0.94,0.676,MIRRORED from original's own advATR/favATR at same real price path; does NOT include the extra spread cost of crossing to the opposite bid/ask side at entry (see report methodology note)
MAC_20260617022513_BUY_TREND_PULLBACK,MAC,2026.06.17 02:25:13,BUY,SELL,TREND_PULLBACK,BAD-LOCATION BLOCK,A,4336.38,2.17,N,,0.0,0.0,0.472,0.0,0.472,0.0,0.992,0.0,0.992,0.628,10,10,30,60,60,60,TARGET_FIRST,TARGET_FIRST,TARGET_FIRST,0.992,0.628,MIRRORED from original's own advATR/favATR at same real price path; does NOT include the extra spread cost of crossing to the opposite bid/ask side at entry (see report methodology note)
MAC_20260617025012_BUY_TREND_PULLBACK,MAC,2026.06.17 02:50:12,BUY,SELL,TREND_PULLBACK,SMART-GUARD,A,4332.52,1.89,N,,0.08,0.0,0.324,0.0,0.324,1.204,0.324,1.54,0.324,1.54,10,10,,15,15,15,TARGET_FIRST,TARGET_FIRST,STOP_FIRST,0.324,1.54,MIRRORED from original's own advATR/favATR at same real price path; does NOT include the extra spread cost of crossing to the opposite bid/ask side at entry (see report methodology note)
MAC_20260617032000_BUY_TREND_PULLBACK,MAC,2026.06.17 03:20:00,BUY,SELL,TREND_PULLBACK,A+ EVIDENCE DEMOTION,A,4339.88,2.8,N,,0.168,0.0,0.404,0.0,0.404,0.0,0.944,0.0,0.944,1.052,10,10,30,60,60,60,TARGET_FIRST,TARGET_FIRST,TARGET_FIRST,0.944,1.052,MIRRORED from original's own advATR/favATR at same real price path; does NOT include the extra spread cost of crossing to the opposite bid/ask side at entry (see report methodology note)
MAC_20260617033012_BUY_TREND_PULLBACK,MAC,2026.06.17 03:30:12,BUY,SELL,TREND_PULLBACK,FAILED-IMPULSE BLOCK,A,4337.15,2.88,N,,0.0,0.164,0.2,0.164,0.228,0.164,0.54,0.164,0.54,1.404,10,30,30,60,60,60,TARGET_FIRST,TARGET_FIRST,TARGET_FIRST,0.54,1.404,MIRRORED from original's own advATR/favATR at same real price path; does NOT include the extra spread cost of crossing to the opposite bid/ask side at entry (see report methodology note)
MAC_20260617035012_BUY_TREND_PULLBACK,MAC,2026.06.17 03:50:12,BUY,SELL,TREND_PULLBACK,SMART-GUARD,A,4333.34,3.23,N,,0.0,0.232,0.0,0.42,0.0,0.944,0.0,1.72,0.0,1.72,,,,5,10,15,STOP_FIRST,STOP_FIRST,STOP_FIRST,0.0,1.72,MIRRORED from original's own advATR/favATR at same real price path; does NOT include the extra spread cost of crossing to the opposite bid/ask side at entry (see report methodology note)
MAC_20260617041012_BUY_BREAKOUT,MAC,2026.06.17 04:10:12,BUY,SELL,BREAKOUT,SMART-GUARD,A,4347.05,4.39,Y,60,0.0,0.016,0.612,0.016,0.612,0.016,0.68,0.016,1.412,0.016,10,10,10,,,,TARGET_FIRST,TARGET_FIRST,TARGET_FIRST,1.412,0.016,MIRRORED from original's own advATR/favATR at same real price path; does NOT include the extra spread cost of crossing to the opposite bid/ask side at entry (see report methodology note)
MAC_20260617041512_BUY_SQUEEZE_RELEASE,MAC,2026.06.17 04:15:12,BUY,SELL,SQUEEZE_RELEASE,BAD-RR TIMING BLOCK,A,4347.32,4.12,Y,60,0.676,0.0,0.676,0.0,0.708,0.0,0.76,0.0,1.532,0.0,5,5,5,,,,TARGET_FIRST,TARGET_FIRST,TARGET_FIRST,1.532,0.0,MIRRORED from original's own advATR/favATR at same real price path; does NOT include the extra spread cost of crossing to the opposite bid/ask side at entry (see report methodology note)
MAC_20260617043012_BUY_TREND_PULLBACK,MAC,2026.06.17 04:30:12,BUY,SELL,TREND_PULLBACK,A+ EVIDENCE DEMOTION,A,4343.61,4.23,Y,30,0.336,0.0,0.38,0.0,0.388,0.0,1.14,0.0,1.176,0.0,5,5,30,,,,TARGET_FIRST,TARGET_FIRST,TARGET_FIRST,1.176,0.0,MIRRORED from original's own advATR/favATR at same real price path; does NOT include the extra spread cost of crossing to the opposite bid/ask side at entry (see report methodology note)
MAC_20260617043512_BUY_TREND_PULLBACK,MAC,2026.06.17 04:35:12,BUY,SELL,TREND_PULLBACK,FAILED-IMPULSE BLOCK,A,4340.09,4.48,N,,0.044,0.0,0.056,0.0,0.176,0.0,0.764,0.096,0.8,0.096,30,30,30,,,,TARGET_FIRST,TARGET_FIRST,TARGET_FIRST,0.8,0.096,MIRRORED from original's own advATR/favATR at same real price path; does NOT include the extra spread cost of crossing to the opposite bid/ask side at entry (see report methodology note)
MAC_20260617073000_SELL_ASIA_BREAKOUT,MAC,2026.06.17 07:30:00,SELL,BUY,ASIA_BREAKOUT,SMART-GUARD,SKIP,4324.28,2.92,Y,60,0.0,0.544,0.0,0.544,0.0,0.544,0.308,0.544,1.056,0.544,30,30,60,5,5,5,STOP_FIRST,STOP_FIRST,STOP_FIRST,1.056,0.544,MIRRORED from original's own advATR/favATR at same real price path; does NOT include the extra spread cost of crossing to the opposite bid/ask side at entry (see report methodology note)
MAC_20260617073512_SELL_BREAKOUT,MAC,2026.06.17 07:35:12,SELL,BUY,BREAKOUT,SMART-GUARD,A,4320.1,3.32,Y,60,0.416,0.0,0.416,0.0,0.632,0.0,0.772,0.0,1.432,0.0,5,5,15,,,,TARGET_FIRST,TARGET_FIRST,TARGET_FIRST,1.432,0.0,MIRRORED from original's own advATR/favATR at same real price path; does NOT include the extra spread cost of crossing to the opposite bid/ask side at entry (see report methodology note)
MAC_20260617074500_SELL_TREND_PULLBACK,MAC,2026.06.17 07:45:00,SELL,BUY,TREND_PULLBACK,BAD-LOCATION BLOCK,A,4323.13,3.68,N,,0.036,0.0,0.24,0.0,0.368,0.0,0.368,0.124,0.96,0.124,10,15,60,,,,TARGET_FIRST,TARGET_FIRST,TARGET_FIRST,0.96,0.124,MIRRORED from original's own advATR/favATR at same real price path; does NOT include the extra spread cost of crossing to the opposite bid/ask side at entry (see report methodology note)
MAC_20260617075012_SELL_TREND_PULLBACK,MAC,2026.06.17 07:50:12,SELL,BUY,TREND_PULLBACK,SMART-GUARD,A,4323.35,3.58,N,,0.22,0.0,0.352,0.0,0.352,0.0,0.352,0.152,0.964,0.152,5,10,60,,,,TARGET_FIRST,TARGET_FIRST,TARGET_FIRST,0.964,0.152,MIRRORED from original's own advATR/favATR at same real price path; does NOT include the extra spread cost of crossing to the opposite bid/ask side at entry (see report methodology note)
MAC_20260617075513_SELL_TREND_PULLBACK,MAC,2026.06.17 07:55:13,SELL,BUY,TREND_PULLBACK,FAILED-IMPULSE BLOCK,A,4325.24,3.6,N,,0.14,0.0,0.14,0.108,0.14,0.364,0.748,0.364,0.748,0.364,30,30,30,15,15,,STOP_FIRST,STOP_FIRST,TARGET_FIRST,0.748,0.364,MIRRORED from original's own advATR/favATR at same real price path; does NOT include the extra spread cost of crossing to the opposite bid/ask side at entry (see report methodology note)
MAC_20260617085012_SELL_TREND_PULLBACK,MAC,2026.06.17 08:50:12,SELL,BUY,TREND_PULLBACK,B-GRADE QUALITY BLOCK,B,4331.89,3.39,N,,0.0,0.216,0.0,0.72,0.0,0.72,0.0,0.928,0.0,1.016,,,,5,10,10,STOP_FIRST,STOP_FIRST,STOP_FIRST,0.0,1.016,MIRRORED from original's own advATR/favATR at same real price path; does NOT include the extra spread cost of crossing to the opposite bid/ask side at entry (see report methodology note)
MAC_20260617090012_SELL_TREND_PULLBACK,MAC,2026.06.17 09:00:12,SELL,BUY,TREND_PULLBACK,SMART-GUARD,A,4325.2,3.74,N,,0.352,0.0,0.352,0.0,0.38,0.0,0.38,0.208,0.712,0.208,5,5,60,30,,,TARGET_FIRST,TARGET_FIRST,TARGET_FIRST,0.712,0.208,MIRRORED from original's own advATR/favATR at same real price path; does NOT include the extra spread cost of crossing to the opposite bid/ask side at entry (see report methodology note)
MAC_20260617090512_SELL_TREND_PULLBACK,MAC,2026.06.17 09:05:12,SELL,BUY,TREND_PULLBACK,FAILED-IMPULSE BLOCK,A,4328.33,3.77,N,,0.0,0.012,0.048,0.012,0.048,0.46,0.048,0.54,0.372,0.54,60,60,,15,15,30,STOP_FIRST,STOP_FIRST,STOP_FIRST,0.372,0.54,MIRRORED from original's own advATR/favATR at same real price path; does NOT include the extra spread cost of crossing to the opposite bid/ask side at entry (see report methodology note)
MAC_20260617091012_SELL_TREND_PULLBACK,MAC,2026.06.17 09:10:12,SELL,BUY,TREND_PULLBACK,NEWS FILTER (high-impact event nearby),A,4328.14,3.77,N,,0.068,0.0,0.068,0.436,0.068,0.516,0.068,0.516,0.392,0.516,60,60,,10,10,15,STOP_FIRST,STOP_FIRST,STOP_FIRST,0.392,0.516,MIRRORED from original's own advATR/favATR at same real price path; does NOT include the extra spread cost of crossing to the opposite bid/ask side at entry (see report methodology note)
MAC_20260617092012_SELL_TREND_PULLBACK,MAC,2026.06.17 09:20:12,SELL,BUY,TREND_PULLBACK,BAD-LOCATION BLOCK,A,4323.94,4.05,N,,0.0,0.068,0.084,0.068,0.156,0.068,0.52,0.068,0.78,0.068,30,30,30,,,,TARGET_FIRST,TARGET_FIRST,TARGET_FIRST,0.78,0.068,MIRRORED from original's own advATR/favATR at same real price path; does NOT include the extra spread cost of crossing to the opposite bid/ask side at entry (see report methodology note)
MAC_20260617095013_SELL_TREND_PULLBACK,MAC,2026.06.17 09:50:13,SELL,BUY,TREND_PULLBACK,B-GRADE QUALITY BLOCK,B,4328.85,4.04,N,,0.296,0.0,0.296,0.0,0.296,0.0,0.296,0.092,0.296,0.288,5,,,60,,,TARGET_FIRST,NEITHER_5-60m,NEITHER_5-60m,0.296,0.288,MIRRORED from original's own advATR/favATR at same real price path; does NOT include the extra spread cost of crossing to the opposite bid/ask side at entry (see report methodology note)
MAC_20260617100512_SELL_TREND_PULLBACK,MAC,2026.06.17 10:05:12,SELL,BUY,TREND_PULLBACK,SMART-GUARD,A,4330.23,3.85,N,,0.056,0.0,0.056,0.24,0.056,0.24,0.056,0.32,0.116,0.548,,,,10,30,60,STOP_FIRST,STOP_FIRST,STOP_FIRST,0.116,0.548,MIRRORED from original's own advATR/favATR at same real price path; does NOT include the extra spread cost of crossing to the opposite bid/ask side at entry (see report methodology note)
MAC_20260617102428_SELL_TREND_PULLBACK,MAC,2026.06.17 10:24:28,SELL,BUY,TREND_PULLBACK,LATE-CHASE ENTRY BLOCK,A,4328.92,4.03,N,,0.0,0.048,0.0,0.176,0.24,0.176,0.24,0.296,0.24,0.648,15,,,30,60,60,TARGET_FIRST,STOP_FIRST,STOP_FIRST,0.24,0.648,MIRRORED from original's own advATR/favATR at same real price path; does NOT include the extra spread cost of crossing to the opposite bid/ask side at entry (see report methodology note)
MAC_20260617105514_SELL_TREND_PULLBACK,MAC,2026.06.17 10:55:14,SELL,BUY,TREND_PULLBACK,BAD-RR TIMING BLOCK,A,4325.86,3.67,N,,0.032,0.1,0.064,0.1,0.064,0.304,0.064,0.376,0.064,0.676,,,,15,15,60,STOP_FIRST,STOP_FIRST,STOP_FIRST,0.064,0.676,MIRRORED from original's own advATR/favATR at same real price path; does NOT include the extra spread cost of crossing to the opposite bid/ask side at entry (see report methodology note)
MAC_20260617111012_SELL_TREND_PULLBACK,MAC,2026.06.17 11:10:12,SELL,BUY,TREND_PULLBACK,FAILED-IMPULSE BLOCK,A,4326.34,3.7,N,,0.0,0.352,0.0,0.424,0.0,0.424,0.0,0.652,0.0,0.724,,,,5,5,30,STOP_FIRST,STOP_FIRST,STOP_FIRST,0.0,0.724,MIRRORED from original's own advATR/favATR at same real price path; does NOT include the extra spread cost of crossing to the opposite bid/ask side at entry (see report methodology note)
MAC_20260617112012_SELL_TREND_PULLBACK,MAC,2026.06.17 11:20:12,SELL,BUY,TREND_PULLBACK,SMART-GUARD,A,4322.39,3.89,N,,0.18,0.0,0.18,0.0,0.18,0.0,0.18,0.284,0.432,0.284,60,60,,30,,,STOP_FIRST,TARGET_FIRST,NEITHER_5-60m,0.432,0.284,MIRRORED from original's own advATR/favATR at same real price path; does NOT include the extra spread cost of crossing to the opposite bid/ask side at entry (see report methodology note)
MAC_20260617112512_SELL_TREND_PULLBACK,MAC,2026.06.17 11:25:12,SELL,BUY,TREND_PULLBACK,LATE-CHASE ENTRY BLOCK,A,4323.95,3.76,N,,0.0,0.008,0.0,0.04,0.0,0.388,0.088,0.46,0.576,0.46,60,60,60,15,15,,STOP_FIRST,STOP_FIRST,TARGET_FIRST,0.576,0.46,MIRRORED from original's own advATR/favATR at same real price path; does NOT include the extra spread cost of crossing to the opposite bid/ask side at entry (see report methodology note)
MAC_20260617122012_SELL_TREND_PULLBACK,MAC,2026.06.17 12:20:12,SELL,BUY,TREND_PULLBACK,B-GRADE QUALITY BLOCK,B,4326.53,3.62,N,,0.312,0.0,0.804,0.0,0.804,0.0,0.804,0.0,0.804,0.0,5,5,10,,,,TARGET_FIRST,TARGET_FIRST,TARGET_FIRST,0.804,0.0,MIRRORED from original's own advATR/favATR at same real price path; does NOT include the extra spread cost of crossing to the opposite bid/ask side at entry (see report methodology note)
MAC_20260617123012_SELL_TREND_PULLBACK,MAC,2026.06.17 12:30:12,SELL,BUY,TREND_PULLBACK,SMART-GUARD,SKIP,4333.72,3.58,N,,0.0,0.384,0.0,0.52,0.0,0.612,0.0,0.728,0.0,0.728,,,,5,5,10,STOP_FIRST,STOP_FIRST,STOP_FIRST,0.0,0.728,MIRRORED from original's own advATR/favATR at same real price path; does NOT include the extra spread cost of crossing to the opposite bid/ask side at entry (see report methodology note)
MAC_20260617132514_SELL_TREND_PULLBACK,MAC,2026.06.17 13:25:14,SELL,BUY,TREND_PULLBACK,B-GRADE QUALITY BLOCK,B,4328.28,3.12,N,,0.124,0.076,0.18,0.076,0.404,0.076,0.756,0.076,0.756,0.076,15,15,30,,,,TARGET_FIRST,TARGET_FIRST,TARGET_FIRST,0.756,0.076,MIRRORED from original's own advATR/favATR at same real price path; does NOT include the extra spread cost of crossing to the opposite bid/ask side at entry (see report methodology note)
MAC_20260617133512_SELL_TREND_PULLBACK,MAC,2026.06.17 13:35:12,SELL,BUY,TREND_PULLBACK,SMART-GUARD,A,4327.6,3.18,N,,0.264,0.0,0.48,0.0,0.828,0.0,0.828,0.0,0.828,0.252,5,10,15,60,,,TARGET_FIRST,TARGET_FIRST,TARGET_FIRST,0.828,0.252,MIRRORED from original's own advATR/favATR at same real price path; does NOT include the extra spread cost of crossing to the opposite bid/ask side at entry (see report methodology note)
MAC_20260617143013_SELL_TREND_PULLBACK,MAC,2026.06.17 14:30:13,SELL,BUY,TREND_PULLBACK,B-GRADE QUALITY BLOCK,B,4328.79,2.8,N,,0.0,0.452,0.0,0.452,0.0,0.508,0.0,0.828,0.056,0.828,,,,5,5,15,STOP_FIRST,STOP_FIRST,STOP_FIRST,0.056,0.828,MIRRORED from original's own advATR/favATR at same real price path; does NOT include the extra spread cost of crossing to the opposite bid/ask side at entry (see report methodology note)
MAC_20260617143512_SELL_TREND_PULLBACK,MAC,2026.06.17 14:35:12,SELL,BUY,TREND_PULLBACK,SMART-GUARD,A,4325.43,2.91,N,,0.128,0.0,0.128,0.0,0.128,0.028,0.128,0.332,0.516,0.332,60,60,60,30,30,,STOP_FIRST,STOP_FIRST,TARGET_FIRST,0.516,0.332,MIRRORED from original's own advATR/favATR at same real price path; does NOT include the extra spread cost of crossing to the opposite bid/ask side at entry (see report methodology note)
MAC_20260617144512_SELL_TREND_PULLBACK,MAC,2026.06.17 14:45:12,SELL,BUY,TREND_PULLBACK,BAD-RR TIMING BLOCK,A,4325.96,2.84,N,,0.0,0.104,0.0,0.12,0.0,0.416,0.0,0.416,0.888,0.416,60,60,60,15,15,,STOP_FIRST,STOP_FIRST,TARGET_FIRST,0.888,0.416,MIRRORED from original's own advATR/favATR at same real price path; does NOT include the extra spread cost of crossing to the opposite bid/ask side at entry (see report methodology note)
MAC_20260617145512_SELL_TREND_PULLBACK,MAC,2026.06.17 14:55:12,SELL,BUY,TREND_PULLBACK,LATE-CHASE ENTRY BLOCK,A,4324.85,2.83,Y,60,0.0,0.26,0.0,0.26,0.028,0.26,0.028,0.26,1.196,0.26,60,60,60,5,,,STOP_FIRST,TARGET_FIRST,TARGET_FIRST,1.196,0.26,MIRRORED from original's own advATR/favATR at same real price path; does NOT include the extra spread cost of crossing to the opposite bid/ask side at entry (see report methodology note)
MAC_20260617153512_SELL_TREND_PULLBACK,MAC,2026.06.17 15:35:12,SELL,BUY,TREND_PULLBACK,B-GRADE QUALITY BLOCK,B,4329.06,3.73,N,,0.132,0.0,0.344,0.0,0.456,0.0,0.456,0.0,0.932,0.116,10,10,60,,,,TARGET_FIRST,TARGET_FIRST,TARGET_FIRST,0.932,0.116,MIRRORED from original's own advATR/favATR at same real price path; does NOT include the extra spread cost of crossing to the opposite bid/ask side at entry (see report methodology note)
MAC_20260617154559_SELL_TREND_PULLBACK,MAC,2026.06.17 15:45:59,SELL,BUY,TREND_PULLBACK,SMART-GUARD,SKIP,4332.18,3.79,Y,60,0.116,0.0,0.116,0.0,0.116,0.172,0.116,0.44,1.02,0.44,60,60,60,30,30,,STOP_FIRST,STOP_FIRST,TARGET_FIRST,1.02,0.44,MIRRORED from original's own advATR/favATR at same real price path; does NOT include the extra spread cost of crossing to the opposite bid/ask side at entry (see report methodology note)
MAC_20260617171500_BUY_TREND_PULLBACK,MAC,2026.06.17 17:15:00,BUY,SELL,TREND_PULLBACK,BAD-LOCATION BLOCK,A,4342.62,5.2,N,,0.076,0.0,0.076,1.256,0.076,1.576,0.076,1.576,0.076,1.576,,,,10,10,10,STOP_FIRST,STOP_FIRST,STOP_FIRST,0.076,1.576,MIRRORED from original's own advATR/favATR at same real price path; does NOT include the extra spread cost of crossing to the opposite bid/ask side at entry (see report methodology note)
MAC_20260617172512_BUY_BREAKOUT,MAC,2026.06.17 17:25:12,BUY,SELL,BREAKOUT,SMART-GUARD,A,4358.91,5.91,N,,0.0,0.284,0.452,0.284,0.46,0.284,0.964,0.284,0.964,0.284,10,10,30,5,,,STOP_FIRST,TARGET_FIRST,TARGET_FIRST,0.964,0.284,MIRRORED from original's own advATR/favATR at same real price path; does NOT include the extra spread cost of crossing to the opposite bid/ask side at entry (see report methodology note)
MAC_20260617173012_BUY_SQUEEZE_RELEASE,MAC,2026.06.17 17:30:12,BUY,SELL,SQUEEZE_RELEASE,BAD-RR TIMING BLOCK,A,4363.19,6.12,Y,15,0.716,0.0,0.724,0.0,1.212,0.0,1.212,0.0,1.212,0.0,5,5,5,,,,TARGET_FIRST,TARGET_FIRST,TARGET_FIRST,1.212,0.0,MIRRORED from original's own advATR/favATR at same real price path; does NOT include the extra spread cost of crossing to the opposite bid/ask side at entry (see report methodology note)
MAC_20260617174000_BUY_SQUEEZE_RELEASE,MAC,2026.06.17 17:40:00,BUY,SELL,SQUEEZE_RELEASE,FAILED-IMPULSE BLOCK,A,4352.29,6.57,N,,0.012,0.0,0.464,0.0,0.464,0.0,0.464,0.0,0.464,0.44,10,10,,60,60,,TARGET_FIRST,TARGET_FIRST,NEITHER_5-60m,0.464,0.44,MIRRORED from original's own advATR/favATR at same real price path; does NOT include the extra spread cost of crossing to the opposite bid/ask side at entry (see report methodology note)
MAC_20260617174500_BUY_TREND_PULLBACK,MAC,2026.06.17 17:45:00,BUY,SELL,TREND_PULLBACK,FAILED-IMPULSE BLOCK,A,4352.21,6.65,N,,0.452,0.0,0.452,0.0,0.452,0.0,0.452,0.0,0.452,0.44,5,5,,60,60,,TARGET_FIRST,TARGET_FIRST,NEITHER_5-60m,0.452,0.44,MIRRORED from original's own advATR/favATR at same real price path; does NOT include the extra spread cost of crossing to the opposite bid/ask side at entry (see report methodology note)
MAC_20260617175502_BUY_TREND_PULLBACK,MAC,2026.06.17 17:55:02,BUY,SELL,TREND_PULLBACK,EPF-T4 HARD LOCKDOWN,A,4347.44,8.15,N,,0.072,0.0,0.072,0.0,0.104,0.0,0.104,0.592,0.104,0.604,,,,30,30,30,STOP_FIRST,STOP_FIRST,STOP_FIRST,0.104,0.604,MIRRORED from original's own advATR/favATR at same real price path; does NOT include the extra spread cost of crossing to the opposite bid/ask side at entry (see report methodology note)
MAC_20260617180512_BUY_TREND_PULLBACK,MAC,2026.06.17 18:05:12,BUY,SELL,TREND_PULLBACK,A+ EVIDENCE DEMOTION,A,4347.13,8.13,N,,0.088,0.0,0.088,0.012,0.088,0.316,0.088,0.608,,,,,,15,15,30,STOP_FIRST,STOP_FIRST,STOP_FIRST,0.088,0.608,MIRRORED from original's own advATR/favATR at same real price path; does NOT include the extra spread cost of crossing to the opposite bid/ask side at entry (see report methodology note)
MAC_20260617181012_BUY_TREND_PULLBACK,MAC,2026.06.17 18:10:12,BUY,SELL,TREND_PULLBACK,SMART-GUARD,A,4345.42,8.2,N,,0.0,0.096,0.0,0.396,0.0,0.688,0.0,0.688,,,,,,10,10,15,STOP_FIRST,STOP_FIRST,STOP_FIRST,0.0,0.688,MIRRORED from original's own advATR/favATR at same real price path; does NOT include the extra spread cost of crossing to the opposite bid/ask side at entry (see report methodology note)
MAC_20260617183012_BUY_TREND_PULLBACK,MAC,2026.06.17 18:30:12,BUY,SELL,TREND_PULLBACK,LATE-CHASE ENTRY BLOCK,A,4355.56,8.55,N,,0.0,0.152,0.0,0.152,0.0,0.152,0.0,0.412,,,,,,30,30,,STOP_FIRST,STOP_FIRST,NEITHER_5-60m,0.0,0.412,MIRRORED from original's own advATR/favATR at same real price path; does NOT include the extra spread cost of crossing to the opposite bid/ask side at entry (see report methodology note)
MAC_20260617183512_BUY_TREND_PULLBACK,MAC,2026.06.17 18:35:12,BUY,SELL,TREND_PULLBACK,BAD-RR TIMING BLOCK,A,4358.8,7.52,N,,0.036,0.0,0.036,0.0,0.036,0.0,,,,,,,,,,,NEITHER_5-60m,NEITHER_5-60m,NEITHER_5-60m,0.036,0.0,MIRRORED from original's own advATR/favATR at same real price path; does NOT include the extra spread cost of crossing to the opposite bid/ask side at entry (see report methodology note)
MAC_20260617184012_BUY_TREND_PULLBACK,MAC,2026.06.17 18:40:12,BUY,SELL,TREND_PULLBACK,B-GRADE QUALITY BLOCK,B,4358.26,7.37,N,,0.0,0.016,0.0,0.016,0.0,0.08,,,,,,,,,,,NEITHER_5-60m,NEITHER_5-60m,NEITHER_5-60m,0.0,0.08,MIRRORED from original's own advATR/favATR at same real price path; does NOT include the extra spread cost of crossing to the opposite bid/ask side at entry (see report methodology note)
MAC_20260617190710_BUY_TREND_PULLBACK,MAC,2026.06.17 19:07:10,BUY,SELL,TREND_PULLBACK,B-GRADE QUALITY BLOCK,B,4364.1,4.72,N,,,,,,,,,,,,,,,,,,NEITHER_5-60m,NEITHER_5-60m,NEITHER_5-60m,,,MIRRORED from original's own advATR/favATR at same real price path; does NOT include the extra spread cost of crossing to the opposite bid/ask side at entry (see report methodology note)
MAC_20260617191012_BUY_TREND_PULLBACK,MAC,2026.06.17 19:10:12,BUY,SELL,TREND_PULLBACK,BAD-LOCATION BLOCK,B,4362.31,4.54,N,,,,,,,,,,,,,,,,,,NEITHER_5-60m,NEITHER_5-60m,NEITHER_5-60m,,,MIRRORED from original's own advATR/favATR at same real price path; does NOT include the extra spread cost of crossing to the opposite bid/ask side at entry (see report methodology note)
MAC_20260617191151_BUY_TREND_PULLBACK,MAC,2026.06.17 19:11:51,BUY,SELL,TREND_PULLBACK,BAD-LOCATION BLOCK,B,4361.72,4.54,N,,,,,,,,,,,,,,,,,,NEITHER_5-60m,NEITHER_5-60m,NEITHER_5-60m,,,MIRRORED from original's own advATR/favATR at same real price path; does NOT include the extra spread cost of crossing to the opposite bid/ask side at entry (see report methodology note)
MAC_20260617191305_BUY_TREND_PULLBACK,MAC,2026.06.17 19:13:05,BUY,SELL,TREND_PULLBACK,BAD-LOCATION BLOCK,B,4362.4,4.54,N,,,,,,,,,,,,,,,,,,NEITHER_5-60m,NEITHER_5-60m,NEITHER_5-60m,,,MIRRORED from original's own advATR/favATR at same real price path; does NOT include the extra spread cost of crossing to the opposite bid/ask side at entry (see report methodology note)
MAC_20260617191645_BUY_TREND_PULLBACK,MAC,2026.06.17 19:16:45,BUY,SELL,TREND_PULLBACK,BAD-LOCATION BLOCK,B,4362.12,4.39,N,,0.0,0.324,0.0,0.324,0.028,0.324,,,,,,,,5,5,,STOP_FIRST,STOP_FIRST,NEITHER_5-60m,0.028,0.324,MIRRORED from original's own advATR/favATR at same real price path; does NOT include the extra spread cost of crossing to the opposite bid/ask side at entry (see report methodology note)
MAC_20260617192012_BUY_TREND_PULLBACK,MAC,2026.06.17 19:20:12,BUY,SELL,TREND_PULLBACK,BAD-RR TIMING BLOCK,A,4365.74,4.42,N,,0.076,0.0,0.076,0.0,0.356,0.0,,,,,15,15,,,,,TARGET_FIRST,TARGET_FIRST,NEITHER_5-60m,0.356,0.0,MIRRORED from original's own advATR/favATR at same real price path; does NOT include the extra spread cost of crossing to the opposite bid/ask side at entry (see report methodology note)
MAC_20260617192512_BUY_TREND_PULLBACK,MAC,2026.06.17 19:25:12,BUY,SELL,TREND_PULLBACK,B-GRADE QUALITY BLOCK,B,4364.97,4.32,N,,0.0,0.0,0.296,0.0,0.536,0.0,,,,,10,15,15,,,,TARGET_FIRST,TARGET_FIRST,TARGET_FIRST,0.536,0.0,MIRRORED from original's own advATR/favATR at same real price path; does NOT include the extra spread cost of crossing to the opposite bid/ask side at entry (see report methodology note)
MAC_20260617193512_BUY_TREND_PULLBACK,MAC,2026.06.17 19:35:12,BUY,SELL,TREND_PULLBACK,FAILED-IMPULSE BLOCK,A,4361.98,3.76,N,,0.3,0.0,,,,,,,,,5,5,,,,,TARGET_FIRST,TARGET_FIRST,NEITHER_5-60m,0.3,0.0,MIRRORED from original's own advATR/favATR at same real price path; does NOT include the extra spread cost of crossing to the opposite bid/ask side at entry (see report methodology note)
MAC_20260617194620_BUY_TREND_PULLBACK,MAC,2026.06.17 19:46:20,BUY,SELL,TREND_PULLBACK,FAILED-IMPULSE BLOCK,A,4357.43,3.42,N,,,,,,,,,,,,,,,,,,NEITHER_5-60m,NEITHER_5-60m,NEITHER_5-60m,,,MIRRORED from original's own advATR/favATR at same real price path; does NOT include the extra spread cost of crossing to the opposite bid/ask side at entry (see report methodology note)
MAC_20260617194713_BUY_TREND_PULLBACK,MAC,2026.06.17 19:47:13,BUY,SELL,TREND_PULLBACK,FAILED-IMPULSE BLOCK,A,4358.28,3.42,N,,0.212,0.0,0.212,0.688,0.212,2.02,0.212,2.02,0.212,2.128,5,,,10,10,10,TARGET_FIRST,STOP_FIRST,STOP_FIRST,0.212,2.128,MIRRORED from original's own advATR/favATR at same real price path; does NOT include the extra spread cost of crossing to the opposite bid/ask side at entry (see report methodology note)
MAC_20260617203317_BUY_TREND_PULLBACK,MAC,2026.06.17 20:33:17,BUY,SELL,TREND_PULLBACK,SMART-GUARD,A,4364.39,3.36,Y,30,0.0,1.332,0.0,1.44,0.0,1.44,5.728,1.864,10.048,1.864,30,30,30,5,5,5,STOP_FIRST,STOP_FIRST,STOP_FIRST,10.048,1.864,MIRRORED from original's own advATR/favATR at same real price path; does NOT include the extra spread cost of crossing to the opposite bid/ask side at entry (see report methodology note)
MAC_20260617203512_BUY_BREAKOUT,MAC,2026.06.17 20:35:12,BUY,SELL,BREAKOUT,SMART-GUARD,A,4375.42,4.68,Y,30,0.024,0.0,0.024,0.092,0.024,0.24,7.344,0.396,8.148,0.396,30,30,30,15,30,,STOP_FIRST,SIMULTANEOUS_SAME_CHECKPOINT,TARGET_FIRST,8.148,0.396,MIRRORED from original's own advATR/favATR at same real price path; does NOT include the extra spread cost of crossing to the opposite bid/ask side at entry (see report methodology note)
MAC_20260617204012_BUY_SQUEEZE_RELEASE,MAC,2026.06.17 20:40:12,BUY,SELL,SQUEEZE_RELEASE,BAD-LOCATION BLOCK,A,4375.2,5.1,Y,30,0.0,0.1,0.0,0.236,0.0,0.38,6.732,0.38,7.472,0.38,30,30,30,10,15,,STOP_FIRST,STOP_FIRST,TARGET_FIRST,7.472,0.38,MIRRORED from original's own advATR/favATR at same real price path; does NOT include the extra spread cost of crossing to the opposite bid/ask side at entry (see report methodology note)
MAC_20260617204500_BUY_BREAKOUT,MAC,2026.06.17 20:45:00,BUY,SELL,BREAKOUT,BAD-LOCATION BLOCK,A,4376.84,5.37,Y,30,0.108,0.0,0.108,0.104,0.108,0.24,6.676,0.24,7.216,0.24,30,30,30,15,,,STOP_FIRST,TARGET_FIRST,TARGET_FIRST,7.216,0.24,MIRRORED from original's own advATR/favATR at same real price path; does NOT include the extra spread cost of crossing to the opposite bid/ask side at entry (see report methodology note)
MAC_20260617210000_BUY_SQUEEZE_RELEASE,MAC,2026.06.17 21:00:00,BUY,SELL,SQUEEZE_RELEASE,BAD-RR TIMING BLOCK,A,4379.81,5.82,Y,5,4.368,0.0,6.212,0.0,6.364,0.0,6.42,0.0,6.86,0.0,5,5,5,,,,TARGET_FIRST,TARGET_FIRST,TARGET_FIRST,6.86,0.0,MIRRORED from original's own advATR/favATR at same real price path; does NOT include the extra spread cost of crossing to the opposite bid/ask side at entry (see report methodology note)
MAC_20260617210500_SELL_BREAKOUT,MAC,2026.06.17 21:05:00,SELL,BUY,BREAKOUT,SMART-GUARD,A,4316.65,10.2,N,,0.0,1.068,0.0,1.152,0.0,1.152,0.0,1.436,0.148,1.764,,,,5,5,5,STOP_FIRST,STOP_FIRST,STOP_FIRST,0.148,1.764,MIRRORED from original's own advATR/favATR at same real price path; does NOT include the extra spread cost of crossing to the opposite bid/ask side at entry (see report methodology note)
MAC_20260617211012_SELL_BREAKOUT,MAC,2026.06.17 21:10:12,SELL,BUY,BREAKOUT,B-GRADE QUALITY BLOCK,B,4287.39,12.36,Y,30,0.0,0.004,0.624,0.032,0.624,0.032,1.068,0.24,1.068,0.568,10,10,10,30,60,60,TARGET_FIRST,TARGET_FIRST,TARGET_FIRST,1.068,0.568,MIRRORED from original's own advATR/favATR at same real price path; does NOT include the extra spread cost of crossing to the opposite bid/ask side at entry (see report methodology note)
MAC_20260617211512_SELL_SQUEEZE_RELEASE,MAC,2026.06.17 21:15:12,SELL,BUY,SQUEEZE_RELEASE,BAD-LOCATION BLOCK,B,4287.19,13.53,N,,0.576,0.024,0.576,0.024,0.576,0.212,0.984,0.212,0.984,0.688,5,5,5,15,60,60,TARGET_FIRST,TARGET_FIRST,TARGET_FIRST,0.984,0.688,MIRRORED from original's own advATR/favATR at same real price path; does NOT include the extra spread cost of crossing to the opposite bid/ask side at entry (see report methodology note)
MAC_20260617212000_BUY_TREND_PULLBACK,MAC,2026.06.17 21:20:00,BUY,SELL,TREND_PULLBACK,B-GRADE QUALITY BLOCK,B,4306.08,15.05,Y,60,0.524,0.0,0.524,0.0,0.692,0.0,0.692,0.38,1.744,0.38,5,5,5,30,30,,TARGET_FIRST,TARGET_FIRST,TARGET_FIRST,1.744,0.38,MIRRORED from original's own advATR/favATR at same real price path; does NOT include the extra spread cost of crossing to the opposite bid/ask side at entry (see report methodology note)
MAC_20260617214512_BUY_TREND_PULLBACK,MAC,2026.06.17 21:45:12,BUY,SELL,TREND_PULLBACK,SMART-GUARD,A,4318.93,22.6,Y,60,0.04,0.0,0.196,0.0,0.836,0.0,0.976,0.0,1.728,0.0,15,15,15,,,,TARGET_FIRST,TARGET_FIRST,TARGET_FIRST,1.728,0.0,MIRRORED from original's own advATR/favATR at same real price path; does NOT include the extra spread cost of crossing to the opposite bid/ask side at entry (see report methodology note)
MAC_20260617220500_SELL_TREND_PULLBACK,MAC,2026.06.17 22:05:00,SELL,BUY,TREND_PULLBACK,B-GRADE QUALITY BLOCK,B,4271.92,27.0,N,,0.0,0.032,0.0,0.12,0.0,0.464,0.0,0.736,0.0,0.752,,,,15,15,30,STOP_FIRST,STOP_FIRST,STOP_FIRST,0.0,0.752,MIRRORED from original's own advATR/favATR at same real price path; does NOT include the extra spread cost of crossing to the opposite bid/ask side at entry (see report methodology note)
MAC_20260617221512_SELL_TREND_PULLBACK,MAC,2026.06.17 22:15:12,SELL,BUY,TREND_PULLBACK,BAD-LOCATION BLOCK,B,4263.88,24.22,N,,0.0,0.384,0.0,0.392,0.0,0.688,0.0,0.704,0.0,0.704,,,,5,5,15,STOP_FIRST,STOP_FIRST,STOP_FIRST,0.0,0.704,MIRRORED from original's own advATR/favATR at same real price path; does NOT include the extra spread cost of crossing to the opposite bid/ask side at entry (see report methodology note)
MAC_20260617223014_SELL_TREND_PULLBACK,MAC,2026.06.17 22:30:14,SELL,BUY,TREND_PULLBACK,LATE-CHASE ENTRY BLOCK,B,4222.37,22.37,N,,0.072,0.02,0.252,0.02,0.352,0.02,0.352,0.02,0.352,0.02,10,15,,,,,TARGET_FIRST,TARGET_FIRST,NEITHER_5-60m,0.352,0.02,MIRRORED from original's own advATR/favATR at same real price path; does NOT include the extra spread cost of crossing to the opposite bid/ask side at entry (see report methodology note)
MAC_20260618023210_SELL_TREND_PULLBACK,MAC,2026.06.18 02:32:10,SELL,BUY,TREND_PULLBACK,FAILED-IMPULSE BLOCK,A,4280.71,5.44,Y,60,0.0,0.48,0.0,0.48,0.0,0.56,0.824,0.56,1.92,0.56,30,30,30,5,5,15,STOP_FIRST,STOP_FIRST,STOP_FIRST,1.92,0.56,MIRRORED from original's own advATR/favATR at same real price path; does NOT include the extra spread cost of crossing to the opposite bid/ask side at entry (see report methodology note)
MAC_20260618024500_SELL_TREND_PULLBACK,MAC,2026.06.18 02:45:00,SELL,BUY,TREND_PULLBACK,SMART-GUARD,A,4276.27,5.98,Y,30,0.0,0.212,0.0,0.212,0.104,0.212,1.46,0.212,2.324,0.212,30,30,30,5,,,STOP_FIRST,TARGET_FIRST,TARGET_FIRST,2.324,0.212,MIRRORED from original's own advATR/favATR at same real price path; does NOT include the extra spread cost of crossing to the opposite bid/ask side at entry (see report methodology note)
MAC_20260618031012_BUY_BREAKOUT,MAC,2026.06.18 03:10:12,BUY,SELL,BREAKOUT,B-GRADE QUALITY BLOCK,B,4293.96,7.18,N,,0.0,0.232,0.0,0.232,0.0,0.232,0.0,0.952,,,,,,5,30,30,STOP_FIRST,STOP_FIRST,STOP_FIRST,0.0,0.952,MIRRORED from original's own advATR/favATR at same real price path; does NOT include the extra spread cost of crossing to the opposite bid/ask side at entry (see report methodology note)
MAC_20260618031512_BUY_BREAKOUT,MAC,2026.06.18 03:15:12,BUY,SELL,BREAKOUT,SMART-GUARD,A,4298.14,7.47,N,,0.092,0.0,0.136,0.0,0.136,0.464,,,,,,,,15,15,,STOP_FIRST,STOP_FIRST,NEITHER_5-60m,0.136,0.464,MIRRORED from original's own advATR/favATR at same real price path; does NOT include the extra spread cost of crossing to the opposite bid/ask side at entry (see report methodology note)
MAC_20260618040500_SELL_TREND_PULLBACK,MAC,2026.06.18 04:05:00,SELL,BUY,TREND_PULLBACK,SMART-GUARD,SKIP,4321.7,7.95,N,,0.0,0.008,0.068,0.008,0.068,0.208,0.068,0.208,0.068,0.208,,,,15,,,STOP_FIRST,NEITHER_5-60m,NEITHER_5-60m,0.068,0.208,MIRRORED from original's own advATR/favATR at same real price path; does NOT include the extra spread cost of crossing to the opposite bid/ask side at entry (see report methodology note)
MAC_20260618042000_SELL_TREND_PULLBACK,MAC,2026.06.18 04:20:00,SELL,BUY,TREND_PULLBACK,B-GRADE QUALITY BLOCK,B,4317.44,7.53,N,,0.192,0.0,0.192,0.0,0.192,0.0,0.196,0.0,0.524,0.0,60,60,60,,,,TARGET_FIRST,TARGET_FIRST,TARGET_FIRST,0.524,0.0,MIRRORED from original's own advATR/favATR at same real price path; does NOT include the extra spread cost of crossing to the opposite bid/ask side at entry (see report methodology note)
MAC_20260618050512_SELL_TREND_PULLBACK,MAC,2026.06.18 05:05:12,SELL,BUY,TREND_PULLBACK,SMART-GUARD,SKIP,4320.83,6.91,N,,0.292,0.0,0.372,0.0,0.372,0.0,0.372,0.0,0.372,0.168,5,10,,,,,TARGET_FIRST,TARGET_FIRST,NEITHER_5-60m,0.372,0.168,MIRRORED from original's own advATR/favATR at same real price path; does NOT include the extra spread cost of crossing to the opposite bid/ask side at entry (see report methodology note)
MAC_20260618052512_SELL_TREND_PULLBACK,MAC,2026.06.18 05:25:12,SELL,BUY,TREND_PULLBACK,B-GRADE QUALITY BLOCK,B,4325.55,5.33,N,,0.0,0.032,0.0,0.204,0.0,0.572,0.0,1.12,0.0,1.688,,,,10,15,15,STOP_FIRST,STOP_FIRST,STOP_FIRST,0.0,1.688,MIRRORED from original's own advATR/favATR at same real price path; does NOT include the extra spread cost of crossing to the opposite bid/ask side at entry (see report methodology note)
MAC_20260618085000_SELL_ASIA_BREAKOUT,MAC,2026.06.18 08:50:00,SELL,BUY,ASIA_BREAKOUT,BAD-RR TIMING BLOCK,A,4302.99,5.11,N,,0.528,0.0,0.528,0.0,0.528,0.0,0.528,0.308,0.528,0.308,5,5,5,30,30,,TARGET_FIRST,TARGET_FIRST,TARGET_FIRST,0.528,0.308,MIRRORED from original's own advATR/favATR at same real price path; does NOT include the extra spread cost of crossing to the opposite bid/ask side at entry (see report methodology note)
MAC_20260618090000_SELL_TREND_PULLBACK,MAC,2026.06.18 09:00:00,SELL,BUY,TREND_PULLBACK,FAILED-IMPULSE BLOCK,A,4308.25,5.28,N,,0.0,0.112,0.0,0.576,0.0,0.696,0.0,0.696,0.0,0.696,,,,10,10,10,STOP_FIRST,STOP_FIRST,STOP_FIRST,0.0,0.696,MIRRORED from original's own advATR/favATR at same real price path; does NOT include the extra spread cost of crossing to the opposite bid/ask side at entry (see report methodology note)
MAC_20260618091012_SELL_BREAKOUT,MAC,2026.06.18 09:10:12,SELL,BUY,BREAKOUT,BAD-LOCATION BLOCK,A,4300.62,5.96,N,,0.0,0.104,0.0,0.104,0.14,0.104,0.256,0.104,0.376,0.104,30,60,,,,,TARGET_FIRST,TARGET_FIRST,NEITHER_5-60m,0.376,0.104,MIRRORED from original's own advATR/favATR at same real price path; does NOT include the extra spread cost of crossing to the opposite bid/ask side at entry (see report methodology note)
MAC_20260618092012_SELL_TREND_PULLBACK,MAC,2026.06.18 09:20:12,SELL,BUY,TREND_PULLBACK,BAD-LOCATION BLOCK,B,4299.43,6.11,N,,0.216,0.0,0.324,0.0,0.324,0.0,0.324,0.0,0.536,0.0,5,10,60,,,,TARGET_FIRST,TARGET_FIRST,TARGET_FIRST,0.536,0.0,MIRRORED from original's own advATR/favATR at same real price path; does NOT include the extra spread cost of crossing to the opposite bid/ask side at entry (see report methodology note)
MAC_20260618100012_SELL_TREND_PULLBACK,MAC,2026.06.18 10:00:12,SELL,BUY,TREND_PULLBACK,FAILED-IMPULSE BLOCK,A,4306.12,5.07,N,,0.0,0.176,0.0,0.176,0.072,0.176,0.116,0.176,0.116,1.528,,,,60,60,60,STOP_FIRST,STOP_FIRST,STOP_FIRST,0.116,1.528,MIRRORED from original's own advATR/favATR at same real price path; does NOT include the extra spread cost of crossing to the opposite bid/ask side at entry (see report methodology note)
MAC_20260618100513_SELL_TREND_PULLBACK,MAC,2026.06.18 10:05:13,SELL,BUY,TREND_PULLBACK,NEWS FILTER (high-impact event nearby),A,4303.68,4.77,N,,0.284,0.0,0.328,0.0,0.328,0.0,0.328,0.74,0.328,1.42,5,10,,30,30,30,TARGET_FIRST,TARGET_FIRST,STOP_FIRST,0.328,1.42,MIRRORED from original's own advATR/favATR at same real price path; does NOT include the extra spread cost of crossing to the opposite bid/ask side at entry (see report methodology note)
MAC_20260618103512_SELL_TREND_PULLBACK,MAC,2026.06.18 10:35:12,SELL,BUY,TREND_PULLBACK,BAD-RR TIMING BLOCK,A,4298.78,4.7,N,,0.0,0.336,0.0,0.336,0.0,0.576,0.0,1.024,0.0,1.172,,,,5,5,15,STOP_FIRST,STOP_FIRST,STOP_FIRST,0.0,1.172,MIRRORED from original's own advATR/favATR at same real price path; does NOT include the extra spread cost of crossing to the opposite bid/ask side at entry (see report methodology note)
MAC_20260618104501_SELL_TREND_PULLBACK,MAC,2026.06.18 10:45:01,SELL,BUY,TREND_PULLBACK,LATE-CHASE ENTRY BLOCK,B,4298.01,4.9,N,,0.0,0.192,0.0,0.492,0.0,0.92,0.0,0.92,0.0,1.524,,,,10,10,15,STOP_FIRST,STOP_FIRST,STOP_FIRST,0.0,1.524,MIRRORED from original's own advATR/favATR at same real price path; does NOT include the extra spread cost of crossing to the opposite bid/ask side at entry (see report methodology note)
MAC_20260618105512_SELL_BREAKOUT,MAC,2026.06.18 10:55:12,SELL,BUY,BREAKOUT,BAD-RR TIMING BLOCK,A,4291.93,4.98,N,,0.0,0.416,0.0,0.416,0.0,0.416,0.0,0.556,0.0,1.192,,,,5,5,30,STOP_FIRST,STOP_FIRST,STOP_FIRST,0.0,1.192,MIRRORED from original's own advATR/favATR at same real price path; does NOT include the extra spread cost of crossing to the opposite bid/ask side at entry (see report methodology note)
MAC_20260618110513_SELL_SQUEEZE_RELEASE,MAC,2026.06.18 11:05:13,SELL,BUY,SQUEEZE_RELEASE,BAD-LOCATION BLOCK,B,4290.52,5.26,N,,0.064,0.252,0.064,0.252,0.064,0.256,0.064,0.42,0.064,1.912,,,,5,30,60,STOP_FIRST,STOP_FIRST,STOP_FIRST,0.064,1.912,MIRRORED from original's own advATR/favATR at same real price path; does NOT include the extra spread cost of crossing to the opposite bid/ask side at entry (see report methodology note)
MAC_20260618113000_SELL_SQUEEZE_RELEASE,MAC,2026.06.18 11:30:00,SELL,BUY,SQUEEZE_RELEASE,BAD-RR TIMING BLOCK,A,4284.95,5.45,N,,0.048,0.0,0.048,0.0,0.048,0.272,0.048,1.424,0.048,1.436,,,,15,30,30,STOP_FIRST,STOP_FIRST,STOP_FIRST,0.048,1.436,MIRRORED from original's own advATR/favATR at same real price path; does NOT include the extra spread cost of crossing to the opposite bid/ask side at entry (see report methodology note)
MAC_20260618115001_SELL_TREND_PULLBACK,MAC,2026.06.18 11:50:01,SELL,BUY,TREND_PULLBACK,BAD-LOCATION BLOCK,B,4279.2,5.25,N,,0.0,0.164,0.0,1.044,0.0,1.044,0.0,1.056,,,,,,10,10,10,STOP_FIRST,STOP_FIRST,STOP_FIRST,0.0,1.056,MIRRORED from original's own advATR/favATR at same real price path; does NOT include the extra spread cost of crossing to the opposite bid/ask side at entry (see report methodology note)
MAC_20260618120013_SELL_ASIA_BREAKOUT,MAC,2026.06.18 12:00:13,SELL,BUY,ASIA_BREAKOUT,BAD-LOCATION BLOCK,B,4264.71,5.88,N,,0.252,0.0,0.252,0.0,0.556,0.0,0.556,0.0,,,5,15,15,,,,TARGET_FIRST,TARGET_FIRST,TARGET_FIRST,0.556,0.0,MIRRORED from original's own advATR/favATR at same real price path; does NOT include the extra spread cost of crossing to the opposite bid/ask side at entry (see report methodology note)
MAC_20260618125512_SELL_TREND_PULLBACK,MAC,2026.06.18 12:55:12,SELL,BUY,TREND_PULLBACK,FAILED-IMPULSE BLOCK,B,4271.56,5.56,N,,0.0,0.18,0.0,1.72,0.0,1.904,0.0,1.904,0.0,1.904,,,,10,10,10,STOP_FIRST,STOP_FIRST,STOP_FIRST,0.0,1.904,MIRRORED from original's own advATR/favATR at same real price path; does NOT include the extra spread cost of crossing to the opposite bid/ask side at entry (see report methodology note)
MAC_20260618141548_SELL_SQUEEZE_RELEASE,MAC,2026.06.18 14:15:48,SELL,BUY,SQUEEZE_RELEASE,BAD-LOCATION BLOCK,A,4247.6,5.73,Y,60,0.02,0.172,0.116,0.172,0.116,0.172,0.116,0.428,1.044,0.428,60,60,60,30,30,,STOP_FIRST,STOP_FIRST,TARGET_FIRST,1.044,0.428,MIRRORED from original's own advATR/favATR at same real price path; does NOT include the extra spread cost of crossing to the opposite bid/ask side at entry (see report methodology note)
MAC_20260618142500_SELL_SQUEEZE_RELEASE,MAC,2026.06.18 14:25:00,SELL,BUY,SQUEEZE_RELEASE,A+ EVIDENCE DEMOTION,A,4247.84,5.52,Y,60,0.1,0.0,0.1,0.0,0.1,0.352,0.1,0.464,1.188,0.464,60,60,60,15,15,,STOP_FIRST,STOP_FIRST,TARGET_FIRST,1.188,0.464,MIRRORED from original's own advATR/favATR at same real price path; does NOT include the extra spread cost of crossing to the opposite bid/ask side at entry (see report methodology note)
MAC_20260618145000_SELL_SQUEEZE_RELEASE,MAC,2026.06.18 14:50:00,SELL,BUY,SQUEEZE_RELEASE,BAD-RR TIMING BLOCK,A,4241.39,5.2,Y,30,0.072,0.0,0.072,0.0,0.152,0.0,1.628,0.0,1.756,0.0,30,30,30,,,,TARGET_FIRST,TARGET_FIRST,TARGET_FIRST,1.756,0.0,MIRRORED from original's own advATR/favATR at same real price path; does NOT include the extra spread cost of crossing to the opposite bid/ask side at entry (see report methodology note)
MAC_20260618150001_SELL_TREND_PULLBACK,MAC,2026.06.18 15:00:01,SELL,BUY,TREND_PULLBACK,BAD-LOCATION BLOCK,B,4242.6,5.23,Y,15,0.06,0.0,0.14,0.0,1.048,0.0,1.656,0.0,1.656,0.0,15,15,15,,,,TARGET_FIRST,TARGET_FIRST,TARGET_FIRST,1.656,0.0,MIRRORED from original's own advATR/favATR at same real price path; does NOT include the extra spread cost of crossing to the opposite bid/ask side at entry (see report methodology note)
MAC_20260618151512_SELL_TREND_PULLBACK,MAC,2026.06.18 15:15:12,SELL,BUY,TREND_PULLBACK,FAILED-IMPULSE BLOCK,A,4256.27,5.69,N,,0.444,0.0,0.56,0.0,0.56,0.104,0.56,0.104,0.56,0.104,5,5,10,,,,TARGET_FIRST,TARGET_FIRST,TARGET_FIRST,0.56,0.104,MIRRORED from original's own advATR/favATR at same real price path; does NOT include the extra spread cost of crossing to the opposite bid/ask side at entry (see report methodology note)
MAC_20260618152012_SELL_TREND_PULLBACK,MAC,2026.06.18 15:20:12,SELL,BUY,TREND_PULLBACK,A+ EVIDENCE DEMOTION,A,4262.56,5.63,N,,0.12,0.0,0.12,0.552,0.12,0.552,0.12,0.552,0.12,0.552,,,,10,10,10,STOP_FIRST,STOP_FIRST,STOP_FIRST,0.12,0.552,MIRRORED from original's own advATR/favATR at same real price path; does NOT include the extra spread cost of crossing to the opposite bid/ask side at entry (see report methodology note)
MAC_20260618161512_SELL_TREND_PULLBACK,MAC,2026.06.18 16:15:12,SELL,BUY,TREND_PULLBACK,FAILED-IMPULSE BLOCK,A,4260.65,8.01,N,,0.0,0.104,0.0,0.116,0.204,0.116,,,,,15,,,,,,TARGET_FIRST,NEITHER_5-60m,NEITHER_5-60m,0.204,0.116,MIRRORED from original's own advATR/favATR at same real price path; does NOT include the extra spread cost of crossing to the opposite bid/ask side at entry (see report methodology note)
MAC_20260618162013_SELL_TREND_PULLBACK,MAC,2026.06.18 16:20:13,SELL,BUY,TREND_PULLBACK,A+ EVIDENCE DEMOTION,A,4258.53,7.97,N,,0.312,0.008,0.628,0.008,0.644,0.008,,,,,5,5,10,,,,TARGET_FIRST,TARGET_FIRST,TARGET_FIRST,0.644,0.008,MIRRORED from original's own advATR/favATR at same real price path; does NOT include the extra spread cost of crossing to the opposite bid/ask side at entry (see report methodology note)
MAC_20260618162512_SELL_TREND_PULLBACK,MAC,2026.06.18 16:25:12,SELL,BUY,TREND_PULLBACK,SMART-GUARD,A+,4258.45,7.34,N,,0.34,0.0,0.688,0.0,0.708,0.0,,,,,5,5,10,,,,TARGET_FIRST,TARGET_FIRST,TARGET_FIRST,0.708,0.0,MIRRORED from original's own advATR/favATR at same real price path; does NOT include the extra spread cost of crossing to the opposite bid/ask side at entry (see report methodology note)
MAC_20260618170417_SELL_TREND_PULLBACK,MAC,2026.06.18 17:04:17,SELL,BUY,TREND_PULLBACK,SMART-GUARD,A+,4242.2,7.53,N,,0.04,0.0,0.04,0.076,0.38,0.076,0.6,0.076,0.6,0.076,15,15,30,,,,TARGET_FIRST,TARGET_FIRST,TARGET_FIRST,0.6,0.076,MIRRORED from original's own advATR/favATR at same real price path; does NOT include the extra spread cost of crossing to the opposite bid/ask side at entry (see report methodology note)
MAC_20260618170547_SELL_TREND_PULLBACK,MAC,2026.06.18 17:05:47,SELL,BUY,TREND_PULLBACK,BAD-LOCATION BLOCK,A,4242.91,8.56,N,,0.0,0.1,0.3,0.1,0.492,0.1,0.492,0.1,0.492,0.488,10,10,,60,60,,TARGET_FIRST,TARGET_FIRST,NEITHER_5-60m,0.492,0.488,MIRRORED from original's own advATR/favATR at same real price path; does NOT include the extra spread cost of crossing to the opposite bid/ask side at entry (see report methodology note)
MAC_20260618171012_SELL_TREND_PULLBACK,MAC,2026.06.18 17:10:12,SELL,BUY,TREND_PULLBACK,A+ EVIDENCE DEMOTION,A,4242.4,8.61,N,,0.0,0.076,0.324,0.076,0.512,0.076,0.512,0.076,0.512,0.464,10,10,15,60,60,,TARGET_FIRST,TARGET_FIRST,TARGET_FIRST,0.512,0.464,MIRRORED from original's own advATR/favATR at same real price path; does NOT include the extra spread cost of crossing to the opposite bid/ask side at entry (see report methodology note)
MAC_20260618171512_SELL_TREND_PULLBACK,MAC,2026.06.18 17:15:12,SELL,BUY,TREND_PULLBACK,BAD-RR TIMING BLOCK,A,4240.68,8.62,N,,0.404,0.0,0.592,0.0,0.592,0.0,0.592,0.0,0.592,0.384,5,5,10,60,60,,TARGET_FIRST,TARGET_FIRST,TARGET_FIRST,0.592,0.384,MIRRORED from original's own advATR/favATR at same real price path; does NOT include the extra spread cost of crossing to the opposite bid/ask side at entry (see report methodology note)
MAC_20260618172012_SELL_TREND_PULLBACK,MAC,2026.06.18 17:20:12,SELL,BUY,TREND_PULLBACK,FAILED-IMPULSE BLOCK,A,4248.48,8.99,N,,0.22,0.0,0.22,0.244,0.22,0.244,0.22,0.316,0.22,0.712,5,,,10,30,60,TARGET_FIRST,STOP_FIRST,STOP_FIRST,0.22,0.712,MIRRORED from original's own advATR/favATR at same real price path; does NOT include the extra spread cost of crossing to the opposite bid/ask side at entry (see report methodology note)
MAC_20260618183113_SELL_TREND_PULLBACK,MAC,2026.06.18 18:31:13,SELL,BUY,TREND_PULLBACK,SMART-GUARD,A+,4232.39,7.68,N,,0.0,0.176,0.0,0.176,0.0,0.252,0.0,0.3,,,,,,15,30,,STOP_FIRST,STOP_FIRST,NEITHER_5-60m,0.0,0.3,MIRRORED from original's own advATR/favATR at same real price path; does NOT include the extra spread cost of crossing to the opposite bid/ask side at entry (see report methodology note)
MAC_20260618184513_SELL_TREND_PULLBACK,MAC,2026.06.18 18:45:13,SELL,BUY,TREND_PULLBACK,BAD-LOCATION BLOCK,A,4231.44,7.65,N,,0.0,0.24,0.0,0.24,0.0,0.252,,,,,,,,5,,,STOP_FIRST,NEITHER_5-60m,NEITHER_5-60m,0.0,0.252,MIRRORED from original's own advATR/favATR at same real price path; does NOT include the extra spread cost of crossing to the opposite bid/ask side at entry (see report methodology note)
MAC_20260618185012_SELL_TREND_PULLBACK,MAC,2026.06.18 18:50:12,SELL,BUY,TREND_PULLBACK,BAD-RR TIMING BLOCK,A,4227.56,7.71,N,,0.0,0.036,0.144,0.036,0.144,0.052,,,,,,,,,,,NEITHER_5-60m,NEITHER_5-60m,NEITHER_5-60m,0.144,0.052,MIRRORED from original's own advATR/favATR at same real price path; does NOT include the extra spread cost of crossing to the opposite bid/ask side at entry (see report methodology note)
MAC_20260618190808_SELL_TREND_PULLBACK,MAC,2026.06.18 19:08:08,SELL,BUY,TREND_PULLBACK,BAD-LOCATION BLOCK,A,4230.56,7.28,N,,,,,,,,,,,,,,,,,,NEITHER_5-60m,NEITHER_5-60m,NEITHER_5-60m,,,MIRRORED from original's own advATR/favATR at same real price path; does NOT include the extra spread cost of crossing to the opposite bid/ask side at entry (see report methodology note)
MAC_20260618190926_SELL_TREND_PULLBACK,MAC,2026.06.18 19:09:26,SELL,BUY,TREND_PULLBACK,BAD-LOCATION BLOCK,A,4232.73,7.28,N,,0.0,0.288,0.0,0.468,0.0,0.484,,,,,,,,5,10,,STOP_FIRST,STOP_FIRST,NEITHER_5-60m,0.0,0.484,MIRRORED from original's own advATR/favATR at same real price path; does NOT include the extra spread cost of crossing to the opposite bid/ask side at entry (see report methodology note)
MAC_20260618191012_SELL_SQUEEZE_RELEASE,MAC,2026.06.18 19:10:12,SELL,BUY,SQUEEZE_RELEASE,BAD-LOCATION BLOCK,A,4231.84,7.22,N,,0.0,0.42,0.0,0.436,0.0,0.436,,,,,,,,5,5,,STOP_FIRST,STOP_FIRST,NEITHER_5-60m,0.0,0.436,MIRRORED from original's own advATR/favATR at same real price path; does NOT include the extra spread cost of crossing to the opposite bid/ask side at entry (see report methodology note)
MAC_20260618192012_SELL_TREND_PULLBACK,MAC,2026.06.18 19:20:12,SELL,BUY,TREND_PULLBACK,BAD-RR TIMING BLOCK,A,4223.99,7.25,N,,0.0,0.004,,,,,,,,,,,,,,,NEITHER_5-60m,NEITHER_5-60m,NEITHER_5-60m,0.0,0.004,MIRRORED from original's own advATR/favATR at same real price path; does NOT include the extra spread cost of crossing to the opposite bid/ask side at entry (see report methodology note)
MAC_20260618192512_SELL_SQUEEZE_RELEASE,MAC,2026.06.18 19:25:12,SELL,BUY,SQUEEZE_RELEASE,BAD-RR TIMING BLOCK,A,4223.94,7.03,N,,,,,,,,,,,,,,,,,,NEITHER_5-60m,NEITHER_5-60m,NEITHER_5-60m,,,MIRRORED from original's own advATR/favATR at same real price path; does NOT include the extra spread cost of crossing to the opposite bid/ask side at entry (see report methodology note)
MAC_20260618193155_SELL_TREND_PULLBACK,MAC,2026.06.18 19:31:55,SELL,BUY,TREND_PULLBACK,BAD-LOCATION BLOCK,A,4226.68,6.6,N,,0.0,0.296,0.0,0.296,0.0,0.58,0.0,0.644,0.164,0.644,,,,5,15,15,STOP_FIRST,STOP_FIRST,STOP_FIRST,0.164,0.644,MIRRORED from original's own advATR/favATR at same real price path; does NOT include the extra spread cost of crossing to the opposite bid/ask side at entry (see report methodology note)
MAC_20260618193512_SELL_TREND_PULLBACK,MAC,2026.06.18 19:35:12,SELL,BUY,TREND_PULLBACK,BAD-RR TIMING BLOCK,A,4221.81,6.78,N,,0.136,0.0,0.136,0.0,0.136,0.276,0.144,0.34,0.448,0.34,60,60,,15,30,,STOP_FIRST,STOP_FIRST,NEITHER_5-60m,0.448,0.34,MIRRORED from original's own advATR/favATR at same real price path; does NOT include the extra spread cost of crossing to the opposite bid/ask side at entry (see report methodology note)
MAC_20260618194012_SELL_TREND_PULLBACK,MAC,2026.06.18 19:40:12,SELL,BUY,TREND_PULLBACK,FAILED-IMPULSE BLOCK,A,4224.19,6.78,N,,0.0,0.136,0.0,0.416,0.0,0.48,0.02,0.48,0.308,0.48,60,60,,10,10,,STOP_FIRST,STOP_FIRST,NEITHER_5-60m,0.308,0.48,MIRRORED from original's own advATR/favATR at same real price path; does NOT include the extra spread cost of crossing to the opposite bid/ask side at entry (see report methodology note)
MAC_20260618201015_SELL_TREND_PULLBACK,MAC,2026.06.18 20:10:15,SELL,BUY,TREND_PULLBACK,LATE-CHASE ENTRY BLOCK,A,4224.46,5.68,N,,0.348,0.0,0.348,0.0,0.348,0.0,0.348,0.0,0.512,0.0,5,5,60,,,,TARGET_FIRST,TARGET_FIRST,TARGET_FIRST,0.512,0.0,MIRRORED from original's own advATR/favATR at same real price path; does NOT include the extra spread cost of crossing to the opposite bid/ask side at entry (see report methodology note)
MAC_20260618202512_SELL_TREND_PULLBACK,MAC,2026.06.18 20:25:12,SELL,BUY,TREND_PULLBACK,A+ EVIDENCE DEMOTION,A,4228.58,5.37,N,,0.0,0.212,0.0,0.276,0.084,0.276,0.084,0.276,0.236,0.54,60,,,5,60,60,STOP_FIRST,STOP_FIRST,STOP_FIRST,0.236,0.54,MIRRORED from original's own advATR/favATR at same real price path; does NOT include the extra spread cost of crossing to the opposite bid/ask side at entry (see report methodology note)
MAC_20260618204512_SELL_TREND_PULLBACK,MAC,2026.06.18 20:45:12,SELL,BUY,TREND_PULLBACK,FAILED-IMPULSE BLOCK,A,4229.6,4.94,N,,0.0,0.036,0.0,0.132,0.0,0.132,0.176,0.216,0.176,0.672,,,,30,60,60,STOP_FIRST,STOP_FIRST,STOP_FIRST,0.176,0.672,MIRRORED from original's own advATR/favATR at same real price path; does NOT include the extra spread cost of crossing to the opposite bid/ask side at entry (see report methodology note)
MAC_20260618210115_SELL_TREND_PULLBACK,MAC,2026.06.18 21:01:15,SELL,BUY,TREND_PULLBACK,ANALYSIS-ONLY,A+,4228.06,4.34,N,,0.34,0.0,0.34,0.104,0.34,0.62,0.34,0.62,0.34,1.488,5,5,,15,15,15,TARGET_FIRST,TARGET_FIRST,STOP_FIRST,0.34,1.488,MIRRORED from original's own advATR/favATR at same real price path; does NOT include the extra spread cost of crossing to the opposite bid/ask side at entry (see report methodology note)
MAC_20260618213918_SELL_TREND_PULLBACK,MAC,2026.06.18 21:39:18,SELL,BUY,TREND_PULLBACK,A+ EVIDENCE DEMOTION,A,4221.16,3.76,N,,0.388,0.0,0.388,0.0,0.388,0.024,,,,,5,5,,,,,TARGET_FIRST,TARGET_FIRST,NEITHER_5-60m,0.388,0.024,MIRRORED from original's own advATR/favATR at same real price path; does NOT include the extra spread cost of crossing to the opposite bid/ask side at entry (see report methodology note)
MAC_20260618214512_SELL_TREND_PULLBACK,MAC,2026.06.18 21:45:12,SELL,BUY,TREND_PULLBACK,LATE-CHASE ENTRY BLOCK,A,4224.74,3.73,N,,0.0,0.372,0.0,0.408,0.0,0.708,,,,,,,,5,5,15,STOP_FIRST,STOP_FIRST,STOP_FIRST,0.0,0.708,MIRRORED from original's own advATR/favATR at same real price path; does NOT include the extra spread cost of crossing to the opposite bid/ask side at entry (see report methodology note)
MAC_20260618220512_SELL_BREAKOUT,MAC,2026.06.18 22:05:12,SELL,BUY,BREAKOUT,BAD-RR TIMING BLOCK,A,4211.89,3.94,N,,,,,,,,,,,,,,,,,,NEITHER_5-60m,NEITHER_5-60m,NEITHER_5-60m,,,MIRRORED from original's own advATR/favATR at same real price path; does NOT include the extra spread cost of crossing to the opposite bid/ask side at entry (see report methodology note)
MAC_20260618221122_SELL_BREAKOUT,MAC,2026.06.18 22:11:22,SELL,BUY,BREAKOUT,BAD-RR TIMING BLOCK,A,4206.96,4.13,N,,0.136,0.184,0.136,0.184,0.136,0.184,0.7,0.344,0.968,0.344,30,30,30,30,30,,SIMULTANEOUS_SAME_CHECKPOINT,SIMULTANEOUS_SAME_CHECKPOINT,TARGET_FIRST,0.968,0.344,MIRRORED from original's own advATR/favATR at same real price path; does NOT include the extra spread cost of crossing to the opposite bid/ask side at entry (see report methodology note)
MAC_20260618221512_SELL_SQUEEZE_RELEASE,MAC,2026.06.18 22:15:12,SELL,BUY,SQUEEZE_RELEASE,BAD-LOCATION BLOCK,A,4208.31,4.28,N,,0.0,0.304,0.0,0.304,0.0,0.456,0.716,0.456,0.808,0.456,30,30,30,5,5,,STOP_FIRST,STOP_FIRST,TARGET_FIRST,0.808,0.456,MIRRORED from original's own advATR/favATR at same real price path; does NOT include the extra spread cost of crossing to the opposite bid/ask side at entry (see report methodology note)
MAC_20260618223000_SELL_SQUEEZE_RELEASE,MAC,2026.06.18 22:30:00,SELL,BUY,SQUEEZE_RELEASE,BAD-RR TIMING BLOCK,A,4205.09,4.35,Y,30,0.0,0.152,0.456,0.152,0.836,0.152,1.088,0.152,1.088,0.152,10,10,15,,,,TARGET_FIRST,TARGET_FIRST,TARGET_FIRST,1.088,0.152,MIRRORED from original's own advATR/favATR at same real price path; does NOT include the extra spread cost of crossing to the opposite bid/ask side at entry (see report methodology note)
MAC_20260618224500_SELL_SQUEEZE_RELEASE,MAC,2026.06.18 22:45:00,SELL,BUY,SQUEEZE_RELEASE,FAILED-IMPULSE BLOCK,A,4213.89,4.86,N,,0.172,0.0,0.172,0.0,0.252,0.0,0.252,0.0,0.252,0.0,15,,,,,,TARGET_FIRST,NEITHER_5-60m,NEITHER_5-60m,0.252,0.0,MIRRORED from original's own advATR/favATR at same real price path; does NOT include the extra spread cost of crossing to the opposite bid/ask side at entry (see report methodology note)
MAC_20260618225001_SELL_TREND_PULLBACK,MAC,2026.06.18 22:50:01,SELL,BUY,TREND_PULLBACK,FAILED-IMPULSE BLOCK,A,4215.43,4.87,N,,0.0,0.032,0.124,0.032,0.124,0.032,0.124,0.032,0.124,0.032,,,,,,,NEITHER_5-60m,NEITHER_5-60m,NEITHER_5-60m,0.124,0.032,MIRRORED from original's own advATR/favATR at same real price path; does NOT include the extra spread cost of crossing to the opposite bid/ask side at entry (see report methodology note)
MAC_20260618235745_SELL_TREND_PULLBACK,MAC,2026.06.18 23:57:45,SELL,BUY,TREND_PULLBACK,FAILED-IMPULSE BLOCK,A,4216.88,4.71,N,,0.004,0.0,0.004,0.0,0.004,0.0,0.004,0.0,0.004,0.624,,,,60,60,60,STOP_FIRST,STOP_FIRST,STOP_FIRST,0.004,0.624,MIRRORED from original's own advATR/favATR at same real price path; does NOT include the extra spread cost of crossing to the opposite bid/ask side at entry (see report methodology note)
MAC_20260619010013_SELL_TREND_PULLBACK,MAC,2026.06.19 01:00:13,SELL,BUY,TREND_PULLBACK,FAILED-IMPULSE BLOCK,A,4204.18,4.68,N,,0.248,0.0,0.38,0.0,0.38,0.0,0.38,0.0,0.408,0.348,5,10,,60,60,,TARGET_FIRST,TARGET_FIRST,NEITHER_5-60m,0.408,0.348,MIRRORED from original's own advATR/favATR at same real price path; does NOT include the extra spread cost of crossing to the opposite bid/ask side at entry (see report methodology note)
MAC_20260619010513_SELL_TREND_PULLBACK,MAC,2026.06.19 01:05:13,SELL,BUY,TREND_PULLBACK,BAD-RR TIMING BLOCK,A,4204.49,5.56,N,,0.3,0.0,0.3,0.0,0.3,0.0,0.3,0.056,0.32,0.316,5,5,,60,60,,TARGET_FIRST,TARGET_FIRST,NEITHER_5-60m,0.32,0.316,MIRRORED from original's own advATR/favATR at same real price path; does NOT include the extra spread cost of crossing to the opposite bid/ask side at entry (see report methodology note)
MAC_20260619011013_SELL_TREND_PULLBACK,MAC,2026.06.19 01:10:13,SELL,BUY,TREND_PULLBACK,LATE-CHASE ENTRY BLOCK,A,4206.98,5.59,N,,0.12,0.12,0.12,0.12,0.12,0.168,0.12,0.236,0.14,0.684,,,,30,60,60,STOP_FIRST,STOP_FIRST,STOP_FIRST,0.14,0.684,MIRRORED from original's own advATR/favATR at same real price path; does NOT include the extra spread cost of crossing to the opposite bid/ask side at entry (see report methodology note)
MAC_20260619020029_SELL_TREND_PULLBACK,MAC,2026.06.19 02:00:29,SELL,BUY,TREND_PULLBACK,Trade blocked — momentum slowdown (close in opposite 30% of last,A+,4208.2,4.05,N,,0.0,0.804,0.0,1.068,0.0,1.156,0.0,1.288,0.0,1.936,,,,5,5,5,STOP_FIRST,STOP_FIRST,STOP_FIRST,0.0,1.936,MIRRORED from original's own advATR/favATR at same real price path; does NOT include the extra spread cost of crossing to the opposite bid/ask side at entry (see report methodology note)
MAC_20260619020512_SELL_TREND_PULLBACK,MAC,2026.06.19 02:05:12,SELL,BUY,TREND_PULLBACK,A+ EVIDENCE DEMOTION,A,4200.02,4.55,N,,0.02,0.0,0.02,0.228,0.02,0.308,0.02,0.424,0.02,1.0,,,,10,15,60,STOP_FIRST,STOP_FIRST,STOP_FIRST,0.02,1.0,MIRRORED from original's own advATR/favATR at same real price path; does NOT include the extra spread cost of crossing to the opposite bid/ask side at entry (see report methodology note)
MAC_20260619021012_SELL_TREND_PULLBACK,MAC,2026.06.19 02:10:12,SELL,BUY,TREND_PULLBACK,BAD-RR TIMING BLOCK,A,4200.16,4.5,N,,0.0,0.244,0.0,0.324,0.0,0.444,0.0,0.444,0.0,1.156,,,,5,10,60,STOP_FIRST,STOP_FIRST,STOP_FIRST,0.0,1.156,MIRRORED from original's own advATR/favATR at same real price path; does NOT include the extra spread cost of crossing to the opposite bid/ask side at entry (see report methodology note)
MAC_20260619022013_SELL_TREND_PULLBACK,MAC,2026.06.19 02:20:13,SELL,BUY,TREND_PULLBACK,LATE-CHASE ENTRY BLOCK,B,4196.4,4.0,N,,0.052,0.12,0.052,0.12,0.084,0.12,0.084,0.696,0.084,1.016,,,,30,30,30,STOP_FIRST,STOP_FIRST,STOP_FIRST,0.084,1.016,MIRRORED from original's own advATR/favATR at same real price path; does NOT include the extra spread cost of crossing to the opposite bid/ask side at entry (see report methodology note)
MAC_20260619031012_SELL_TREND_PULLBACK,MAC,2026.06.19 03:10:12,SELL,BUY,TREND_PULLBACK,BAD-RR TIMING BLOCK,A,4187.11,5.52,N,,0.0,0.032,0.0,0.064,0.116,0.064,0.288,0.136,0.288,0.136,30,,,,,,TARGET_FIRST,NEITHER_5-60m,NEITHER_5-60m,0.288,0.136,MIRRORED from original's own advATR/favATR at same real price path; does NOT include the extra spread cost of crossing to the opposite bid/ask side at entry (see report methodology note)
MAC_20260619032512_SELL_SQUEEZE_RELEASE,MAC,2026.06.19 03:25:12,SELL,BUY,SQUEEZE_RELEASE,BAD-LOCATION BLOCK,A,4188.69,4.98,N,,0.192,0.276,0.192,0.276,0.192,0.276,0.192,0.276,0.192,0.276,,,,5,,,STOP_FIRST,NEITHER_5-60m,NEITHER_5-60m,0.192,0.276,MIRRORED from original's own advATR/favATR at same real price path; does NOT include the extra spread cost of crossing to the opposite bid/ask side at entry (see report methodology note)
MAC_20260619033512_SELL_TREND_PULLBACK,MAC,2026.06.19 03:35:12,SELL,BUY,TREND_PULLBACK,FAILED-IMPULSE BLOCK,A,4190.98,5.15,N,,0.0,0.296,0.0,0.296,0.0,0.296,0.0,0.396,0.0,0.616,,,,5,30,60,STOP_FIRST,STOP_FIRST,STOP_FIRST,0.0,0.616,MIRRORED from original's own advATR/favATR at same real price path; does NOT include the extra spread cost of crossing to the opposite bid/ask side at entry (see report methodology note)
MAC_20260619034012_SELL_TREND_PULLBACK,MAC,2026.06.19 03:40:12,SELL,BUY,TREND_PULLBACK,BAD-LOCATION BLOCK,A,4186.91,5.24,N,,0.132,0.0,0.264,0.0,0.264,0.0,0.264,0.08,0.264,0.296,10,,,60,,,TARGET_FIRST,NEITHER_5-60m,NEITHER_5-60m,0.264,0.296,MIRRORED from original's own advATR/favATR at same real price path; does NOT include the extra spread cost of crossing to the opposite bid/ask side at entry (see report methodology note)
MAC_20260619050647_SELL_TREND_PULLBACK,MAC,2026.06.19 05:06:47,SELL,BUY,TREND_PULLBACK,BAD-RR TIMING BLOCK,A,4185.65,3.66,N,,0.0,0.624,0.0,0.912,0.0,0.912,0.0,0.912,0.0,2.044,,,,5,5,5,STOP_FIRST,STOP_FIRST,STOP_FIRST,0.0,2.044,MIRRORED from original's own advATR/favATR at same real price path; does NOT include the extra spread cost of crossing to the opposite bid/ask side at entry (see report methodology note)
MAC_20260619051012_SELL_TREND_PULLBACK,MAC,2026.06.19 05:10:12,SELL,BUY,TREND_PULLBACK,BAD-LOCATION BLOCK,A,4182.97,3.91,N,,0.0,0.308,0.0,0.576,0.0,0.576,0.0,0.576,0.0,1.636,,,,5,5,10,STOP_FIRST,STOP_FIRST,STOP_FIRST,0.0,1.636,MIRRORED from original's own advATR/favATR at same real price path; does NOT include the extra spread cost of crossing to the opposite bid/ask side at entry (see report methodology note)
MAC_20260619052012_SELL_BREAKOUT,MAC,2026.06.19 05:20:12,SELL,BUY,BREAKOUT,BAD-RR TIMING BLOCK,A,4177.02,3.91,N,,0.232,0.0,0.308,0.0,0.312,0.0,0.312,0.068,0.312,1.028,5,10,,60,60,60,TARGET_FIRST,TARGET_FIRST,STOP_FIRST,0.312,1.028,MIRRORED from original's own advATR/favATR at same real price path; does NOT include the extra spread cost of crossing to the opposite bid/ask side at entry (see report methodology note)
MAC_20260619052512_SELL_SQUEEZE_RELEASE,MAC,2026.06.19 05:25:12,SELL,BUY,SQUEEZE_RELEASE,BAD-LOCATION BLOCK,A,4179.29,3.97,N,,0.072,0.0,0.08,0.0,0.08,0.0,0.08,0.296,0.08,1.24,,,,30,60,60,STOP_FIRST,STOP_FIRST,STOP_FIRST,0.08,1.24,MIRRORED from original's own advATR/favATR at same real price path; does NOT include the extra spread cost of crossing to the opposite bid/ask side at entry (see report methodology note)
MAC_20260619062012_SELL_SQUEEZE_RELEASE,MAC,2026.06.19 06:20:12,SELL,BUY,SQUEEZE_RELEASE,BAD-RR TIMING BLOCK,A,4168.58,4.39,N,,0.024,0.1,0.024,0.348,0.024,0.484,0.024,0.88,0.024,2.228,,,,10,10,30,STOP_FIRST,STOP_FIRST,STOP_FIRST,0.024,2.228,MIRRORED from original's own advATR/favATR at same real price path; does NOT include the extra spread cost of crossing to the opposite bid/ask side at entry (see report methodology note)
MAC_20260619064500_SELL_SQUEEZE_RELEASE,MAC,2026.06.19 06:45:00,SELL,BUY,SQUEEZE_RELEASE,BAD-LOCATION BLOCK,A,4162.17,4.45,N,,0.0,0.276,0.0,0.292,0.0,0.648,0.0,1.62,0.0,2.452,,,,5,15,15,STOP_FIRST,STOP_FIRST,STOP_FIRST,0.0,2.452,MIRRORED from original's own advATR/favATR at same real price path; does NOT include the extra spread cost of crossing to the opposite bid/ask side at entry (see report methodology note)
MAC_20260619065000_SELL_TREND_PULLBACK,MAC,2026.06.19 06:50:00,SELL,BUY,TREND_PULLBACK,BAD-RR TIMING BLOCK,A,4158.87,4.4,N,,0.008,0.0,0.008,0.356,0.008,1.336,0.008,1.336,0.008,2.176,,,,10,10,15,STOP_FIRST,STOP_FIRST,STOP_FIRST,0.008,2.176,MIRRORED from original's own advATR/favATR at same real price path; does NOT include the extra spread cost of crossing to the opposite bid/ask side at entry (see report methodology note)
MAC_20260619065513_SELL_TREND_PULLBACK,MAC,2026.06.19 06:55:13,SELL,BUY,TREND_PULLBACK,BAD-LOCATION BLOCK,B,4158.9,4.31,N,,0.0,1.368,0.0,1.368,0.0,1.368,0.0,1.368,0.0,3.212,,,,5,5,5,STOP_FIRST,STOP_FIRST,STOP_FIRST,0.0,3.212,MIRRORED from original's own advATR/favATR at same real price path; does NOT include the extra spread cost of crossing to the opposite bid/ask side at entry (see report methodology note)
MAC_20260619070012_SELL_ASIA_BREAKOUT,MAC,2026.06.19 07:00:12,SELL,BUY,ASIA_BREAKOUT,A+ EVIDENCE DEMOTION,A,4154.89,4.91,N,,0.0,0.876,0.0,0.876,0.0,0.876,0.0,0.944,0.0,2.496,,,,5,5,5,STOP_FIRST,STOP_FIRST,STOP_FIRST,0.0,2.496,MIRRORED from original's own advATR/favATR at same real price path; does NOT include the extra spread cost of crossing to the opposite bid/ask side at entry (see report methodology note)
MAC_20260619070512_SELL_BREAKOUT,MAC,2026.06.19 07:05:12,SELL,BUY,BREAKOUT,BAD-RR TIMING BLOCK,A,4144.74,5.41,N,,0.068,0.0,0.24,0.0,0.324,0.0,0.324,0.216,0.324,1.512,10,15,,30,60,60,TARGET_FIRST,TARGET_FIRST,STOP_FIRST,0.324,1.512,MIRRORED from original's own advATR/favATR at same real price path; does NOT include the extra spread cost of crossing to the opposite bid/ask side at entry (see report methodology note)
MAC_20260619072000_SELL_SQUEEZE_RELEASE,MAC,2026.06.19 07:20:00,SELL,BUY,SQUEEZE_RELEASE,A+ EVIDENCE DEMOTION,A,4147.9,5.56,N,,0.088,0.0,0.088,0.084,0.088,0.332,0.088,0.936,0.088,1.7,,,,15,15,30,STOP_FIRST,STOP_FIRST,STOP_FIRST,0.088,1.7,MIRRORED from original's own advATR/favATR at same real price path; does NOT include the extra spread cost of crossing to the opposite bid/ask side at entry (see report methodology note)
MAC_20260619074000_SELL_ASIA_BREAKOUT,MAC,2026.06.19 07:40:00,SELL,BUY,ASIA_BREAKOUT,BAD-RR TIMING BLOCK,A,4141.74,5.84,N,,0.0,0.468,0.0,0.468,0.0,0.944,0.0,1.196,0.0,1.196,,,,5,5,15,STOP_FIRST,STOP_FIRST,STOP_FIRST,0.0,1.196,MIRRORED from original's own advATR/favATR at same real price path; does NOT include the extra spread cost of crossing to the opposite bid/ask side at entry (see report methodology note)
MAC_20260619080012_SELL_TREND_PULLBACK,MAC,2026.06.19 08:00:12,SELL,BUY,TREND_PULLBACK,BAD-RR TIMING BLOCK,A,4124.37,6.22,Y,60,0.012,0.0,0.02,0.0,0.368,0.0,0.624,0.0,1.404,0.0,15,15,30,,,,TARGET_FIRST,TARGET_FIRST,TARGET_FIRST,1.404,0.0,MIRRORED from original's own advATR/favATR at same real price path; does NOT include the extra spread cost of crossing to the opposite bid/ask side at entry (see report methodology note)
MAC_20260619080513_SELL_ASIA_BREAKOUT,MAC,2026.06.19 08:05:13,SELL,BUY,ASIA_BREAKOUT,BAD-LOCATION BLOCK,B,4124.02,6.32,Y,60,0.388,0.0,0.388,0.0,0.4,0.0,0.684,0.0,1.404,0.0,5,5,30,,,,TARGET_FIRST,TARGET_FIRST,TARGET_FIRST,1.404,0.0,MIRRORED from original's own advATR/favATR at same real price path; does NOT include the extra spread cost of crossing to the opposite bid/ask side at entry (see report methodology note)
MAC_20260619081013_SELL_TREND_PULLBACK,MAC,2026.06.19 08:10:13,SELL,BUY,TREND_PULLBACK,BAD-LOCATION BLOCK,B,4124.63,5.62,Y,30,0.392,0.0,0.404,0.0,0.672,0.0,1.532,0.0,1.532,0.0,5,5,15,,,,TARGET_FIRST,TARGET_FIRST,TARGET_FIRST,1.532,0.0,MIRRORED from original's own advATR/favATR at same real price path; does NOT include the extra spread cost of crossing to the opposite bid/ask side at entry (see report methodology note)
MAC_20260619083012_SELL_TREND_PULLBACK,MAC,2026.06.19 08:30:12,SELL,BUY,TREND_PULLBACK,FAILED-IMPULSE BLOCK,A,4133.95,5.3,N,,0.068,0.0,0.068,0.08,0.924,0.08,0.924,0.08,0.924,0.08,15,15,15,,,,TARGET_FIRST,TARGET_FIRST,TARGET_FIRST,0.924,0.08,MIRRORED from original's own advATR/favATR at same real price path; does NOT include the extra spread cost of crossing to the opposite bid/ask side at entry (see report methodology note)
MAC_20260619083513_SELL_TREND_PULLBACK,MAC,2026.06.19 08:35:13,SELL,BUY,TREND_PULLBACK,NEWS FILTER (high-impact event nearby),B,4134.73,5.71,Y,60,0.804,0.128,0.804,0.128,0.804,0.128,0.804,0.128,1.42,0.128,5,5,5,,,,TARGET_FIRST,TARGET_FIRST,TARGET_FIRST,1.42,0.128,MIRRORED from original's own advATR/favATR at same real price path; does NOT include the extra spread cost of crossing to the opposite bid/ask side at entry (see report methodology note)
MAC_20260619093512_SELL_TREND_PULLBACK,MAC,2026.06.19 09:35:12,SELL,BUY,TREND_PULLBACK,SMART-GUARD,A+,4138.12,6.17,Y,5,1.092,0.0,1.288,0.0,1.288,0.0,1.288,0.0,,,5,5,5,,,,TARGET_FIRST,TARGET_FIRST,TARGET_FIRST,1.288,0.0,MIRRORED from original's own advATR/favATR at same real price path; does NOT include the extra spread cost of crossing to the opposite bid/ask side at entry (see report methodology note)
MAC_20260619100543_SELL_TREND_PULLBACK,MAC,2026.06.19 10:05:43,SELL,BUY,TREND_PULLBACK,FAILED-IMPULSE BLOCK,A,4154.7,6.6,N,,0.2,0.0,0.2,0.0,,,,,,,5,,,,,,TARGET_FIRST,NEITHER_5-60m,NEITHER_5-60m,0.2,0.0,MIRRORED from original's own advATR/favATR at same real price path; does NOT include the extra spread cost of crossing to the opposite bid/ask side at entry (see report methodology note)
MAC_20260619101012_BUY_BREAKOUT,MAC,2026.06.19 10:10:12,BUY,SELL,BREAKOUT,SMART-GUARD,SKIP,4158.08,6.66,N,,0.12,0.0,0.168,0.0,,,,,,,,,,,,,NEITHER_5-60m,NEITHER_5-60m,NEITHER_5-60m,0.168,0.0,MIRRORED from original's own advATR/favATR at same real price path; does NOT include the extra spread cost of crossing to the opposite bid/ask side at entry (see report methodology note)
MAC_20260619102012_SELL_TREND_PULLBACK,MAC,2026.06.19 10:20:12,SELL,BUY,TREND_PULLBACK,B-GRADE QUALITY BLOCK,B,4155.83,6.48,N,,,,,,,,,,,,,,,,,,NEITHER_5-60m,NEITHER_5-60m,NEITHER_5-60m,,,MIRRORED from original's own advATR/favATR at same real price path; does NOT include the extra spread cost of crossing to the opposite bid/ask side at entry (see report methodology note)
MAC_20260619102243_SELL_TREND_PULLBACK,MAC,2026.06.19 10:22:43,SELL,BUY,TREND_PULLBACK,B-GRADE QUALITY BLOCK,B,4157.23,6.48,Y,30,0.0,0.212,0.628,0.212,0.848,0.212,1.192,0.212,1.192,0.212,10,10,10,5,,,STOP_FIRST,TARGET_FIRST,TARGET_FIRST,1.192,0.212,MIRRORED from original's own advATR/favATR at same real price path; does NOT include the extra spread cost of crossing to the opposite bid/ask side at entry (see report methodology note)
MAC_20260619111715_SELL_TREND_PULLBACK,MAC,2026.06.19 11:17:15,SELL,BUY,TREND_PULLBACK,FAILED-IMPULSE BLOCK,A,4167.37,4.95,N,,0.74,0.0,0.74,0.0,0.74,0.0,0.74,0.0,0.74,0.28,5,5,5,60,,,TARGET_FIRST,TARGET_FIRST,TARGET_FIRST,0.74,0.28,MIRRORED from original's own advATR/favATR at same real price path; does NOT include the extra spread cost of crossing to the opposite bid/ask side at entry (see report methodology note)
MAC_20260619113012_SELL_TREND_PULLBACK,MAC,2026.06.19 11:30:12,SELL,BUY,TREND_PULLBACK,ANTI-BIAS BLOCK,B,4175.43,5.09,N,,0.0,0.04,0.0,0.56,0.0,0.56,0.0,0.76,0.0,0.988,,,,10,10,10,STOP_FIRST,STOP_FIRST,STOP_FIRST,0.0,0.988,MIRRORED from original's own advATR/favATR at same real price path; does NOT include the extra spread cost of crossing to the opposite bid/ask side at entry (see report methodology note)
MAC_20260619115513_SELL_TREND_PULLBACK,MAC,2026.06.19 11:55:13,SELL,BUY,TREND_PULLBACK,ANALYSIS-ONLY,A,4165.69,5.35,N,,0.376,0.04,0.376,0.04,0.376,0.132,0.376,0.212,0.376,0.252,5,5,,30,,,TARGET_FIRST,TARGET_FIRST,NEITHER_5-60m,0.376,0.252,MIRRORED from original's own advATR/favATR at same real price path; does NOT include the extra spread cost of crossing to the opposite bid/ask side at entry (see report methodology note)
MAC_20260619122013_SELL_TREND_PULLBACK,MAC,2026.06.19 12:20:13,SELL,BUY,TREND_PULLBACK,BAD-RR TIMING BLOCK,A,4164.79,4.63,N,,0.192,0.168,0.192,0.168,0.192,0.168,0.192,0.168,0.192,0.912,,,,60,60,60,STOP_FIRST,STOP_FIRST,STOP_FIRST,0.192,0.912,MIRRORED from original's own advATR/favATR at same real price path; does NOT include the extra spread cost of crossing to the opposite bid/ask side at entry (see report methodology note)
MAC_20260619122514_SELL_TREND_PULLBACK,MAC,2026.06.19 12:25:14,SELL,BUY,TREND_PULLBACK,FAILED-IMPULSE BLOCK,A,4166.86,4.8,N,,0.0,0.336,0.0,0.336,0.0,0.336,0.0,0.38,0.0,1.168,,,,5,5,60,STOP_FIRST,STOP_FIRST,STOP_FIRST,0.0,1.168,MIRRORED from original's own advATR/favATR at same real price path; does NOT include the extra spread cost of crossing to the opposite bid/ask side at entry (see report methodology note)
MAC_20260619123013_SELL_TREND_PULLBACK,MAC,2026.06.19 12:30:13,SELL,BUY,TREND_PULLBACK,A+ EVIDENCE DEMOTION,A,4163.09,4.79,N,,0.212,0.0,0.212,0.0,0.212,0.0,0.212,0.396,0.212,0.856,5,,,30,30,60,TARGET_FIRST,STOP_FIRST,STOP_FIRST,0.212,0.856,MIRRORED from original's own advATR/favATR at same real price path; does NOT include the extra spread cost of crossing to the opposite bid/ask side at entry (see report methodology note)
MAC_20260619123513_SELL_TREND_PULLBACK,MAC,2026.06.19 12:35:13,SELL,BUY,TREND_PULLBACK,ANTI-BIAS BLOCK,A,4165.56,4.38,N,,0.0,0.224,0.0,0.224,0.0,0.224,0.0,0.764,0.0,1.28,,,,5,30,30,STOP_FIRST,STOP_FIRST,STOP_FIRST,0.0,1.28,MIRRORED from original's own advATR/favATR at same real price path; does NOT include the extra spread cost of crossing to the opposite bid/ask side at entry (see report methodology note)
MAC_20260619131013_SELL_TREND_PULLBACK,MAC,2026.06.19 13:10:13,SELL,BUY,TREND_PULLBACK,LATE-CHASE ENTRY BLOCK,A,4157.04,4.17,N,,0.0,0.268,0.0,0.268,0.0,0.404,0.0,0.524,0.0,1.016,,,,5,15,30,STOP_FIRST,STOP_FIRST,STOP_FIRST,0.0,1.016,MIRRORED from original's own advATR/favATR at same real price path; does NOT include the extra spread cost of crossing to the opposite bid/ask side at entry (see report methodology note)
MAC_20260619133513_SELL_TREND_PULLBACK,MAC,2026.06.19 13:35:13,SELL,BUY,TREND_PULLBACK,BAD-LOCATION BLOCK,A,4154.7,3.96,N,,0.0,0.316,0.0,0.316,0.0,0.46,0.0,0.832,0.0,1.156,,,,5,5,30,STOP_FIRST,STOP_FIRST,STOP_FIRST,0.0,1.156,MIRRORED from original's own advATR/favATR at same real price path; does NOT include the extra spread cost of crossing to the opposite bid/ask side at entry (see report methodology note)
MAC_20260619134013_SELL_TREND_PULLBACK,MAC,2026.06.19 13:40:13,SELL,BUY,TREND_PULLBACK,A+ EVIDENCE DEMOTION,A,4151.52,3.92,N,,0.064,0.0,0.064,0.14,0.064,0.14,0.064,0.516,0.064,0.84,,,,30,30,30,STOP_FIRST,STOP_FIRST,STOP_FIRST,0.064,0.84,MIRRORED from original's own advATR/favATR at same real price path; does NOT include the extra spread cost of crossing to the opposite bid/ask side at entry (see report methodology note)
MAC_20260619141514_SELL_TREND_PULLBACK,MAC,2026.06.19 14:15:14,SELL,BUY,TREND_PULLBACK,LATE-CHASE ENTRY BLOCK,A,4146.76,4.23,Y,60,0.144,0.0,0.144,0.332,0.144,0.332,0.56,0.332,1.16,0.332,30,30,30,10,10,,STOP_FIRST,STOP_FIRST,TARGET_FIRST,1.16,0.332,MIRRORED from original's own advATR/favATR at same real price path; does NOT include the extra spread cost of crossing to the opposite bid/ask side at entry (see report methodology note)
MAC_20260619144013_SELL_TREND_PULLBACK,MAC,2026.06.19 14:40:13,SELL,BUY,TREND_PULLBACK,A+ EVIDENCE DEMOTION,A,4148.25,4.21,Y,30,0.42,0.0,0.42,0.0,0.52,0.0,1.024,0.0,1.024,0.0,5,5,15,,,,TARGET_FIRST,TARGET_FIRST,TARGET_FIRST,1.024,0.0,MIRRORED from original's own advATR/favATR at same real price path; does NOT include the extra spread cost of crossing to the opposite bid/ask side at entry (see report methodology note)
MAC_20260619150512_SELL_TREND_PULLBACK,MAC,2026.06.19 15:05:12,SELL,BUY,TREND_PULLBACK,FAILED-IMPULSE BLOCK,A,4157.19,4.43,Y,60,0.164,0.0,0.164,0.148,0.164,0.18,0.164,0.452,2.32,0.592,60,60,60,30,30,60,STOP_FIRST,STOP_FIRST,SIMULTANEOUS_SAME_CHECKPOINT,2.32,0.592,MIRRORED from original's own advATR/favATR at same real price path; does NOT include the extra spread cost of crossing to the opposite bid/ask side at entry (see report methodology note)
MAC_20260619151512_SELL_TREND_PULLBACK,MAC,2026.06.19 15:15:12,SELL,BUY,TREND_PULLBACK,SMART-GUARD,A+,4155.47,4.52,Y,60,0.0,0.024,0.0,0.096,0.0,0.288,0.0,0.384,2.424,0.428,60,60,60,15,30,,STOP_FIRST,STOP_FIRST,TARGET_FIRST,2.424,0.428,MIRRORED from original's own advATR/favATR at same real price path; does NOT include the extra spread cost of crossing to the opposite bid/ask side at entry (see report methodology note)
MAC_20260619155512_BUY_BREAKOUT,MAC,2026.06.19 15:55:12,BUY,SELL,BREAKOUT,SMART-GUARD,A,4172.13,6.16,N,,0.0,0.564,0.18,0.696,0.18,0.696,0.432,0.696,0.944,0.696,30,30,60,5,5,5,STOP_FIRST,STOP_FIRST,STOP_FIRST,0.944,0.696,MIRRORED from original's own advATR/favATR at same real price path; does NOT include the extra spread cost of crossing to the opposite bid/ask side at entry (see report methodology note)
MAC_20260619160012_BUY_SQUEEZE_RELEASE,MAC,2026.06.19 16:00:12,BUY,SELL,SQUEEZE_RELEASE,BAD-LOCATION BLOCK,B,4180.81,6.55,Y,60,0.7,0.124,0.7,0.124,0.936,0.124,0.936,0.124,1.832,0.124,5,5,5,,,,TARGET_FIRST,TARGET_FIRST,TARGET_FIRST,1.832,0.124,MIRRORED from original's own advATR/favATR at same real price path; does NOT include the extra spread cost of crossing to the opposite bid/ask side at entry (see report methodology note)
MAC_20260619161012_BUY_BREAKOUT,MAC,2026.06.19 16:10:12,BUY,SELL,BREAKOUT,BAD-RR TIMING BLOCK,A,4181.82,8.17,Y,60,0.528,0.0,0.8,0.0,0.8,0.0,0.924,0.0,1.56,0.0,5,5,5,,,,TARGET_FIRST,TARGET_FIRST,TARGET_FIRST,1.56,0.0,MIRRORED from original's own advATR/favATR at same real price path; does NOT include the extra spread cost of crossing to the opposite bid/ask side at entry (see report methodology note)
MAC_20260619161512_SELL_TREND_PULLBACK,MAC,2026.06.19 16:15:12,SELL,BUY,TREND_PULLBACK,SMART-GUARD,A+,4171.0,8.66,N,,0.0,0.256,0.0,0.256,0.0,0.256,0.0,0.608,0.0,0.972,,,,5,30,30,STOP_FIRST,STOP_FIRST,STOP_FIRST,0.0,0.972,MIRRORED from original's own advATR/favATR at same real price path; does NOT include the extra spread cost of crossing to the opposite bid/ask side at entry (see report methodology note)
MAC_20260619163643_SELL_TREND_PULLBACK,MAC,2026.06.19 16:36:43,SELL,BUY,TREND_PULLBACK,ANALYSIS-ONLY,A,4162.9,9.08,N,,0.004,0.224,0.004,0.236,0.004,0.236,0.004,0.572,0.004,0.748,,,,5,30,30,STOP_FIRST,STOP_FIRST,STOP_FIRST,0.004,0.748,MIRRORED from original's own advATR/favATR at same real price path; does NOT include the extra spread cost of crossing to the opposite bid/ask side at entry (see report methodology note)
MAC_20260619164012_SELL_TREND_PULLBACK,MAC,2026.06.19 16:40:12,SELL,BUY,TREND_PULLBACK,FAILED-IMPULSE BLOCK,A,4163.88,9.11,N,,0.0,0.264,0.0,0.276,0.0,0.276,0.0,0.612,0.0,0.788,,,,5,30,30,STOP_FIRST,STOP_FIRST,STOP_FIRST,0.0,0.788,MIRRORED from original's own advATR/favATR at same real price path; does NOT include the extra spread cost of crossing to the opposite bid/ask side at entry (see report methodology note)
MAC_20260619165512_SELL_TREND_PULLBACK,MAC,2026.06.19 16:55:12,SELL,BUY,TREND_PULLBACK,LATE-CHASE ENTRY BLOCK,A,4158.08,9.32,N,,0.0,0.312,0.0,0.312,0.0,0.352,0.0,0.524,0.0,0.592,,,,5,5,30,STOP_FIRST,STOP_FIRST,STOP_FIRST,0.0,0.592,MIRRORED from original's own advATR/favATR at same real price path; does NOT include the extra spread cost of crossing to the opposite bid/ask side at entry (see report methodology note)
MAC_20260619170012_SELL_TREND_PULLBACK,MAC,2026.06.19 17:00:12,SELL,BUY,TREND_PULLBACK,A+ EVIDENCE DEMOTION,A,4150.54,9.64,N,,0.04,0.0,0.04,0.024,0.04,0.028,0.04,0.192,0.04,0.26,,,,60,,,STOP_FIRST,NEITHER_5-60m,NEITHER_5-60m,0.04,0.26,MIRRORED from original's own advATR/favATR at same real price path; does NOT include the extra spread cost of crossing to the opposite bid/ask side at entry (see report methodology note)
MAC_20260619170512_SELL_TREND_PULLBACK,MAC,2026.06.19 17:05:12,SELL,BUY,TREND_PULLBACK,BAD-RR TIMING BLOCK,A,4151.47,8.26,N,,0.0,0.076,0.0,0.076,0.0,0.224,0.0,0.272,0.26,0.348,60,,,15,60,,STOP_FIRST,STOP_FIRST,NEITHER_5-60m,0.26,0.348,MIRRORED from original's own advATR/favATR at same real price path; does NOT include the extra spread cost of crossing to the opposite bid/ask side at entry (see report methodology note)
MAC_20260619175012_SELL_TREND_PULLBACK,MAC,2026.06.19 17:50:12,SELL,BUY,TREND_PULLBACK,BAD-LOCATION BLOCK,A,4145.05,5.4,N,,0.324,0.0,0.324,0.0,0.872,0.0,0.872,0.0,,,5,5,15,,,,TARGET_FIRST,TARGET_FIRST,TARGET_FIRST,0.872,0.0,MIRRORED from original's own advATR/favATR at same real price path; does NOT include the extra spread cost of crossing to the opposite bid/ask side at entry (see report methodology note)
MAC_20260619175512_SELL_TREND_PULLBACK,MAC,2026.06.19 17:55:12,SELL,BUY,TREND_PULLBACK,FAILED-IMPULSE BLOCK,A,4149.14,5.33,N,,0.0,0.032,0.576,0.032,0.576,0.032,,,,,10,10,10,,,,TARGET_FIRST,TARGET_FIRST,TARGET_FIRST,0.576,0.032,MIRRORED from original's own advATR/favATR at same real price path; does NOT include the extra spread cost of crossing to the opposite bid/ask side at entry (see report methodology note)
MAC_20260619195154_SELL_TREND_PULLBACK,MAC,2026.06.19 19:51:54,SELL,BUY,TREND_PULLBACK,ANTI-BIAS BLOCK,B,4156.73,3.38,N,,,,,,,,,,,,,,,,,,NEITHER_5-60m,NEITHER_5-60m,NEITHER_5-60m,,,MIRRORED from original's own advATR/favATR at same real price path; does NOT include the extra spread cost of crossing to the opposite bid/ask side at entry (see report methodology note)
MAC_20260619195513_SELL_TREND_PULLBACK,MAC,2026.06.19 19:55:13,SELL,BUY,TREND_PULLBACK,A+ EVIDENCE DEMOTION,A,4152.31,3.64,N,,,,,,,,,,,,,,,,,,NEITHER_5-60m,NEITHER_5-60m,NEITHER_5-60m,,,MIRRORED from original's own advATR/favATR at same real price path; does NOT include the extra spread cost of crossing to the opposite bid/ask side at entry (see report methodology note)
MAC_20260622000004_SELL_TREND_PULLBACK,MAC,2026.06.22 00:00:04,SELL,BUY,TREND_PULLBACK,SMART-GUARD,A,4152.52,3.6,N,,0.324,0.0,0.324,0.0,0.324,0.0,0.324,0.0,0.324,0.628,5,5,,60,60,60,TARGET_FIRST,TARGET_FIRST,STOP_FIRST,0.324,0.628,MIRRORED from original's own advATR/favATR at same real price path; does NOT include the extra spread cost of crossing to the opposite bid/ask side at entry (see report methodology note)
MAC_20260622010013_SELL_TREND_PULLBACK,MAC,2026.06.22 01:00:13,SELL,BUY,TREND_PULLBACK,SPREAD_TOO_WIDE,A,4142.51,3.54,Y,5,1.788,0.0,1.788,0.0,1.788,0.0,1.788,0.0,1.788,0.0,5,5,5,,,,TARGET_FIRST,TARGET_FIRST,TARGET_FIRST,1.788,0.0,MIRRORED from original's own advATR/favATR at same real price path; does NOT include the extra spread cost of crossing to the opposite bid/ask side at entry (see report methodology note)
MAC_20260622010512_SELL_TREND_PULLBACK,MAC,2026.06.22 01:05:12,SELL,BUY,TREND_PULLBACK,SMART-GUARD,A,4157.8,5.17,N,,0.0,0.268,0.0,0.464,0.0,0.464,0.0,0.556,0.0,0.92,,,,5,10,30,STOP_FIRST,STOP_FIRST,STOP_FIRST,0.0,0.92,MIRRORED from original's own advATR/favATR at same real price path; does NOT include the extra spread cost of crossing to the opposite bid/ask side at entry (see report methodology note)
MAC_20260622012014_SELL_TREND_PULLBACK,MAC,2026.06.22 01:20:14,SELL,BUY,TREND_PULLBACK,FAILED-IMPULSE BLOCK,A,4152.66,5.95,N,,0.0,0.136,0.0,0.136,0.0,0.452,0.0,0.904,0.0,1.0,,,,15,15,30,STOP_FIRST,STOP_FIRST,STOP_FIRST,0.0,1.0,MIRRORED from original's own advATR/favATR at same real price path; does NOT include the extra spread cost of crossing to the opposite bid/ask side at entry (see report methodology note)
MAC_20260622012512_SELL_TREND_PULLBACK,MAC,2026.06.22 01:25:12,SELL,BUY,TREND_PULLBACK,A+ EVIDENCE DEMOTION,A,4150.6,6.2,N,,0.04,0.0,0.092,0.0,0.092,0.304,0.092,0.736,0.092,0.828,,,,15,15,30,STOP_FIRST,STOP_FIRST,STOP_FIRST,0.092,0.828,MIRRORED from original's own advATR/favATR at same real price path; does NOT include the extra spread cost of crossing to the opposite bid/ask side at entry (see report methodology note)
MAC_20260622024619_SELL_TREND_PULLBACK,MAC,2026.06.22 02:46:19,SELL,BUY,TREND_PULLBACK,SMART-GUARD,A,4146.04,4.5,Y,30,0.0,0.732,0.328,0.732,0.328,0.732,1.676,0.732,3.38,0.732,10,10,30,5,5,5,STOP_FIRST,STOP_FIRST,STOP_FIRST,3.38,0.732,MIRRORED from original's own advATR/favATR at same real price path; does NOT include the extra spread cost of crossing to the opposite bid/ask side at entry (see report methodology note)
MAC_20260622025012_SELL_BREAKOUT,MAC,2026.06.22 02:50:12,SELL,BUY,BREAKOUT,SMART-GUARD,A,4138.86,5.08,Y,30,0.0,0.084,0.856,0.084,0.896,0.084,2.068,0.084,3.924,0.084,10,10,10,,,,TARGET_FIRST,TARGET_FIRST,TARGET_FIRST,3.924,0.084,MIRRORED from original's own advATR/favATR at same real price path; does NOT include the extra spread cost of crossing to the opposite bid/ask side at entry (see report methodology note)
MAC_20260622025512_SELL_SQUEEZE_RELEASE,MAC,2026.06.22 02:55:12,SELL,BUY,SQUEEZE_RELEASE,BAD-RR TIMING BLOCK,A,4137.86,5.05,Y,15,0.94,0.0,0.984,0.0,2.14,0.0,2.16,0.0,4.028,0.0,5,5,5,,,,TARGET_FIRST,TARGET_FIRST,TARGET_FIRST,4.028,0.0,MIRRORED from original's own advATR/favATR at same real price path; does NOT include the extra spread cost of crossing to the opposite bid/ask side at entry (see report methodology note)
MAC_20260622030501_SELL_TREND_PULLBACK,MAC,2026.06.22 03:05:01,SELL,BUY,TREND_PULLBACK,FAILED-IMPULSE BLOCK,A,4146.3,5.81,Y,10,0.272,0.0,1.28,0.0,1.296,0.0,1.728,0.0,4.796,0.0,5,10,10,,,,TARGET_FIRST,TARGET_FIRST,TARGET_FIRST,4.796,0.0,MIRRORED from original's own advATR/favATR at same real price path; does NOT include the extra spread cost of crossing to the opposite bid/ask side at entry (see report methodology note)
MAC_20260622032000_SELL_TREND_PULLBACK,MAC,2026.06.22 03:20:00,SELL,BUY,TREND_PULLBACK,B-GRADE QUALITY BLOCK,B,4163.91,7.23,Y,30,0.068,0.0,0.244,0.0,0.244,0.0,1.112,0.0,2.876,0.0,10,30,30,,,,TARGET_FIRST,TARGET_FIRST,TARGET_FIRST,2.876,0.0,MIRRORED from original's own advATR/favATR at same real price path; does NOT include the extra spread cost of crossing to the opposite bid/ask side at entry (see report methodology note)
MAC_20260622035000_BUY_BREAKOUT,MAC,2026.06.22 03:50:00,BUY,SELL,BREAKOUT,BAD-RR TIMING BLOCK,A,4182.98,7.16,N,,0.0,0.32,0.0,1.84,0.0,1.84,0.0,1.84,0.0,1.84,,,,5,5,10,STOP_FIRST,STOP_FIRST,STOP_FIRST,0.0,1.84,MIRRORED from original's own advATR/favATR at same real price path; does NOT include the extra spread cost of crossing to the opposite bid/ask side at entry (see report methodology note)
MAC_20260622035512_BUY_BREAKOUT,MAC,2026.06.22 03:55:12,BUY,SELL,BREAKOUT,SMART-GUARD,A,4188.63,7.41,N,,0.0,1.472,0.0,1.472,0.0,1.472,0.0,1.472,,,,,,5,5,5,STOP_FIRST,STOP_FIRST,STOP_FIRST,0.0,1.472,MIRRORED from original's own advATR/favATR at same real price path; does NOT include the extra spread cost of crossing to the opposite bid/ask side at entry (see report methodology note)
MAC_20260622040512_BUY_BREAKOUT,MAC,2026.06.22 04:05:12,BUY,SELL,BREAKOUT,BAD-LOCATION BLOCK,A,4208.22,8.73,N,,0.0,0.148,0.0,0.16,0.0,0.16,0.476,0.16,,,30,30,,,,,TARGET_FIRST,TARGET_FIRST,NEITHER_5-60m,0.476,0.16,MIRRORED from original's own advATR/favATR at same real price path; does NOT include the extra spread cost of crossing to the opposite bid/ask side at entry (see report methodology note)
MAC_20260622042500_BUY_SQUEEZE_RELEASE,MAC,2026.06.22 04:25:00,BUY,SELL,SQUEEZE_RELEASE,BAD-LOCATION BLOCK,B,4210.19,8.47,N,,0.128,0.0,0.584,0.0,0.584,0.0,,,,,10,10,10,,,,TARGET_FIRST,TARGET_FIRST,TARGET_FIRST,0.584,0.0,MIRRORED from original's own advATR/favATR at same real price path; does NOT include the extra spread cost of crossing to the opposite bid/ask side at entry (see report methodology note)
MAC_20260622043500_BUY_SQUEEZE_RELEASE,MAC,2026.06.22 04:35:00,BUY,SELL,SQUEEZE_RELEASE,FAILED-IMPULSE BLOCK,A,4197.78,8.87,N,,0.0,0.236,0.0,0.236,0.088,0.236,,,,,,,,5,,,STOP_FIRST,NEITHER_5-60m,NEITHER_5-60m,0.088,0.236,MIRRORED from original's own advATR/favATR at same real price path; does NOT include the extra spread cost of crossing to the opposite bid/ask side at entry (see report methodology note)
MAC_20260622044500_BUY_TREND_PULLBACK,MAC,2026.06.22 04:45:00,BUY,SELL,TREND_PULLBACK,FAILED-IMPULSE BLOCK,B,4201.21,9.22,N,,0.232,0.0,,,,,,,,,5,,,,,,TARGET_FIRST,NEITHER_5-60m,NEITHER_5-60m,0.232,0.0,MIRRORED from original's own advATR/favATR at same real price path; does NOT include the extra spread cost of crossing to the opposite bid/ask side at entry (see report methodology note)
MAC_20260622094106_BUY_TREND_PULLBACK,MAC,2026.06.22 09:41:06,BUY,SELL,TREND_PULLBACK,BAD-RR TIMING BLOCK,A,4199.84,5.17,N,,0.0,0.308,0.0,0.308,0.116,0.308,0.116,0.308,,,,,,5,5,,STOP_FIRST,STOP_FIRST,NEITHER_5-60m,0.116,0.308,MIRRORED from original's own advATR/favATR at same real price path; does NOT include the extra spread cost of crossing to the opposite bid/ask side at entry (see report methodology note)
MAC_20260622095512_BUY_TREND_PULLBACK,MAC,2026.06.22 09:55:12,BUY,SELL,TREND_PULLBACK,BAD-LOCATION BLOCK,B,4203.15,4.62,N,,0.416,0.0,0.416,0.0,0.416,0.0,,,,,5,5,,,,,TARGET_FIRST,TARGET_FIRST,NEITHER_5-60m,0.416,0.0,MIRRORED from original's own advATR/favATR at same real price path; does NOT include the extra spread cost of crossing to the opposite bid/ask side at entry (see report methodology note)
MAC_20260622100012_BUY_TREND_PULLBACK,MAC,2026.06.22 10:00:12,BUY,SELL,TREND_PULLBACK,FAILED-IMPULSE BLOCK,B,4198.51,4.97,N,,0.0,0.02,0.0,0.12,0.0,0.136,,,,,,,,,,,NEITHER_5-60m,NEITHER_5-60m,NEITHER_5-60m,0.0,0.136,MIRRORED from original's own advATR/favATR at same real price path; does NOT include the extra spread cost of crossing to the opposite bid/ask side at entry (see report methodology note)
MAC_20260622101013_BUY_TREND_PULLBACK,MAC,2026.06.22 10:10:13,BUY,SELL,TREND_PULLBACK,Trade blocked — momentum slowdown (close in opposite 30% of last,A,4199.71,4.9,N,,0.0,0.084,,,,,,,,,,,,,,,NEITHER_5-60m,NEITHER_5-60m,NEITHER_5-60m,0.0,0.084,MIRRORED from original's own advATR/favATR at same real price path; does NOT include the extra spread cost of crossing to the opposite bid/ask side at entry (see report methodology note)
MAC_20260622102012_BUY_TREND_PULLBACK,MAC,2026.06.22 10:20:12,BUY,SELL,TREND_PULLBACK,LATE-CHASE ENTRY BLOCK,A,4200.86,4.51,N,,,,,,,,,,,,,,,,,,NEITHER_5-60m,NEITHER_5-60m,NEITHER_5-60m,,,MIRRORED from original's own advATR/favATR at same real price path; does NOT include the extra spread cost of crossing to the opposite bid/ask side at entry (see report methodology note)
MAC_20260622102521_BUY_TREND_PULLBACK,MAC,2026.06.22 10:25:21,BUY,SELL,TREND_PULLBACK,FAILED-IMPULSE BLOCK,A,4197.88,4.42,N,,,,,,,,,,,,,,,,,,NEITHER_5-60m,NEITHER_5-60m,NEITHER_5-60m,,,MIRRORED from original's own advATR/favATR at same real price path; does NOT include the extra spread cost of crossing to the opposite bid/ask side at entry (see report methodology note)
MAC_20260622102659_BUY_TREND_PULLBACK,MAC,2026.06.22 10:26:59,BUY,SELL,TREND_PULLBACK,FAILED-IMPULSE BLOCK,A,4197.57,4.42,N,,0.024,0.068,,,,,,,,,,,,,,,NEITHER_5-60m,NEITHER_5-60m,NEITHER_5-60m,0.024,0.068,MIRRORED from original's own advATR/favATR at same real price path; does NOT include the extra spread cost of crossing to the opposite bid/ask side at entry (see report methodology note)
MAC_20260622124557_BUY_TREND_PULLBACK,MAC,2026.06.22 12:45:57,BUY,SELL,TREND_PULLBACK,BAD-LOCATION BLOCK,A,4206.13,4.73,N,,0.0,0.2,0.0,0.2,0.0,0.2,0.0,0.484,0.0,0.52,,,,5,30,60,STOP_FIRST,STOP_FIRST,STOP_FIRST,0.0,0.52,MIRRORED from original's own advATR/favATR at same real price path; does NOT include the extra spread cost of crossing to the opposite bid/ask side at entry (see report methodology note)
MAC_20260622125512_BUY_TREND_PULLBACK,MAC,2026.06.22 12:55:12,BUY,SELL,TREND_PULLBACK,BAD-RR TIMING BLOCK,A,4208.55,4.76,N,,0.044,0.0,0.044,0.0,0.044,0.216,0.044,0.312,0.152,0.312,,,,15,30,,STOP_FIRST,STOP_FIRST,NEITHER_5-60m,0.152,0.312,MIRRORED from original's own advATR/favATR at same real price path; does NOT include the extra spread cost of crossing to the opposite bid/ask side at entry (see report methodology note)
MAC_20260622132512_BUY_TREND_PULLBACK,MAC,2026.06.22 13:25:12,BUY,SELL,TREND_PULLBACK,LATE-CHASE ENTRY BLOCK,B,4212.32,3.87,N,,0.24,0.0,0.24,0.0,0.316,0.0,0.576,0.0,0.672,0.0,5,15,30,,,,TARGET_FIRST,TARGET_FIRST,TARGET_FIRST,0.672,0.0,MIRRORED from original's own advATR/favATR at same real price path; does NOT include the extra spread cost of crossing to the opposite bid/ask side at entry (see report methodology note)
MAC_20260622135013_BUY_TREND_PULLBACK,MAC,2026.06.22 13:50:13,BUY,SELL,TREND_PULLBACK,FAILED-IMPULSE BLOCK,A,4206.9,3.28,N,,0.136,0.096,0.136,0.448,0.136,0.532,0.136,0.532,0.232,0.532,60,,,10,10,15,STOP_FIRST,STOP_FIRST,STOP_FIRST,0.232,0.532,MIRRORED from original's own advATR/favATR at same real price path; does NOT include the extra spread cost of crossing to the opposite bid/ask side at entry (see report methodology note)
MAC_20260622152544_BUY_TREND_PULLBACK,MAC,2026.06.22 15:25:44,BUY,SELL,TREND_PULLBACK,SMART-GUARD,A,4210.33,3.82,Y,5,1.512,0.0,1.58,0.0,1.684,0.0,2.06,0.0,,,5,5,5,,,,TARGET_FIRST,TARGET_FIRST,TARGET_FIRST,2.06,0.0,MIRRORED from original's own advATR/favATR at same real price path; does NOT include the extra spread cost of crossing to the opposite bid/ask side at entry (see report methodology note)
MAC_20260622155616_SELL_BREAKOUT,MAC,2026.06.22 15:56:16,SELL,BUY,BREAKOUT,SMART-GUARD,A,4195.83,4.21,N,,0.0,0.148,0.0,0.492,,,,,,,,,,10,10,,STOP_FIRST,STOP_FIRST,NEITHER_5-60m,0.0,0.492,MIRRORED from original's own advATR/favATR at same real price path; does NOT include the extra spread cost of crossing to the opposite bid/ask side at entry (see report methodology note)
MAC_20260622165000_BUY_SQUEEZE_RELEASE,MAC,2026.06.22 16:50:00,BUY,SELL,SQUEEZE_RELEASE,BAD-LOCATION BLOCK,A,4200.05,6.24,N,,0.0,0.252,0.064,0.252,0.068,0.252,0.296,0.396,0.784,0.396,30,60,60,5,30,,STOP_FIRST,STOP_FIRST,TARGET_FIRST,0.784,0.396,MIRRORED from original's own advATR/favATR at same real price path; does NOT include the extra spread cost of crossing to the opposite bid/ask side at entry (see report methodology note)
MAC_20260622165500_BUY_TREND_PULLBACK,MAC,2026.06.22 16:55:00,BUY,SELL,TREND_PULLBACK,SMART-GUARD,A,4204.18,6.37,Y,60,0.32,0.0,0.324,0.0,0.324,0.128,0.66,0.128,1.028,0.128,5,5,30,,,,TARGET_FIRST,TARGET_FIRST,TARGET_FIRST,1.028,0.128,MIRRORED from original's own advATR/favATR at same real price path; does NOT include the extra spread cost of crossing to the opposite bid/ask side at entry (see report methodology note)
MAC_20260622170012_BUY_TREND_PULLBACK,MAC,2026.06.22 17:00:12,BUY,SELL,TREND_PULLBACK,B-GRADE QUALITY BLOCK,B,4198.87,6.5,N,,0.0,0.008,0.0,0.452,0.0,0.452,0.452,0.452,0.68,0.452,30,30,60,10,10,,STOP_FIRST,STOP_FIRST,TARGET_FIRST,0.68,0.452,MIRRORED from original's own advATR/favATR at same real price path; does NOT include the extra spread cost of crossing to the opposite bid/ask side at entry (see report methodology note)
MAC_20260622171012_BUY_TREND_PULLBACK,MAC,2026.06.22 17:10:12,BUY,SELL,TREND_PULLBACK,BAD-RR TIMING BLOCK,A,4206.32,7.24,Y,30,0.048,0.0,0.604,0.0,0.7,0.0,1.024,0.0,1.024,0.0,10,10,10,,,,TARGET_FIRST,TARGET_FIRST,TARGET_FIRST,1.024,0.0,MIRRORED from original's own advATR/favATR at same real price path; does NOT include the extra spread cost of crossing to the opposite bid/ask side at entry (see report methodology note)
MAC_20260622180012_BUY_TREND_PULLBACK,MAC,2026.06.22 18:00:12,BUY,SELL,TREND_PULLBACK,B-GRADE QUALITY BLOCK,B,4199.27,7.25,Y,60,0.036,0.0,0.132,0.0,0.132,0.0,0.536,0.0,1.604,0.0,30,30,30,,,,TARGET_FIRST,TARGET_FIRST,TARGET_FIRST,1.604,0.0,MIRRORED from original's own advATR/favATR at same real price path; does NOT include the extra spread cost of crossing to the opposite bid/ask side at entry (see report methodology note)
MAC_20260622180512_BUY_TREND_PULLBACK,MAC,2026.06.22 18:05:12,BUY,SELL,TREND_PULLBACK,SMART-GUARD,A,4198.67,7.22,Y,60,0.096,0.0,0.096,0.0,0.332,0.0,0.532,0.0,1.58,0.0,15,15,30,,,,TARGET_FIRST,TARGET_FIRST,TARGET_FIRST,1.58,0.0,MIRRORED from original's own advATR/favATR at same real price path; does NOT include the extra spread cost of crossing to the opposite bid/ask side at entry (see report methodology note)
MAC_20260622185012_SELL_BREAKOUT,MAC,2026.06.22 18:50:12,SELL,BUY,BREAKOUT,BAD-RR TIMING BLOCK,A,4170.05,6.1,Y,60,0.548,0.0,0.928,0.0,0.928,0.0,0.928,0.0,1.12,0.0,5,5,5,,,,TARGET_FIRST,TARGET_FIRST,TARGET_FIRST,1.12,0.0,MIRRORED from original's own advATR/favATR at same real price path; does NOT include the extra spread cost of crossing to the opposite bid/ask side at entry (see report methodology note)
MAC_20260622204000_SELL_TREND_PULLBACK,MAC,2026.06.22 20:40:00,SELL,BUY,TREND_PULLBACK,BAD-LOCATION BLOCK,A,4180.98,3.94,Y,60,0.044,0.0,0.188,0.0,0.2,0.0,0.36,0.0,1.068,0.0,15,30,60,,,,TARGET_FIRST,TARGET_FIRST,TARGET_FIRST,1.068,0.0,MIRRORED from original's own advATR/favATR at same real price path; does NOT include the extra spread cost of crossing to the opposite bid/ask side at entry (see report methodology note)
MAC_20260622205512_SELL_TREND_PULLBACK,MAC,2026.06.22 20:55:12,SELL,BUY,TREND_PULLBACK,FAILED-IMPULSE BLOCK,A,4182.89,3.84,N,,0.072,0.0,0.092,0.0,0.172,0.0,0.896,0.0,0.952,0.0,30,30,30,,,,TARGET_FIRST,TARGET_FIRST,TARGET_FIRST,0.952,0.0,MIRRORED from original's own advATR/favATR at same real price path; does NOT include the extra spread cost of crossing to the opposite bid/ask side at entry (see report methodology note)
MAC_20260622214718_SELL_TREND_PULLBACK,MAC,2026.06.22 21:47:18,SELL,BUY,TREND_PULLBACK,ANTI-BIAS BLOCK,A,4191.52,2.75,N,,0.076,0.16,0.076,0.16,0.096,0.16,0.168,0.16,0.168,1.016,,,,60,60,60,STOP_FIRST,STOP_FIRST,STOP_FIRST,0.168,1.016,MIRRORED from original's own advATR/favATR at same real price path; does NOT include the extra spread cost of crossing to the opposite bid/ask side at entry (see report methodology note)
MAC_20260622225000_SELL_TREND_PULLBACK,MAC,2026.06.22 22:50:00,SELL,BUY,TREND_PULLBACK,ANTI-BIAS BLOCK,A,4185.84,2.47,N,,0.384,0.0,0.776,0.0,0.776,0.0,0.776,0.0,0.776,0.0,5,5,10,,,,TARGET_FIRST,TARGET_FIRST,TARGET_FIRST,0.776,0.0,MIRRORED from original's own advATR/favATR at same real price path; does NOT include the extra spread cost of crossing to the opposite bid/ask side at entry (see report methodology note)
MAC_20260622235721_SELL_TREND_PULLBACK,MAC,2026.06.22 23:57:21,SELL,BUY,TREND_PULLBACK,ANTI-BIAS BLOCK,A,4190.59,2.45,N,,0.004,0.0,0.004,0.0,0.004,0.0,0.004,0.0,0.004,0.0,,,,,,,NEITHER_5-60m,NEITHER_5-60m,NEITHER_5-60m,0.004,0.0,MIRRORED from original's own advATR/favATR at same real price path; does NOT include the extra spread cost of crossing to the opposite bid/ask side at entry (see report methodology note)
MAC_20260623005150_SELL_TREND_PULLBACK,MAC,2026.06.23 00:51:50,SELL,BUY,TREND_PULLBACK,LATE-CHASE ENTRY BLOCK,A,4190.59,2.45,N,,0.004,0.0,0.288,0.0,0.348,0.0,0.348,0.0,0.392,0.292,10,15,,60,,,TARGET_FIRST,TARGET_FIRST,NEITHER_5-60m,0.392,0.292,MIRRORED from original's own advATR/favATR at same real price path; does NOT include the extra spread cost of crossing to the opposite bid/ask side at entry (see report methodology note)
MAC_20260623025500_SELL_BREAKOUT,MAC,2026.06.23 02:55:00,SELL,BUY,BREAKOUT,SMART-GUARD,A,4187.31,2.21,N,,0.412,0.0,0.412,0.0,0.412,0.496,0.412,1.204,0.992,1.204,5,5,60,15,15,30,TARGET_FIRST,TARGET_FIRST,STOP_FIRST,0.992,1.204,MIRRORED from original's own advATR/favATR at same real price path; does NOT include the extra spread cost of crossing to the opposite bid/ask side at entry (see report methodology note)
MAC_20260623031000_SELL_BREAKOUT,MAC,2026.06.23 03:10:00,SELL,BUY,BREAKOUT,BAD-RR TIMING BLOCK,A,4184.42,2.83,Y,60,0.0,0.532,0.0,0.532,0.0,0.532,0.264,0.532,1.284,0.532,30,60,60,5,5,5,STOP_FIRST,STOP_FIRST,STOP_FIRST,1.284,0.532,MIRRORED from original's own advATR/favATR at same real price path; does NOT include the extra spread cost of crossing to the opposite bid/ask side at entry (see report methodology note)
MAC_20260623042500_SELL_TREND_PULLBACK,MAC,2026.06.23 04:25:00,SELL,BUY,TREND_PULLBACK,SMART-GUARD,A,4178.4,6.34,N,,0.0,0.048,0.0,0.588,0.0,0.868,0.0,1.78,0.0,1.78,,,,10,10,10,STOP_FIRST,STOP_FIRST,STOP_FIRST,0.0,1.78,MIRRORED from original's own advATR/favATR at same real price path; does NOT include the extra spread cost of crossing to the opposite bid/ask side at entry (see report methodology note)
MAC_20260623043012_SELL_TREND_PULLBACK,MAC,2026.06.23 04:30:12,SELL,BUY,TREND_PULLBACK,BAD-LOCATION BLOCK,A,4177.66,6.37,N,,0.0,0.54,0.0,0.82,0.0,1.456,0.0,1.728,0.0,1.728,,,,5,5,5,STOP_FIRST,STOP_FIRST,STOP_FIRST,0.0,1.728,MIRRORED from original's own advATR/favATR at same real price path; does NOT include the extra spread cost of crossing to the opposite bid/ask side at entry (see report methodology note)
MAC_20260623043512_SELL_BREAKOUT,MAC,2026.06.23 04:35:12,SELL,BUY,BREAKOUT,BAD-RR TIMING BLOCK,A,4168.68,6.79,N,,0.0,0.24,0.0,0.836,0.0,1.092,0.0,1.092,0.0,1.092,,,,5,10,10,STOP_FIRST,STOP_FIRST,STOP_FIRST,0.0,1.092,MIRRORED from original's own advATR/favATR at same real price path; does NOT include the extra spread cost of crossing to the opposite bid/ask side at entry (see report methodology note)
MAC_20260623045012_SELL_SQUEEZE_RELEASE,MAC,2026.06.23 04:50:12,SELL,BUY,SQUEEZE_RELEASE,BAD-RR TIMING BLOCK,A,4150.09,7.74,N,,0.584,0.0,0.584,0.0,0.584,0.0,0.584,0.0,0.584,0.0,5,5,5,,,,TARGET_FIRST,TARGET_FIRST,TARGET_FIRST,0.584,0.0,MIRRORED from original's own advATR/favATR at same real price path; does NOT include the extra spread cost of crossing to the opposite bid/ask side at entry (see report methodology note)
MAC_20260623045500_SELL_SQUEEZE_RELEASE,MAC,2026.06.23 04:55:00,SELL,BUY,SQUEEZE_RELEASE,BAD-LOCATION BLOCK,A,4157.16,7.66,N,,0.22,0.0,0.22,0.0,0.22,0.328,0.22,0.328,0.22,0.328,5,,,15,15,,TARGET_FIRST,STOP_FIRST,NEITHER_5-60m,0.22,0.328,MIRRORED from original's own advATR/favATR at same real price path; does NOT include the extra spread cost of crossing to the opposite bid/ask side at entry (see report methodology note)
MAC_20260623053012_SELL_TREND_PULLBACK,MAC,2026.06.23 05:30:12,SELL,BUY,TREND_PULLBACK,FAILED-IMPULSE BLOCK,A,4159.5,7.14,N,,0.0,0.18,0.0,0.18,0.0,0.272,0.0,0.632,0.0,1.392,,,,15,30,30,STOP_FIRST,STOP_FIRST,STOP_FIRST,0.0,1.392,MIRRORED from original's own advATR/favATR at same real price path; does NOT include the extra spread cost of crossing to the opposite bid/ask side at entry (see report methodology note)
MAC_20260623053512_SELL_TREND_PULLBACK,MAC,2026.06.23 05:35:12,SELL,BUY,TREND_PULLBACK,BAD-LOCATION BLOCK,A,4156.4,6.9,N,,0.1,0.0,0.1,0.1,0.1,0.12,0.1,0.872,0.1,1.26,,,,30,30,30,STOP_FIRST,STOP_FIRST,STOP_FIRST,0.1,1.26,MIRRORED from original's own advATR/favATR at same real price path; does NOT include the extra spread cost of crossing to the opposite bid/ask side at entry (see report methodology note)
MAC_20260623060012_SELL_TREND_PULLBACK,MAC,2026.06.23 06:00:12,SELL,BUY,TREND_PULLBACK,BAD-RR TIMING BLOCK,A,4148.14,5.85,N,,0.0,0.464,0.0,0.488,0.0,0.488,0.0,0.924,0.0,0.924,,,,5,5,30,STOP_FIRST,STOP_FIRST,STOP_FIRST,0.0,0.924,MIRRORED from original's own advATR/favATR at same real price path; does NOT include the extra spread cost of crossing to the opposite bid/ask side at entry (see report methodology note)
MAC_20260623061513_SELL_TREND_PULLBACK,MAC,2026.06.23 06:15:13,SELL,BUY,TREND_PULLBACK,LATE-CHASE ENTRY BLOCK,B,4143.71,5.54,N,,0.0,0.656,0.0,0.656,0.0,0.656,0.0,0.656,0.116,1.344,,,,5,5,5,STOP_FIRST,STOP_FIRST,STOP_FIRST,0.116,1.344,MIRRORED from original's own advATR/favATR at same real price path; does NOT include the extra spread cost of crossing to the opposite bid/ask side at entry (see report methodology note)
MAC_20260623065512_SELL_TREND_PULLBACK,MAC,2026.06.23 06:55:12,SELL,BUY,TREND_PULLBACK,FAILED-IMPULSE BLOCK,A,4140.02,5.64,N,,0.376,0.0,0.376,0.0,0.376,0.0,0.376,1.056,0.376,1.056,5,5,,30,30,30,TARGET_FIRST,TARGET_FIRST,STOP_FIRST,0.376,1.056,MIRRORED from original's own advATR/favATR at same real price path; does NOT include the extra spread cost of crossing to the opposite bid/ask side at entry (see report methodology note)
MAC_20260623080145_SELL_ASIA_BREAKOUT,MAC,2026.06.23 08:01:45,SELL,BUY,ASIA_BREAKOUT,A+ EVIDENCE DEMOTION,A,4124.95,4.65,N,,0.932,0.0,0.932,0.0,0.932,0.0,0.932,0.392,0.932,0.392,5,5,5,30,30,,TARGET_FIRST,TARGET_FIRST,TARGET_FIRST,0.932,0.392,MIRRORED from original's own advATR/favATR at same real price path; does NOT include the extra spread cost of crossing to the opposite bid/ask side at entry (see report methodology note)
MAC_20260623080512_SELL_TREND_PULLBACK,MAC,2026.06.23 08:05:12,SELL,BUY,TREND_PULLBACK,FAILED-IMPULSE BLOCK,A,4135.58,5.82,N,,0.0,0.472,0.0,0.472,0.0,0.504,0.0,1.044,0.0,1.044,,,,5,5,15,STOP_FIRST,STOP_FIRST,STOP_FIRST,0.0,1.044,MIRRORED from original's own advATR/favATR at same real price path; does NOT include the extra spread cost of crossing to the opposite bid/ask side at entry (see report methodology note)
MAC_20260623082013_SELL_TREND_PULLBACK,MAC,2026.06.23 08:20:13,SELL,BUY,TREND_PULLBACK,A+ EVIDENCE DEMOTION,A,4128.41,6.39,N,,0.0,0.504,0.28,0.504,0.28,0.504,0.28,0.504,0.28,0.504,10,,,5,5,5,STOP_FIRST,STOP_FIRST,STOP_FIRST,0.28,0.504,MIRRORED from original's own advATR/favATR at same real price path; does NOT include the extra spread cost of crossing to the opposite bid/ask side at entry (see report methodology note)
MAC_20260623082514_SELL_TREND_PULLBACK,MAC,2026.06.23 08:25:14,SELL,BUY,TREND_PULLBACK,Trade blocked — momentum slowdown (close in opposite 30% of last,A,4126.71,6.51,N,,0.376,0.388,0.376,0.388,0.376,0.388,0.376,0.388,0.376,0.628,5,5,,5,5,60,SIMULTANEOUS_SAME_CHECKPOINT,SIMULTANEOUS_SAME_CHECKPOINT,STOP_FIRST,0.376,0.628,MIRRORED from original's own advATR/favATR at same real price path; does NOT include the extra spread cost of crossing to the opposite bid/ask side at entry (see report methodology note)
MAC_20260623083512_SELL_SQUEEZE_RELEASE,MAC,2026.06.23 08:35:12,SELL,BUY,SQUEEZE_RELEASE,FAILED-IMPULSE BLOCK,A,4132.69,7.39,N,,0.0,0.66,0.0,0.66,0.0,0.66,0.0,0.66,0.0,0.876,,,,5,5,5,STOP_FIRST,STOP_FIRST,STOP_FIRST,0.0,0.876,MIRRORED from original's own advATR/favATR at same real price path; does NOT include the extra spread cost of crossing to the opposite bid/ask side at entry (see report methodology note)
MAC_20260623091343_SELL_TREND_PULLBACK,MAC,2026.06.23 09:13:43,SELL,BUY,TREND_PULLBACK,BAD-RR TIMING BLOCK,A,4120.07,8.22,N,,0.148,0.0,0.148,0.0,0.148,0.176,0.148,0.332,0.148,0.336,,,,30,30,,STOP_FIRST,STOP_FIRST,NEITHER_5-60m,0.148,0.336,MIRRORED from original's own advATR/favATR at same real price path; does NOT include the extra spread cost of crossing to the opposite bid/ask side at entry (see report methodology note)
MAC_20260623091513_SELL_TREND_PULLBACK,MAC,2026.06.23 09:15:13,SELL,BUY,TREND_PULLBACK,LATE-CHASE ENTRY BLOCK,A,4123.03,7.84,N,,0.0,0.068,0.0,0.336,0.0,0.336,0.0,0.5,0.0,0.504,,,,10,10,30,STOP_FIRST,STOP_FIRST,STOP_FIRST,0.0,0.504,MIRRORED from original's own advATR/favATR at same real price path; does NOT include the extra spread cost of crossing to the opposite bid/ask side at entry (see report methodology note)
MAC_20260623101012_SELL_TREND_PULLBACK,MAC,2026.06.23 10:10:12,SELL,BUY,TREND_PULLBACK,A+ EVIDENCE DEMOTION,A,4120.29,7.53,N,,0.0,0.212,0.0,0.212,0.0,0.212,0.0,0.408,0.0,1.476,,,,5,30,60,STOP_FIRST,STOP_FIRST,STOP_FIRST,0.0,1.476,MIRRORED from original's own advATR/favATR at same real price path; does NOT include the extra spread cost of crossing to the opposite bid/ask side at entry (see report methodology note)
MAC_20260623101512_SELL_TREND_PULLBACK,MAC,2026.06.23 10:15:12,SELL,BUY,TREND_PULLBACK,BAD-LOCATION BLOCK,A,4116.34,7.67,N,,0.144,0.0,0.148,0.0,0.148,0.0,0.148,0.608,0.148,1.244,,,,30,30,30,STOP_FIRST,STOP_FIRST,STOP_FIRST,0.148,1.244,MIRRORED from original's own advATR/favATR at same real price path; does NOT include the extra spread cost of crossing to the opposite bid/ask side at entry (see report methodology note)
MAC_20260623102012_SELL_TREND_PULLBACK,MAC,2026.06.23 10:20:12,SELL,BUY,TREND_PULLBACK,FAILED-IMPULSE BLOCK,A,4118.89,7.23,N,,0.016,0.0,0.016,0.132,0.016,0.132,0.016,0.788,0.016,1.46,,,,30,30,30,STOP_FIRST,STOP_FIRST,STOP_FIRST,0.016,1.46,MIRRORED from original's own advATR/favATR at same real price path; does NOT include the extra spread cost of crossing to the opposite bid/ask side at entry (see report methodology note)
MAC_20260623104512_SELL_BREAKOUT,MAC,2026.06.23 10:45:12,SELL,BUY,BREAKOUT,BAD-RR TIMING BLOCK,A,4104.78,6.4,N,,0.04,0.0,0.04,0.256,0.04,0.412,0.04,0.768,0.312,0.768,60,60,,10,15,30,STOP_FIRST,STOP_FIRST,STOP_FIRST,0.312,0.768,MIRRORED from original's own advATR/favATR at same real price path; does NOT include the extra spread cost of crossing to the opposite bid/ask side at entry (see report methodology note)
MAC_20260623105013_SELL_BREAKOUT,MAC,2026.06.23 10:50:13,SELL,BUY,BREAKOUT,BAD-LOCATION BLOCK,B,4105.33,6.23,N,,0.0,0.46,0.0,0.824,0.0,0.824,0.0,0.824,0.844,0.824,60,60,60,5,5,10,STOP_FIRST,STOP_FIRST,STOP_FIRST,0.844,0.824,MIRRORED from original's own advATR/favATR at same real price path; does NOT include the extra spread cost of crossing to the opposite bid/ask side at entry (see report methodology note)
MAC_20260623110012_SELL_SQUEEZE_RELEASE,MAC,2026.06.23 11:00:12,SELL,BUY,SQUEEZE_RELEASE,BAD-RR TIMING BLOCK,A,4098.13,6.12,Y,60,0.0,0.368,0.0,0.368,0.012,0.368,0.244,0.368,1.328,0.368,30,60,60,5,5,,STOP_FIRST,STOP_FIRST,TARGET_FIRST,1.328,0.368,MIRRORED from original's own advATR/favATR at same real price path; does NOT include the extra spread cost of crossing to the opposite bid/ask side at entry (see report methodology note)
MAC_20260623110500_SELL_ASIA_BREAKOUT,MAC,2026.06.23 11:05:00,SELL,BUY,ASIA_BREAKOUT,BAD-RR TIMING BLOCK,A,4092.61,6.5,Y,60,0.128,0.0,0.128,0.0,0.352,0.0,0.568,0.0,1.592,0.0,15,15,30,,,,TARGET_FIRST,TARGET_FIRST,TARGET_FIRST,1.592,0.0,MIRRORED from original's own advATR/favATR at same real price path; does NOT include the extra spread cost of crossing to the opposite bid/ask side at entry (see report methodology note)
MAC_20260623112000_SELL_SQUEEZE_RELEASE,MAC,2026.06.23 11:20:00,SELL,BUY,SQUEEZE_RELEASE,A+ EVIDENCE DEMOTION,A,4098.3,6.14,Y,60,0.0,0.068,0.004,0.068,0.232,0.068,0.744,0.068,1.312,0.068,15,30,30,,,,TARGET_FIRST,TARGET_FIRST,TARGET_FIRST,1.312,0.068,MIRRORED from original's own advATR/favATR at same real price path; does NOT include the extra spread cost of crossing to the opposite bid/ask side at entry (see report methodology note)
MAC_20260623112500_SELL_SQUEEZE_RELEASE,MAC,2026.06.23 11:25:00,SELL,BUY,SQUEEZE_RELEASE,BAD-LOCATION BLOCK,A,4097.18,5.76,Y,30,0.08,0.0,0.324,0.0,0.376,0.0,1.48,0.0,1.48,0.0,10,10,30,,,,TARGET_FIRST,TARGET_FIRST,TARGET_FIRST,1.48,0.0,MIRRORED from original's own advATR/favATR at same real price path; does NOT include the extra spread cost of crossing to the opposite bid/ask side at entry (see report methodology note)
MAC_20260623114000_SELL_SQUEEZE_RELEASE,MAC,2026.06.23 11:40:00,SELL,BUY,SQUEEZE_RELEASE,FAILED-IMPULSE BLOCK,A,4102.52,5.91,Y,15,0.488,0.0,0.488,0.0,1.08,0.0,1.08,0.0,1.08,0.0,5,5,15,,,,TARGET_FIRST,TARGET_FIRST,TARGET_FIRST,1.08,0.0,MIRRORED from original's own advATR/favATR at same real price path; does NOT include the extra spread cost of crossing to the opposite bid/ask side at entry (see report methodology note)
MAC_20260623114500_SELL_TREND_PULLBACK,MAC,2026.06.23 11:45:00,SELL,BUY,TREND_PULLBACK,FAILED-IMPULSE BLOCK,A,4109.49,6.22,N,,0.0,0.38,0.576,0.38,0.576,0.38,0.576,0.38,0.576,0.38,10,10,10,5,5,,STOP_FIRST,STOP_FIRST,TARGET_FIRST,0.576,0.38,MIRRORED from original's own advATR/favATR at same real price path; does NOT include the extra spread cost of crossing to the opposite bid/ask side at entry (see report methodology note)
MAC_20260623124513_SELL_TREND_PULLBACK,MAC,2026.06.23 12:45:13,SELL,BUY,TREND_PULLBACK,ANALYSIS-ONLY,A+,4116.85,5.32,Y,15,0.02,0.056,0.612,0.056,1.116,0.056,1.116,0.056,,,10,10,10,,,,TARGET_FIRST,TARGET_FIRST,TARGET_FIRST,1.116,0.056,MIRRORED from original's own advATR/favATR at same real price path; does NOT include the extra spread cost of crossing to the opposite bid/ask side at entry (see report methodology note)
MAC_20260623130013_SELL_TREND_PULLBACK,MAC,2026.06.23 13:00:13,SELL,BUY,TREND_PULLBACK,FAILED-IMPULSE BLOCK,A,4124.93,4.66,N,,0.584,0.0,0.584,0.0,0.584,0.0,0.584,0.0,,,5,5,5,,,,TARGET_FIRST,TARGET_FIRST,TARGET_FIRST,0.584,0.0,MIRRORED from original's own advATR/favATR at same real price path; does NOT include the extra spread cost of crossing to the opposite bid/ask side at entry (see report methodology note)
MAC_20260623131014_SELL_ASIA_BREAKOUT,MAC,2026.06.23 13:10:14,SELL,BUY,ASIA_BREAKOUT,ANALYSIS-ONLY,A+,4128.07,5.03,N,,0.268,0.0,0.268,0.024,0.268,0.024,,,,,5,,,,,,TARGET_FIRST,NEITHER_5-60m,NEITHER_5-60m,0.268,0.024,MIRRORED from original's own advATR/favATR at same real price path; does NOT include the extra spread cost of crossing to the opposite bid/ask side at entry (see report methodology note)
MAC_20260623131513_SELL_TREND_PULLBACK,MAC,2026.06.23 13:15:13,SELL,BUY,TREND_PULLBACK,ANTI-BIAS BLOCK,A,4129.52,4.78,N,,0.16,0.148,0.16,0.148,0.16,0.148,,,,,,,,,,,NEITHER_5-60m,NEITHER_5-60m,NEITHER_5-60m,0.16,0.148,MIRRORED from original's own advATR/favATR at same real price path; does NOT include the extra spread cost of crossing to the opposite bid/ask side at entry (see report methodology note)
MAC_20260623133719_SELL_TREND_PULLBACK,MAC,2026.06.23 13:37:19,SELL,BUY,TREND_PULLBACK,FAILED-IMPULSE BLOCK,A,4127.52,4.72,N,,0.068,0.092,0.068,0.232,0.068,0.232,0.068,0.232,0.092,0.384,,,,10,60,,STOP_FIRST,STOP_FIRST,NEITHER_5-60m,0.092,0.384,MIRRORED from original's own advATR/favATR at same real price path; does NOT include the extra spread cost of crossing to the opposite bid/ask side at entry (see report methodology note)
MAC_20260623134015_SELL_TREND_PULLBACK,MAC,2026.06.23 13:40:15,SELL,BUY,TREND_PULLBACK,Trade blocked — startup,A,4128.24,4.71,N,,0.0,0.292,0.0,0.292,0.0,0.292,0.032,0.292,0.032,0.552,,,,5,60,60,STOP_FIRST,STOP_FIRST,STOP_FIRST,0.032,0.552,MIRRORED from original's own advATR/favATR at same real price path; does NOT include the extra spread cost of crossing to the opposite bid/ask side at entry (see report methodology note)
MAC_20260623134512_SELL_TREND_PULLBACK,MAC,2026.06.23 13:45:12,SELL,BUY,TREND_PULLBACK,SMART-GUARD,A+,4126.31,4.81,N,,0.0,0.128,0.0,0.128,0.0,0.128,0.192,0.128,0.192,0.38,,,,60,60,,STOP_FIRST,STOP_FIRST,NEITHER_5-60m,0.192,0.38,MIRRORED from original's own advATR/favATR at same real price path; does NOT include the extra spread cost of crossing to the opposite bid/ask side at entry (see report methodology note)
MAC_20260623144512_SELL_TREND_PULLBACK,MAC,2026.06.23 14:45:12,SELL,BUY,TREND_PULLBACK,SMART-GUARD,A+,4121.69,5.27,N,,0.0,0.04,0.044,0.04,0.128,0.04,0.128,0.624,0.128,0.624,,,,30,30,30,STOP_FIRST,STOP_FIRST,STOP_FIRST,0.128,0.624,MIRRORED from original's own advATR/favATR at same real price path; does NOT include the extra spread cost of crossing to the opposite bid/ask side at entry (see report methodology note)
MAC_20260623162516_SELL_TREND_PULLBACK,MAC,2026.06.23 16:25:16,SELL,BUY,TREND_PULLBACK,A+ EVIDENCE DEMOTION,A,4116.98,6.71,Y,30,0.28,0.232,0.28,0.232,0.58,0.232,1.308,0.232,,,5,15,15,5,,,SIMULTANEOUS_SAME_CHECKPOINT,TARGET_FIRST,TARGET_FIRST,1.308,0.232,MIRRORED from original's own advATR/favATR at same real price path; does NOT include the extra spread cost of crossing to the opposite bid/ask side at entry (see report methodology note)
MAC_20260623163513_SELL_TREND_PULLBACK,MAC,2026.06.23 16:35:13,SELL,BUY,TREND_PULLBACK,FAILED-IMPULSE BLOCK,A,4121.35,7.02,Y,30,0.304,0.024,0.604,0.024,0.852,0.024,1.304,0.024,,,5,5,10,,,,TARGET_FIRST,TARGET_FIRST,TARGET_FIRST,1.304,0.024,MIRRORED from original's own advATR/favATR at same real price path; does NOT include the extra spread cost of crossing to the opposite bid/ask side at entry (see report methodology note)
MAC_20260623165013_BUY_BREAKOUT,MAC,2026.06.23 16:50:13,BUY,SELL,BREAKOUT,SMART-GUARD,A,4132.07,7.72,N,,0.0,0.356,0.0,0.356,0.0,0.632,0.0,0.632,,,,,,5,5,15,STOP_FIRST,STOP_FIRST,STOP_FIRST,0.0,0.632,MIRRORED from original's own advATR/favATR at same real price path; does NOT include the extra spread cost of crossing to the opposite bid/ask side at entry (see report methodology note)
MAC_20260623170512_BUY_BREAKOUT,MAC,2026.06.23 17:05:12,BUY,SELL,BREAKOUT,B-GRADE QUALITY BLOCK,B,4136.99,8.41,N,,0.0,0.344,0.028,0.344,0.028,0.344,,,,,,,,5,5,,STOP_FIRST,STOP_FIRST,NEITHER_5-60m,0.028,0.344,MIRRORED from original's own advATR/favATR at same real price path; does NOT include the extra spread cost of crossing to the opposite bid/ask side at entry (see report methodology note)
MAC_20260623171512_SELL_TREND_PULLBACK,MAC,2026.06.23 17:15:12,SELL,BUY,TREND_PULLBACK,SMART-GUARD,A,4136.3,8.76,N,,0.24,0.0,0.24,0.012,,,,,,,5,,,,,,TARGET_FIRST,NEITHER_5-60m,NEITHER_5-60m,0.24,0.012,MIRRORED from original's own advATR/favATR at same real price path; does NOT include the extra spread cost of crossing to the opposite bid/ask side at entry (see report methodology note)
MAC_20260623172924_SELL_TREND_PULLBACK,MAC,2026.06.23 17:29:24,SELL,BUY,TREND_PULLBACK,SMART-GUARD,A,4130.75,9.11,N,,0.0,0.208,0.0,0.212,0.0,0.212,,,,,,,,5,,,STOP_FIRST,NEITHER_5-60m,NEITHER_5-60m,0.0,0.212,MIRRORED from original's own advATR/favATR at same real price path; does NOT include the extra spread cost of crossing to the opposite bid/ask side at entry (see report methodology note)
MAC_20260623213709_SELL_TREND_PULLBACK,MAC,2026.06.23 21:37:09,SELL,BUY,TREND_PULLBACK,BAD-RR TIMING BLOCK,A,4122.28,3.03,N,,,,,,,,,,,,,,,,,,NEITHER_5-60m,NEITHER_5-60m,NEITHER_5-60m,,,MIRRORED from original's own advATR/favATR at same real price path; does NOT include the extra spread cost of crossing to the opposite bid/ask side at entry (see report methodology note)
MAC_20260623214141_SELL_TREND_PULLBACK,MAC,2026.06.23 21:41:41,SELL,BUY,TREND_PULLBACK,BAD-RR TIMING BLOCK,A,4118.5,2.96,N,,,,,,,,,,,,,,,,,,NEITHER_5-60m,NEITHER_5-60m,NEITHER_5-60m,,,MIRRORED from original's own advATR/favATR at same real price path; does NOT include the extra spread cost of crossing to the opposite bid/ask side at entry (see report methodology note)
MAC_20260623214410_SELL_TREND_PULLBACK,MAC,2026.06.23 21:44:10,SELL,BUY,TREND_PULLBACK,BAD-RR TIMING BLOCK,A,4116.97,2.96,N,,0.0,0.208,0.0,0.208,0.028,0.208,,,,,,,,5,,,STOP_FIRST,NEITHER_5-60m,NEITHER_5-60m,0.028,0.208,MIRRORED from original's own advATR/favATR at same real price path; does NOT include the extra spread cost of crossing to the opposite bid/ask side at entry (see report methodology note)
MAC_20260623215512_SELL_TREND_PULLBACK,MAC,2026.06.23 21:55:12,SELL,BUY,TREND_PULLBACK,BAD-LOCATION BLOCK,B,4115.32,3.12,Y,10,0.24,0.0,1.096,0.0,1.096,0.0,,,,,5,10,10,,,,TARGET_FIRST,TARGET_FIRST,TARGET_FIRST,1.096,0.0,MIRRORED from original's own advATR/favATR at same real price path; does NOT include the extra spread cost of crossing to the opposite bid/ask side at entry (see report methodology note)
MAC_20260623220512_SELL_TREND_PULLBACK,MAC,2026.06.23 22:05:12,SELL,BUY,TREND_PULLBACK,FAILED-IMPULSE BLOCK,A,4123.93,3.45,N,,0.0,0.248,,,,,,,,,,,,5,,,STOP_FIRST,NEITHER_5-60m,NEITHER_5-60m,0.0,0.248,MIRRORED from original's own advATR/favATR at same real price path; does NOT include the extra spread cost of crossing to the opposite bid/ask side at entry (see report methodology note)
MAC_20260624013641_SELL_BREAKOUT,MAC,2026.06.24 01:36:41,SELL,BUY,BREAKOUT,SMART-GUARD,A,4100.18,4.82,N,,0.404,0.0,0.648,0.0,0.648,0.0,0.648,0.24,0.648,1.288,5,5,10,30,60,60,TARGET_FIRST,TARGET_FIRST,TARGET_FIRST,0.648,1.288,MIRRORED from original's own advATR/favATR at same real price path; does NOT include the extra spread cost of crossing to the opposite bid/ask side at entry (see report methodology note)
MAC_20260624014012_SELL_SQUEEZE_RELEASE,MAC,2026.06.24 01:40:12,SELL,BUY,SQUEEZE_RELEASE,BAD-LOCATION BLOCK,A,4100.14,4.99,N,,0.392,0.0,0.628,0.0,0.628,0.0,0.628,0.228,0.628,1.24,5,5,10,30,60,60,TARGET_FIRST,TARGET_FIRST,TARGET_FIRST,0.628,1.24,MIRRORED from original's own advATR/favATR at same real price path; does NOT include the extra spread cost of crossing to the opposite bid/ask side at entry (see report methodology note)
MAC_20260624014512_SELL_SQUEEZE_RELEASE,MAC,2026.06.24 01:45:12,SELL,BUY,SQUEEZE_RELEASE,FAILED-IMPULSE BLOCK,A,4104.95,5.14,N,,0.236,0.0,0.236,0.0,0.236,0.068,0.236,0.596,0.236,1.576,5,,,30,30,30,TARGET_FIRST,STOP_FIRST,STOP_FIRST,0.236,1.576,MIRRORED from original's own advATR/favATR at same real price path; does NOT include the extra spread cost of crossing to the opposite bid/ask side at entry (see report methodology note)
MAC_20260624015012_SELL_TREND_PULLBACK,MAC,2026.06.24 01:50:12,SELL,BUY,TREND_PULLBACK,FAILED-IMPULSE BLOCK,A,4107.9,5.24,N,,0.0,0.172,0.0,0.292,0.0,0.728,0.0,0.812,0.0,1.776,,,,10,15,15,STOP_FIRST,STOP_FIRST,STOP_FIRST,0.0,1.776,MIRRORED from original's own advATR/favATR at same real price path; does NOT include the extra spread cost of crossing to the opposite bid/ask side at entry (see report methodology note)
MAC_20260624020014_SELL_TREND_PULLBACK,MAC,2026.06.24 02:00:14,SELL,BUY,TREND_PULLBACK,A+ EVIDENCE DEMOTION,A,4104.01,5.32,N,,0.0,0.504,0.0,0.504,0.0,0.504,0.0,0.692,0.0,1.456,,,,5,5,5,STOP_FIRST,STOP_FIRST,STOP_FIRST,0.0,1.456,MIRRORED from original's own advATR/favATR at same real price path; does NOT include the extra spread cost of crossing to the opposite bid/ask side at entry (see report methodology note)
MAC_20260624021013_SELL_SQUEEZE_RELEASE,MAC,2026.06.24 02:10:13,SELL,BUY,SQUEEZE_RELEASE,BAD-RR TIMING BLOCK,A,4097.09,5.26,Y,60,0.292,0.0,0.292,0.0,0.292,0.0,0.292,0.944,1.032,0.944,5,60,60,30,30,30,TARGET_FIRST,STOP_FIRST,STOP_FIRST,1.032,0.944,MIRRORED from original's own advATR/favATR at same real price path; does NOT include the extra spread cost of crossing to the opposite bid/ask side at entry (see report methodology note)
MAC_20260624021513_SELL_TREND_PULLBACK,MAC,2026.06.24 02:15:13,SELL,BUY,TREND_PULLBACK,BAD-LOCATION BLOCK,B,4100.08,4.98,N,,0.0,0.0,0.0,0.02,0.0,0.18,0.0,1.24,0.852,1.24,60,60,60,30,30,30,STOP_FIRST,STOP_FIRST,STOP_FIRST,0.852,1.24,MIRRORED from original's own advATR/favATR at same real price path; does NOT include the extra spread cost of crossing to the opposite bid/ask side at entry (see report methodology note)
MAC_20260624023512_SELL_TREND_PULLBACK,MAC,2026.06.24 02:35:12,SELL,BUY,TREND_PULLBACK,BAD-RR TIMING BLOCK,A,4094.68,4.76,Y,60,0.0,0.84,0.0,0.84,0.06,0.84,0.708,0.84,1.344,0.84,30,30,30,5,5,5,STOP_FIRST,STOP_FIRST,STOP_FIRST,1.344,0.84,MIRRORED from original's own advATR/favATR at same real price path; does NOT include the extra spread cost of crossing to the opposite bid/ask side at entry (see report methodology note)
MAC_20260624025012_SELL_TREND_PULLBACK,MAC,2026.06.24 02:50:12,SELL,BUY,TREND_PULLBACK,LATE-CHASE ENTRY BLOCK,A,4095.41,5.56,Y,30,0.096,0.0,0.248,0.0,0.556,0.0,1.096,0.0,1.096,0.0,10,15,15,,,,TARGET_FIRST,TARGET_FIRST,TARGET_FIRST,1.096,0.0,MIRRORED from original's own advATR/favATR at same real price path; does NOT include the extra spread cost of crossing to the opposite bid/ask side at entry (see report methodology note)
MAC_20260624030512_SELL_TREND_PULLBACK,MAC,2026.06.24 03:05:12,SELL,BUY,TREND_PULLBACK,FAILED-IMPULSE BLOCK,A,4102.95,6.15,N,,0.504,0.0,0.504,0.0,0.504,0.0,0.504,0.492,0.504,1.44,5,5,5,30,30,60,TARGET_FIRST,TARGET_FIRST,TARGET_FIRST,0.504,1.44,MIRRORED from original's own advATR/favATR at same real price path; does NOT include the extra spread cost of crossing to the opposite bid/ask side at entry (see report methodology note)
MAC_20260624031512_SELL_TREND_PULLBACK,MAC,2026.06.24 03:15:12,SELL,BUY,TREND_PULLBACK,A+ EVIDENCE DEMOTION,A,4109.42,6.79,N,,0.0,0.332,0.0,0.828,0.0,0.828,0.0,0.828,0.0,1.784,,,,5,5,10,STOP_FIRST,STOP_FIRST,STOP_FIRST,0.0,1.784,MIRRORED from original's own advATR/favATR at same real price path; does NOT include the extra spread cost of crossing to the opposite bid/ask side at entry (see report methodology note)
MAC_20260624032052_SELL_TREND_PULLBACK,MAC,2026.06.24 03:20:52,SELL,BUY,TREND_PULLBACK,Trade blocked — momentum slowdown (close in opposite 30% of last,A+,4103.56,6.85,N,,0.0,0.476,0.0,0.476,0.0,0.476,0.0,0.476,0.0,1.428,,,,5,5,60,STOP_FIRST,STOP_FIRST,STOP_FIRST,0.0,1.428,MIRRORED from original's own advATR/favATR at same real price path; does NOT include the extra spread cost of crossing to the opposite bid/ask side at entry (see report methodology note)
MAC_20260624040915_SELL_BREAKOUT,MAC,2026.06.24 04:09:15,SELL,BUY,BREAKOUT,BAD-RR TIMING BLOCK,A,4080.59,7.91,N,,0.416,0.076,0.456,0.076,0.88,0.076,0.904,0.076,0.904,0.076,5,5,15,,,,TARGET_FIRST,TARGET_FIRST,TARGET_FIRST,0.904,0.076,MIRRORED from original's own advATR/favATR at same real price path; does NOT include the extra spread cost of crossing to the opposite bid/ask side at entry (see report methodology note)
MAC_20260624041045_SELL_BREAKOUT,MAC,2026.06.24 04:10:45,SELL,BUY,BREAKOUT,BAD-LOCATION BLOCK,B,4080.05,8.63,N,,0.44,0.0,0.832,0.0,0.852,0.0,0.852,0.0,0.852,0.0,5,5,10,,,,TARGET_FIRST,TARGET_FIRST,TARGET_FIRST,0.852,0.0,MIRRORED from original's own advATR/favATR at same real price path; does NOT include the extra spread cost of crossing to the opposite bid/ask side at entry (see report methodology note)
MAC_20260624041512_SELL_TREND_PULLBACK,MAC,2026.06.24 04:15:12,SELL,BUY,TREND_PULLBACK,FAILED-IMPULSE BLOCK,A,4089.01,8.93,N,,0.024,0.0,0.404,0.0,0.424,0.0,0.424,0.0,0.424,0.372,10,10,,60,60,,TARGET_FIRST,TARGET_FIRST,NEITHER_5-60m,0.424,0.372,MIRRORED from original's own advATR/favATR at same real price path; does NOT include the extra spread cost of crossing to the opposite bid/ask side at entry (see report methodology note)
MAC_20260624042012_SELL_TREND_PULLBACK,MAC,2026.06.24 04:20:12,SELL,BUY,TREND_PULLBACK,NEWS FILTER (high-impact event nearby),A,4089.44,8.57,N,,0.4,0.0,0.42,0.0,0.42,0.0,0.42,0.224,0.42,0.656,5,5,,30,60,60,TARGET_FIRST,TARGET_FIRST,STOP_FIRST,0.42,0.656,MIRRORED from original's own advATR/favATR at same real price path; does NOT include the extra spread cost of crossing to the opposite bid/ask side at entry (see report methodology note)
MAC_20260624042512_SELL_TREND_PULLBACK,MAC,2026.06.24 04:25:12,SELL,BUY,TREND_PULLBACK,NEWS_AFTERMATH,A,4098.76,8.56,N,,0.0,0.012,0.0,0.168,0.0,0.168,0.0,0.66,0.0,1.168,,,,30,30,30,STOP_FIRST,STOP_FIRST,STOP_FIRST,0.0,1.168,MIRRORED from original's own advATR/favATR at same real price path; does NOT include the extra spread cost of crossing to the opposite bid/ask side at entry (see report methodology note)
MAC_20260624044012_SELL_TREND_PULLBACK,MAC,2026.06.24 04:40:12,SELL,BUY,TREND_PULLBACK,A+ EVIDENCE DEMOTION,A,4096.43,9.04,N,,0.0,0.172,0.0,0.52,0.0,0.52,0.0,0.676,0.0,1.564,,,,10,10,10,STOP_FIRST,STOP_FIRST,STOP_FIRST,0.0,1.564,MIRRORED from original's own advATR/favATR at same real price path; does NOT include the extra spread cost of crossing to the opposite bid/ask side at entry (see report methodology note)
MAC_20260624045012_SELL_TREND_PULLBACK,MAC,2026.06.24 04:50:12,SELL,BUY,TREND_PULLBACK,LATE-CHASE ENTRY BLOCK,A,4084.62,9.37,N,,0.032,0.0,0.26,0.0,0.26,0.0,0.26,0.396,0.26,1.14,10,,,30,30,60,TARGET_FIRST,STOP_FIRST,STOP_FIRST,0.26,1.14,MIRRORED from original's own advATR/favATR at same real price path; does NOT include the extra spread cost of crossing to the opposite bid/ask side at entry (see report methodology note)
MAC_20260624052012_SELL_TREND_PULLBACK,MAC,2026.06.24 05:20:12,SELL,BUY,TREND_PULLBACK,BAD-RR TIMING BLOCK,A,4075.3,7.9,N,,0.0,0.08,0.0,0.144,0.0,0.26,0.0,0.88,0.0,1.152,,,,15,30,30,STOP_FIRST,STOP_FIRST,STOP_FIRST,0.0,1.152,MIRRORED from original's own advATR/favATR at same real price path; does NOT include the extra spread cost of crossing to the opposite bid/ask side at entry (see report methodology note)
MAC_20260624054512_SELL_SQUEEZE_RELEASE,MAC,2026.06.24 05:45:12,SELL,BUY,SQUEEZE_RELEASE,BAD-RR TIMING BLOCK,A,4057.82,7.53,N,,0.06,0.0,0.4,0.0,0.4,0.0,0.4,0.06,0.652,0.28,10,10,60,60,,,TARGET_FIRST,TARGET_FIRST,TARGET_FIRST,0.652,0.28,MIRRORED from original's own advATR/favATR at same real price path; does NOT include the extra spread cost of crossing to the opposite bid/ask side at entry (see report methodology note)
MAC_20260624055012_SELL_SQUEEZE_RELEASE,MAC,2026.06.24 05:50:12,SELL,BUY,SQUEEZE_RELEASE,BAD-LOCATION BLOCK,A,4058.92,7.53,N,,0.34,0.0,0.34,0.0,0.34,0.116,0.34,0.34,0.596,0.34,5,5,60,30,30,,TARGET_FIRST,TARGET_FIRST,TARGET_FIRST,0.596,0.34,MIRRORED from original's own advATR/favATR at same real price path; does NOT include the extra spread cost of crossing to the opposite bid/ask side at entry (see report methodology note)
MAC_20260624062012_SELL_TREND_PULLBACK,MAC,2026.06.24 06:20:12,SELL,BUY,TREND_PULLBACK,BAD-RR TIMING BLOCK,A,4052.61,7.79,Y,60,0.108,0.0,0.296,0.0,0.456,0.0,0.9,0.0,1.204,0.0,10,15,30,,,,TARGET_FIRST,TARGET_FIRST,TARGET_FIRST,1.204,0.0,MIRRORED from original's own advATR/favATR at same real price path; does NOT include the extra spread cost of crossing to the opposite bid/ask side at entry (see report methodology note)
MAC_20260624062513_SELL_TREND_PULLBACK,MAC,2026.06.24 06:25:13,SELL,BUY,TREND_PULLBACK,BAD-LOCATION BLOCK,B,4054.67,7.79,Y,60,0.352,0.0,0.404,0.0,0.792,0.0,0.792,0.0,1.1,0.0,5,5,15,,,,TARGET_FIRST,TARGET_FIRST,TARGET_FIRST,1.1,0.0,MIRRORED from original's own advATR/favATR at same real price path; does NOT include the extra spread cost of crossing to the opposite bid/ask side at entry (see report methodology note)
MAC_20260624063512_SELL_TREND_PULLBACK,MAC,2026.06.24 06:35:12,SELL,BUY,TREND_PULLBACK,FAILED-IMPULSE BLOCK,A,4061.28,7.72,Y,60,0.064,0.0,0.46,0.0,0.46,0.0,0.768,0.0,1.024,0.0,10,10,30,,,,TARGET_FIRST,TARGET_FIRST,TARGET_FIRST,1.024,0.0,MIRRORED from original's own advATR/favATR at same real price path; does NOT include the extra spread cost of crossing to the opposite bid/ask side at entry (see report methodology note)
MAC_20260624065012_SELL_TREND_PULLBACK,MAC,2026.06.24 06:50:12,SELL,BUY,TREND_PULLBACK,A+ EVIDENCE DEMOTION,A,4067.36,6.84,N,,0.0,0.224,0.0,0.296,0.508,0.296,0.804,0.296,0.804,0.296,15,15,15,5,,,STOP_FIRST,TARGET_FIRST,TARGET_FIRST,0.804,0.296,MIRRORED from original's own advATR/favATR at same real price path; does NOT include the extra spread cost of crossing to the opposite bid/ask side at entry (see report methodology note)
MAC_20260624065512_SELL_TREND_PULLBACK,MAC,2026.06.24 06:55:12,SELL,BUY,TREND_PULLBACK,NEWS_AFTERMATH,A+,4063.48,6.51,Y,15,0.0,0.072,0.776,0.072,1.08,0.072,1.08,0.072,1.08,0.072,10,10,10,,,,TARGET_FIRST,TARGET_FIRST,TARGET_FIRST,1.08,0.072,MIRRORED from original's own advATR/favATR at same real price path; does NOT include the extra spread cost of crossing to the opposite bid/ask side at entry (see report methodology note)
MAC_20260624083513_BUY_BREAKOUT,MAC,2026.06.24 08:35:13,BUY,SELL,BREAKOUT,SMART-GUARD,A,4081.22,5.08,N,,0.412,0.0,0.556,0.0,0.604,0.0,0.604,0.656,0.604,1.288,5,5,10,30,30,30,TARGET_FIRST,TARGET_FIRST,TARGET_FIRST,0.604,1.288,MIRRORED from original's own advATR/favATR at same real price path; does NOT include the extra spread cost of crossing to the opposite bid/ask side at entry (see report methodology note)
MAC_20260624084013_SELL_TREND_PULLBACK,MAC,2026.06.24 08:40:13,SELL,BUY,TREND_PULLBACK,ANALYSIS-ONLY,A,4076.67,5.12,Y,30,0.0,0.196,0.0,0.244,0.016,0.244,1.632,0.244,1.632,0.244,30,30,30,10,,,STOP_FIRST,TARGET_FIRST,TARGET_FIRST,1.632,0.244,MIRRORED from original's own advATR/favATR at same real price path; does NOT include the extra spread cost of crossing to the opposite bid/ask side at entry (see report methodology note)
MAC_20260624084512_SELL_TREND_PULLBACK,MAC,2026.06.24 08:45:12,SELL,BUY,TREND_PULLBACK,ANTI-BIAS BLOCK,A,4075.95,5.33,Y,30,0.0,0.132,0.0,0.18,0.072,0.18,1.624,0.18,1.624,0.18,30,30,30,,,,TARGET_FIRST,TARGET_FIRST,TARGET_FIRST,1.624,0.18,MIRRORED from original's own advATR/favATR at same real price path; does NOT include the extra spread cost of crossing to the opposite bid/ask side at entry (see report methodology note)
MAC_20260624090014_SELL_TREND_PULLBACK,MAC,2026.06.24 09:00:14,SELL,BUY,TREND_PULLBACK,FAILED-IMPULSE BLOCK,A,4077.62,5.68,Y,10,0.84,0.0,1.404,0.0,1.404,0.0,1.404,0.0,1.404,0.0,5,5,5,,,,TARGET_FIRST,TARGET_FIRST,TARGET_FIRST,1.404,0.0,MIRRORED from original's own advATR/favATR at same real price path; does NOT include the extra spread cost of crossing to the opposite bid/ask side at entry (see report methodology note)
MAC_20260624093014_SELL_TREND_PULLBACK,MAC,2026.06.24 09:30:14,SELL,BUY,TREND_PULLBACK,NEWS_AFTERMATH,A,4085.76,7.44,N,,0.232,0.0,0.276,0.0,0.276,0.0,0.276,0.0,0.276,0.28,5,,,60,,,TARGET_FIRST,NEITHER_5-60m,NEITHER_5-60m,0.276,0.28,MIRRORED from original's own advATR/favATR at same real price path; does NOT include the extra spread cost of crossing to the opposite bid/ask side at entry (see report methodology note)
MAC_20260624094512_SELL_TREND_PULLBACK,MAC,2026.06.24 09:45:12,SELL,BUY,TREND_PULLBACK,ANTI-BIAS BLOCK,B,4090.67,6.58,N,,0.0,0.16,0.0,0.16,0.0,0.292,0.0,0.292,0.0,0.752,,,,15,60,60,STOP_FIRST,STOP_FIRST,STOP_FIRST,0.0,0.752,MIRRORED from original's own advATR/favATR at same real price path; does NOT include the extra spread cost of crossing to the opposite bid/ask side at entry (see report methodology note)
MAC_20260624101016_SELL_TREND_PULLBACK,MAC,2026.06.24 10:10:16,SELL,BUY,TREND_PULLBACK,DIR-LOCK — SELL side locked until 10,A,4088.52,6.56,N,,0.0,0.184,0.0,0.232,0.0,0.232,0.0,0.624,,,,,,10,30,30,STOP_FIRST,STOP_FIRST,STOP_FIRST,0.0,0.624,MIRRORED from original's own advATR/favATR at same real price path; does NOT include the extra spread cost of crossing to the opposite bid/ask side at entry (see report methodology note)
MAC_20260624102013_SELL_TREND_PULLBACK,MAC,2026.06.24 10:20:13,SELL,BUY,TREND_PULLBACK,BAD-RR TIMING BLOCK,A,4086.38,5.63,N,,0.0,0.12,0.0,0.416,0.0,0.576,,,,,,,,10,10,15,STOP_FIRST,STOP_FIRST,STOP_FIRST,0.0,0.576,MIRRORED from original's own advATR/favATR at same real price path; does NOT include the extra spread cost of crossing to the opposite bid/ask side at entry (see report methodology note)
MAC_20260624104013_SELL_TREND_PULLBACK,MAC,2026.06.24 10:40:13,SELL,BUY,TREND_PULLBACK,A+ EVIDENCE DEMOTION,A,4078.21,4.49,N,,,,,,,,,,,,,,,,,,NEITHER_5-60m,NEITHER_5-60m,NEITHER_5-60m,,,MIRRORED from original's own advATR/favATR at same real price path; does NOT include the extra spread cost of crossing to the opposite bid/ask side at entry (see report methodology note)
MAC_20260624104513_SELL_TREND_PULLBACK,MAC,2026.06.24 10:45:13,SELL,BUY,TREND_PULLBACK,LATE-CHASE ENTRY BLOCK,A,4082.32,4.7,N,,,,,,,,,,,,,,,,,,NEITHER_5-60m,NEITHER_5-60m,NEITHER_5-60m,,,MIRRORED from original's own advATR/favATR at same real price path; does NOT include the extra spread cost of crossing to the opposite bid/ask side at entry (see report methodology note)
MAC_20260624104914_SELL_TREND_PULLBACK,MAC,2026.06.24 10:49:14,SELL,BUY,TREND_PULLBACK,FAILED-IMPULSE BLOCK,A,4085.0,4.7,N,,0.0,0.564,0.0,0.784,0.0,0.784,0.0,0.896,,,,,,5,5,5,STOP_FIRST,STOP_FIRST,STOP_FIRST,0.0,0.896,MIRRORED from original's own advATR/favATR at same real price path; does NOT include the extra spread cost of crossing to the opposite bid/ask side at entry (see report methodology note)
MAC_20260624105512_SELL_TREND_PULLBACK,MAC,2026.06.24 10:55:12,SELL,BUY,TREND_PULLBACK,BAD-LOCATION BLOCK,A,4078.32,5.14,N,,0.0,0.196,0.0,0.196,0.0,0.196,,,,,,,,,,,NEITHER_5-60m,NEITHER_5-60m,NEITHER_5-60m,0.0,0.196,MIRRORED from original's own advATR/favATR at same real price path; does NOT include the extra spread cost of crossing to the opposite bid/ask side at entry (see report methodology note)
MAC_20260624110012_SELL_TREND_PULLBACK,MAC,2026.06.24 11:00:12,SELL,BUY,TREND_PULLBACK,A+ EVIDENCE DEMOTION,A,4075.7,5.14,N,,0.12,0.0,0.12,0.0,0.12,0.096,,,,,,,,,,,NEITHER_5-60m,NEITHER_5-60m,NEITHER_5-60m,0.12,0.096,MIRRORED from original's own advATR/favATR at same real price path; does NOT include the extra spread cost of crossing to the opposite bid/ask side at entry (see report methodology note)
MAC_20260624112541_SELL_TREND_PULLBACK,MAC,2026.06.24 11:25:41,SELL,BUY,TREND_PULLBACK,FAILED-IMPULSE BLOCK,A,4079.75,4.69,N,,0.44,0.0,0.44,0.0,0.44,0.0,0.44,0.268,,,5,5,,30,,,TARGET_FIRST,TARGET_FIRST,NEITHER_5-60m,0.44,0.268,MIRRORED from original's own advATR/favATR at same real price path; does NOT include the extra spread cost of crossing to the opposite bid/ask side at entry (see report methodology note)
MAC_20260624114012_SELL_TREND_PULLBACK,MAC,2026.06.24 11:40:12,SELL,BUY,TREND_PULLBACK,A+ EVIDENCE DEMOTION,A,4082.6,5.31,N,,0.044,0.0,0.044,0.212,0.044,0.36,0.044,0.888,,,,,,10,15,30,STOP_FIRST,STOP_FIRST,STOP_FIRST,0.044,0.888,MIRRORED from original's own advATR/favATR at same real price path; does NOT include the extra spread cost of crossing to the opposite bid/ask side at entry (see report methodology note)
MAC_20260624115012_SELL_TREND_PULLBACK,MAC,2026.06.24 11:50:12,SELL,BUY,TREND_PULLBACK,NEWS_AFTERMATH,A+,4079.71,5.3,N,,0.0,0.144,0.0,0.232,0.0,0.352,,,,,,,,10,15,,STOP_FIRST,STOP_FIRST,NEITHER_5-60m,0.0,0.352,MIRRORED from original's own advATR/favATR at same real price path; does NOT include the extra spread cost of crossing to the opposite bid/ask side at entry (see report methodology note)
MAC_20260624120013_SELL_TREND_PULLBACK,MAC,2026.06.24 12:00:13,SELL,BUY,TREND_PULLBACK,BAD-LOCATION BLOCK,A,4076.5,4.92,N,,0.0,0.464,0.048,0.464,,,,,,,,,,5,5,,STOP_FIRST,STOP_FIRST,NEITHER_5-60m,0.048,0.464,MIRRORED from original's own advATR/favATR at same real price path; does NOT include the extra spread cost of crossing to the opposite bid/ask side at entry (see report methodology note)
MAC_20260624121731_SELL_TREND_PULLBACK,MAC,2026.06.24 12:17:31,SELL,BUY,TREND_PULLBACK,A+ EVIDENCE DEMOTION,A,4077.56,4.75,N,,,,,,,,,,,,,,,,,,NEITHER_5-60m,NEITHER_5-60m,NEITHER_5-60m,,,MIRRORED from original's own advATR/favATR at same real price path; does NOT include the extra spread cost of crossing to the opposite bid/ask side at entry (see report methodology note)
MAC_20260624121906_SELL_TREND_PULLBACK,MAC,2026.06.24 12:19:06,SELL,BUY,TREND_PULLBACK,A+ EVIDENCE DEMOTION,A,4078.44,4.75,N,,0.0,0.376,0.0,1.484,0.0,1.908,0.0,2.168,0.0,2.44,,,,5,5,10,STOP_FIRST,STOP_FIRST,STOP_FIRST,0.0,2.44,MIRRORED from original's own advATR/favATR at same real price path; does NOT include the extra spread cost of crossing to the opposite bid/ask side at entry (see report methodology note)
MAC_20260624131049_SELL_SQUEEZE_RELEASE,MAC,2026.06.24 13:10:49,SELL,BUY,SQUEEZE_RELEASE,A+ EVIDENCE DEMOTION,A,4060.78,4.77,N,,0.0,0.416,0.0,0.676,0.0,0.944,0.0,1.2,0.0,1.5,,,,5,5,10,STOP_FIRST,STOP_FIRST,STOP_FIRST,0.0,1.5,MIRRORED from original's own advATR/favATR at same real price path; does NOT include the extra spread cost of crossing to the opposite bid/ask side at entry (see report methodology note)
MAC_20260624141013_SELL_TREND_PULLBACK,MAC,2026.06.24 14:10:13,SELL,BUY,TREND_PULLBACK,A+ EVIDENCE DEMOTION,A,4049.54,5.12,N,,0.0,0.52,0.0,0.52,0.0,0.52,0.136,0.52,0.272,0.856,60,,,5,5,5,STOP_FIRST,STOP_FIRST,STOP_FIRST,0.272,0.856,MIRRORED from original's own advATR/favATR at same real price path; does NOT include the extra spread cost of crossing to the opposite bid/ask side at entry (see report methodology note)
MAC_20260624141513_SELL_TREND_PULLBACK,MAC,2026.06.24 14:15:13,SELL,BUY,TREND_PULLBACK,BAD-RR TIMING BLOCK,A,4046.33,5.26,N,,0.0,0.26,0.0,0.26,0.0,0.26,0.376,0.26,0.508,0.588,30,30,60,5,60,60,STOP_FIRST,TARGET_FIRST,SIMULTANEOUS_SAME_CHECKPOINT,0.508,0.588,MIRRORED from original's own advATR/favATR at same real price path; does NOT include the extra spread cost of crossing to the opposite bid/ask side at entry (see report methodology note)
MAC_20260624142012_SELL_BREAKOUT,MAC,2026.06.24 14:20:12,SELL,BUY,BREAKOUT,BAD-LOCATION BLOCK,A,4042.94,5.71,N,,0.196,0.0,0.196,0.0,0.196,0.0,0.584,0.0,0.708,0.304,30,30,30,60,60,,TARGET_FIRST,TARGET_FIRST,TARGET_FIRST,0.708,0.304,MIRRORED from original's own advATR/favATR at same real price path; does NOT include the extra spread cost of crossing to the opposite bid/ask side at entry (see report methodology note)
MAC_20260624142513_SELL_TREND_PULLBACK,MAC,2026.06.24 14:25:13,SELL,BUY,TREND_PULLBACK,BAD-LOCATION BLOCK,A,4045.86,5.94,N,,0.0,0.14,0.364,0.14,0.364,0.14,0.484,0.14,0.484,2.072,10,10,,60,60,60,TARGET_FIRST,TARGET_FIRST,STOP_FIRST,0.484,2.072,MIRRORED from original's own advATR/favATR at same real price path; does NOT include the extra spread cost of crossing to the opposite bid/ask side at entry (see report methodology note)
MAC_20260624145512_SELL_TREND_PULLBACK,MAC,2026.06.24 14:55:12,SELL,BUY,TREND_PULLBACK,FAILED-IMPULSE BLOCK,A,4053.09,7.0,N,,0.0,0.344,0.0,0.5,0.0,0.828,0.0,2.096,0.0,2.88,,,,5,5,10,STOP_FIRST,STOP_FIRST,STOP_FIRST,0.0,2.88,MIRRORED from original's own advATR/favATR at same real price path; does NOT include the extra spread cost of crossing to the opposite bid/ask side at entry (see report methodology note)
MAC_20260624150012_SELL_TREND_PULLBACK,MAC,2026.06.24 15:00:12,SELL,BUY,TREND_PULLBACK,NEWS_AFTERMATH,A+,4046.77,7.35,N,,0.0,0.132,0.0,0.444,0.0,0.444,0.0,1.724,0.0,3.24,,,,10,10,30,STOP_FIRST,STOP_FIRST,STOP_FIRST,0.0,3.24,MIRRORED from original's own advATR/favATR at same real price path; does NOT include the extra spread cost of crossing to the opposite bid/ask side at entry (see report methodology note)
MAC_20260624150512_SELL_TREND_PULLBACK,MAC,2026.06.24 15:05:12,SELL,BUY,TREND_PULLBACK,LATE-CHASE ENTRY BLOCK,A,4044.37,7.34,N,,0.0,0.316,0.0,0.316,0.0,0.316,0.0,1.596,0.0,3.26,,,,5,5,30,STOP_FIRST,STOP_FIRST,STOP_FIRST,0.0,3.26,MIRRORED from original's own advATR/favATR at same real price path; does NOT include the extra spread cost of crossing to the opposite bid/ask side at entry (see report methodology note)
MAC_20260624151513_BUY_LONDON_FIX_PIN,MAC,2026.06.24 15:15:13,BUY,SELL,LONDON_FIX_PIN,NEWS_AFTERMATH,B,4039.58,7.76,Y,5,1.192,0.0,1.264,0.0,1.264,0.0,1.724,0.0,3.456,0.0,5,5,5,,,,TARGET_FIRST,TARGET_FIRST,TARGET_FIRST,3.456,0.0,MIRRORED from original's own advATR/favATR at same real price path; does NOT include the extra spread cost of crossing to the opposite bid/ask side at entry (see report methodology note)
MAC_20260624152512_SELL_TREND_PULLBACK,MAC,2026.06.24 15:25:12,SELL,BUY,TREND_PULLBACK,A+ EVIDENCE DEMOTION,A,4016.29,7.83,N,,0.0,0.06,0.104,0.06,0.104,0.244,0.104,0.692,0.104,2.236,,,,15,30,30,STOP_FIRST,STOP_FIRST,STOP_FIRST,0.104,2.236,MIRRORED from original's own advATR/favATR at same real price path; does NOT include the extra spread cost of crossing to the opposite bid/ask side at entry (see report methodology note)
MAC_20260624153012_SELL_TREND_PULLBACK,MAC,2026.06.24 15:30:12,SELL,BUY,TREND_PULLBACK,BAD-LOCATION BLOCK,A,4014.47,9.11,N,,0.168,0.0,0.168,0.132,0.168,0.132,0.168,1.2,0.168,1.84,,,,30,30,30,STOP_FIRST,STOP_FIRST,STOP_FIRST,0.168,1.84,MIRRORED from original's own advATR/favATR at same real price path; does NOT include the extra spread cost of crossing to the opposite bid/ask side at entry (see report methodology note)
MAC_20260624153512_SELL_BREAKOUT,MAC,2026.06.24 15:35:12,SELL,BUY,BREAKOUT,BAD-LOCATION BLOCK,A,4017.97,9.45,N,,0.0,0.272,0.0,0.272,0.0,0.5,0.0,1.412,0.0,1.924,,,,5,15,15,STOP_FIRST,STOP_FIRST,STOP_FIRST,0.0,1.924,MIRRORED from original's own advATR/favATR at same real price path; does NOT include the extra spread cost of crossing to the opposite bid/ask side at entry (see report methodology note)
MAC_20260624154012_SELL_BREAKOUT,MAC,2026.06.24 15:40:12,SELL,BUY,BREAKOUT,A+ EVIDENCE DEMOTION,A,4011.42,9.75,N,,0.1,0.0,0.1,0.216,0.1,0.356,0.1,1.42,0.1,1.596,,,,10,15,30,STOP_FIRST,STOP_FIRST,STOP_FIRST,0.1,1.596,MIRRORED from original's own advATR/favATR at same real price path; does NOT include the extra spread cost of crossing to the opposite bid/ask side at entry (see report methodology note)
MAC_20260624154512_SELL_SQUEEZE_RELEASE,MAC,2026.06.24 15:45:12,SELL,BUY,SQUEEZE_RELEASE,A+ EVIDENCE DEMOTION,A,4013.85,9.96,N,,0.0,0.308,0.0,0.448,0.0,1.072,0.0,1.54,0.156,1.66,,,,5,5,15,STOP_FIRST,STOP_FIRST,STOP_FIRST,0.156,1.66,MIRRORED from original's own advATR/favATR at same real price path; does NOT include the extra spread cost of crossing to the opposite bid/ask side at entry (see report methodology note)
MAC_20260624162012_SELL_SQUEEZE_RELEASE,MAC,2026.06.24 16:20:12,SELL,BUY,SQUEEZE_RELEASE,BAD-LOCATION BLOCK,A,3972.65,13.1,Y,30,0.032,0.0,0.236,0.0,0.596,0.0,1.48,0.0,2.068,0.0,10,15,15,,,,TARGET_FIRST,TARGET_FIRST,TARGET_FIRST,2.068,0.0,MIRRORED from original's own advATR/favATR at same real price path; does NOT include the extra spread cost of crossing to the opposite bid/ask side at entry (see report methodology note)
MAC_20260624164012_SELL_TREND_PULLBACK,MAC,2026.06.24 16:40:12,SELL,BUY,TREND_PULLBACK,A+ EVIDENCE DEMOTION,A,4004.18,14.01,Y,30,0.384,0.0,0.484,0.0,0.744,0.0,1.032,0.0,1.032,0.0,5,5,15,,,,TARGET_FIRST,TARGET_FIRST,TARGET_FIRST,1.032,0.0,MIRRORED from original's own advATR/favATR at same real price path; does NOT include the extra spread cost of crossing to the opposite bid/ask side at entry (see report methodology note)
MAC_20260624170012_SELL_TREND_PULLBACK,MAC,2026.06.24 17:00:12,SELL,BUY,TREND_PULLBACK,FAILED-IMPULSE BLOCK,A,4040.9,15.22,N,,0.0,0.384,0.0,0.384,0.0,0.532,0.0,0.624,0.0,0.928,,,,5,5,15,STOP_FIRST,STOP_FIRST,STOP_FIRST,0.0,0.928,MIRRORED from original's own advATR/favATR at same real price path; does NOT include the extra spread cost of crossing to the opposite bid/ask side at entry (see report methodology note)
MAC_20260624170512_SELL_TREND_PULLBACK,MAC,2026.06.24 17:05:12,SELL,BUY,TREND_PULLBACK,NEWS_AFTERMATH,A+,4026.67,16.0,N,,0.028,0.0,0.028,0.148,0.028,0.236,0.124,0.236,0.124,0.604,,,,15,60,60,STOP_FIRST,STOP_FIRST,STOP_FIRST,0.124,0.604,MIRRORED from original's own advATR/favATR at same real price path; does NOT include the extra spread cost of crossing to the opposite bid/ask side at entry (see report methodology note)
MAC_20260624171012_SELL_TREND_PULLBACK,MAC,2026.06.24 17:10:12,SELL,BUY,TREND_PULLBACK,SMART-GUARD,A+,4027.57,15.47,N,,0.0,0.18,0.0,0.268,0.0,0.268,0.104,0.268,0.104,0.704,,,,10,60,60,STOP_FIRST,STOP_FIRST,STOP_FIRST,0.104,0.704,MIRRORED from original's own advATR/favATR at same real price path; does NOT include the extra spread cost of crossing to the opposite bid/ask side at entry (see report methodology note)
MAC_20260624175512_SELL_TREND_PULLBACK,MAC,2026.06.24 17:55:12,SELL,BUY,TREND_PULLBACK,A+ EVIDENCE DEMOTION,A,4005.78,11.37,N,,0.04,0.0,0.04,0.116,0.04,0.192,0.224,0.192,0.304,0.192,30,60,,,,,TARGET_FIRST,TARGET_FIRST,NEITHER_5-60m,0.304,0.192,MIRRORED from original's own advATR/favATR at same real price path; does NOT include the extra spread cost of crossing to the opposite bid/ask side at entry (see report methodology note)
MAC_20260624182012_SELL_TREND_PULLBACK,MAC,2026.06.24 18:20:12,SELL,BUY,TREND_PULLBACK,FAILED-IMPULSE BLOCK,A,4011.89,8.92,N,,0.0,0.228,0.064,0.228,0.064,0.228,0.112,0.328,0.112,0.532,,,,5,30,60,STOP_FIRST,STOP_FIRST,STOP_FIRST,0.112,0.532,MIRRORED from original's own advATR/favATR at same real price path; does NOT include the extra spread cost of crossing to the opposite bid/ask side at entry (see report methodology note)
MAC_20260624184512_SELL_TREND_PULLBACK,MAC,2026.06.24 18:45:12,SELL,BUY,TREND_PULLBACK,BAD-LOCATION BLOCK,A,4004.54,8.13,N,,0.484,0.0,0.484,0.0,0.484,0.136,0.484,0.224,0.704,0.224,5,5,60,30,,,TARGET_FIRST,TARGET_FIRST,TARGET_FIRST,0.704,0.224,MIRRORED from original's own advATR/favATR at same real price path; does NOT include the extra spread cost of crossing to the opposite bid/ask side at entry (see report methodology note)
MAC_20260624185512_SELL_TREND_PULLBACK,MAC,2026.06.24 18:55:12,SELL,BUY,TREND_PULLBACK,NEWS_AFTERMATH,A+,4005.06,8.14,N,,0.0,0.16,0.0,0.16,0.0,0.248,0.296,0.248,0.676,0.248,30,60,60,15,,,STOP_FIRST,TARGET_FIRST,TARGET_FIRST,0.676,0.248,MIRRORED from original's own advATR/favATR at same real price path; does NOT include the extra spread cost of crossing to the opposite bid/ask side at entry (see report methodology note)
MAC_20260624192513_SELL_TREND_PULLBACK,MAC,2026.06.24 19:25:13,SELL,BUY,TREND_PULLBACK,FAILED-IMPULSE BLOCK,A,4011.05,8.22,N,,0.232,0.0,0.38,0.0,0.38,0.0,0.38,0.232,0.38,1.06,5,10,,30,60,60,TARGET_FIRST,TARGET_FIRST,STOP_FIRST,0.38,1.06,MIRRORED from original's own advATR/favATR at same real price path; does NOT include the extra spread cost of crossing to the opposite bid/ask side at entry (see report methodology note)
MAC_20260624193513_SELL_TREND_PULLBACK,MAC,2026.06.24 19:35:13,SELL,BUY,TREND_PULLBACK,A+ EVIDENCE DEMOTION,A,4015.79,7.87,N,,0.156,0.232,0.156,0.36,0.156,0.464,0.156,0.492,0.156,1.544,,,,5,10,60,STOP_FIRST,STOP_FIRST,STOP_FIRST,0.156,1.544,MIRRORED from original's own advATR/favATR at same real price path; does NOT include the extra spread cost of crossing to the opposite bid/ask side at entry (see report methodology note)
MAC_20260624200012_SELL_TREND_PULLBACK,MAC,2026.06.24 20:00:12,SELL,BUY,TREND_PULLBACK,NEWS_AFTERMATH,A+,4006.2,7.06,N,,0.168,0.0,0.168,0.008,0.168,0.012,0.168,0.96,0.168,1.788,,,,30,30,30,STOP_FIRST,STOP_FIRST,STOP_FIRST,0.168,1.788,MIRRORED from original's own advATR/favATR at same real price path; does NOT include the extra spread cost of crossing to the opposite bid/ask side at entry (see report methodology note)
MAC_20260624203012_SELL_BREAKOUT,MAC,2026.06.24 20:30:12,SELL,BUY,BREAKOUT,BAD-RR TIMING BLOCK,A,3989.25,6.5,N,,0.0,0.148,0.0,0.232,0.0,0.28,0.0,0.9,0.0,1.02,,,,10,30,30,STOP_FIRST,STOP_FIRST,STOP_FIRST,0.0,1.02,MIRRORED from original's own advATR/favATR at same real price path; does NOT include the extra spread cost of crossing to the opposite bid/ask side at entry (see report methodology note)
MAC_20260624204012_SELL_SQUEEZE_RELEASE,MAC,2026.06.24 20:40:12,SELL,BUY,SQUEEZE_RELEASE,BAD-RR TIMING BLOCK,A,3985.47,6.11,N,,0.0,0.052,0.0,0.24,0.0,0.376,0.0,0.84,0.224,0.84,60,,,10,15,30,STOP_FIRST,STOP_FIRST,STOP_FIRST,0.224,0.84,MIRRORED from original's own advATR/favATR at same real price path; does NOT include the extra spread cost of crossing to the opposite bid/ask side at entry (see report methodology note)
MAC_20260624204512_SELL_TREND_PULLBACK,MAC,2026.06.24 20:45:12,SELL,BUY,TREND_PULLBACK,BAD-RR TIMING BLOCK,A,3984.84,5.95,N,,0.0,0.204,0.0,0.344,0.0,0.684,0.236,0.82,0.272,0.82,30,,,5,10,15,STOP_FIRST,STOP_FIRST,STOP_FIRST,0.272,0.82,MIRRORED from original's own advATR/favATR at same real price path; does NOT include the extra spread cost of crossing to the opposite bid/ask side at entry (see report methodology note)
MAC_20260624205012_SELL_SQUEEZE_RELEASE,MAC,2026.06.24 20:50:12,SELL,BUY,SQUEEZE_RELEASE,A+ EVIDENCE DEMOTION,A,3981.76,5.91,N,,0.0,0.136,0.0,0.48,0.0,0.616,0.444,0.616,0.48,0.616,30,30,,10,10,15,STOP_FIRST,STOP_FIRST,STOP_FIRST,0.48,0.616,MIRRORED from original's own advATR/favATR at same real price path; does NOT include the extra spread cost of crossing to the opposite bid/ask side at entry (see report methodology note)
MAC_20260624210512_SELL_BREAKOUT,MAC,2026.06.24 21:05:12,SELL,BUY,BREAKOUT,A+ EVIDENCE DEMOTION,A,3972.23,6.77,N,,0.556,0.0,0.952,0.0,0.952,0.0,0.984,0.0,0.984,0.0,5,5,5,,,,TARGET_FIRST,TARGET_FIRST,TARGET_FIRST,0.984,0.0,MIRRORED from original's own advATR/favATR at same real price path; does NOT include the extra spread cost of crossing to the opposite bid/ask side at entry (see report methodology note)
MAC_20260624212012_SELL_TREND_PULLBACK,MAC,2026.06.24 21:20:12,SELL,BUY,TREND_PULLBACK,A+ EVIDENCE DEMOTION,A,3986.07,8.25,N,,0.136,0.0,0.136,0.0,0.136,0.0,0.136,0.0,0.136,0.0,,,,,,,NEITHER_5-60m,NEITHER_5-60m,NEITHER_5-60m,0.136,0.0,MIRRORED from original's own advATR/favATR at same real price path; does NOT include the extra spread cost of crossing to the opposite bid/ask side at entry (see report methodology note)
MAC_20260624225905_SELL_TREND_PULLBACK,MAC,2026.06.24 22:59:05,SELL,BUY,TREND_PULLBACK,FAILED-IMPULSE BLOCK,A,3988.24,5.27,N,,0.0,0.008,0.0,0.008,0.0,0.008,0.0,0.008,0.0,0.008,,,,,,,NEITHER_5-60m,NEITHER_5-60m,NEITHER_5-60m,0.0,0.008,MIRRORED from original's own advATR/favATR at same real price path; does NOT include the extra spread cost of crossing to the opposite bid/ask side at entry (see report methodology note)
MAC_20260625000109_SELL_TREND_PULLBACK,MAC,2026.06.25 00:01:09,SELL,BUY,TREND_PULLBACK,FAILED-IMPULSE BLOCK,A,3988.07,5.27,Y,60,0.004,0.0,0.004,0.0,0.004,0.0,0.004,0.0,1.408,0.0,60,60,60,,,,TARGET_FIRST,TARGET_FIRST,TARGET_FIRST,1.408,0.0,MIRRORED from original's own advATR/favATR at same real price path; does NOT include the extra spread cost of crossing to the opposite bid/ask side at entry (see report methodology note)
MAC_20260625010013_SELL_TREND_PULLBACK,MAC,2026.06.25 01:00:13,SELL,BUY,TREND_PULLBACK,SPREAD_TOO_WIDE,A+,4001.28,5.25,N,,0.408,0.0,0.408,0.0,0.408,0.028,0.408,0.148,0.952,0.148,5,5,60,,,,TARGET_FIRST,TARGET_FIRST,TARGET_FIRST,0.952,0.148,MIRRORED from original's own advATR/favATR at same real price path; does NOT include the extra spread cost of crossing to the opposite bid/ask side at entry (see report methodology note)
MAC_20260625010513_BUY_BREAKOUT,MAC,2026.06.25 01:05:13,BUY,SELL,BREAKOUT,SMART-GUARD,A,4007.03,6.33,N,,0.344,0.0,0.384,0.0,0.488,0.0,0.488,0.424,0.488,0.544,5,5,,30,30,60,TARGET_FIRST,TARGET_FIRST,STOP_FIRST,0.488,0.544,MIRRORED from original's own advATR/favATR at same real price path; does NOT include the extra spread cost of crossing to the opposite bid/ask side at entry (see report methodology note)
MAC_20260625011012_BUY_BREAKOUT,MAC,2026.06.25 01:10:12,BUY,SELL,BREAKOUT,B-GRADE QUALITY BLOCK,B,4004.08,6.48,N,,0.156,0.0,0.196,0.0,0.292,0.0,0.292,0.596,0.292,0.716,15,,,30,30,30,TARGET_FIRST,STOP_FIRST,STOP_FIRST,0.292,0.716,MIRRORED from original's own advATR/favATR at same real price path; does NOT include the extra spread cost of crossing to the opposite bid/ask side at entry (see report methodology note)
MAC_20260625011513_SELL_TREND_PULLBACK,MAC,2026.06.25 01:15:13,SELL,BUY,TREND_PULLBACK,SMART-GUARD,A+,4001.5,6.28,Y,60,0.0,0.036,0.0,0.136,0.78,0.136,0.904,0.136,1.02,0.136,15,15,15,,,,TARGET_FIRST,TARGET_FIRST,TARGET_FIRST,1.02,0.136,MIRRORED from original's own advATR/favATR at same real price path; does NOT include the extra spread cost of crossing to the opposite bid/ask side at entry (see report methodology note)
MAC_20260625023557_SELL_TREND_PULLBACK,MAC,2026.06.25 02:35:57,SELL,BUY,TREND_PULLBACK,A+ EVIDENCE DEMOTION,A,4013.32,4.41,N,,0.38,0.0,0.38,0.032,0.38,0.248,0.38,0.288,0.38,2.82,5,5,,15,60,60,TARGET_FIRST,TARGET_FIRST,STOP_FIRST,0.38,2.82,MIRRORED from original's own advATR/favATR at same real price path; does NOT include the extra spread cost of crossing to the opposite bid/ask side at entry (see report methodology note)
MAC_20260625024513_SELL_TREND_PULLBACK,MAC,2026.06.25 02:45:13,SELL,BUY,TREND_PULLBACK,ANTI-BIAS BLOCK,A,4017.55,5.04,N,,0.0,0.552,0.0,0.584,0.0,0.584,0.0,1.252,0.0,2.8,,,,5,5,5,STOP_FIRST,STOP_FIRST,STOP_FIRST,0.0,2.8,MIRRORED from original's own advATR/favATR at same real price path; does NOT include the extra spread cost of crossing to the opposite bid/ask side at entry (see report methodology note)
MAC_20260625030014_SELL_TREND_PULLBACK,MAC,2026.06.25 03:00:14,SELL,BUY,TREND_PULLBACK,FAILED-IMPULSE BLOCK,A,4010.17,5.26,N,,0.292,0.0,0.292,0.512,0.292,0.64,0.292,1.784,0.292,2.12,5,,,10,10,10,TARGET_FIRST,STOP_FIRST,STOP_FIRST,0.292,2.12,MIRRORED from original's own advATR/favATR at same real price path; does NOT include the extra spread cost of crossing to the opposite bid/ask side at entry (see report methodology note)
MAC_20260625032514_SELL_TREND_PULLBACK,MAC,2026.06.25 03:25:14,SELL,BUY,TREND_PULLBACK,ANALYSIS-ONLY,A,4001.58,6.12,N,,0.0,0.972,0.0,1.264,0.0,1.264,0.0,1.264,0.0,1.264,,,,5,5,5,STOP_FIRST,STOP_FIRST,STOP_FIRST,0.0,1.264,MIRRORED from original's own advATR/favATR at same real price path; does NOT include the extra spread cost of crossing to the opposite bid/ask side at entry (see report methodology note)
MAC_20260625034014_SELL_TREND_PULLBACK,MAC,2026.06.25 03:40:14,SELL,BUY,TREND_PULLBACK,A+ EVIDENCE DEMOTION,A,3981.99,6.99,Y,10,0.152,0.0,1.036,0.0,1.036,0.0,1.036,0.0,1.036,0.016,10,10,10,,,,TARGET_FIRST,TARGET_FIRST,TARGET_FIRST,1.036,0.016,MIRRORED from original's own advATR/favATR at same real price path; does NOT include the extra spread cost of crossing to the opposite bid/ask side at entry (see report methodology note)
MAC_20260625034513_SELL_TREND_PULLBACK,MAC,2026.06.25 03:45:13,SELL,BUY,TREND_PULLBACK,BAD-RR TIMING BLOCK,A,3986.03,6.67,N,,0.844,0.16,0.844,0.16,0.844,0.16,0.844,0.16,0.844,0.26,5,5,5,60,,,TARGET_FIRST,TARGET_FIRST,TARGET_FIRST,0.844,0.26,MIRRORED from original's own advATR/favATR at same real price path; does NOT include the extra spread cost of crossing to the opposite bid/ask side at entry (see report methodology note)
MAC_20260625040512_SELL_TREND_PULLBACK,MAC,2026.06.25 04:05:12,SELL,BUY,TREND_PULLBACK,ANTI-BIAS BLOCK,A+,3994.63,8.68,N,,0.0,0.284,0.0,0.484,0.08,0.484,0.14,0.524,0.14,0.9,,,,5,10,30,STOP_FIRST,STOP_FIRST,STOP_FIRST,0.14,0.9,MIRRORED from original's own advATR/favATR at same real price path; does NOT include the extra spread cost of crossing to the opposite bid/ask side at entry (see report methodology note)
MAC_20260625041513_SELL_TREND_PULLBACK,MAC,2026.06.25 04:15:13,SELL,BUY,TREND_PULLBACK,LATE-CHASE ENTRY BLOCK,A,3984.89,9.4,N,,0.544,0.0,0.544,0.0,0.544,0.068,0.544,0.136,0.544,0.82,5,5,5,60,60,60,TARGET_FIRST,TARGET_FIRST,TARGET_FIRST,0.544,0.82,MIRRORED from original's own advATR/favATR at same real price path; does NOT include the extra spread cost of crossing to the opposite bid/ask side at entry (see report methodology note)
MAC_20260625042513_SELL_TREND_PULLBACK,MAC,2026.06.25 04:25:13,SELL,BUY,TREND_PULLBACK,FAILED-IMPULSE BLOCK,A,3997.79,9.38,N,,0.0,0.62,0.0,0.62,0.0,0.688,0.0,0.904,0.0,1.372,,,,5,5,5,STOP_FIRST,STOP_FIRST,STOP_FIRST,0.0,1.372,MIRRORED from original's own advATR/favATR at same real price path; does NOT include the extra spread cost of crossing to the opposite bid/ask side at entry (see report methodology note)
MAC_20260625043013_SELL_TREND_PULLBACK,MAC,2026.06.25 04:30:13,SELL,BUY,TREND_PULLBACK,NEWS_AFTERMATH,A+,3991.73,9.65,N,,0.0,0.352,0.0,0.416,0.0,0.416,0.0,0.688,0.0,1.08,,,,5,5,30,STOP_FIRST,STOP_FIRST,STOP_FIRST,0.0,1.08,MIRRORED from original's own advATR/favATR at same real price path; does NOT include the extra spread cost of crossing to the opposite bid/ask side at entry (see report methodology note)
MAC_20260625043514_SELL_TREND_PULLBACK,MAC,2026.06.25 04:35:14,SELL,BUY,TREND_PULLBACK,BAD-LOCATION BLOCK,A,3982.58,10.28,N,,0.176,0.036,0.176,0.036,0.176,0.036,0.176,0.66,0.176,0.66,,,,30,30,30,STOP_FIRST,STOP_FIRST,STOP_FIRST,0.176,0.66,MIRRORED from original's own advATR/favATR at same real price path; does NOT include the extra spread cost of crossing to the opposite bid/ask side at entry (see report methodology note)
MAC_20260625045513_SELL_TREND_PULLBACK,MAC,2026.06.25 04:55:13,SELL,BUY,TREND_PULLBACK,A+ EVIDENCE DEMOTION,A,3981.87,10.95,N,,0.0,0.244,0.0,0.592,0.0,0.592,0.156,0.592,0.16,0.592,,,,5,10,10,STOP_FIRST,STOP_FIRST,STOP_FIRST,0.16,0.592,MIRRORED from original's own advATR/favATR at same real price path; does NOT include the extra spread cost of crossing to the opposite bid/ask side at entry (see report methodology note)
MAC_20260625050513_SELL_TREND_PULLBACK,MAC,2026.06.25 05:05:13,SELL,BUY,TREND_PULLBACK,BAD-RR TIMING BLOCK,A,3975.73,10.49,N,,0.0,0.384,0.224,0.384,0.396,0.384,0.4,0.384,0.4,0.384,10,15,,5,5,,STOP_FIRST,STOP_FIRST,NEITHER_5-60m,0.4,0.384,MIRRORED from original's own advATR/favATR at same real price path; does NOT include the extra spread cost of crossing to the opposite bid/ask side at entry (see report methodology note)
MAC_20260625052013_SELL_TREND_PULLBACK,MAC,2026.06.25 05:20:13,SELL,BUY,TREND_PULLBACK,LATE-CHASE ENTRY BLOCK,A,3981.26,10.11,N,,0.192,0.048,0.196,0.048,0.196,0.048,0.196,0.092,0.196,0.468,,,,60,60,,STOP_FIRST,STOP_FIRST,NEITHER_5-60m,0.196,0.468,MIRRORED from original's own advATR/favATR at same real price path; does NOT include the extra spread cost of crossing to the opposite bid/ask side at entry (see report methodology note)
MAC_20260625055516_SELL_TREND_PULLBACK,MAC,2026.06.25 05:55:16,SELL,BUY,TREND_PULLBACK,Trade blocked — spread,A,3978.85,9.01,N,,0.18,0.0,0.18,0.3,0.18,0.416,0.18,0.416,0.888,0.416,60,60,60,10,10,,STOP_FIRST,STOP_FIRST,TARGET_FIRST,0.888,0.416,MIRRORED from original's own advATR/favATR at same real price path; does NOT include the extra spread cost of crossing to the opposite bid/ask side at entry (see report methodology note)
MAC_20260625060012_SELL_TREND_PULLBACK,MAC,2026.06.25 06:00:12,SELL,BUY,TREND_PULLBACK,FAILED-IMPULSE BLOCK,A,3982.59,8.88,N,,0.0,0.108,0.0,0.472,0.0,0.592,0.0,0.592,0.732,0.592,60,60,60,10,10,15,STOP_FIRST,STOP_FIRST,STOP_FIRST,0.732,0.592,MIRRORED from original's own advATR/favATR at same real price path; does NOT include the extra spread cost of crossing to the opposite bid/ask side at entry (see report methodology note)
MAC_20260625060531_SELL_TREND_PULLBACK,MAC,2026.06.25 06:05:31,SELL,BUY,TREND_PULLBACK,COOLDOWN_ACTIVE ,A+,3979.74,8.76,N,,0.0,0.472,0.104,0.472,0.104,0.472,0.104,0.472,0.872,0.472,60,60,60,5,5,,STOP_FIRST,STOP_FIRST,TARGET_FIRST,0.872,0.472,MIRRORED from original's own advATR/favATR at same real price path; does NOT include the extra spread cost of crossing to the opposite bid/ask side at entry (see report methodology note)
MAC_20260625061513_SELL_TREND_PULLBACK,MAC,2026.06.25 06:15:13,SELL,BUY,TREND_PULLBACK,BAD-LOCATION BLOCK,A,3969.53,8.52,Y,60,0.588,0.0,0.588,0.0,0.588,0.0,0.908,0.0,1.376,0.0,5,5,5,,,,TARGET_FIRST,TARGET_FIRST,TARGET_FIRST,1.376,0.0,MIRRORED from original's own advATR/favATR at same real price path; does NOT include the extra spread cost of crossing to the opposite bid/ask side at entry (see report methodology note)
MAC_20260625063512_SELL_TREND_PULLBACK,MAC,2026.06.25 06:35:12,SELL,BUY,TREND_PULLBACK,A+ EVIDENCE DEMOTION,A,3974.72,7.86,Y,30,0.0,0.148,0.076,0.148,0.72,0.148,1.228,0.148,1.228,0.148,15,15,15,,,,TARGET_FIRST,TARGET_FIRST,TARGET_FIRST,1.228,0.148,MIRRORED from original's own advATR/favATR at same real price path; does NOT include the extra spread cost of crossing to the opposite bid/ask side at entry (see report methodology note)
MAC_20260625064512_SELL_TREND_PULLBACK,MAC,2026.06.25 06:45:12,SELL,BUY,TREND_PULLBACK,LATE-CHASE ENTRY BLOCK,A,3976.44,7.81,Y,10,0.636,0.0,1.148,0.0,1.148,0.0,1.148,0.0,1.148,0.0,5,5,5,,,,TARGET_FIRST,TARGET_FIRST,TARGET_FIRST,1.148,0.0,MIRRORED from original's own advATR/favATR at same real price path; does NOT include the extra spread cost of crossing to the opposite bid/ask side at entry (see report methodology note)
MAC_20260625070513_SELL_TREND_PULLBACK,MAC,2026.06.25 07:05:13,SELL,BUY,TREND_PULLBACK,SMART-GUARD,A+,3994.38,8.21,N,,0.0,0.612,0.0,0.612,0.0,0.756,0.0,0.832,0.0,0.832,,,,5,5,5,STOP_FIRST,STOP_FIRST,STOP_FIRST,0.0,0.832,MIRRORED from original's own advATR/favATR at same real price path; does NOT include the extra spread cost of crossing to the opposite bid/ask side at entry (see report methodology note)
MAC_20260625094831_SELL_TREND_PULLBACK,MAC,2026.06.25 09:48:31,SELL,BUY,TREND_PULLBACK,A+ EVIDENCE DEMOTION,A,3981.73,6.52,N,,0.06,0.18,0.06,0.272,0.06,0.272,0.22,0.272,0.22,0.456,30,,,10,60,,STOP_FIRST,STOP_FIRST,NEITHER_5-60m,0.22,0.456,MIRRORED from original's own advATR/favATR at same real price path; does NOT include the extra spread cost of crossing to the opposite bid/ask side at entry (see report methodology note)
MAC_20260625095512_SELL_TREND_PULLBACK,MAC,2026.06.25 09:55:12,SELL,BUY,TREND_PULLBACK,BAD-LOCATION BLOCK,A,3978.79,6.07,N,,0.0,0.1,0.184,0.1,0.36,0.1,0.428,0.1,0.428,0.296,15,15,,60,,,TARGET_FIRST,TARGET_FIRST,NEITHER_5-60m,0.428,0.296,MIRRORED from original's own advATR/favATR at same real price path; does NOT include the extra spread cost of crossing to the opposite bid/ask side at entry (see report methodology note)
MAC_20260625100512_SELL_TREND_PULLBACK,MAC,2026.06.25 10:05:12,SELL,BUY,TREND_PULLBACK,FAILED-IMPULSE BLOCK,A,3981.49,6.18,N,,0.18,0.0,0.18,0.088,0.248,0.088,0.248,0.088,0.688,0.464,15,60,60,60,60,,TARGET_FIRST,SIMULTANEOUS_SAME_CHECKPOINT,TARGET_FIRST,0.688,0.464,MIRRORED from original's own advATR/favATR at same real price path; does NOT include the extra spread cost of crossing to the opposite bid/ask side at entry (see report methodology note)
MAC_20260625101512_SELL_TREND_PULLBACK,MAC,2026.06.25 10:15:12,SELL,BUY,TREND_PULLBACK,NEWS_AFTERMATH,A+,3979.99,6.38,N,,0.332,0.0,0.332,0.0,0.332,0.0,0.332,0.356,0.76,0.356,5,5,60,30,30,,TARGET_FIRST,TARGET_FIRST,TARGET_FIRST,0.76,0.356,MIRRORED from original's own advATR/favATR at same real price path; does NOT include the extra spread cost of crossing to the opposite bid/ask side at entry (see report methodology note)
MAC_20260625102013_SELL_TREND_PULLBACK,MAC,2026.06.25 10:20:13,SELL,BUY,TREND_PULLBACK,SMART-GUARD,A+,3985.37,6.46,N,,0.0,0.072,0.0,0.072,0.0,0.412,0.0,0.684,0.692,0.684,60,60,60,15,15,30,STOP_FIRST,STOP_FIRST,STOP_FIRST,0.692,0.684,MIRRORED from original's own advATR/favATR at same real price path; does NOT include the extra spread cost of crossing to the opposite bid/ask side at entry (see report methodology note)
MAC_20260625105013_SELL_TREND_PULLBACK,MAC,2026.06.25 10:50:13,SELL,BUY,TREND_PULLBACK,LATE-CHASE ENTRY BLOCK,A,3977.62,6.63,Y,30,0.748,0.028,0.876,0.028,0.876,0.028,1.14,0.028,1.428,0.028,5,5,5,,,,TARGET_FIRST,TARGET_FIRST,TARGET_FIRST,1.428,0.028,MIRRORED from original's own advATR/favATR at same real price path; does NOT include the extra spread cost of crossing to the opposite bid/ask side at entry (see report methodology note)
MAC_20260625110012_SELL_TREND_PULLBACK,MAC,2026.06.25 11:00:12,SELL,BUY,TREND_PULLBACK,A+ EVIDENCE DEMOTION,A,3989.99,7.03,N,,0.12,0.0,0.12,0.116,0.12,0.188,0.372,0.188,0.644,0.188,30,30,60,,,,TARGET_FIRST,TARGET_FIRST,TARGET_FIRST,0.644,0.188,MIRRORED from original's own advATR/favATR at same real price path; does NOT include the extra spread cost of crossing to the opposite bid/ask side at entry (see report methodology note)
MAC_20260625112013_BUY_BREAKOUT,MAC,2026.06.25 11:20:13,BUY,SELL,BREAKOUT,SMART-GUARD,A,3996.73,7.19,N,,0.112,0.0,0.112,0.18,0.112,0.256,0.312,0.256,0.392,0.256,30,30,,15,,,STOP_FIRST,TARGET_FIRST,NEITHER_5-60m,0.392,0.256,MIRRORED from original's own advATR/favATR at same real price path; does NOT include the extra spread cost of crossing to the opposite bid/ask side at entry (see report methodology note)
MAC_20260625112512_BUY_BREAKOUT,MAC,2026.06.25 11:25:12,BUY,SELL,BREAKOUT,B-GRADE QUALITY BLOCK,B,3996.47,7.14,N,,0.096,0.0,0.096,0.196,0.096,0.272,0.348,0.272,0.38,0.272,30,30,,15,,,STOP_FIRST,TARGET_FIRST,NEITHER_5-60m,0.38,0.272,MIRRORED from original's own advATR/favATR at same real price path; does NOT include the extra spread cost of crossing to the opposite bid/ask side at entry (see report methodology note)
MAC_20260625113012_SELL_TREND_PULLBACK,MAC,2026.06.25 11:30:12,SELL,BUY,TREND_PULLBACK,SMART-GUARD,A+,3994.73,6.96,N,,0.304,0.0,0.38,0.0,0.38,0.0,0.38,0.292,0.38,0.292,5,5,,30,,,TARGET_FIRST,TARGET_FIRST,NEITHER_5-60m,0.38,0.292,MIRRORED from original's own advATR/favATR at same real price path; does NOT include the extra spread cost of crossing to the opposite bid/ask side at entry (see report methodology note)
MAC_20260625120012_SELL_TREND_PULLBACK,MAC,2026.06.25 12:00:12,SELL,BUY,TREND_PULLBACK,NEWS_AFTERMATH,A+,3989.62,6.13,N,,0.436,0.0,0.436,0.0,0.436,0.0,0.436,0.0,0.436,0.12,5,5,,,,,TARGET_FIRST,TARGET_FIRST,NEITHER_5-60m,0.436,0.12,MIRRORED from original's own advATR/favATR at same real price path; does NOT include the extra spread cost of crossing to the opposite bid/ask side at entry (see report methodology note)
MAC_20260625120513_SELL_TREND_PULLBACK,MAC,2026.06.25 12:05:13,SELL,BUY,TREND_PULLBACK,FAILED-IMPULSE BLOCK,A,3996.63,6.39,N,,0.0,0.352,0.0,0.352,0.0,0.352,0.0,0.352,0.0,0.612,,,,5,5,60,STOP_FIRST,STOP_FIRST,STOP_FIRST,0.0,0.612,MIRRORED from original's own advATR/favATR at same real price path; does NOT include the extra spread cost of crossing to the opposite bid/ask side at entry (see report methodology note)
MAC_20260625123012_SELL_TREND_PULLBACK,MAC,2026.06.25 12:30:12,SELL,BUY,TREND_PULLBACK,SMART-GUARD,A+,3994.52,4.99,N,,0.0,0.092,0.0,0.232,0.0,0.452,0.0,0.536,0.0,0.832,,,,10,15,30,STOP_FIRST,STOP_FIRST,STOP_FIRST,0.0,0.832,MIRRORED from original's own advATR/favATR at same real price path; does NOT include the extra spread cost of crossing to the opposite bid/ask side at entry (see report methodology note)
MAC_20260625124512_SELL_TREND_PULLBACK,MAC,2026.06.25 12:45:12,SELL,BUY,TREND_PULLBACK,A+ EVIDENCE DEMOTION,A,3988.82,4.86,N,,0.072,0.0,0.224,0.0,0.224,0.084,0.224,0.384,0.224,0.972,10,,,30,30,60,TARGET_FIRST,STOP_FIRST,STOP_FIRST,0.224,0.972,MIRRORED from original's own advATR/favATR at same real price path; does NOT include the extra spread cost of crossing to the opposite bid/ask side at entry (see report methodology note)
MAC_20260625125512_SELL_TREND_PULLBACK,MAC,2026.06.25 12:55:12,SELL,BUY,TREND_PULLBACK,LATE-CHASE ENTRY BLOCK,A,3991.42,4.57,N,,0.0,0.316,0.0,0.4,0.0,0.4,0.0,0.636,0.0,1.26,,,,5,5,30,STOP_FIRST,STOP_FIRST,STOP_FIRST,0.0,1.26,MIRRORED from original's own advATR/favATR at same real price path; does NOT include the extra spread cost of crossing to the opposite bid/ask side at entry (see report methodology note)
MAC_20260625132512_SELL_TREND_PULLBACK,MAC,2026.06.25 13:25:12,SELL,BUY,TREND_PULLBACK,BAD-LOCATION BLOCK,A,3986.31,4.06,Y,60,0.244,0.0,0.244,0.0,0.244,0.916,0.244,1.004,1.66,1.004,5,60,60,15,15,15,TARGET_FIRST,STOP_FIRST,STOP_FIRST,1.66,1.004,MIRRORED from original's own advATR/favATR at same real price path; does NOT include the extra spread cost of crossing to the opposite bid/ask side at entry (see report methodology note)
MAC_20260625141744_SELL_TREND_PULLBACK,MAC,2026.06.25 14:17:44,SELL,BUY,TREND_PULLBACK,SMART-GUARD,A+,3976.98,3.46,Y,10,0.0,0.1,3.032,0.1,3.032,0.1,3.032,0.1,3.328,0.1,10,10,10,,,,TARGET_FIRST,TARGET_FIRST,TARGET_FIRST,3.328,0.1,MIRRORED from original's own advATR/favATR at same real price path; does NOT include the extra spread cost of crossing to the opposite bid/ask side at entry (see report methodology note)
MAC_20260625153115_SELL_TREND_PULLBACK,MAC,2026.06.25 15:31:15,SELL,BUY,TREND_PULLBACK,LATE-CHASE ENTRY BLOCK,A,4002.96,4.69,Y,30,0.0,0.84,0.236,0.84,0.912,0.84,2.196,0.84,2.336,0.84,10,15,15,5,5,5,STOP_FIRST,STOP_FIRST,STOP_FIRST,2.336,0.84,MIRRORED from original's own advATR/favATR at same real price path; does NOT include the extra spread cost of crossing to the opposite bid/ask side at entry (see report methodology note)
MAC_20260625153512_BUY_BREAKOUT,MAC,2026.06.25 15:35:12,BUY,SELL,BREAKOUT,SMART-GUARD,A+,3993.23,6.5,N,,0.0,0.264,0.0,0.772,0.0,1.26,0.0,2.184,0.0,2.284,,,,5,10,10,STOP_FIRST,STOP_FIRST,STOP_FIRST,0.0,2.284,MIRRORED from original's own advATR/favATR at same real price path; does NOT include the extra spread cost of crossing to the opposite bid/ask side at entry (see report methodology note)
MAC_20260625154012_BUY_SQUEEZE_RELEASE,MAC,2026.06.25 15:40:12,BUY,SELL,SQUEEZE_RELEASE,ANALYSIS-ONLY,B,3997.57,7.52,N,,0.0,0.436,0.0,0.856,0.0,0.98,0.0,1.66,0.0,1.744,,,,5,5,10,STOP_FIRST,STOP_FIRST,STOP_FIRST,0.0,1.744,MIRRORED from original's own advATR/favATR at same real price path; does NOT include the extra spread cost of crossing to the opposite bid/ask side at entry (see report methodology note)
MAC_20260625154512_BUY_BREAKOUT,MAC,2026.06.25 15:45:12,BUY,SELL,BREAKOUT,BAD-LOCATION BLOCK,A,4006.08,8.22,N,,0.0,0.368,0.0,0.48,0.0,0.736,0.0,1.18,0.0,1.18,,,,5,5,15,STOP_FIRST,STOP_FIRST,STOP_FIRST,0.0,1.18,MIRRORED from original's own advATR/favATR at same real price path; does NOT include the extra spread cost of crossing to the opposite bid/ask side at entry (see report methodology note)
MAC_20260625155012_BUY_SQUEEZE_RELEASE,MAC,2026.06.25 15:50:12,BUY,SELL,SQUEEZE_RELEASE,BAD-RR TIMING BLOCK,A,4013.89,8.62,N,,0.0,0.096,0.0,0.34,0.0,0.688,0.0,0.764,0.032,0.764,,,,10,10,15,STOP_FIRST,STOP_FIRST,STOP_FIRST,0.032,0.764,MIRRORED from original's own advATR/favATR at same real price path; does NOT include the extra spread cost of crossing to the opposite bid/ask side at entry (see report methodology note)
MAC_20260625155512_BUY_SQUEEZE_RELEASE,MAC,2026.06.25 15:55:12,BUY,SELL,SQUEEZE_RELEASE,BAD-LOCATION BLOCK,B,4016.03,8.92,N,,0.0,0.232,0.0,0.568,0.0,0.572,0.0,0.644,0.4,0.644,60,60,,5,10,10,STOP_FIRST,STOP_FIRST,STOP_FIRST,0.4,0.644,MIRRORED from original's own advATR/favATR at same real price path; does NOT include the extra spread cost of crossing to the opposite bid/ask side at entry (see report methodology note)
MAC_20260625160012_SELL_TREND_PULLBACK,MAC,2026.06.25 16:00:12,SELL,BUY,TREND_PULLBACK,ANTI-BIAS BLOCK,A+,4022.0,9.25,N,,0.292,0.0,0.292,0.0,0.364,0.0,0.364,0.016,0.364,0.724,5,15,,60,60,60,TARGET_FIRST,TARGET_FIRST,STOP_FIRST,0.364,0.724,MIRRORED from original's own advATR/favATR at same real price path; does NOT include the extra spread cost of crossing to the opposite bid/ask side at entry (see report methodology note)
MAC_20260625160512_BUY_ASIA_BREAKOUT,MAC,2026.06.25 16:05:12,BUY,SELL,ASIA_BREAKOUT,BAD-RR TIMING BLOCK,A,4029.77,10.5,N,,0.036,0.0,0.036,0.024,0.192,0.024,0.62,0.024,0.932,0.024,30,30,30,,,,TARGET_FIRST,TARGET_FIRST,TARGET_FIRST,0.932,0.024,MIRRORED from original's own advATR/favATR at same real price path; does NOT include the extra spread cost of crossing to the opposite bid/ask side at entry (see report methodology note)
MAC_20260625161512_SELL_MULTI_EXTREME,MAC,2026.06.25 16:15:12,SELL,BUY,MULTI_EXTREME,ANALYSIS-ONLY,A,4030.31,11.19,N,,0.0,0.2,0.0,0.308,0.0,0.604,0.0,0.612,0.0,0.896,,,,5,10,15,STOP_FIRST,STOP_FIRST,STOP_FIRST,0.0,0.896,MIRRORED from original's own advATR/favATR at same real price path; does NOT include the extra spread cost of crossing to the opposite bid/ask side at entry (see report methodology note)
MAC_20260625164013_BUY_ASIA_BREAKOUT,MAC,2026.06.25 16:40:13,BUY,SELL,ASIA_BREAKOUT,BAD-LOCATION BLOCK,A,4021.27,13.34,N,,0.244,0.0,0.424,0.0,0.48,0.0,0.48,0.0,0.48,0.16,5,10,,,,,TARGET_FIRST,TARGET_FIRST,NEITHER_5-60m,0.48,0.16,MIRRORED from original's own advATR/favATR at same real price path; does NOT include the extra spread cost of crossing to the opposite bid/ask side at entry (see report methodology note)
MAC_20260625164513_BUY_TREND_PULLBACK,MAC,2026.06.25 16:45:13,BUY,SELL,TREND_PULLBACK,FAILED-IMPULSE BLOCK,B,4013.34,12.25,N,,0.204,0.076,0.264,0.076,0.264,0.076,0.264,0.196,0.264,0.432,5,,,60,60,,TARGET_FIRST,STOP_FIRST,NEITHER_5-60m,0.264,0.432,MIRRORED from original's own advATR/favATR at same real price path; does NOT include the extra spread cost of crossing to the opposite bid/ask side at entry (see report methodology note)
MAC_20260625165013_BUY_TREND_PULLBACK,MAC,2026.06.25 16:50:13,BUY,SELL,TREND_PULLBACK,ANALYSIS-ONLY,A,4016.23,11.52,N,,0.38,0.0,0.38,0.0,0.38,0.108,0.38,0.108,0.38,0.36,5,5,,60,60,,TARGET_FIRST,TARGET_FIRST,NEITHER_5-60m,0.38,0.36,MIRRORED from original's own advATR/favATR at same real price path; does NOT include the extra spread cost of crossing to the opposite bid/ask side at entry (see report methodology note)
MAC_20260625170012_BUY_TREND_PULLBACK,MAC,2026.06.25 17:00:12,BUY,SELL,TREND_PULLBACK,SMART-GUARD,A,4005.98,10.93,N,,0.0,0.332,0.0,0.488,0.0,0.488,0.0,0.752,0.0,0.752,,,,5,5,30,STOP_FIRST,STOP_FIRST,STOP_FIRST,0.0,0.752,MIRRORED from original's own advATR/favATR at same real price path; does NOT include the extra spread cost of crossing to the opposite bid/ask side at entry (see report methodology note)
MAC_20260625171012_BUY_TREND_PULLBACK,MAC,2026.06.25 17:10:12,BUY,SELL,TREND_PULLBACK,B-GRADE QUALITY BLOCK,B,4019.06,11.98,N,,0.02,0.0,0.02,0.0,0.148,0.0,0.148,0.252,0.248,0.252,60,,,30,,,STOP_FIRST,NEITHER_5-60m,NEITHER_5-60m,0.248,0.252,MIRRORED from original's own advATR/favATR at same real price path; does NOT include the extra spread cost of crossing to the opposite bid/ask side at entry (see report methodology note)
MAC_20260625173012_BUY_TREND_PULLBACK,MAC,2026.06.25 17:30:12,BUY,SELL,TREND_PULLBACK,BAD-RR TIMING BLOCK,A,4026.68,11.19,N,,0.004,0.0,0.372,0.0,0.372,0.0,0.536,0.0,0.7,0.26,10,10,30,60,,,TARGET_FIRST,TARGET_FIRST,TARGET_FIRST,0.7,0.26,MIRRORED from original's own advATR/favATR at same real price path; does NOT include the extra spread cost of crossing to the opposite bid/ask side at entry (see report methodology note)
MAC_20260625173512_BUY_TREND_PULLBACK,MAC,2026.06.25 17:35:12,BUY,SELL,TREND_PULLBACK,LATE-CHASE ENTRY BLOCK,B,4026.77,10.97,N,,0.38,0.0,0.38,0.0,0.38,0.0,0.552,0.0,0.716,0.264,5,5,30,60,,,TARGET_FIRST,TARGET_FIRST,TARGET_FIRST,0.716,0.264,MIRRORED from original's own advATR/favATR at same real price path; does NOT include the extra spread cost of crossing to the opposite bid/ask side at entry (see report methodology note)
MAC_20260625175512_BUY_TREND_PULLBACK,MAC,2026.06.25 17:55:12,BUY,SELL,TREND_PULLBACK,ANALYSIS-ONLY,B,4017.39,9.56,N,,0.24,0.0,0.24,0.0,0.24,0.0,0.428,0.696,0.428,0.856,5,30,,30,30,30,TARGET_FIRST,SIMULTANEOUS_SAME_CHECKPOINT,STOP_FIRST,0.428,0.856,MIRRORED from original's own advATR/favATR at same real price path; does NOT include the extra spread cost of crossing to the opposite bid/ask side at entry (see report methodology note)
MAC_20260625180012_BUY_TREND_PULLBACK,MAC,2026.06.25 18:00:12,BUY,SELL,TREND_PULLBACK,FAILED-IMPULSE BLOCK,A,4011.5,9.45,N,,0.0,0.224,0.0,0.224,0.184,0.224,0.184,0.952,0.184,1.244,,,,5,30,30,STOP_FIRST,STOP_FIRST,STOP_FIRST,0.184,1.244,MIRRORED from original's own advATR/favATR at same real price path; does NOT include the extra spread cost of crossing to the opposite bid/ask side at entry (see report methodology note)
MAC_20260625184012_BUY_TREND_PULLBACK,MAC,2026.06.25 18:40:12,BUY,SELL,TREND_PULLBACK,BAD-LOCATION BLOCK,A,4028.2,9.34,N,,0.048,0.0,0.048,0.132,0.048,0.416,0.048,0.54,,,,,,15,15,30,STOP_FIRST,STOP_FIRST,STOP_FIRST,0.048,0.54,MIRRORED from original's own advATR/favATR at same real price path; does NOT include the extra spread cost of crossing to the opposite bid/ask side at entry (see report methodology note)
MAC_20260625185513_BUY_TREND_PULLBACK,MAC,2026.06.25 18:55:13,BUY,SELL,TREND_PULLBACK,LATE-CHASE ENTRY BLOCK,B,4037.35,9.59,N,,0.0,0.144,0.136,0.144,0.136,0.144,,,,,,,,,,,NEITHER_5-60m,NEITHER_5-60m,NEITHER_5-60m,0.136,0.144,MIRRORED from original's own advATR/favATR at same real price path; does NOT include the extra spread cost of crossing to the opposite bid/ask side at entry (see report methodology note)
MAC_20260625190012_BUY_TREND_PULLBACK,MAC,2026.06.25 19:00:12,BUY,SELL,TREND_PULLBACK,BAD-RR TIMING BLOCK,A,4040.87,9.55,N,,0.084,0.0,0.284,0.0,0.284,0.0,,,,,10,,,,,,TARGET_FIRST,NEITHER_5-60m,NEITHER_5-60m,0.284,0.0,MIRRORED from original's own advATR/favATR at same real price path; does NOT include the extra spread cost of crossing to the opposite bid/ask side at entry (see report methodology note)
MAC_20260625190512_BUY_SQUEEZE_RELEASE,MAC,2026.06.25 19:05:12,BUY,SELL,SQUEEZE_RELEASE,BAD-RR TIMING BLOCK,A,4038.97,9.63,N,,0.204,0.0,0.204,0.0,0.204,0.132,,,,,5,,,,,,TARGET_FIRST,NEITHER_5-60m,NEITHER_5-60m,0.204,0.132,MIRRORED from original's own advATR/favATR at same real price path; does NOT include the extra spread cost of crossing to the opposite bid/ask side at entry (see report methodology note)
MAC_20260625194033_BUY_TREND_PULLBACK,MAC,2026.06.25 19:40:33,BUY,SELL,TREND_PULLBACK,FAILED-IMPULSE BLOCK,A,4031.33,6.7,N,,,,,,,,,,,,,,,,,,NEITHER_5-60m,NEITHER_5-60m,NEITHER_5-60m,,,MIRRORED from original's own advATR/favATR at same real price path; does NOT include the extra spread cost of crossing to the opposite bid/ask side at entry (see report methodology note)
MAC_20260625194312_BUY_TREND_PULLBACK,MAC,2026.06.25 19:43:12,BUY,SELL,TREND_PULLBACK,FAILED-IMPULSE BLOCK,A,4032.01,6.7,N,,0.1,0.0,0.112,0.0,0.228,0.0,0.228,0.0,0.228,0.104,15,,,,,,TARGET_FIRST,NEITHER_5-60m,NEITHER_5-60m,0.228,0.104,MIRRORED from original's own advATR/favATR at same real price path; does NOT include the extra spread cost of crossing to the opposite bid/ask side at entry (see report methodology note)
MAC_20260625194512_BUY_TREND_PULLBACK,MAC,2026.06.25 19:45:12,BUY,SELL,TREND_PULLBACK,A+ EVIDENCE DEMOTION,A,4031.12,6.44,N,,0.048,0.0,0.06,0.0,0.18,0.0,0.18,0.0,0.18,0.164,,,,,,,NEITHER_5-60m,NEITHER_5-60m,NEITHER_5-60m,0.18,0.164,MIRRORED from original's own advATR/favATR at same real price path; does NOT include the extra spread cost of crossing to the opposite bid/ask side at entry (see report methodology note)
MAC_20260625200512_BUY_TREND_PULLBACK,MAC,2026.06.25 20:05:12,BUY,SELL,TREND_PULLBACK,NEWS_AFTERMATH,A+,4029.98,5.52,N,,0.0,0.04,0.0,0.04,0.056,0.04,0.056,0.24,0.096,0.272,,,,30,,,STOP_FIRST,NEITHER_5-60m,NEITHER_5-60m,0.096,0.272,MIRRORED from original's own advATR/favATR at same real price path; does NOT include the extra spread cost of crossing to the opposite bid/ask side at entry (see report methodology note)
MAC_20260625202512_BUY_TREND_PULLBACK,MAC,2026.06.25 20:25:12,BUY,SELL,TREND_PULLBACK,LATE-CHASE ENTRY BLOCK,A,4032.48,4.66,N,,0.0,0.068,0.02,0.068,0.02,0.108,0.02,0.108,0.328,0.544,60,60,,60,60,60,SIMULTANEOUS_SAME_CHECKPOINT,SIMULTANEOUS_SAME_CHECKPOINT,STOP_FIRST,0.328,0.544,MIRRORED from original's own advATR/favATR at same real price path; does NOT include the extra spread cost of crossing to the opposite bid/ask side at entry (see report methodology note)
MAC_20260625203512_BUY_TREND_PULLBACK,MAC,2026.06.25 20:35:12,BUY,SELL,TREND_PULLBACK,BAD-TIMING BLOCK,A,4032.32,4.6,N,,0.0,0.124,0.0,0.124,0.0,0.124,0.32,0.124,0.32,0.912,30,30,,60,60,60,TARGET_FIRST,TARGET_FIRST,STOP_FIRST,0.32,0.912,MIRRORED from original's own advATR/favATR at same real price path; does NOT include the extra spread cost of crossing to the opposite bid/ask side at entry (see report methodology note)
MAC_20260625204512_BUY_TREND_PULLBACK,MAC,2026.06.25 20:45:12,BUY,SELL,TREND_PULLBACK,A+ EVIDENCE DEMOTION,A,4032.42,4.3,N,,0.0,0.0,0.0,0.12,0.0,0.12,0.352,0.136,0.352,0.964,30,30,,60,60,60,TARGET_FIRST,TARGET_FIRST,STOP_FIRST,0.352,0.964,MIRRORED from original's own advATR/favATR at same real price path; does NOT include the extra spread cost of crossing to the opposite bid/ask side at entry (see report methodology note)
MAC_20260625205013_BUY_TREND_PULLBACK,MAC,2026.06.25 20:50:13,BUY,SELL,TREND_PULLBACK,FAILED-IMPULSE BLOCK,A,4032.49,4.26,N,,0.0,0.116,0.36,0.116,0.36,0.128,0.36,0.532,0.36,0.968,10,10,,30,30,30,TARGET_FIRST,TARGET_FIRST,STOP_FIRST,0.36,0.968,MIRRORED from original's own advATR/favATR at same real price path; does NOT include the extra spread cost of crossing to the opposite bid/ask side at entry (see report methodology note)
MAC_20260625212013_BUY_TREND_PULLBACK,MAC,2026.06.25 21:20:13,BUY,SELL,TREND_PULLBACK,BAD-LOCATION BLOCK,A,4038.23,4.76,N,,0.0,0.384,0.316,0.384,0.316,0.384,0.516,0.384,0.516,0.384,10,10,30,5,5,,STOP_FIRST,STOP_FIRST,TARGET_FIRST,0.516,0.384,MIRRORED from original's own advATR/favATR at same real price path; does NOT include the extra spread cost of crossing to the opposite bid/ask side at entry (see report methodology note)
MAC_20260625212512_BUY_TREND_PULLBACK,MAC,2026.06.25 21:25:12,BUY,SELL,TREND_PULLBACK,BAD-RR TIMING BLOCK,A,4038.94,4.72,N,,0.0,0.328,0.376,0.328,0.376,0.328,0.584,0.328,0.584,0.328,10,10,30,5,5,,STOP_FIRST,STOP_FIRST,TARGET_FIRST,0.584,0.328,MIRRORED from original's own advATR/favATR at same real price path; does NOT include the extra spread cost of crossing to the opposite bid/ask side at entry (see report methodology note)
MAC_20260625213012_BUY_BREAKOUT,MAC,2026.06.25 21:30:12,BUY,SELL,BREAKOUT,BAD-RR TIMING BLOCK,A,4042.95,4.87,N,,0.696,0.0,0.696,0.0,0.892,0.0,0.892,0.0,0.892,0.0,5,5,5,,,,TARGET_FIRST,TARGET_FIRST,TARGET_FIRST,0.892,0.0,MIRRORED from original's own advATR/favATR at same real price path; does NOT include the extra spread cost of crossing to the opposite bid/ask side at entry (see report methodology note)
MAC_20260625214012_BUY_TREND_PULLBACK,MAC,2026.06.25 21:40:12,BUY,SELL,TREND_PULLBACK,NEWS_AFTERMATH,A,4035.82,5.06,N,,0.296,0.0,0.296,0.0,0.296,0.0,0.296,0.232,0.296,0.416,5,,,30,60,,TARGET_FIRST,STOP_FIRST,NEITHER_5-60m,0.296,0.416,MIRRORED from original's own advATR/favATR at same real price path; does NOT include the extra spread cost of crossing to the opposite bid/ask side at entry (see report methodology note)
MAC_20260625214512_BUY_TREND_PULLBACK,MAC,2026.06.25 21:45:12,BUY,SELL,TREND_PULLBACK,A+ EVIDENCE DEMOTION,A,4032.38,5.1,N,,0.0,0.0,0.0,0.268,0.0,0.268,0.0,0.684,0.0,0.684,,,,10,30,30,STOP_FIRST,STOP_FIRST,STOP_FIRST,0.0,0.684,MIRRORED from original's own advATR/favATR at same real price path; does NOT include the extra spread cost of crossing to the opposite bid/ask side at entry (see report methodology note)
MAC_20260625220512_BUY_TREND_PULLBACK,MAC,2026.06.25 22:05:12,BUY,SELL,TREND_PULLBACK,FAILED-IMPULSE BLOCK,A,4034.13,5.07,N,,0.0,0.364,0.0,0.548,0.0,0.548,0.0,0.548,0.828,0.548,60,60,60,5,5,10,STOP_FIRST,STOP_FIRST,STOP_FIRST,0.828,0.548,MIRRORED from original's own advATR/favATR at same real price path; does NOT include the extra spread cost of crossing to the opposite bid/ask side at entry (see report methodology note)
MAC_20260625221012_BUY_TREND_PULLBACK,MAC,2026.06.25 22:10:12,BUY,SELL,TREND_PULLBACK,LATE-CHASE ENTRY BLOCK,A,4038.81,5.32,Y,60,0.0,0.172,0.06,0.172,0.06,0.172,0.308,0.172,1.14,0.172,30,30,60,,,,TARGET_FIRST,TARGET_FIRST,TARGET_FIRST,1.14,0.172,MIRRORED from original's own advATR/favATR at same real price path; does NOT include the extra spread cost of crossing to the opposite bid/ask side at entry (see report methodology note)
MAC_20260625225013_BUY_TREND_PULLBACK,MAC,2026.06.25 22:50:13,BUY,SELL,TREND_PULLBACK,B-GRADE QUALITY BLOCK,B,4025.9,4.58,N,,0.196,0.084,0.196,0.084,0.196,0.084,0.196,0.084,0.196,0.084,,,,,,,NEITHER_5-60m,NEITHER_5-60m,NEITHER_5-60m,0.196,0.084,MIRRORED from original's own advATR/favATR at same real price path; does NOT include the extra spread cost of crossing to the opposite bid/ask side at entry (see report methodology note)
MAC_20260625235029_BUY_TREND_PULLBACK,MAC,2026.06.25 23:50:29,BUY,SELL,TREND_PULLBACK,B-GRADE QUALITY BLOCK,B,4026.94,4.66,N,,0.0,0.136,0.0,0.248,0.14,0.248,0.468,0.248,0.468,0.744,30,30,,10,60,60,STOP_FIRST,TARGET_FIRST,STOP_FIRST,0.468,0.744,MIRRORED from original's own advATR/favATR at same real price path; does NOT include the extra spread cost of crossing to the opposite bid/ask side at entry (see report methodology note)
MAC_20260626010513_BUY_TREND_PULLBACK,MAC,2026.06.26 01:05:13,BUY,SELL,TREND_PULLBACK,NEWS_AFTERMATH,A,4030.06,7.46,N,,0.372,0.0,0.376,0.0,0.46,0.0,0.46,0.3,0.46,0.3,5,5,,30,30,,TARGET_FIRST,TARGET_FIRST,NEITHER_5-60m,0.46,0.3,MIRRORED from original's own advATR/favATR at same real price path; does NOT include the extra spread cost of crossing to the opposite bid/ask side at entry (see report methodology note)
MAC_20260626013512_BUY_TREND_PULLBACK,MAC,2026.06.26 01:35:12,BUY,SELL,TREND_PULLBACK,SMART-GUARD,A,4031.37,7.61,N,,0.0,0.224,0.16,0.224,0.324,0.224,0.464,0.224,0.464,0.224,15,15,,5,,,STOP_FIRST,TARGET_FIRST,NEITHER_5-60m,0.464,0.224,MIRRORED from original's own advATR/favATR at same real price path; does NOT include the extra spread cost of crossing to the opposite bid/ask side at entry (see report methodology note)
MAC_20260626014013_BUY_TREND_PULLBACK,MAC,2026.06.26 01:40:13,BUY,SELL,TREND_PULLBACK,BAD-RR TIMING BLOCK,A,4035.75,7.72,N,,0.548,0.0,0.688,0.0,0.688,0.0,0.688,0.0,0.688,0.0,5,5,5,,,,TARGET_FIRST,TARGET_FIRST,TARGET_FIRST,0.688,0.0,MIRRORED from original's own advATR/favATR at same real price path; does NOT include the extra spread cost of crossing to the opposite bid/ask side at entry (see report methodology note)
MAC_20260626015513_BUY_TREND_PULLBACK,MAC,2026.06.26 01:55:13,BUY,SELL,TREND_PULLBACK,B-GRADE QUALITY BLOCK,B,4022.89,8.09,N,,0.0,0.212,0.0,0.212,0.004,0.212,0.004,0.356,0.36,0.356,60,60,,5,30,,STOP_FIRST,STOP_FIRST,NEITHER_5-60m,0.36,0.356,MIRRORED from original's own advATR/favATR at same real price path; does NOT include the extra spread cost of crossing to the opposite bid/ask side at entry (see report methodology note)
MAC_20260626020012_BUY_TREND_PULLBACK,MAC,2026.06.26 02:00:12,BUY,SELL,TREND_PULLBACK,BAD-LOCATION BLOCK,A,4027.23,7.86,N,,0.184,0.0,0.212,0.0,0.224,0.0,0.224,0.144,0.588,0.144,10,60,60,,,,TARGET_FIRST,TARGET_FIRST,TARGET_FIRST,0.588,0.144,MIRRORED from original's own advATR/favATR at same real price path; does NOT include the extra spread cost of crossing to the opposite bid/ask side at entry (see report methodology note)
MAC_20260626023013_BUY_TREND_PULLBACK,MAC,2026.06.26 02:30:13,BUY,SELL,TREND_PULLBACK,NEWS FILTER (high-impact event nearby),A,4029.98,4.7,Y,15,0.628,0.0,0.628,0.0,1.072,0.0,1.464,0.0,1.464,0.0,5,5,5,,,,TARGET_FIRST,TARGET_FIRST,TARGET_FIRST,1.464,0.0,MIRRORED from original's own advATR/favATR at same real price path; does NOT include the extra spread cost of crossing to the opposite bid/ask side at entry (see report methodology note)
MAC_20260626030012_SELL_BREAKOUT,MAC,2026.06.26 03:00:12,SELL,BUY,BREAKOUT,BAD-RR TIMING BLOCK,A,4015.57,4.25,N,,0.0,0.264,0.0,0.264,0.352,0.264,0.508,0.264,0.712,0.264,15,15,30,5,,,STOP_FIRST,TARGET_FIRST,TARGET_FIRST,0.712,0.264,MIRRORED from original's own advATR/favATR at same real price path; does NOT include the extra spread cost of crossing to the opposite bid/ask side at entry (see report methodology note)
MAC_20260626031512_SELL_SQUEEZE_RELEASE,MAC,2026.06.26 03:15:12,SELL,BUY,SQUEEZE_RELEASE,FAILED-IMPULSE BLOCK,B,4019.29,4.66,N,,0.144,0.0,0.144,0.068,0.144,0.28,0.144,0.28,0.328,0.28,60,60,,15,,,STOP_FIRST,TARGET_FIRST,NEITHER_5-60m,0.328,0.28,MIRRORED from original's own advATR/favATR at same real price path; does NOT include the extra spread cost of crossing to the opposite bid/ask side at entry (see report methodology note)
MAC_20260626032013_BUY_TREND_PULLBACK,MAC,2026.06.26 03:20:13,BUY,SELL,TREND_PULLBACK,SMART-GUARD,A,4021.02,4.8,N,,0.416,0.0,0.416,0.0,0.416,0.0,0.416,0.0,0.416,0.264,5,5,,60,,,TARGET_FIRST,TARGET_FIRST,NEITHER_5-60m,0.416,0.264,MIRRORED from original's own advATR/favATR at same real price path; does NOT include the extra spread cost of crossing to the opposite bid/ask side at entry (see report methodology note)
MAC_20260626032512_BUY_TREND_PULLBACK,MAC,2026.06.26 03:25:12,BUY,SELL,TREND_PULLBACK,B-GRADE QUALITY BLOCK,B,4018.57,4.96,N,,0.208,0.0,0.208,0.0,0.208,0.0,0.208,0.064,0.208,0.452,5,,,60,60,,TARGET_FIRST,STOP_FIRST,NEITHER_5-60m,0.208,0.452,MIRRORED from original's own advATR/favATR at same real price path; does NOT include the extra spread cost of crossing to the opposite bid/ask side at entry (see report methodology note)
MAC_20260626042513_BUY_TREND_PULLBACK,MAC,2026.06.26 04:25:13,BUY,SELL,TREND_PULLBACK,SMART-GUARD,A,4022.77,5.88,Y,60,0.256,0.0,0.256,0.0,0.256,0.012,0.364,0.012,1.216,0.012,5,30,60,,,,TARGET_FIRST,TARGET_FIRST,TARGET_FIRST,1.216,0.012,MIRRORED from original's own advATR/favATR at same real price path; does NOT include the extra spread cost of crossing to the opposite bid/ask side at entry (see report methodology note)
MAC_20260626043012_BUY_TREND_PULLBACK,MAC,2026.06.26 04:30:12,BUY,SELL,TREND_PULLBACK,LATE-CHASE ENTRY BLOCK,A,4020.92,5.92,Y,60,0.128,0.0,0.128,0.0,0.128,0.136,0.236,0.136,1.084,0.136,30,60,60,,,,TARGET_FIRST,TARGET_FIRST,TARGET_FIRST,1.084,0.136,MIRRORED from original's own advATR/favATR at same real price path; does NOT include the extra spread cost of crossing to the opposite bid/ask side at entry (see report methodology note)
MAC_20260626043512_BUY_TREND_PULLBACK,MAC,2026.06.26 04:35:12,BUY,SELL,TREND_PULLBACK,B-GRADE QUALITY BLOCK,B,4019.11,5.87,Y,60,0.0,0.084,0.0,0.26,0.112,0.26,0.112,0.26,1.128,0.26,60,60,60,10,,,STOP_FIRST,TARGET_FIRST,TARGET_FIRST,1.128,0.26,MIRRORED from original's own advATR/favATR at same real price path; does NOT include the extra spread cost of crossing to the opposite bid/ask side at entry (see report methodology note)
MAC_20260626052012_SELL_BREAKOUT,MAC,2026.06.26 05:20:12,SELL,BUY,BREAKOUT,BAD-RR TIMING BLOCK,A,4009.63,5.41,N,,0.0,0.352,0.0,0.352,0.0,0.524,0.0,1.272,0.0,1.668,,,,5,5,15,STOP_FIRST,STOP_FIRST,STOP_FIRST,0.0,1.668,MIRRORED from original's own advATR/favATR at same real price path; does NOT include the extra spread cost of crossing to the opposite bid/ask side at entry (see report methodology note)
MAC_20260626052512_SELL_BREAKOUT,MAC,2026.06.26 05:25:12,SELL,BUY,BREAKOUT,B-GRADE QUALITY BLOCK,B,4004.77,5.56,N,,0.088,0.0,0.088,0.16,0.088,0.728,0.088,1.272,0.088,1.272,,,,15,15,15,STOP_FIRST,STOP_FIRST,STOP_FIRST,0.088,1.272,MIRRORED from original's own advATR/favATR at same real price path; does NOT include the extra spread cost of crossing to the opposite bid/ask side at entry (see report methodology note)
MAC_20260626053013_SELL_SQUEEZE_RELEASE,MAC,2026.06.26 05:30:13,SELL,BUY,SQUEEZE_RELEASE,BAD-LOCATION BLOCK,B,4005.86,5.32,N,,0.0,0.844,0.0,1.012,0.0,1.012,0.0,1.416,0.0,1.416,,,,5,5,5,STOP_FIRST,STOP_FIRST,STOP_FIRST,0.0,1.416,MIRRORED from original's own advATR/favATR at same real price path; does NOT include the extra spread cost of crossing to the opposite bid/ask side at entry (see report methodology note)
MAC_20260626054012_SELL_BREAKOUT,MAC,2026.06.26 05:40:12,SELL,BUY,BREAKOUT,BAD-LOCATION BLOCK,A,3994.68,6.14,N,,0.0,0.148,0.0,0.148,0.0,0.496,0.0,0.496,0.2,0.496,60,,,15,15,,STOP_FIRST,STOP_FIRST,NEITHER_5-60m,0.2,0.496,MIRRORED from original's own advATR/favATR at same real price path; does NOT include the extra spread cost of crossing to the opposite bid/ask side at entry (see report methodology note)
MAC_20260626061012_SELL_SQUEEZE_RELEASE,MAC,2026.06.26 06:10:12,SELL,BUY,SQUEEZE_RELEASE,A+ EVIDENCE DEMOTION,A,3994.07,6.88,Y,60,0.156,0.0,0.216,0.0,0.216,0.04,0.216,0.044,1.216,0.044,10,60,60,,,,TARGET_FIRST,TARGET_FIRST,TARGET_FIRST,1.216,0.044,MIRRORED from original's own advATR/favATR at same real price path; does NOT include the extra spread cost of crossing to the opposite bid/ask side at entry (see report methodology note)
MAC_20260626061512_SELL_TREND_PULLBACK,MAC,2026.06.26 06:15:12,SELL,BUY,TREND_PULLBACK,FAILED-IMPULSE BLOCK,A,3996.75,6.92,Y,60,0.06,0.0,0.06,0.196,0.06,0.2,0.144,0.2,1.052,0.2,60,60,60,15,,,STOP_FIRST,TARGET_FIRST,TARGET_FIRST,1.052,0.2,MIRRORED from original's own advATR/favATR at same real price path; does NOT include the extra spread cost of crossing to the opposite bid/ask side at entry (see report methodology note)
MAC_20260626062512_SELL_TREND_PULLBACK,MAC,2026.06.26 06:25:12,SELL,BUY,TREND_PULLBACK,A+ EVIDENCE DEMOTION,A,3993.12,7.14,Y,60,0.008,0.0,0.176,0.0,0.228,0.0,0.548,0.0,1.224,0.0,15,30,30,,,,TARGET_FIRST,TARGET_FIRST,TARGET_FIRST,1.224,0.0,MIRRORED from original's own advATR/favATR at same real price path; does NOT include the extra spread cost of crossing to the opposite bid/ask side at entry (see report methodology note)
MAC_20260626065012_SELL_TREND_PULLBACK,MAC,2026.06.26 06:50:12,SELL,BUY,TREND_PULLBACK,NEWS_AFTERMATH,A+,3999.24,5.79,Y,30,0.252,0.0,0.312,0.0,0.312,0.0,1.088,0.0,1.088,0.0,5,10,30,,,,TARGET_FIRST,TARGET_FIRST,TARGET_FIRST,1.088,0.0,MIRRORED from original's own advATR/favATR at same real price path; does NOT include the extra spread cost of crossing to the opposite bid/ask side at entry (see report methodology note)
MAC_20260626075517_SELL_TREND_PULLBACK,MAC,2026.06.26 07:55:17,SELL,BUY,TREND_PULLBACK,FAILED-IMPULSE BLOCK,A,4014.88,4.51,N,,0.0,0.388,0.0,0.388,0.164,0.388,0.384,0.388,0.384,0.516,30,30,,5,5,60,STOP_FIRST,STOP_FIRST,STOP_FIRST,0.384,0.516,MIRRORED from original's own advATR/favATR at same real price path; does NOT include the extra spread cost of crossing to the opposite bid/ask side at entry (see report methodology note)
MAC_20260626080012_SELL_TREND_PULLBACK,MAC,2026.06.26 08:00:12,SELL,BUY,TREND_PULLBACK,ANALYSIS-ONLY,A+,4011.83,4.59,N,,0.0,0.116,0.156,0.116,0.428,0.116,0.644,0.116,0.644,0.24,15,15,30,60,,,TARGET_FIRST,TARGET_FIRST,TARGET_FIRST,0.644,0.24,MIRRORED from original's own advATR/favATR at same real price path; does NOT include the extra spread cost of crossing to the opposite bid/ask side at entry (see report methodology note)
MAC_20260626080513_SELL_TREND_PULLBACK,MAC,2026.06.26 08:05:13,SELL,BUY,TREND_PULLBACK,SMART-GUARD,A+,4010.41,4.52,N,,0.56,0.0,0.56,0.0,0.56,0.0,0.78,0.0,0.78,0.124,5,5,5,,,,TARGET_FIRST,TARGET_FIRST,TARGET_FIRST,0.78,0.124,MIRRORED from original's own advATR/favATR at same real price path; does NOT include the extra spread cost of crossing to the opposite bid/ask side at entry (see report methodology note)
MAC_20260626081012_SELL_TREND_PULLBACK,MAC,2026.06.26 08:10:12,SELL,BUY,TREND_PULLBACK,A+ EVIDENCE DEMOTION,A,4013.53,4.6,N,,0.28,0.0,0.28,0.0,0.28,0.0,0.492,0.0,0.492,0.396,5,30,,60,60,,TARGET_FIRST,TARGET_FIRST,NEITHER_5-60m,0.492,0.396,MIRRORED from original's own advATR/favATR at same real price path; does NOT include the extra spread cost of crossing to the opposite bid/ask side at entry (see report methodology note)
MAC_20260626091013_SELL_TREND_PULLBACK,MAC,2026.06.26 09:10:13,SELL,BUY,TREND_PULLBACK,A+ EVIDENCE DEMOTION,A,4008.97,5.34,Y,15,0.1,0.0,0.928,0.0,1.148,0.0,1.188,0.0,2.208,0.0,10,10,10,,,,TARGET_FIRST,TARGET_FIRST,TARGET_FIRST,2.208,0.0,MIRRORED from original's own advATR/favATR at same real price path; does NOT include the extra spread cost of crossing to the opposite bid/ask side at entry (see report methodology note)
MAC_20260626092512_SELL_TREND_PULLBACK,MAC,2026.06.26 09:25:12,SELL,BUY,TREND_PULLBACK,FAILED-IMPULSE BLOCK,A,4021.4,6.03,Y,30,0.192,0.0,0.192,0.0,0.192,0.0,1.128,0.0,1.128,0.0,30,30,30,,,,TARGET_FIRST,TARGET_FIRST,TARGET_FIRST,1.128,0.0,MIRRORED from original's own advATR/favATR at same real price path; does NOT include the extra spread cost of crossing to the opposite bid/ask side at entry (see report methodology note)
MAC_20260626093012_SELL_TREND_PULLBACK,MAC,2026.06.26 09:30:12,SELL,BUY,TREND_PULLBACK,SMART-GUARD,A+,4024.11,5.94,N,,0.0,0.028,0.0,0.052,0.048,0.052,0.964,0.124,0.964,0.124,30,30,30,,,,TARGET_FIRST,TARGET_FIRST,TARGET_FIRST,0.964,0.124,MIRRORED from original's own advATR/favATR at same real price path; does NOT include the extra spread cost of crossing to the opposite bid/ask side at entry (see report methodology note)
MAC_20260626094512_SELL_RANGE_REVERSAL,MAC,2026.06.26 09:45:12,SELL,BUY,RANGE_REVERSAL,NEWS_AFTERMATH,A,4024.54,5.88,N,,0.0,0.152,0.944,0.152,0.944,0.152,0.944,0.152,0.944,0.152,10,10,10,,,,TARGET_FIRST,TARGET_FIRST,TARGET_FIRST,0.944,0.152,MIRRORED from original's own advATR/favATR at same real price path; does NOT include the extra spread cost of crossing to the opposite bid/ask side at entry (see report methodology note)
MAC_20260626102815_BUY_SQUEEZE_RELEASE,MAC,2026.06.26 10:28:15,BUY,SELL,SQUEEZE_RELEASE,BAD-LOCATION BLOCK,A,4038.53,5.69,N,,0.04,0.0,0.184,0.0,0.48,0.0,0.672,0.0,0.824,0.0,15,15,30,,,,TARGET_FIRST,TARGET_FIRST,TARGET_FIRST,0.824,0.0,MIRRORED from original's own advATR/favATR at same real price path; does NOT include the extra spread cost of crossing to the opposite bid/ask side at entry (see report methodology note)
MAC_20260626103012_BUY_ASIA_BREAKOUT,MAC,2026.06.26 10:30:12,BUY,SELL,ASIA_BREAKOUT,A+ EVIDENCE DEMOTION,A,4038.26,6.22,N,,0.02,0.0,0.152,0.0,0.424,0.0,0.596,0.0,0.736,0.0,15,15,30,,,,TARGET_FIRST,TARGET_FIRST,TARGET_FIRST,0.736,0.0,MIRRORED from original's own advATR/favATR at same real price path; does NOT include the extra spread cost of crossing to the opposite bid/ask side at entry (see report methodology note)
MAC_20260626103512_SELL_LONDON_FIX_PIN,MAC,2026.06.26 10:35:12,SELL,BUY,LONDON_FIX_PIN,NEWS_AFTERMATH,B,4037.91,5.18,N,,0.0,0.152,0.0,0.48,0.0,0.688,0.0,0.856,0.0,0.856,,,,10,10,15,STOP_FIRST,STOP_FIRST,STOP_FIRST,0.0,0.856,MIRRORED from original's own advATR/favATR at same real price path; does NOT include the extra spread cost of crossing to the opposite bid/ask side at entry (see report methodology note)
MAC_20260626104014_SELL_LONDON_FIX_PIN,MAC,2026.06.26 10:40:14,SELL,BUY,LONDON_FIX_PIN,Trade blocked — momentum slowdown (close in opposite 30% of last,B,4035.74,5.15,N,,0.0,0.524,0.0,0.524,0.0,0.524,0.0,0.692,0.028,0.692,,,,5,5,5,STOP_FIRST,STOP_FIRST,STOP_FIRST,0.028,0.692,MIRRORED from original's own advATR/favATR at same real price path; does NOT include the extra spread cost of crossing to the opposite bid/ask side at entry (see report methodology note)
MAC_20260626104513_BUY_TREND_PULLBACK,MAC,2026.06.26 10:45:13,BUY,SELL,TREND_PULLBACK,FAILED-IMPULSE BLOCK,B,4031.83,5.18,N,,0.22,0.0,0.22,0.092,0.388,0.092,0.388,0.092,0.388,0.332,5,15,,60,60,,TARGET_FIRST,TARGET_FIRST,NEITHER_5-60m,0.388,0.332,MIRRORED from original's own advATR/favATR at same real price path; does NOT include the extra spread cost of crossing to the opposite bid/ask side at entry (see report methodology note)
MAC_20260626105512_BUY_TREND_PULLBACK,MAC,2026.06.26 10:55:12,BUY,SELL,TREND_PULLBACK,NEWS_AFTERMATH,A,4030.89,4.93,N,,0.0,0.176,0.332,0.176,0.332,0.176,0.332,0.176,0.332,0.424,10,10,,60,60,,TARGET_FIRST,TARGET_FIRST,NEITHER_5-60m,0.332,0.424,MIRRORED from original's own advATR/favATR at same real price path; does NOT include the extra spread cost of crossing to the opposite bid/ask side at entry (see report methodology note)
MAC_20260626111016_BUY_TREND_PULLBACK,MAC,2026.06.26 11:10:16,BUY,SELL,TREND_PULLBACK,COOLDOWN_ACTIVE ,A,4029.63,4.68,N,,0.0,0.22,0.0,0.22,0.0,0.348,0.0,0.552,,,,,,5,15,30,STOP_FIRST,STOP_FIRST,STOP_FIRST,0.0,0.552,MIRRORED from original's own advATR/favATR at same real price path; does NOT include the extra spread cost of crossing to the opposite bid/ask side at entry (see report methodology note)
MAC_20260626111514_BUY_TREND_PULLBACK,MAC,2026.06.26 11:15:14,BUY,SELL,TREND_PULLBACK,Trade blocked — momentum slowdown (close in opposite 30% of last,A,4030.16,4.42,N,,0.0,0.184,0.0,0.32,0.0,0.32,0.0,0.54,,,,,,10,10,30,STOP_FIRST,STOP_FIRST,STOP_FIRST,0.0,0.54,MIRRORED from original's own advATR/favATR at same real price path; does NOT include the extra spread cost of crossing to the opposite bid/ask side at entry (see report methodology note)
MAC_20260626112012_BUY_TREND_PULLBACK,MAC,2026.06.26 11:20:12,BUY,SELL,TREND_PULLBACK,LATE-CHASE ENTRY BLOCK,A,4032.27,4.47,N,,0.112,0.0,0.112,0.128,0.112,0.128,0.112,0.344,,,,,,30,30,,STOP_FIRST,STOP_FIRST,NEITHER_5-60m,0.112,0.344,MIRRORED from original's own advATR/favATR at same real price path; does NOT include the extra spread cost of crossing to the opposite bid/ask side at entry (see report methodology note)
MAC_20260626114512_BUY_TREND_PULLBACK,MAC,2026.06.26 11:45:12,BUY,SELL,TREND_PULLBACK,BAD-RR TIMING BLOCK,A,4036.17,4.11,N,,0.188,0.0,0.504,0.0,0.544,0.0,,,,,10,10,10,,,,TARGET_FIRST,TARGET_FIRST,TARGET_FIRST,0.544,0.0,MIRRORED from original's own advATR/favATR at same real price path; does NOT include the extra spread cost of crossing to the opposite bid/ask side at entry (see report methodology note)
MAC_20260626120012_BUY_TREND_PULLBACK,MAC,2026.06.26 12:00:12,BUY,SELL,TREND_PULLBACK,FAILED-IMPULSE BLOCK,A,4030.63,3.93,N,,,,,,,,,,,,,,,,,,NEITHER_5-60m,NEITHER_5-60m,NEITHER_5-60m,,,MIRRORED from original's own advATR/favATR at same real price path; does NOT include the extra spread cost of crossing to the opposite bid/ask side at entry (see report methodology note)
MAC_20260626122012_BUY_BREAKOUT,MAC,2026.06.26 12:20:12,BUY,SELL,BREAKOUT,BAD-RR TIMING BLOCK,A,4045.11,4.59,N,,0.0,0.408,0.0,0.408,0.0,0.408,0.0,0.56,0.0,0.58,,,,5,5,30,STOP_FIRST,STOP_FIRST,STOP_FIRST,0.0,0.58,MIRRORED from original's own advATR/favATR at same real price path; does NOT include the extra spread cost of crossing to the opposite bid/ask side at entry (see report methodology note)
MAC_20260626170012_BUY_BREAKOUT,MAC,2026.06.26 17:00:12,BUY,SELL,BREAKOUT,BAD-RR TIMING BLOCK,A,4074.22,9.88,N,,0.0,0.124,0.0,0.196,0.0,0.384,0.0,0.64,0.0,0.664,,,,15,15,30,STOP_FIRST,STOP_FIRST,STOP_FIRST,0.0,0.664,MIRRORED from original's own advATR/favATR at same real price path; does NOT include the extra spread cost of crossing to the opposite bid/ask side at entry (see report methodology note)
MAC_20260626170512_BUY_BREAKOUT,MAC,2026.06.26 17:05:12,BUY,SELL,BREAKOUT,BAD-LOCATION BLOCK,B,4077.17,10.34,N,,0.0,0.076,0.0,0.252,0.0,0.472,0.0,0.496,0.0,0.52,,,,10,15,60,STOP_FIRST,STOP_FIRST,STOP_FIRST,0.0,0.52,MIRRORED from original's own advATR/favATR at same real price path; does NOT include the extra spread cost of crossing to the opposite bid/ask side at entry (see report methodology note)
MAC_20260629000100_SELL_HTF_TREND_FOLLOW,MAC,2026.06.29 00:01:00,SELL,BUY,HTF_TREND_FOLLOW,Trade blocked — startup,A,4071.69,3.34,Y,60,0.008,0.0,0.008,0.0,0.008,0.0,0.008,0.0,1.744,0.0,60,60,60,,,,TARGET_FIRST,TARGET_FIRST,TARGET_FIRST,1.744,0.0,MIRRORED from original's own advATR/favATR at same real price path; does NOT include the extra spread cost of crossing to the opposite bid/ask side at entry (see report methodology note)
MAC_20260629000901_SELL_HTF_TREND_FOLLOW,MAC,2026.06.29 00:09:01,SELL,BUY,HTF_TREND_FOLLOW,AI DIRECTOR BLOCK,A,4071.69,3.34,Y,60,0.008,0.0,0.008,0.0,0.008,0.0,0.008,0.0,1.744,0.0,60,60,60,,,,TARGET_FIRST,TARGET_FIRST,TARGET_FIRST,1.744,0.0,MIRRORED from original's own advATR/favATR at same real price path; does NOT include the extra spread cost of crossing to the opposite bid/ask side at entry (see report methodology note)
MAC_20260629010013_SELL_TREND_PULLBACK,MAC,2026.06.29 01:00:13,SELL,BUY,TREND_PULLBACK,SMART-GUARD,A+,4080.09,3.22,N,,0.0,0.588,0.0,1.616,0.0,2.712,0.0,2.76,0.0,2.76,,,,5,5,5,STOP_FIRST,STOP_FIRST,STOP_FIRST,0.0,2.76,MIRRORED from original's own advATR/favATR at same real price path; does NOT include the extra spread cost of crossing to the opposite bid/ask side at entry (see report methodology note)
MAC_20260629010512_SELL_HTF_TREND_FOLLOW,MAC,2026.06.29 01:05:12,SELL,BUY,HTF_TREND_FOLLOW,NEWS_AFTERMATH,A,4074.88,4.94,N,,0.128,0.0,0.128,0.632,0.128,1.344,0.128,1.376,0.128,1.376,,,,10,10,10,STOP_FIRST,STOP_FIRST,STOP_FIRST,0.128,1.376,MIRRORED from original's own advATR/favATR at same real price path; does NOT include the extra spread cost of crossing to the opposite bid/ask side at entry (see report methodology note)
MAC_20260629011029_SELL_HTF_TREND_FOLLOW,MAC,2026.06.29 01:10:29,SELL,BUY,HTF_TREND_FOLLOW,AI DIRECTOR BLOCK,A,4076.09,5.41,N,,0.0,1.32,0.0,1.32,0.0,1.32,0.0,1.348,0.0,1.348,,,,5,5,5,STOP_FIRST,STOP_FIRST,STOP_FIRST,0.0,1.348,MIRRORED from original's own advATR/favATR at same real price path; does NOT include the extra spread cost of crossing to the opposite bid/ask side at entry (see report methodology note)
MAC_20260629012012_SELL_BREAKOUT,MAC,2026.06.29 01:20:12,SELL,BUY,BREAKOUT,SMART-GUARD,A+,4058.03,6.8,N,,0.08,0.0,0.08,0.0,0.08,0.008,0.64,0.008,0.676,0.008,30,30,30,,,,TARGET_FIRST,TARGET_FIRST,TARGET_FIRST,0.676,0.008,MIRRORED from original's own advATR/favATR at same real price path; does NOT include the extra spread cost of crossing to the opposite bid/ask side at entry (see report methodology note)
MAC_20260629013012_SELL_BREAKOUT,MAC,2026.06.29 01:30:12,SELL,BUY,BREAKOUT,A+ EVIDENCE DEMOTION,A,4058.72,7.16,N,,0.0,0.048,0.148,0.048,0.304,0.048,0.572,0.048,0.604,0.14,15,15,30,,,,TARGET_FIRST,TARGET_FIRST,TARGET_FIRST,0.604,0.14,MIRRORED from original's own advATR/favATR at same real price path; does NOT include the extra spread cost of crossing to the opposite bid/ask side at entry (see report methodology note)
MAC_20260629013512_SELL_SQUEEZE_RELEASE,MAC,2026.06.29 01:35:12,SELL,BUY,SQUEEZE_RELEASE,Personality mismatch,PERSONALITY,4057.74,7.38,N,,0.2,0.0,0.348,0.0,0.608,0.0,0.62,0.0,0.64,0.084,5,10,15,,,,TARGET_FIRST,TARGET_FIRST,TARGET_FIRST,0.64,0.084,MIRRORED from original's own advATR/favATR at same real price path; does NOT include the extra spread cost of crossing to the opposite bid/ask side at entry (see report methodology note)
MAC_20260629020013_SELL_HTF_TREND_FOLLOW,MAC,2026.06.29 02:00:13,SELL,BUY,HTF_TREND_FOLLOW,STI_REENTRY_WAIT ,A,4066.41,8.33,N,,0.148,0.0,0.148,0.048,0.148,0.268,0.148,0.492,0.148,0.492,,,,15,30,,STOP_FIRST,STOP_FIRST,NEITHER_5-60m,0.148,0.492,MIRRORED from original's own advATR/favATR at same real price path; does NOT include the extra spread cost of crossing to the opposite bid/ask side at entry (see report methodology note)
MAC_20260629021012_SELL_HTF_TREND_FOLLOW,MAC,2026.06.29 02:10:12,SELL,BUY,HTF_TREND_FOLLOW,NEWS_AFTERMATH,A+,4069.51,8.47,N,,0.0,0.192,0.0,0.408,0.0,0.576,0.0,0.628,0.0,0.628,,,,10,10,15,STOP_FIRST,STOP_FIRST,STOP_FIRST,0.0,0.628,MIRRORED from original's own advATR/favATR at same real price path; does NOT include the extra spread cost of crossing to the opposite bid/ask side at entry (see report methodology note)
MAC_20260629021512_SELL_TREND_PULLBACK,MAC,2026.06.29 02:15:12,SELL,BUY,TREND_PULLBACK,SMART-GUARD,A+,4065.25,6.96,N,,0.0,0.252,0.0,0.456,0.0,0.52,0.0,0.52,0.0,0.52,,,,5,10,15,STOP_FIRST,STOP_FIRST,STOP_FIRST,0.0,0.52,MIRRORED from original's own advATR/favATR at same real price path; does NOT include the extra spread cost of crossing to the opposite bid/ask side at entry (see report methodology note)
MAC_20260629023012_SELL_TREND_PULLBACK,MAC,2026.06.29 02:30:12,SELL,BUY,TREND_PULLBACK,BAD-RR TIMING BLOCK,A,4056.08,5.44,N,,0.016,0.0,0.396,0.0,0.556,0.0,0.556,0.0,0.556,0.472,10,10,15,60,60,,TARGET_FIRST,TARGET_FIRST,TARGET_FIRST,0.556,0.472,MIRRORED from original's own advATR/favATR at same real price path; does NOT include the extra spread cost of crossing to the opposite bid/ask side at entry (see report methodology note)
MAC_20260629023512_SELL_TREND_PULLBACK,MAC,2026.06.29 02:35:12,SELL,BUY,TREND_PULLBACK,BAD-LOCATION BLOCK,A,4056.29,5.39,N,,0.384,0.0,0.548,0.0,0.548,0.0,0.548,0.0,,,5,5,10,,,,TARGET_FIRST,TARGET_FIRST,TARGET_FIRST,0.548,0.0,MIRRORED from original's own advATR/favATR at same real price path; does NOT include the extra spread cost of crossing to the opposite bid/ask side at entry (see report methodology note)
MAC_20260629024013_SELL_TREND_PULLBACK,MAC,2026.06.29 02:40:13,SELL,BUY,TREND_PULLBACK,FAILED-IMPULSE BLOCK,A,4061.31,5.49,N,,0.172,0.0,0.172,0.0,0.172,0.312,0.172,0.312,,,,,,15,15,,STOP_FIRST,STOP_FIRST,NEITHER_5-60m,0.172,0.312,MIRRORED from original's own advATR/favATR at same real price path; does NOT include the extra spread cost of crossing to the opposite bid/ask side at entry (see report methodology note)
MAC_20260629030513_SELL_HTF_TREND_FOLLOW,MAC,2026.06.29 03:05:13,SELL,BUY,HTF_TREND_FOLLOW,ANALYSIS-ONLY,A+,4061.81,4.9,N,,0.0,0.388,0.0,0.388,0.0,0.832,,,,,,,,5,5,15,STOP_FIRST,STOP_FIRST,STOP_FIRST,0.0,0.832,MIRRORED from original's own advATR/favATR at same real price path; does NOT include the extra spread cost of crossing to the opposite bid/ask side at entry (see report methodology note)
MAC_20260629031512_SELL_TREND_PULLBACK,MAC,2026.06.29 03:15:12,SELL,BUY,TREND_PULLBACK,SMART-GUARD,A,4060.97,5.1,N,,0.0,0.268,0.0,0.732,0.0,0.884,,,,,,,,5,10,10,STOP_FIRST,STOP_FIRST,STOP_FIRST,0.0,0.884,MIRRORED from original's own advATR/favATR at same real price path; does NOT include the extra spread cost of crossing to the opposite bid/ask side at entry (see report methodology note)
MAC_20260629033012_SELL_TREND_PULLBACK,MAC,2026.06.29 03:30:12,SELL,BUY,TREND_PULLBACK,BAD-RR TIMING BLOCK,A,4049.49,5.19,N,,,,,,,,,,,,,,,,,,NEITHER_5-60m,NEITHER_5-60m,NEITHER_5-60m,,,MIRRORED from original's own advATR/favATR at same real price path; does NOT include the extra spread cost of crossing to the opposite bid/ask side at entry (see report methodology note)
MAC_20260629033235_SELL_TREND_PULLBACK,MAC,2026.06.29 03:32:35,SELL,BUY,TREND_PULLBACK,BAD-RR TIMING BLOCK,A,4050.85,5.19,N,,,,,,,,,,,,,,,,,,NEITHER_5-60m,NEITHER_5-60m,NEITHER_5-60m,,,MIRRORED from original's own advATR/favATR at same real price path; does NOT include the extra spread cost of crossing to the opposite bid/ask side at entry (see report methodology note)
MAC_20260629033345_SELL_TREND_PULLBACK,MAC,2026.06.29 03:33:45,SELL,BUY,TREND_PULLBACK,BAD-RR TIMING BLOCK,A,4053.12,5.19,N,,,,,,,,,,,,,,,,,,NEITHER_5-60m,NEITHER_5-60m,NEITHER_5-60m,,,MIRRORED from original's own advATR/favATR at same real price path; does NOT include the extra spread cost of crossing to the opposite bid/ask side at entry (see report methodology note)
MAC_20260629033546_SELL_HTF_TREND_FOLLOW,MAC,2026.06.29 03:35:46,SELL,BUY,HTF_TREND_FOLLOW,AI DIRECTOR BLOCK,A,4059.57,5.37,N,,,,,,,,,,,,,,,,,,NEITHER_5-60m,NEITHER_5-60m,NEITHER_5-60m,,,MIRRORED from original's own advATR/favATR at same real price path; does NOT include the extra spread cost of crossing to the opposite bid/ask side at entry (see report methodology note)
MAC_20260629033830_SELL_HTF_TREND_FOLLOW,MAC,2026.06.29 03:38:30,SELL,BUY,HTF_TREND_FOLLOW,AI DIRECTOR BLOCK,A,4061.15,5.37,N,,0.584,0.004,,,,,,,,,5,5,5,,,,TARGET_FIRST,TARGET_FIRST,TARGET_FIRST,0.584,0.004,MIRRORED from original's own advATR/favATR at same real price path; does NOT include the extra spread cost of crossing to the opposite bid/ask side at entry (see report methodology note)
MAC_20260629034037_SELL_HTF_TREND_FOLLOW,MAC,2026.06.29 03:40:37,SELL,BUY,HTF_TREND_FOLLOW,Trade blocked — startup,A,4062.88,5.67,N,,,,,,,,,,,,,,,,,,NEITHER_5-60m,NEITHER_5-60m,NEITHER_5-60m,,,MIRRORED from original's own advATR/favATR at same real price path; does NOT include the extra spread cost of crossing to the opposite bid/ask side at entry (see report methodology note)
MAC_20260629041817_SELL_TREND_PULLBACK,MAC,2026.06.29 04:18:17,SELL,BUY,TREND_PULLBACK,AI DIRECTOR BLOCK,A+,4057.68,7.88,N,,0.276,0.0,0.276,0.004,0.276,0.004,0.276,0.004,0.532,0.004,5,60,60,,,,TARGET_FIRST,TARGET_FIRST,TARGET_FIRST,0.532,0.004,MIRRORED from original's own advATR/favATR at same real price path; does NOT include the extra spread cost of crossing to the opposite bid/ask side at entry (see report methodology note)
MAC_20260629042027_SELL_HTF_TREND_FOLLOW,MAC,2026.06.29 04:20:27,SELL,BUY,HTF_TREND_FOLLOW,AI DIRECTOR BLOCK,A,4057.98,7.66,N,,0.268,0.02,0.268,0.02,0.268,0.02,0.268,0.02,0.532,0.02,5,60,60,,,,TARGET_FIRST,TARGET_FIRST,TARGET_FIRST,0.532,0.02,MIRRORED from original's own advATR/favATR at same real price path; does NOT include the extra spread cost of crossing to the opposite bid/ask side at entry (see report methodology note)
MAC_20260629043012_SELL_HTF_TREND_FOLLOW,MAC,2026.06.29 04:30:12,SELL,BUY,HTF_TREND_FOLLOW,ANALYSIS-ONLY,A+,4057.52,7.96,N,,0.104,0.0,0.252,0.0,0.26,0.0,0.26,0.0,0.652,0.0,10,60,60,,,,TARGET_FIRST,TARGET_FIRST,TARGET_FIRST,0.652,0.0,MIRRORED from original's own advATR/favATR at same real price path; does NOT include the extra spread cost of crossing to the opposite bid/ask side at entry (see report methodology note)
MAC_20260629043512_SELL_HTF_TREND_FOLLOW,MAC,2026.06.29 04:35:12,SELL,BUY,HTF_TREND_FOLLOW,NEWS_AFTERMATH,A,4059.54,7.78,N,,0.156,0.0,0.16,0.0,0.16,0.0,0.288,0.0,0.564,0.0,30,60,60,,,,TARGET_FIRST,TARGET_FIRST,TARGET_FIRST,0.564,0.0,MIRRORED from original's own advATR/favATR at same real price path; does NOT include the extra spread cost of crossing to the opposite bid/ask side at entry (see report methodology note)
MAC_20260629045012_SELL_TREND_PULLBACK,MAC,2026.06.29 04:50:12,SELL,BUY,TREND_PULLBACK,SMART-GUARD,A+,4059.88,7.77,N,,0.068,0.0,0.068,0.0,0.272,0.0,0.424,0.0,0.548,0.0,15,30,60,,,,TARGET_FIRST,TARGET_FIRST,TARGET_FIRST,0.548,0.0,MIRRORED from original's own advATR/favATR at same real price path; does NOT include the extra spread cost of crossing to the opposite bid/ask side at entry (see report methodology note)
MAC_20260629052529_SELL_HTF_TREND_FOLLOW,MAC,2026.06.29 05:25:29,SELL,BUY,HTF_TREND_FOLLOW,AI DIRECTOR BLOCK,A,4067.54,6.57,N,,0.18,0.0,0.18,0.42,0.18,0.42,0.18,0.42,0.18,0.42,,,,10,10,,STOP_FIRST,STOP_FIRST,NEITHER_5-60m,0.18,0.42,MIRRORED from original's own advATR/favATR at same real price path; does NOT include the extra spread cost of crossing to the opposite bid/ask side at entry (see report methodology note)
MAC_20260629054512_SELL_HTF_TREND_FOLLOW,MAC,2026.06.29 05:45:12,SELL,BUY,HTF_TREND_FOLLOW,NEWS_AFTERMATH,A,4061.08,6.41,N,,0.356,0.0,0.396,0.0,0.396,0.0,0.464,0.0,0.464,0.0,5,5,,,,,TARGET_FIRST,TARGET_FIRST,NEITHER_5-60m,0.464,0.0,MIRRORED from original's own advATR/favATR at same real price path; does NOT include the extra spread cost of crossing to the opposite bid/ask side at entry (see report methodology note)
MAC_20260629063515_SELL_HTF_TREND_FOLLOW,MAC,2026.06.29 06:35:15,SELL,BUY,HTF_TREND_FOLLOW,ANALYSIS-ONLY,A,4068.17,5.26,N,,0.0,0.112,0.0,0.112,0.072,0.112,0.072,0.112,0.072,1.012,,,,60,60,60,STOP_FIRST,STOP_FIRST,STOP_FIRST,0.072,1.012,MIRRORED from original's own advATR/favATR at same real price path; does NOT include the extra spread cost of crossing to the opposite bid/ask side at entry (see report methodology note)
MAC_20260629065514_SELL_HTF_TREND_FOLLOW,MAC,2026.06.29 06:55:14,SELL,BUY,HTF_TREND_FOLLOW,STI_REENTRY_WAIT ,A,4068.73,4.97,N,,0.032,0.116,0.032,0.164,0.032,0.304,0.032,0.34,0.032,1.332,,,,15,15,60,STOP_FIRST,STOP_FIRST,STOP_FIRST,0.032,1.332,MIRRORED from original's own advATR/favATR at same real price path; does NOT include the extra spread cost of crossing to the opposite bid/ask side at entry (see report methodology note)
MAC_20260629070512_SELL_HTF_TREND_FOLLOW,MAC,2026.06.29 07:05:12,SELL,BUY,HTF_TREND_FOLLOW,NEWS_AFTERMATH,A+,4067.22,4.29,N,,0.0,0.048,0.0,0.212,0.0,0.244,0.0,0.592,0.0,1.404,,,,10,30,30,STOP_FIRST,STOP_FIRST,STOP_FIRST,0.0,1.404,MIRRORED from original's own advATR/favATR at same real price path; does NOT include the extra spread cost of crossing to the opposite bid/ask side at entry (see report methodology note)
MAC_20260629072028_SELL_HTF_TREND_FOLLOW,MAC,2026.06.29 07:20:28,SELL,BUY,HTF_TREND_FOLLOW,AI DIRECTOR BLOCK,A+,4064.54,4.18,N,,0.028,0.0,0.028,0.352,0.028,0.928,0.028,1.012,0.028,1.22,,,,10,10,15,STOP_FIRST,STOP_FIRST,STOP_FIRST,0.028,1.22,MIRRORED from original's own advATR/favATR at same real price path; does NOT include the extra spread cost of crossing to the opposite bid/ask side at entry (see report methodology note)
MAC_20260629072512_SELL_TREND_PULLBACK,MAC,2026.06.29 07:25:12,SELL,BUY,TREND_PULLBACK,SMART-GUARD,A+,4064.4,3.94,N,,0.044,0.0,0.044,0.36,0.044,0.972,0.044,1.06,0.044,1.28,,,,10,10,15,STOP_FIRST,STOP_FIRST,STOP_FIRST,0.044,1.28,MIRRORED from original's own advATR/favATR at same real price path; does NOT include the extra spread cost of crossing to the opposite bid/ask side at entry (see report methodology note)
MAC_20260629074012_SELL_BREAKOUT,MAC,2026.06.29 07:40:12,SELL,BUY,BREAKOUT,SMART-GUARD,A+,4054.67,4.03,N,,0.268,0.0,0.268,0.0,0.268,0.068,0.268,0.248,0.268,1.028,5,,,30,60,60,TARGET_FIRST,STOP_FIRST,STOP_FIRST,0.268,1.028,MIRRORED from original's own advATR/favATR at same real price path; does NOT include the extra spread cost of crossing to the opposite bid/ask side at entry (see report methodology note)
MAC_20260629074512_SELL_TREND_PULLBACK,MAC,2026.06.29 07:45:12,SELL,BUY,TREND_PULLBACK,BAD-LOCATION BLOCK,A,4057.21,3.98,N,,0.0,0.02,0.0,0.324,0.0,0.508,0.0,0.508,0.0,1.296,,,,10,10,15,STOP_FIRST,STOP_FIRST,STOP_FIRST,0.0,1.296,MIRRORED from original's own advATR/favATR at same real price path; does NOT include the extra spread cost of crossing to the opposite bid/ask side at entry (see report methodology note)
MAC_20260629081012_SELL_HTF_TREND_FOLLOW,MAC,2026.06.29 08:10:12,SELL,BUY,HTF_TREND_FOLLOW,NEWS_AFTERMATH,A+,4053.44,4.27,N,,0.184,0.0,0.184,0.0,0.184,0.156,0.184,0.856,0.808,0.856,60,60,60,30,30,30,STOP_FIRST,STOP_FIRST,STOP_FIRST,0.808,0.856,MIRRORED from original's own advATR/favATR at same real price path; does NOT include the extra spread cost of crossing to the opposite bid/ask side at entry (see report methodology note)
MAC_20260629082012_SELL_TREND_PULLBACK,MAC,2026.06.29 08:20:12,SELL,BUY,TREND_PULLBACK,A+ EVIDENCE DEMOTION,A,4054.72,4.33,N,,0.0,0.272,0.0,0.7,0.0,0.96,0.0,0.96,0.68,0.96,60,60,60,5,10,10,STOP_FIRST,STOP_FIRST,STOP_FIRST,0.68,0.96,MIRRORED from original's own advATR/favATR at same real price path; does NOT include the extra spread cost of crossing to the opposite bid/ask side at entry (see report methodology note)
MAC_20260629082512_SELL_ASIA_BREAKOUT,MAC,2026.06.29 08:25:12,SELL,BUY,ASIA_BREAKOUT,SMART-GUARD,A+,4051.78,4.66,N,,0.0,0.396,0.0,0.64,0.0,0.64,0.092,0.64,0.884,0.64,60,60,60,5,5,10,STOP_FIRST,STOP_FIRST,STOP_FIRST,0.884,0.64,MIRRORED from original's own advATR/favATR at same real price path; does NOT include the extra spread cost of crossing to the opposite bid/ask side at entry (see report methodology note)
MAC_20260629084012_SELL_TREND_PULLBACK,MAC,2026.06.29 08:40:12,SELL,BUY,TREND_PULLBACK,SMART-GUARD,SKIP,4045.08,5.57,Y,30,0.4,0.0,0.4,0.0,0.56,0.0,1.22,0.0,1.22,0.0,5,5,15,,,,TARGET_FIRST,TARGET_FIRST,TARGET_FIRST,1.22,0.0,MIRRORED from original's own advATR/favATR at same real price path; does NOT include the extra spread cost of crossing to the opposite bid/ask side at entry (see report methodology note)
MAC_20260629091012_SELL_HTF_TREND_FOLLOW,MAC,2026.06.29 09:10:12,SELL,BUY,HTF_TREND_FOLLOW,NEWS_AFTERMATH,A+,4062.2,6.4,N,,0.0,0.152,0.0,0.172,0.0,0.312,0.0,0.376,0.084,0.376,,,,15,15,,STOP_FIRST,STOP_FIRST,NEITHER_5-60m,0.084,0.376,MIRRORED from original's own advATR/favATR at same real price path; does NOT include the extra spread cost of crossing to the opposite bid/ask side at entry (see report methodology note)
MAC_20260629101012_SELL_TREND_PULLBACK,MAC,2026.06.29 10:10:12,SELL,BUY,TREND_PULLBACK,SMART-GUARD,A,4059.64,4.53,N,,0.064,0.0,0.064,0.0,0.308,0.0,0.488,0.0,0.512,0.0,15,15,60,,,,TARGET_FIRST,TARGET_FIRST,TARGET_FIRST,0.512,0.0,MIRRORED from original's own advATR/favATR at same real price path; does NOT include the extra spread cost of crossing to the opposite bid/ask side at entry (see report methodology note)
MAC_20260629101512_SELL_HTF_TREND_FOLLOW,MAC,2026.06.29 10:15:12,SELL,BUY,HTF_TREND_FOLLOW,NEWS_AFTERMATH,A,4060.32,4.42,N,,0.004,0.0,0.252,0.0,0.436,0.0,0.436,0.0,0.46,0.0,10,15,,,,,TARGET_FIRST,TARGET_FIRST,NEITHER_5-60m,0.46,0.0,MIRRORED from original's own advATR/favATR at same real price path; does NOT include the extra spread cost of crossing to the opposite bid/ask side at entry (see report methodology note)
MAC_20260629103012_SELL_LONDON_FIX_PIN,MAC,2026.06.29 10:30:12,SELL,BUY,LONDON_FIX_PIN,NEWS_AFTERMATH,A,4065.15,4.46,N,,0.0,0.208,0.0,0.236,0.0,0.308,0.024,0.308,0.024,0.308,,,,5,15,,STOP_FIRST,STOP_FIRST,NEITHER_5-60m,0.024,0.308,MIRRORED from original's own advATR/favATR at same real price path; does NOT include the extra spread cost of crossing to the opposite bid/ask side at entry (see report methodology note)
MAC_20260629111512_SELL_HTF_TREND_FOLLOW,MAC,2026.06.29 11:15:12,SELL,BUY,HTF_TREND_FOLLOW,NEWS_AFTERMATH,A,4063.84,4.06,N,,0.02,0.0,0.02,0.016,0.02,0.176,0.02,0.756,,,,,,30,30,30,STOP_FIRST,STOP_FIRST,STOP_FIRST,0.02,0.756,MIRRORED from original's own advATR/favATR at same real price path; does NOT include the extra spread cost of crossing to the opposite bid/ask side at entry (see report methodology note)
MAC_20260629114512_SELL_TREND_PULLBACK,MAC,2026.06.29 11:45:12,SELL,BUY,TREND_PULLBACK,SMART-GUARD,A+,4055.68,4.15,N,,0.0,0.032,,,,,,,,,,,,,,,NEITHER_5-60m,NEITHER_5-60m,NEITHER_5-60m,0.0,0.032,MIRRORED from original's own advATR/favATR at same real price path; does NOT include the extra spread cost of crossing to the opposite bid/ask side at entry (see report methodology note)
MAC_20260629115302_SELL_TREND_PULLBACK,MAC,2026.06.29 11:53:02,SELL,BUY,TREND_PULLBACK,SMART-GUARD,A+,4053.13,4.25,N,,0.0,0.664,0.0,0.664,0.0,0.664,0.0,0.664,0.0,1.724,,,,5,5,5,STOP_FIRST,STOP_FIRST,STOP_FIRST,0.0,1.724,MIRRORED from original's own advATR/favATR at same real price path; does NOT include the extra spread cost of crossing to the opposite bid/ask side at entry (see report methodology note)
MAC_20260629115512_SELL_BREAKOUT,MAC,2026.06.29 11:55:12,SELL,BUY,BREAKOUT,A+ EVIDENCE DEMOTION,A,4051.49,4.25,N,,0.0,0.508,0.0,0.508,0.088,0.508,0.088,0.508,0.088,1.568,,,,5,5,5,STOP_FIRST,STOP_FIRST,STOP_FIRST,0.088,1.568,MIRRORED from original's own advATR/favATR at same real price path; does NOT include the extra spread cost of crossing to the opposite bid/ask side at entry (see report methodology note)
MAC_20260629120012_SELL_TREND_PULLBACK,MAC,2026.06.29 12:00:12,SELL,BUY,TREND_PULLBACK,A+ EVIDENCE DEMOTION,A,4045.96,4.61,N,,0.328,0.0,0.564,0.0,0.564,0.0,0.564,0.0,0.564,1.252,5,5,10,60,60,60,TARGET_FIRST,TARGET_FIRST,TARGET_FIRST,0.564,1.252,MIRRORED from original's own advATR/favATR at same real price path; does NOT include the extra spread cost of crossing to the opposite bid/ask side at entry (see report methodology note)
MAC_20260629120512_SELL_SQUEEZE_RELEASE,MAC,2026.06.29 12:05:12,SELL,BUY,SQUEEZE_RELEASE,A+ EVIDENCE DEMOTION,A,4049.8,4.61,N,,0.228,0.0,0.228,0.048,0.228,0.208,0.228,0.372,0.228,1.732,5,,,15,30,60,TARGET_FIRST,STOP_FIRST,STOP_FIRST,0.228,1.732,MIRRORED from original's own advATR/favATR at same real price path; does NOT include the extra spread cost of crossing to the opposite bid/ask side at entry (see report methodology note)
MAC_20260629122512_SELL_TREND_PULLBACK,MAC,2026.06.29 12:25:12,SELL,BUY,TREND_PULLBACK,BAD-LOCATION BLOCK,A,4047.01,5.0,N,,0.124,0.0,0.124,0.12,0.124,0.36,0.124,0.976,0.124,1.376,,,,15,15,30,STOP_FIRST,STOP_FIRST,STOP_FIRST,0.124,1.376,MIRRORED from original's own advATR/favATR at same real price path; does NOT include the extra spread cost of crossing to the opposite bid/ask side at entry (see report methodology note)
MAC_20260629124512_SELL_SQUEEZE_RELEASE,MAC,2026.06.29 12:45:12,SELL,BUY,SQUEEZE_RELEASE,BAD-LOCATION BLOCK,A,4043.24,5.26,N,,0.0,0.332,0.0,0.64,0.0,0.892,0.0,1.02,0.0,1.02,,,,5,5,10,STOP_FIRST,STOP_FIRST,STOP_FIRST,0.0,1.02,MIRRORED from original's own advATR/favATR at same real price path; does NOT include the extra spread cost of crossing to the opposite bid/ask side at entry (see report methodology note)
MAC_20260629131013_SELL_SQUEEZE_RELEASE,MAC,2026.06.29 13:10:13,SELL,BUY,SQUEEZE_RELEASE,A+ EVIDENCE DEMOTION,A,4034.65,5.82,N,,0.22,0.0,0.22,0.0,0.22,0.0,0.276,0.08,0.276,0.08,5,,,,,,TARGET_FIRST,NEITHER_5-60m,NEITHER_5-60m,0.276,0.08,MIRRORED from original's own advATR/favATR at same real price path; does NOT include the extra spread cost of crossing to the opposite bid/ask side at entry (see report methodology note)
MAC_20260629131512_SELL_HTF_TREND_FOLLOW,MAC,2026.06.29 13:15:12,SELL,BUY,HTF_TREND_FOLLOW,NEWS_AFTERMATH [NORMAL],A+,4037.76,6.0,N,,0.0,0.164,0.004,0.164,0.004,0.164,0.06,0.288,0.06,0.288,,,,30,,,STOP_FIRST,NEITHER_5-60m,NEITHER_5-60m,0.06,0.288,MIRRORED from original's own advATR/favATR at same real price path; does NOT include the extra spread cost of crossing to the opposite bid/ask side at entry (see report methodology note)
MAC_20260629132016_SELL_TREND_PULLBACK,MAC,2026.06.29 13:20:16,SELL,BUY,TREND_PULLBACK,A+ EVIDENCE DEMOTION,A,4035.19,5.97,N,,0.176,0.0,0.176,0.116,0.232,0.116,0.232,0.116,0.232,0.4,15,,,60,60,,TARGET_FIRST,STOP_FIRST,NEITHER_5-60m,0.232,0.4,MIRRORED from original's own advATR/favATR at same real price path; does NOT include the extra spread cost of crossing to the opposite bid/ask side at entry (see report methodology note)
MAC_20260629133512_SELL_TREND_PULLBACK,MAC,2026.06.29 13:35:12,SELL,BUY,TREND_PULLBACK,BAD-LOCATION BLOCK,A,4033.4,5.78,N,,0.364,0.0,0.364,0.0,0.364,0.0,0.364,0.0,0.364,0.292,5,5,,60,,,TARGET_FIRST,TARGET_FIRST,NEITHER_5-60m,0.364,0.292,MIRRORED from original's own advATR/favATR at same real price path; does NOT include the extra spread cost of crossing to the opposite bid/ask side at entry (see report methodology note)
MAC_20260629134513_SELL_TREND_PULLBACK,MAC,2026.06.29 13:45:13,SELL,BUY,TREND_PULLBACK,NEWS_AFTERMATH [NORMAL],A+,4035.04,5.78,N,,0.0,0.068,0.204,0.068,0.204,0.068,0.204,0.12,0.204,0.404,10,,,60,60,,TARGET_FIRST,STOP_FIRST,NEITHER_5-60m,0.204,0.404,MIRRORED from original's own advATR/favATR at same real price path; does NOT include the extra spread cost of crossing to the opposite bid/ask side at entry (see report methodology note)
MAC_20260629140012_SELL_TREND_PULLBACK,MAC,2026.06.29 14:00:12,SELL,BUY,TREND_PULLBACK,ANALYSIS-ONLY,A+,4037.97,5.44,N,,0.0,0.1,0.0,0.112,0.0,0.172,0.0,0.644,,,,,,30,30,30,STOP_FIRST,STOP_FIRST,STOP_FIRST,0.0,0.644,MIRRORED from original's own advATR/favATR at same real price path; does NOT include the extra spread cost of crossing to the opposite bid/ask side at entry (see report methodology note)
MAC_20260629141013_SELL_TREND_PULLBACK,MAC,2026.06.29 14:10:13,SELL,BUY,TREND_PULLBACK,FAILED-IMPULSE BLOCK,A,4036.37,4.45,N,,0.0,0.272,0.0,0.644,0.0,0.644,0.0,0.644,,,,,,5,10,10,STOP_FIRST,STOP_FIRST,STOP_FIRST,0.0,0.644,MIRRORED from original's own advATR/favATR at same real price path; does NOT include the extra spread cost of crossing to the opposite bid/ask side at entry (see report methodology note)
MAC_20260629141515_SELL_TREND_PULLBACK,MAC,2026.06.29 14:15:15,SELL,BUY,TREND_PULLBACK,STI_REENTRY_WAIT ,A+,4035.6,4.34,N,,0.0,0.592,0.0,0.592,0.0,0.592,0.048,0.592,,,,,,5,5,5,STOP_FIRST,STOP_FIRST,STOP_FIRST,0.048,0.592,MIRRORED from original's own advATR/favATR at same real price path; does NOT include the extra spread cost of crossing to the opposite bid/ask side at entry (see report methodology note)
MAC_20260629142512_SELL_TREND_PULLBACK,MAC,2026.06.29 14:25:12,SELL,BUY,TREND_PULLBACK,A+ EVIDENCE DEMOTION,A,4029.29,4.17,N,,0.26,0.0,0.54,0.0,0.54,0.0,,,,,5,10,10,,,,TARGET_FIRST,TARGET_FIRST,TARGET_FIRST,0.54,0.0,MIRRORED from original's own advATR/favATR at same real price path; does NOT include the extra spread cost of crossing to the opposite bid/ask side at entry (see report methodology note)
MAC_20260629143029_SELL_HTF_TREND_FOLLOW,MAC,2026.06.29 14:30:29,SELL,BUY,HTF_TREND_FOLLOW,Trade blocked — momentum slowdown (close in opposite 30% of last,A+,4032.34,4.12,N,,0.252,0.0,0.312,0.0,0.364,0.0,,,,,5,10,,,,,TARGET_FIRST,TARGET_FIRST,NEITHER_5-60m,0.364,0.0,MIRRORED from original's own advATR/favATR at same real price path; does NOT include the extra spread cost of crossing to the opposite bid/ask side at entry (see report methodology note)
MAC_20260629145200_SELL_TREND_PULLBACK,MAC,2026.06.29 14:52:00,SELL,BUY,TREND_PULLBACK,A+ EVIDENCE DEMOTION,A,4037.75,4.21,Y,15,0.088,0.036,0.828,0.036,1.06,0.036,1.06,0.036,1.06,0.036,10,10,10,,,,TARGET_FIRST,TARGET_FIRST,TARGET_FIRST,1.06,0.036,MIRRORED from original's own advATR/favATR at same real price path; does NOT include the extra spread cost of crossing to the opposite bid/ask side at entry (see report methodology note)
MAC_20260629150512_SELL_LONDON_FIX_PIN,MAC,2026.06.29 15:05:12,SELL,BUY,LONDON_FIX_PIN,NEWS_AFTERMATH [NORMAL],A+,4046.39,4.7,N,,0.216,0.0,0.216,0.0,0.216,0.128,0.216,0.688,0.38,0.688,5,60,,30,30,30,TARGET_FIRST,STOP_FIRST,STOP_FIRST,0.38,0.688,MIRRORED from original's own advATR/favATR at same real price path; does NOT include the extra spread cost of crossing to the opposite bid/ask side at entry (see report methodology note)
MAC_20260629152513_SELL_TREND_PULLBACK,MAC,2026.06.29 15:25:13,SELL,BUY,TREND_PULLBACK,ANALYSIS-ONLY,A+,4040.15,5.46,N,,0.0,0.136,0.412,0.136,0.416,0.136,0.52,0.136,,,10,10,30,,,,TARGET_FIRST,TARGET_FIRST,TARGET_FIRST,0.52,0.136,MIRRORED from original's own advATR/favATR at same real price path; does NOT include the extra spread cost of crossing to the opposite bid/ask side at entry (see report methodology note)
MAC_20260629153013_SELL_TREND_PULLBACK,MAC,2026.06.29 15:30:13,SELL,BUY,TREND_PULLBACK,NEWS_AFTERMATH [NORMAL],A+,4038.24,5.54,N,,0.544,0.0,0.548,0.0,0.576,0.0,0.912,0.0,,,5,5,5,,,,TARGET_FIRST,TARGET_FIRST,TARGET_FIRST,0.912,0.0,MIRRORED from original's own advATR/favATR at same real price path; does NOT include the extra spread cost of crossing to the opposite bid/ask side at entry (see report methodology note)
MAC_20260629153514_SELL_HTF_TREND_FOLLOW,MAC,2026.06.29 15:35:14,SELL,BUY,HTF_TREND_FOLLOW,STI_REENTRY_WAIT ,A+,4044.04,5.59,N,,0.128,0.0,0.156,0.0,0.156,0.0,0.488,0.0,,,30,30,,,,,TARGET_FIRST,TARGET_FIRST,NEITHER_5-60m,0.488,0.0,MIRRORED from original's own advATR/favATR at same real price path; does NOT include the extra spread cost of crossing to the opposite bid/ask side at entry (see report methodology note)
MAC_20260629154012_SELL_HTF_TREND_FOLLOW,MAC,2026.06.29 15:40:12,SELL,BUY,HTF_TREND_FOLLOW,NEWS_AFTERMATH [NORMAL],A+,4045.69,5.52,N,,0.012,0.0,0.036,0.0,0.036,0.088,0.372,0.088,,,30,30,,,,,TARGET_FIRST,TARGET_FIRST,NEITHER_5-60m,0.372,0.088,MIRRORED from original's own advATR/favATR at same real price path; does NOT include the extra spread cost of crossing to the opposite bid/ask side at entry (see report methodology note)
MAC_20260629155015_SELL_TREND_PULLBACK,MAC,2026.06.29 15:50:15,SELL,BUY,TREND_PULLBACK,STI_REENTRY_WAIT ,A+,4045.91,5.3,N,,0.1,0.108,0.372,0.108,0.372,0.108,,,,,10,10,,,,,TARGET_FIRST,TARGET_FIRST,NEITHER_5-60m,0.372,0.108,MIRRORED from original's own advATR/favATR at same real price path; does NOT include the extra spread cost of crossing to the opposite bid/ask side at entry (see report methodology note)
MAC_20260629161443_SELL_TREND_PULLBACK,MAC,2026.06.29 16:14:43,SELL,BUY,TREND_PULLBACK,Trade blocked — startup,A+,4046.98,5.63,N,,,,,,,,,,,,,,,,,,NEITHER_5-60m,NEITHER_5-60m,NEITHER_5-60m,,,MIRRORED from original's own advATR/favATR at same real price path; does NOT include the extra spread cost of crossing to the opposite bid/ask side at entry (see report methodology note)
MAC_20260629161614_SELL_HTF_TREND_FOLLOW,MAC,2026.06.29 16:16:14,SELL,BUY,HTF_TREND_FOLLOW,Trade blocked — startup,A+,4048.18,5.3,N,,0.0,0.416,,,,,,,,,,,,5,5,,STOP_FIRST,STOP_FIRST,NEITHER_5-60m,0.0,0.416,MIRRORED from original's own advATR/favATR at same real price path; does NOT include the extra spread cost of crossing to the opposite bid/ask side at entry (see report methodology note)
MAC_20260629162012_SELL_HTF_TREND_FOLLOW,MAC,2026.06.29 16:20:12,SELL,BUY,HTF_TREND_FOLLOW,NEWS_AFTERMATH [NORMAL],A+,4047.86,5.26,N,,0.0,0.396,,,,,,,,,,,,5,5,,STOP_FIRST,STOP_FIRST,NEITHER_5-60m,0.0,0.396,MIRRORED from original's own advATR/favATR at same real price path; does NOT include the extra spread cost of crossing to the opposite bid/ask side at entry (see report methodology note)
MAC_20260629162515_SELL_TREND_PULLBACK,MAC,2026.06.29 16:25:15,SELL,BUY,TREND_PULLBACK,NEWS_AFTERMATH [NORMAL],A+,4042.72,5.31,N,,,,,,,,,,,,,,,,,,NEITHER_5-60m,NEITHER_5-60m,NEITHER_5-60m,,,MIRRORED from original's own advATR/favATR at same real price path; does NOT include the extra spread cost of crossing to the opposite bid/ask side at entry (see report methodology note)
MAC_20260629162945_SELL_TREND_PULLBACK,MAC,2026.06.29 16:29:45,SELL,BUY,TREND_PULLBACK,NEWS_AFTERMATH [NORMAL],A+,4039.96,5.31,N,,0.156,0.0,0.156,0.208,0.156,0.208,,,,,,,,10,,,STOP_FIRST,NEITHER_5-60m,NEITHER_5-60m,0.156,0.208,MIRRORED from original's own advATR/favATR at same real price path; does NOT include the extra spread cost of crossing to the opposite bid/ask side at entry (see report methodology note)
MAC_20260629163115_SELL_TREND_PULLBACK,MAC,2026.06.29 16:31:15,SELL,BUY,TREND_PULLBACK,A+ EVIDENCE DEMOTION,A,4041.14,5.29,N,,0.068,0.296,0.068,0.296,,,,,,,,,,5,,,STOP_FIRST,NEITHER_5-60m,NEITHER_5-60m,0.068,0.296,MIRRORED from original's own advATR/favATR at same real price path; does NOT include the extra spread cost of crossing to the opposite bid/ask side at entry (see report methodology note)
MAC_20260629164652_SELL_TREND_PULLBACK,MAC,2026.06.29 16:46:52,SELL,BUY,TREND_PULLBACK,Trade blocked — startup,B,4036.65,5.68,N,,,,,,,,,,,,,,,,,,NEITHER_5-60m,NEITHER_5-60m,NEITHER_5-60m,,,MIRRORED from original's own advATR/favATR at same real price path; does NOT include the extra spread cost of crossing to the opposite bid/ask side at entry (see report methodology note)
MAC_20260629164727_SELL_TREND_PULLBACK,MAC,2026.06.29 16:47:27,SELL,BUY,TREND_PULLBACK,Trade blocked — startup,B,4035.84,5.68,N,,0.0,0.324,0.0,0.324,0.0,0.772,0.0,2.124,0.0,2.124,,,,5,5,15,STOP_FIRST,STOP_FIRST,STOP_FIRST,0.0,2.124,MIRRORED from original's own advATR/favATR at same real price path; does NOT include the extra spread cost of crossing to the opposite bid/ask side at entry (see report methodology note)
MAC_20260629165012_SELL_TREND_PULLBACK,MAC,2026.06.29 16:50:12,SELL,BUY,TREND_PULLBACK,A+ EVIDENCE DEMOTION,A,4033.65,5.91,N,,0.0,0.164,0.0,0.164,0.0,0.592,0.0,1.896,0.0,1.896,,,,15,15,15,STOP_FIRST,STOP_FIRST,STOP_FIRST,0.0,1.896,MIRRORED from original's own advATR/favATR at same real price path; does NOT include the extra spread cost of crossing to the opposite bid/ask side at entry (see report methodology note)
MAC_20260629171012_SELL_BREAKOUT,MAC,2026.06.29 17:10:12,SELL,BUY,BREAKOUT,A+ EVIDENCE DEMOTION,A,4016.07,7.37,N,,0.0,0.564,0.128,0.564,0.376,0.564,0.624,0.564,,,15,15,30,5,5,5,STOP_FIRST,STOP_FIRST,STOP_FIRST,0.624,0.564,MIRRORED from original's own advATR/favATR at same real price path; does NOT include the extra spread cost of crossing to the opposite bid/ask side at entry (see report methodology note)
MAC_20260629171513_SELL_SQUEEZE_RELEASE,MAC,2026.06.29 17:15:13,SELL,BUY,SQUEEZE_RELEASE,A+ EVIDENCE DEMOTION,A,4006.01,7.46,Y,15,0.664,0.0,0.908,0.0,1.156,0.0,1.156,0.0,,,5,5,5,,,,TARGET_FIRST,TARGET_FIRST,TARGET_FIRST,1.156,0.0,MIRRORED from original's own advATR/favATR at same real price path; does NOT include the extra spread cost of crossing to the opposite bid/ask side at entry (see report methodology note)
MAC_20260629172527_SELL_HTF_TREND_FOLLOW,MAC,2026.06.29 17:25:27,SELL,BUY,HTF_TREND_FOLLOW,AI DIRECTOR BLOCK,A+,4022.89,8.37,N,,0.224,0.0,0.224,0.0,0.224,0.008,,,,,5,,,,,,TARGET_FIRST,NEITHER_5-60m,NEITHER_5-60m,0.224,0.008,MIRRORED from original's own advATR/favATR at same real price path; does NOT include the extra spread cost of crossing to the opposite bid/ask side at entry (see report methodology note)
MAC_20260629213138_SELL_TREND_PULLBACK,MAC,2026.06.29 21:31:38,SELL,BUY,TREND_PULLBACK,BAD-LOCATION BLOCK,A,4020.32,2.89,N,,0.084,0.0,0.084,0.0,0.084,0.504,0.084,1.412,0.084,1.716,,,,15,15,15,STOP_FIRST,STOP_FIRST,STOP_FIRST,0.084,1.716,MIRRORED from original's own advATR/favATR at same real price path; does NOT include the extra spread cost of crossing to the opposite bid/ask side at entry (see report methodology note)
MAC_20260629213515_SELL_TREND_PULLBACK,MAC,2026.06.29 21:35:15,SELL,BUY,TREND_PULLBACK,STI_REENTRY_WAIT ,A+,4020.72,2.72,N,,0.012,0.0,0.012,0.592,0.012,0.592,0.012,1.56,0.012,1.88,,,,10,10,10,STOP_FIRST,STOP_FIRST,STOP_FIRST,0.012,1.88,MIRRORED from original's own advATR/favATR at same real price path; does NOT include the extra spread cost of crossing to the opposite bid/ask side at entry (see report methodology note)
MAC_20260629215514_SELL_TREND_PULLBACK,MAC,2026.06.29 21:55:14,SELL,BUY,TREND_PULLBACK,A+ EVIDENCE DEMOTION,A,4017.23,2.56,N,,0.0,1.112,0.0,1.112,0.0,1.452,0.032,1.452,0.132,1.452,,,,5,5,5,STOP_FIRST,STOP_FIRST,STOP_FIRST,0.132,1.452,MIRRORED from original's own advATR/favATR at same real price path; does NOT include the extra spread cost of crossing to the opposite bid/ask side at entry (see report methodology note)
MAC_20260629220027_SELL_TREND_PULLBACK,MAC,2026.06.29 22:00:27,SELL,BUY,TREND_PULLBACK,AI DIRECTOR BLOCK,A+,4013.23,2.84,N,,0.0,0.44,0.0,0.748,0.0,0.748,0.632,0.748,0.68,0.748,30,30,30,5,5,10,STOP_FIRST,STOP_FIRST,STOP_FIRST,0.68,0.748,MIRRORED from original's own advATR/favATR at same real price path; does NOT include the extra spread cost of crossing to the opposite bid/ask side at entry (see report methodology note)
MAC_20260629221018_SELL_SQUEEZE_RELEASE,MAC,2026.06.29 22:10:18,SELL,BUY,SQUEEZE_RELEASE,A+ EVIDENCE DEMOTION,A,4011.95,2.92,N,,0.0,0.552,0.12,0.552,0.748,0.552,0.836,0.552,0.836,0.552,15,15,15,5,5,5,STOP_FIRST,STOP_FIRST,STOP_FIRST,0.836,0.552,MIRRORED from original's own advATR/favATR at same real price path; does NOT include the extra spread cost of crossing to the opposite bid/ask side at entry (see report methodology note)
MAC_20260630014039_SELL_TREND_PULLBACK,MAC,2026.06.30 01:40:39,SELL,BUY,TREND_PULLBACK,ANALYSIS-ONLY,A+,4012.65,3.49,N,,0.144,0.192,0.312,0.192,0.492,0.192,0.952,0.192,,,10,10,30,,,,TARGET_FIRST,TARGET_FIRST,TARGET_FIRST,0.952,0.192,MIRRORED from original's own advATR/favATR at same real price path; does NOT include the extra spread cost of crossing to the opposite bid/ask side at entry (see report methodology note)
MAC_20260630015017_SELL_TREND_PULLBACK,MAC,2026.06.30 01:50:17,SELL,BUY,TREND_PULLBACK,A+ EVIDENCE DEMOTION,A,4013.71,3.77,N,,0.344,0.0,0.444,0.0,0.74,0.0,0.768,0.0,,,5,5,15,,,,TARGET_FIRST,TARGET_FIRST,TARGET_FIRST,0.768,0.0,MIRRORED from original's own advATR/favATR at same real price path; does NOT include the extra spread cost of crossing to the opposite bid/ask side at entry (see report methodology note)
MAC_20260630020150_SELL_TREND_PULLBACK,MAC,2026.06.30 02:01:50,SELL,BUY,TREND_PULLBACK,STI_REENTRY_WAIT ,A+,4016.91,3.91,N,,0.388,0.0,0.412,0.0,0.412,0.0,,,,,5,5,,,,,TARGET_FIRST,TARGET_FIRST,NEITHER_5-60m,0.412,0.0,MIRRORED from original's own advATR/favATR at same real price path; does NOT include the extra spread cost of crossing to the opposite bid/ask side at entry (see report methodology note)
MAC_20260630021029_SELL_HTF_TREND_FOLLOW,MAC,2026.06.30 02:10:29,SELL,BUY,HTF_TREND_FOLLOW,AI DIRECTOR BLOCK,A+,4020.32,3.99,N,,0.064,0.0,0.064,0.18,,,,,,,,,,,,,NEITHER_5-60m,NEITHER_5-60m,NEITHER_5-60m,0.064,0.18,MIRRORED from original's own advATR/favATR at same real price path; does NOT include the extra spread cost of crossing to the opposite bid/ask side at entry (see report methodology note)
MAC_20260630030613_SELL_TREND_PULLBACK,MAC,2026.06.30 03:06:13,SELL,BUY,TREND_PULLBACK,ANALYSIS-ONLY,A+,4006.91,3.7,N,,0.36,0.0,0.36,0.0,0.36,0.0,0.36,0.664,0.36,4.168,5,5,,30,30,30,TARGET_FIRST,TARGET_FIRST,STOP_FIRST,0.36,4.168,MIRRORED from original's own advATR/favATR at same real price path; does NOT include the extra spread cost of crossing to the opposite bid/ask side at entry (see report methodology note)
MAC_20260630031148_SELL_TREND_PULLBACK,MAC,2026.06.30 03:11:48,SELL,BUY,TREND_PULLBACK,STI_REENTRY_WAIT ,A+,4011.27,3.77,N,,0.0,0.308,0.0,0.308,0.0,0.632,0.0,2.076,0.0,6.128,,,,5,5,15,STOP_FIRST,STOP_FIRST,STOP_FIRST,0.0,6.128,MIRRORED from original's own advATR/favATR at same real price path; does NOT include the extra spread cost of crossing to the opposite bid/ask side at entry (see report methodology note)
MAC_20260630031646_SELL_HTF_TREND_FOLLOW,MAC,2026.06.30 03:16:46,SELL,BUY,HTF_TREND_FOLLOW,STI_REENTRY_WAIT ,A+,4008.62,4.13,N,,0.024,0.0,0.024,0.32,0.024,0.76,0.024,1.64,0.024,5.34,,,,10,10,15,STOP_FIRST,STOP_FIRST,STOP_FIRST,0.024,5.34,MIRRORED from original's own advATR/favATR at same real price path; does NOT include the extra spread cost of crossing to the opposite bid/ask side at entry (see report methodology note)
MAC_20260630032148_SELL_TREND_PULLBACK,MAC,2026.06.30 03:21:48,SELL,BUY,TREND_PULLBACK,A+ EVIDENCE DEMOTION,A,4008.41,4.37,N,,0.008,0.284,0.008,0.7,0.008,1.0,0.008,1.588,0.008,5.032,,,,5,10,10,STOP_FIRST,STOP_FIRST,STOP_FIRST,0.008,5.032,MIRRORED from original's own advATR/favATR at same real price path; does NOT include the extra spread cost of crossing to the opposite bid/ask side at entry (see report methodology note)
MAC_20260630032514_SELL_TREND_PULLBACK,MAC,2026.06.30 03:25:14,SELL,BUY,TREND_PULLBACK,BAD-LOCATION BLOCK,A,4008.33,4.48,N,,0.0,0.272,0.0,0.676,0.0,0.968,0.0,2.048,0.0,4.904,,,,5,10,10,STOP_FIRST,STOP_FIRST,STOP_FIRST,0.0,4.904,MIRRORED from original's own advATR/favATR at same real price path; does NOT include the extra spread cost of crossing to the opposite bid/ask side at entry (see report methodology note)
MAC_20260630033653_SELL_TREND_PULLBACK,MAC,2026.06.30 03:36:53,SELL,BUY,TREND_PULLBACK,AI DIRECTOR BLOCK,A+,4000.59,4.86,N,,0.0,0.732,0.0,0.732,0.0,0.784,0.0,2.656,0.0,3.88,,,,5,5,5,STOP_FIRST,STOP_FIRST,STOP_FIRST,0.0,3.88,MIRRORED from original's own advATR/favATR at same real price path; does NOT include the extra spread cost of crossing to the opposite bid/ask side at entry (see report methodology note)
MAC_20260630034529_SELL_BREAKOUT,MAC,2026.06.30 03:45:29,SELL,BUY,BREAKOUT,AI DIRECTOR BLOCK,A+,3991.89,5.23,N,,0.068,0.06,0.068,0.496,0.068,1.8,0.068,2.94,0.068,2.94,,,,10,10,15,STOP_FIRST,STOP_FIRST,STOP_FIRST,0.068,2.94,MIRRORED from original's own advATR/favATR at same real price path; does NOT include the extra spread cost of crossing to the opposite bid/ask side at entry (see report methodology note)
MAC_20260630035015_SELL_SQUEEZE_RELEASE,MAC,2026.06.30 03:50:15,SELL,BUY,SQUEEZE_RELEASE,A+ EVIDENCE DEMOTION,A,3992.28,5.36,N,,0.0,0.088,0.0,1.788,0.0,1.792,0.0,2.896,0.0,2.896,,,,10,10,10,STOP_FIRST,STOP_FIRST,STOP_FIRST,0.0,2.896,MIRRORED from original's own advATR/favATR at same real price path; does NOT include the extra spread cost of crossing to the opposite bid/ask side at entry (see report methodology note)
MAC_20260630041527_SELL_SQUEEZE_RELEASE,MAC,2026.06.30 04:15:27,SELL,BUY,SQUEEZE_RELEASE,AI DIRECTOR BLOCK,A+,3951.35,9.47,Y,10,0.868,0.0,1.18,0.0,1.18,0.0,1.18,0.0,1.18,0.0,5,5,5,,,,TARGET_FIRST,TARGET_FIRST,TARGET_FIRST,1.18,0.0,MIRRORED from original's own advATR/favATR at same real price path; does NOT include the extra spread cost of crossing to the opposite bid/ask side at entry (see report methodology note)
MAC_20260630043514_SELL_TREND_PULLBACK,MAC,2026.06.30 04:35:14,SELL,BUY,TREND_PULLBACK,A+ EVIDENCE DEMOTION,A,3975.26,11.09,N,,0.0,0.276,0.0,0.456,0.0,0.724,0.0,0.724,0.0,0.724,,,,5,10,15,STOP_FIRST,STOP_FIRST,STOP_FIRST,0.0,0.724,MIRRORED from original's own advATR/favATR at same real price path; does NOT include the extra spread cost of crossing to the opposite bid/ask side at entry (see report methodology note)
MAC_20260630044527_SELL_HTF_TREND_FOLLOW,MAC,2026.06.30 04:45:27,SELL,BUY,HTF_TREND_FOLLOW,Trade blocked — momentum slowdown (close in opposite 30% of last,A+,3972.48,11.28,N,,0.0,0.612,0.0,0.612,0.0,0.612,0.0,0.612,0.0,0.612,,,,5,5,5,STOP_FIRST,STOP_FIRST,STOP_FIRST,0.0,0.612,MIRRORED from original's own advATR/favATR at same real price path; does NOT include the extra spread cost of crossing to the opposite bid/ask side at entry (see report methodology note)
MAC_20260630051155_SELL_HTF_TREND_FOLLOW,MAC,2026.06.30 05:11:55,SELL,BUY,HTF_TREND_FOLLOW,ANALYSIS-ONLY,A+,3955.02,12.05,N,,0.208,0.0,0.252,0.0,0.252,0.0,0.288,0.0,0.452,0.0,5,60,,,,,TARGET_FIRST,TARGET_FIRST,NEITHER_5-60m,0.452,0.0,MIRRORED from original's own advATR/favATR at same real price path; does NOT include the extra spread cost of crossing to the opposite bid/ask side at entry (see report methodology note)
MAC_20260630052021_SELL_HTF_TREND_FOLLOW,MAC,2026.06.30 05:20:21,SELL,BUY,HTF_TREND_FOLLOW,STI_REENTRY_WAIT ,A+,3960.77,9.52,N,,0.076,0.0,0.076,0.124,0.124,0.124,0.24,0.124,0.38,0.124,30,60,,,,,TARGET_FIRST,TARGET_FIRST,NEITHER_5-60m,0.38,0.124,MIRRORED from original's own advATR/favATR at same real price path; does NOT include the extra spread cost of crossing to the opposite bid/ask side at entry (see report methodology note)
MAC_20260630054033_SELL_HTF_TREND_FOLLOW,MAC,2026.06.30 05:40:33,SELL,BUY,HTF_TREND_FOLLOW,AI DIRECTOR BLOCK,A+,3963.65,7.48,Y,60,0.064,0.216,0.148,0.216,0.148,0.216,0.268,0.216,1.636,0.216,30,60,60,5,,,STOP_FIRST,TARGET_FIRST,TARGET_FIRST,1.636,0.216,MIRRORED from original's own advATR/favATR at same real price path; does NOT include the extra spread cost of crossing to the opposite bid/ask side at entry (see report methodology note)
MAC_20260630054514_SELL_TREND_PULLBACK,MAC,2026.06.30 05:45:14,SELL,BUY,TREND_PULLBACK,BAD-LOCATION BLOCK,A,3959.77,7.62,Y,60,0.264,0.0,0.352,0.0,0.468,0.0,0.468,0.0,1.808,0.0,5,10,60,,,,TARGET_FIRST,TARGET_FIRST,TARGET_FIRST,1.808,0.0,MIRRORED from original's own advATR/favATR at same real price path; does NOT include the extra spread cost of crossing to the opposite bid/ask side at entry (see report methodology note)
MAC_20260630055033_SELL_HTF_TREND_FOLLOW,MAC,2026.06.30 05:50:33,SELL,BUY,HTF_TREND_FOLLOW,Trade blocked — momentum slowdown (close in opposite 30% of last,A+,3963.85,7.51,Y,60,0.14,0.004,0.256,0.004,0.256,0.004,0.316,0.004,1.62,0.112,10,30,60,,,,TARGET_FIRST,TARGET_FIRST,TARGET_FIRST,1.62,0.112,MIRRORED from original's own advATR/favATR at same real price path; does NOT include the extra spread cost of crossing to the opposite bid/ask side at entry (see report methodology note)
MAC_20260630060032_SELL_TREND_PULLBACK,MAC,2026.06.30 06:00:32,SELL,BUY,TREND_PULLBACK,AI DIRECTOR BLOCK,A+,3965.44,7.26,Y,60,0.176,0.0,0.176,0.0,0.24,0.0,0.24,0.204,1.588,0.204,15,60,60,30,,,TARGET_FIRST,TARGET_FIRST,TARGET_FIRST,1.588,0.204,MIRRORED from original's own advATR/favATR at same real price path; does NOT include the extra spread cost of crossing to the opposite bid/ask side at entry (see report methodology note)
MAC_20260630073426_SELL_HTF_TREND_FOLLOW,MAC,2026.06.30 07:34:26,SELL,BUY,HTF_TREND_FOLLOW,ANALYSIS-ONLY,A+,3994.09,4.66,N,,0.108,0.168,0.108,0.58,0.108,0.58,0.108,0.864,0.108,1.452,,,,10,10,10,STOP_FIRST,STOP_FIRST,STOP_FIRST,0.108,1.452,MIRRORED from original's own advATR/favATR at same real price path; does NOT include the extra spread cost of crossing to the opposite bid/ask side at entry (see report methodology note)
MAC_20260630073550_BUY_BREAKOUT,MAC,2026.06.30 07:35:50,BUY,SELL,BREAKOUT,SMART-GUARD,A,3995.53,5.27,Y,60,0.62,0.0,0.62,0.0,0.62,0.0,0.876,0.0,1.392,0.0,5,5,5,,,,TARGET_FIRST,TARGET_FIRST,TARGET_FIRST,1.392,0.0,MIRRORED from original's own advATR/favATR at same real price path; does NOT include the extra spread cost of crossing to the opposite bid/ask side at entry (see report methodology note)
MAC_20260630074028_SELL_HTF_TREND_FOLLOW,MAC,2026.06.30 07:40:28,SELL,BUY,HTF_TREND_FOLLOW,AI DIRECTOR BLOCK,A+,3991.94,5.31,N,,0.0,0.344,0.0,0.344,0.0,0.596,0.0,0.848,0.0,1.112,,,,5,5,15,STOP_FIRST,STOP_FIRST,STOP_FIRST,0.0,1.112,MIRRORED from original's own advATR/favATR at same real price path; does NOT include the extra spread cost of crossing to the opposite bid/ask side at entry (see report methodology note)
MAC_20260630081819_SELL_TREND_PULLBACK,MAC,2026.06.30 08:18:19,SELL,BUY,TREND_PULLBACK,ANALYSIS-ONLY,A+,3983.59,5.2,N,,0.28,0.224,0.28,0.324,0.28,0.492,0.28,0.492,0.288,0.492,5,,,5,10,,SIMULTANEOUS_SAME_CHECKPOINT,STOP_FIRST,NEITHER_5-60m,0.288,0.492,MIRRORED from original's own advATR/favATR at same real price path; does NOT include the extra spread cost of crossing to the opposite bid/ask side at entry (see report methodology note)
MAC_20260630082517_SELL_HTF_TREND_FOLLOW,MAC,2026.06.30 08:25:17,SELL,BUY,HTF_TREND_FOLLOW,STI_REENTRY_WAIT ,A+,3987.64,5.38,Y,60,0.0,0.776,0.0,0.776,0.0,0.776,0.0,0.776,1.884,0.776,60,60,60,5,5,5,STOP_FIRST,STOP_FIRST,STOP_FIRST,1.884,0.776,MIRRORED from original's own advATR/favATR at same real price path; does NOT include the extra spread cost of crossing to the opposite bid/ask side at entry (see report methodology note)
MAC_20260630083518_SELL_TREND_PULLBACK,MAC,2026.06.30 08:35:18,SELL,BUY,TREND_PULLBACK,STI_REENTRY_WAIT ,A+,3976.85,6.01,Y,60,0.324,0.0,0.324,0.0,0.324,0.0,0.632,0.0,3.616,0.0,5,5,30,,,,TARGET_FIRST,TARGET_FIRST,TARGET_FIRST,3.616,0.0,MIRRORED from original's own advATR/favATR at same real price path; does NOT include the extra spread cost of crossing to the opposite bid/ask side at entry (see report methodology note)
MAC_20260630084516_SELL_TREND_PULLBACK,MAC,2026.06.30 08:45:16,SELL,BUY,TREND_PULLBACK,BAD-LOCATION BLOCK,A,3979.78,5.49,Y,60,0.044,0.012,0.172,0.012,0.364,0.012,0.552,0.012,3.744,0.012,15,15,30,,,,TARGET_FIRST,TARGET_FIRST,TARGET_FIRST,3.744,0.012,MIRRORED from original's own advATR/favATR at same real price path; does NOT include the extra spread cost of crossing to the opposite bid/ask side at entry (see report methodology note)
MAC_20260630085016_SELL_TREND_PULLBACK,MAC,2026.06.30 08:50:16,SELL,BUY,TREND_PULLBACK,FAILED-IMPULSE BLOCK,A,3978.98,5.36,Y,30,0.104,0.0,0.432,0.0,0.548,0.0,1.46,0.0,3.896,0.0,10,10,15,,,,TARGET_FIRST,TARGET_FIRST,TARGET_FIRST,3.896,0.0,MIRRORED from original's own advATR/favATR at same real price path; does NOT include the extra spread cost of crossing to the opposite bid/ask side at entry (see report methodology note)
MAC_20260630090515_SELL_HTF_TREND_FOLLOW,MAC,2026.06.30 09:05:15,SELL,BUY,HTF_TREND_FOLLOW,NEWS FILTER (high-impact event nearby),A+,3985.76,5.55,Y,30,0.116,0.0,0.116,0.0,0.92,0.0,3.268,0.0,3.268,0.0,15,15,15,,,,TARGET_FIRST,TARGET_FIRST,TARGET_FIRST,3.268,0.0,MIRRORED from original's own advATR/favATR at same real price path; does NOT include the extra spread cost of crossing to the opposite bid/ask side at entry (see report methodology note)
MAC_20260630091031_SELL_HTF_TREND_FOLLOW,MAC,2026.06.30 09:10:31,SELL,BUY,HTF_TREND_FOLLOW,AI DIRECTOR BLOCK,A+,3986.84,5.7,Y,15,0.036,0.02,0.82,0.02,1.836,0.02,3.108,0.02,3.108,0.02,10,10,10,,,,TARGET_FIRST,TARGET_FIRST,TARGET_FIRST,3.108,0.02,MIRRORED from original's own advATR/favATR at same real price path; does NOT include the extra spread cost of crossing to the opposite bid/ask side at entry (see report methodology note)
MAC_20260630092517_SELL_HTF_TREND_FOLLOW,MAC,2026.06.30 09:25:17,SELL,BUY,HTF_TREND_FOLLOW,ANALYSIS-ONLY,A+,3998.54,6.5,Y,5,2.008,0.0,2.008,0.0,2.008,0.0,2.008,0.0,2.008,0.0,5,5,5,,,,TARGET_FIRST,TARGET_FIRST,TARGET_FIRST,2.008,0.0,MIRRORED from original's own advATR/favATR at same real price path; does NOT include the extra spread cost of crossing to the opposite bid/ask side at entry (see report methodology note)
MAC_20260630093531_BUY_ASIA_BREAKOUT,MAC,2026.06.30 09:35:31,BUY,SELL,ASIA_BREAKOUT,AI DIRECTOR BLOCK,A+,4032.73,8.31,N,,0.432,0.0,0.432,0.0,0.432,0.0,0.488,0.0,0.536,0.0,5,5,60,,,,TARGET_FIRST,TARGET_FIRST,TARGET_FIRST,0.536,0.0,MIRRORED from original's own advATR/favATR at same real price path; does NOT include the extra spread cost of crossing to the opposite bid/ask side at entry (see report methodology note)
MAC_20260630094017_SELL_HTF_TREND_FOLLOW,MAC,2026.06.30 09:40:17,SELL,BUY,HTF_TREND_FOLLOW,NEWS_AFTERMATH [NORMAL],A+,4022.72,8.63,N,,0.36,0.0,0.36,0.0,0.36,0.0,0.36,0.008,0.36,0.052,5,5,,,,,TARGET_FIRST,TARGET_FIRST,NEITHER_5-60m,0.36,0.052,MIRRORED from original's own advATR/favATR at same real price path; does NOT include the extra spread cost of crossing to the opposite bid/ask side at entry (see report methodology note)
MAC_20260630111641_SELL_HTF_TREND_FOLLOW,MAC,2026.06.30 11:16:41,SELL,BUY,HTF_TREND_FOLLOW,Trade blocked — momentum slowdown (close in opposite 30% of last,A+,4023.17,5.3,N,,0.0,0.148,0.268,0.148,0.268,0.148,,,,,10,,,,,,TARGET_FIRST,NEITHER_5-60m,NEITHER_5-60m,0.268,0.148,MIRRORED from original's own advATR/favATR at same real price path; does NOT include the extra spread cost of crossing to the opposite bid/ask side at entry (see report methodology note)
MAC_20260630112015_SELL_TREND_PULLBACK,MAC,2026.06.30 11:20:15,SELL,BUY,TREND_PULLBACK,SMART-GUARD,A+,4021.85,5.21,N,,0.372,0.048,0.372,0.048,0.372,0.224,,,,,5,5,,15,,,TARGET_FIRST,TARGET_FIRST,NEITHER_5-60m,0.372,0.224,MIRRORED from original's own advATR/favATR at same real price path; does NOT include the extra spread cost of crossing to the opposite bid/ask side at entry (see report methodology note)
MAC_20260630113515_SELL_HTF_TREND_FOLLOW,MAC,2026.06.30 11:35:15,SELL,BUY,HTF_TREND_FOLLOW,ANALYSIS-ONLY,A+,4023.13,5.25,N,,0.0,0.332,,,,,,,,,,,,5,5,,STOP_FIRST,STOP_FIRST,NEITHER_5-60m,0.0,0.332,MIRRORED from original's own advATR/favATR at same real price path; does NOT include the extra spread cost of crossing to the opposite bid/ask side at entry (see report methodology note)
MAC_20260630114013_SELL_BREAKOUT,MAC,2026.06.30 11:40:13,SELL,BUY,BREAKOUT,SMART-GUARD,A+,4018.83,5.16,N,,0.0,0.004,,,,,,,,,,,,,,,NEITHER_5-60m,NEITHER_5-60m,NEITHER_5-60m,0.0,0.004,MIRRORED from original's own advATR/favATR at same real price path; does NOT include the extra spread cost of crossing to the opposite bid/ask side at entry (see report methodology note)
MAC_20260630115110_SELL_TREND_PULLBACK,MAC,2026.06.30 11:51:10,SELL,BUY,TREND_PULLBACK,SMART-GUARD,A,4016.92,4.9,N,,0.0,0.14,0.22,0.14,0.22,0.14,0.244,0.14,0.356,0.264,10,60,,60,,,TARGET_FIRST,TARGET_FIRST,NEITHER_5-60m,0.356,0.264,MIRRORED from original's own advATR/favATR at same real price path; does NOT include the extra spread cost of crossing to the opposite bid/ask side at entry (see report methodology note)
MAC_20260630120528_SELL_HTF_TREND_FOLLOW,MAC,2026.06.30 12:05:28,SELL,BUY,HTF_TREND_FOLLOW,AI DIRECTOR BLOCK,A+,4019.39,5.05,N,,0.0,0.12,0.0,0.12,0.044,0.12,0.044,0.452,0.512,0.452,60,60,60,30,30,,STOP_FIRST,STOP_FIRST,TARGET_FIRST,0.512,0.452,MIRRORED from original's own advATR/favATR at same real price path; does NOT include the extra spread cost of crossing to the opposite bid/ask side at entry (see report methodology note)
MAC_20260630130012_SELL_HTF_TREND_FOLLOW,MAC,2026.06.30 13:00:12,SELL,BUY,HTF_TREND_FOLLOW,NEWS_AFTERMATH [NORMAL],A+,4024.04,3.87,N,,0.188,0.0,0.188,0.068,0.256,0.068,0.396,0.068,0.588,0.068,15,30,60,,,,TARGET_FIRST,TARGET_FIRST,TARGET_FIRST,0.588,0.068,MIRRORED from original's own advATR/favATR at same real price path; does NOT include the extra spread cost of crossing to the opposite bid/ask side at entry (see report methodology note)
MAC_20260630131028_SELL_HTF_TREND_FOLLOW,MAC,2026.06.30 13:10:28,SELL,BUY,HTF_TREND_FOLLOW,AI DIRECTOR BLOCK,A,4022.7,3.77,Y,60,0.404,0.0,0.404,0.0,0.548,0.0,0.564,0.0,1.16,0.0,5,5,15,,,,TARGET_FIRST,TARGET_FIRST,TARGET_FIRST,1.16,0.0,MIRRORED from original's own advATR/favATR at same real price path; does NOT include the extra spread cost of crossing to the opposite bid/ask side at entry (see report methodology note)
MAC_20260630141528_SELL_HTF_TREND_FOLLOW,MAC,2026.06.30 14:15:28,SELL,BUY,HTF_TREND_FOLLOW,AI DIRECTOR BLOCK,A,4033.45,3.3,N,,0.0,0.32,0.0,0.32,0.0,0.32,0.176,0.32,0.176,0.924,,,,5,5,60,STOP_FIRST,STOP_FIRST,STOP_FIRST,0.176,0.924,MIRRORED from original's own advATR/favATR at same real price path; does NOT include the extra spread cost of crossing to the opposite bid/ask side at entry (see report methodology note)
MAC_20260630144513_SELL_HTF_TREND_FOLLOW,MAC,2026.06.30 14:45:13,SELL,BUY,HTF_TREND_FOLLOW,NEWS_AFTERMATH [NORMAL],A,4034.87,3.49,N,,0.0,0.292,0.0,0.34,0.0,0.348,0.0,0.996,0.0,2.324,,,,5,10,30,STOP_FIRST,STOP_FIRST,STOP_FIRST,0.0,2.324,MIRRORED from original's own advATR/favATR at same real price path; does NOT include the extra spread cost of crossing to the opposite bid/ask side at entry (see report methodology note)
MAC_20260630150013_SELL_HTF_TREND_FOLLOW,MAC,2026.06.30 15:00:13,SELL,BUY,HTF_TREND_FOLLOW,NEWS FILTER (high-impact event nearby),A,4033.48,3.7,N,,0.0,0.18,0.0,0.788,0.0,0.828,0.0,1.84,0.0,2.172,,,,10,10,10,STOP_FIRST,STOP_FIRST,STOP_FIRST,0.0,2.172,MIRRORED from original's own advATR/favATR at same real price path; does NOT include the extra spread cost of crossing to the opposite bid/ask side at entry (see report methodology note)
MAC_20260630151516_SELL_TREND_PULLBACK,MAC,2026.06.30 15:15:16,SELL,BUY,TREND_PULLBACK,SMART-GUARD,A,4026.7,3.81,N,,0.0,0.916,0.0,1.072,0.0,1.072,0.0,1.272,0.584,1.396,60,60,60,5,5,5,STOP_FIRST,STOP_FIRST,STOP_FIRST,0.584,1.396,MIRRORED from original's own advATR/favATR at same real price path; does NOT include the extra spread cost of crossing to the opposite bid/ask side at entry (see report methodology note)
MAC_20260630152514_SELL_BREAKOUT,MAC,2026.06.30 15:25:14,SELL,BUY,BREAKOUT,SMART-GUARD,A+,4017.81,4.27,Y,60,0.0,0.124,0.0,0.124,0.0,0.124,0.0,0.412,1.352,0.412,60,60,60,30,30,,STOP_FIRST,STOP_FIRST,TARGET_FIRST,1.352,0.412,MIRRORED from original's own advATR/favATR at same real price path; does NOT include the extra spread cost of crossing to the opposite bid/ask side at entry (see report methodology note)
MAC_20260630155530_SELL_HTF_TREND_FOLLOW,MAC,2026.06.30 15:55:30,SELL,BUY,HTF_TREND_FOLLOW,AI DIRECTOR BLOCK,A,4013.76,4.61,Y,30,0.228,0.0,0.86,0.0,0.86,0.0,1.604,0.0,1.604,0.0,5,10,10,,,,TARGET_FIRST,TARGET_FIRST,TARGET_FIRST,1.604,0.0,MIRRORED from original's own advATR/favATR at same real price path; does NOT include the extra spread cost of crossing to the opposite bid/ask side at entry (see report methodology note)
MAC_20260630160014_SELL_TREND_PULLBACK,MAC,2026.06.30 16:00:14,SELL,BUY,TREND_PULLBACK,BAD-TIMING BLOCK,A,4016.84,4.65,Y,15,0.0,0.072,0.588,0.072,1.328,0.072,1.328,0.072,,,10,10,10,,,,TARGET_FIRST,TARGET_FIRST,TARGET_FIRST,1.328,0.072,MIRRORED from original's own advATR/favATR at same real price path; does NOT include the extra spread cost of crossing to the opposite bid/ask side at entry (see report methodology note)
MAC_20260630162512_SELL_TREND_PULLBACK,MAC,2026.06.30 16:25:12,SELL,BUY,TREND_PULLBACK,A+ EVIDENCE DEMOTION,A,4021.33,6.57,N,,0.244,0.0,0.244,0.0,0.244,0.348,0.48,0.348,,,5,30,,15,15,,TARGET_FIRST,STOP_FIRST,NEITHER_5-60m,0.48,0.348,MIRRORED from original's own advATR/favATR at same real price path; does NOT include the extra spread cost of crossing to the opposite bid/ask side at entry (see report methodology note)
MAC_20260630163032_SELL_HTF_TREND_FOLLOW,MAC,2026.06.30 16:30:32,SELL,BUY,HTF_TREND_FOLLOW,Trade blocked — momentum slowdown (close in opposite 30% of last,A+,4026.05,6.59,N,,0.0,0.632,0.0,0.632,0.0,0.632,,,,,,,,5,5,5,STOP_FIRST,STOP_FIRST,STOP_FIRST,0.0,0.632,MIRRORED from original's own advATR/favATR at same real price path; does NOT include the extra spread cost of crossing to the opposite bid/ask side at entry (see report methodology note)
MAC_20260630164014_SELL_TREND_PULLBACK,MAC,2026.06.30 16:40:14,SELL,BUY,TREND_PULLBACK,SMART-GUARD,A+,4015.87,6.99,N,,0.524,0.0,0.764,0.0,0.764,0.0,,,,,5,5,5,,,,TARGET_FIRST,TARGET_FIRST,TARGET_FIRST,0.764,0.0,MIRRORED from original's own advATR/favATR at same real price path; does NOT include the extra spread cost of crossing to the opposite bid/ask side at entry (see report methodology note)
MAC_20260630164516_SELL_HTF_TREND_FOLLOW,MAC,2026.06.30 16:45:16,SELL,BUY,HTF_TREND_FOLLOW,NEWS FILTER (high-impact event nearby),A+,4024.38,7.42,N,,0.26,0.0,0.26,0.0,,,,,,,5,,,,,,TARGET_FIRST,NEITHER_5-60m,NEITHER_5-60m,0.26,0.0,MIRRORED from original's own advATR/favATR at same real price path; does NOT include the extra spread cost of crossing to the opposite bid/ask side at entry (see report methodology note)
MAC_20260630170256_SELL_HTF_TREND_FOLLOW,MAC,2026.06.30 17:02:56,SELL,BUY,HTF_TREND_FOLLOW,AI DIRECTOR BLOCK,A,4028.59,7.83,Y,30,0.7,0.096,0.808,0.096,0.996,0.096,1.62,0.096,1.62,0.096,5,5,5,,,,TARGET_FIRST,TARGET_FIRST,TARGET_FIRST,1.62,0.096,MIRRORED from original's own advATR/favATR at same real price path; does NOT include the extra spread cost of crossing to the opposite bid/ask side at entry (see report methodology note)
MAC_20260630170512_SELL_HTF_TREND_FOLLOW,MAC,2026.06.30 17:05:12,SELL,BUY,HTF_TREND_FOLLOW,NEWS FILTER (high-impact event nearby),A+,4026.79,8.0,Y,15,0.776,0.0,0.88,0.0,1.064,0.0,1.676,0.0,1.676,0.0,5,5,5,,,,TARGET_FIRST,TARGET_FIRST,TARGET_FIRST,1.676,0.0,MIRRORED from original's own advATR/favATR at same real price path; does NOT include the extra spread cost of crossing to the opposite bid/ask side at entry (see report methodology note)
MAC_20260630171014_SELL_HTF_TREND_FOLLOW,MAC,2026.06.30 17:10:14,SELL,BUY,HTF_TREND_FOLLOW,NEWS_AFTERMATH [NORMAL],A,4041.99,8.97,N,,0.108,0.0,0.272,0.0,0.816,0.0,0.816,0.0,0.816,0.36,10,15,15,60,60,,TARGET_FIRST,TARGET_FIRST,TARGET_FIRST,0.816,0.36,MIRRORED from original's own advATR/favATR at same real price path; does NOT include the extra spread cost of crossing to the opposite bid/ask side at entry (see report methodology note)
MAC_20260630175526_SELL_HTF_TREND_FOLLOW,MAC,2026.06.30 17:55:26,SELL,BUY,HTF_TREND_FOLLOW,Trade blocked — momentum slowdown (close in opposite 30% of last,A,4044.6,8.83,N,,0.0,0.484,0.0,0.484,0.0,0.484,0.0,0.8,0.0,0.8,,,,5,5,30,STOP_FIRST,STOP_FIRST,STOP_FIRST,0.0,0.8,MIRRORED from original's own advATR/favATR at same real price path; does NOT include the extra spread cost of crossing to the opposite bid/ask side at entry (see report methodology note)
MAC_20260630180533_SELL_HTF_TREND_FOLLOW,MAC,2026.06.30 18:05:33,SELL,BUY,HTF_TREND_FOLLOW,AI DIRECTOR BLOCK,A,4033.66,8.71,N,,0.08,0.0,0.08,0.252,0.08,0.312,0.08,0.312,0.08,0.312,,,,10,15,,STOP_FIRST,STOP_FIRST,NEITHER_5-60m,0.08,0.312,MIRRORED from original's own advATR/favATR at same real price path; does NOT include the extra spread cost of crossing to the opposite bid/ask side at entry (see report methodology note)
MAC_20260630182014_SELL_TREND_PULLBACK,MAC,2026.06.30 18:20:14,SELL,BUY,TREND_PULLBACK,SMART-GUARD,A+,4028.25,7.96,N,,0.036,0.068,0.076,0.068,0.076,0.068,0.076,0.068,0.076,0.096,,,,,,,NEITHER_5-60m,NEITHER_5-60m,NEITHER_5-60m,0.076,0.096,MIRRORED from original's own advATR/favATR at same real price path; does NOT include the extra spread cost of crossing to the opposite bid/ask side at entry (see report methodology note)
MAC_20260630202014_SELL_TREND_PULLBACK,MAC,2026.06.30 20:20:14,SELL,BUY,TREND_PULLBACK,SMART-GUARD,A,4026.06,3.48,N,,0.124,0.276,0.168,0.276,0.168,0.276,0.652,0.276,,,30,30,30,5,,,STOP_FIRST,TARGET_FIRST,TARGET_FIRST,0.652,0.276,MIRRORED from original's own advATR/favATR at same real price path; does NOT include the extra spread cost of crossing to the opposite bid/ask side at entry (see report methodology note)
MAC_20260630203517_SELL_HTF_TREND_FOLLOW,MAC,2026.06.30 20:35:17,SELL,BUY,HTF_TREND_FOLLOW,STI_REENTRY_WAIT ,A,4027.27,3.61,N,,0.236,0.024,0.496,0.024,0.496,0.024,,,,,5,10,,,,,TARGET_FIRST,TARGET_FIRST,NEITHER_5-60m,0.496,0.024,MIRRORED from original's own advATR/favATR at same real price path; does NOT include the extra spread cost of crossing to the opposite bid/ask side at entry (see report methodology note)
MAC_20260630205426_SELL_HTF_TREND_FOLLOW,MAC,2026.06.30 20:54:26,SELL,BUY,HTF_TREND_FOLLOW,AI DIRECTOR BLOCK,A,4031.3,3.6,N,,,,,,,,,,,,,,,,,,NEITHER_5-60m,NEITHER_5-60m,NEITHER_5-60m,,,MIRRORED from original's own advATR/favATR at same real price path; does NOT include the extra spread cost of crossing to the opposite bid/ask side at entry (see report methodology note)
MAC_20260630212903_SELL_HTF_TREND_FOLLOW,MAC,2026.06.30 21:29:03,SELL,BUY,HTF_TREND_FOLLOW,AI DIRECTOR BLOCK,A+,4031.9,2.7,N,,0.0,0.264,0.0,0.292,0.0,0.292,0.0,0.412,0.0,1.62,,,,5,30,60,STOP_FIRST,STOP_FIRST,STOP_FIRST,0.0,1.62,MIRRORED from original's own advATR/favATR at same real price path; does NOT include the extra spread cost of crossing to the opposite bid/ask side at entry (see report methodology note)
MAC_20260630213030_SELL_HTF_TREND_FOLLOW,MAC,2026.06.30 21:30:30,SELL,BUY,HTF_TREND_FOLLOW,Trade blocked — startup,A+,4030.11,2.47,N,,0.16,0.032,0.16,0.032,0.248,0.032,0.248,0.408,0.248,1.48,15,,,30,30,60,TARGET_FIRST,STOP_FIRST,STOP_FIRST,0.248,1.48,MIRRORED from original's own advATR/favATR at same real price path; does NOT include the extra spread cost of crossing to the opposite bid/ask side at entry (see report methodology note)
MAC_20260630220014_SELL_TREND_PULLBACK,MAC,2026.06.30 22:00:14,SELL,BUY,TREND_PULLBACK,SMART-GUARD,A+,4029.32,2.18,N,,0.0,0.32,0.0,0.92,0.0,0.944,0.0,1.536,0.0,2.556,,,,5,5,10,STOP_FIRST,STOP_FIRST,STOP_FIRST,0.0,2.556,MIRRORED from original's own advATR/favATR at same real price path; does NOT include the extra spread cost of crossing to the opposite bid/ask side at entry (see report methodology note)
MAC_20260630222513_SELL_BREAKOUT,MAC,2026.06.30 22:25:13,SELL,BUY,BREAKOUT,SMART-GUARD,A+,4021.83,2.45,N,,0.0,0.14,0.0,0.14,0.104,0.14,0.104,1.048,0.104,1.048,,,,30,30,30,STOP_FIRST,STOP_FIRST,STOP_FIRST,0.104,1.048,MIRRORED from original's own advATR/favATR at same real price path; does NOT include the extra spread cost of crossing to the opposite bid/ask side at entry (see report methodology note)
MAC_20260630223035_SELL_TREND_PULLBACK,MAC,2026.06.30 22:30:35,SELL,BUY,TREND_PULLBACK,AI DIRECTOR BLOCK,A+,4021.9,2.39,N,,0.0,0.088,0.092,0.088,0.092,0.236,0.092,1.084,0.092,1.084,,,,15,30,30,STOP_FIRST,STOP_FIRST,STOP_FIRST,0.092,1.084,MIRRORED from original's own advATR/favATR at same real price path; does NOT include the extra spread cost of crossing to the opposite bid/ask side at entry (see report methodology note)
MAC_20260630223600_SELL_HTF_TREND_FOLLOW,MAC,2026.06.30 22:36:00,SELL,BUY,HTF_TREND_FOLLOW,AI DIRECTOR BLOCK,A+,4021.3,2.43,N,,0.192,0.0,0.192,0.132,0.192,0.968,0.192,0.968,0.192,0.968,,,,15,15,15,STOP_FIRST,STOP_FIRST,STOP_FIRST,0.192,0.968,MIRRORED from original's own advATR/favATR at same real price path; does NOT include the extra spread cost of crossing to the opposite bid/ask side at entry (see report methodology note)
MAC_20260630230301_SELL_TREND_PULLBACK,MAC,2026.06.30 23:03:01,SELL,BUY,TREND_PULLBACK,SMART-GUARD,A,4016.16,2.55,N,,0.012,0.0,0.012,0.0,0.012,0.0,0.012,0.0,0.02,0.604,,,,60,60,60,STOP_FIRST,STOP_FIRST,STOP_FIRST,0.02,0.604,MIRRORED from original's own advATR/favATR at same real price path; does NOT include the extra spread cost of crossing to the opposite bid/ask side at entry (see report methodology note)
MAC_20260701010140_SELL_TREND_PULLBACK,MAC,2026.07.01 01:01:40,SELL,BUY,TREND_PULLBACK,Personality mismatch,PERSONALITY,4011.79,2.62,N,,0.684,0.0,0.684,0.0,0.684,0.0,0.684,0.0,0.684,0.0,5,5,5,,,,TARGET_FIRST,TARGET_FIRST,TARGET_FIRST,0.684,0.0,MIRRORED from original's own advATR/favATR at same real price path; does NOT include the extra spread cost of crossing to the opposite bid/ask side at entry (see report methodology note)
MAC_20260701010512_SELL_SQUEEZE_RELEASE,MAC,2026.07.01 01:05:12,SELL,BUY,SQUEEZE_RELEASE,FAILED-IMPULSE BLOCK,A,4015.18,3.82,N,,0.116,0.0,0.116,0.016,0.116,0.084,0.116,0.224,0.116,0.3,,,,30,60,,STOP_FIRST,STOP_FIRST,NEITHER_5-60m,0.116,0.3,MIRRORED from original's own advATR/favATR at same real price path; does NOT include the extra spread cost of crossing to the opposite bid/ask side at entry (see report methodology note)
MAC_20260701011539_SELL_TREND_PULLBACK,MAC,2026.07.01 01:15:39,SELL,BUY,TREND_PULLBACK,AI DIRECTOR BLOCK,A,4015.46,3.86,N,,0.0,0.252,0.0,0.252,0.004,0.252,0.004,0.324,0.228,0.42,60,,,5,30,,STOP_FIRST,STOP_FIRST,NEITHER_5-60m,0.228,0.42,MIRRORED from original's own advATR/favATR at same real price path; does NOT include the extra spread cost of crossing to the opposite bid/ask side at entry (see report methodology note)
MAC_20260701012030_SELL_HTF_TREND_FOLLOW,MAC,2026.07.01 01:20:30,SELL,BUY,HTF_TREND_FOLLOW,AI DIRECTOR BLOCK,A,4013.89,3.92,N,,0.0,0.088,0.164,0.088,0.164,0.16,0.164,0.16,0.384,0.436,60,60,,60,60,,SIMULTANEOUS_SAME_CHECKPOINT,SIMULTANEOUS_SAME_CHECKPOINT,NEITHER_5-60m,0.384,0.436,MIRRORED from original's own advATR/favATR at same real price path; does NOT include the extra spread cost of crossing to the opposite bid/ask side at entry (see report methodology note)
MAC_20260701015524_SELL_TREND_PULLBACK,MAC,2026.07.01 01:55:24,SELL,BUY,TREND_PULLBACK,ANALYSIS-ONLY,SKIP,4012.3,4.28,N,,0.064,0.0,0.5,0.0,0.5,0.0,0.5,0.248,,,10,10,10,30,,,TARGET_FIRST,TARGET_FIRST,TARGET_FIRST,0.5,0.248,MIRRORED from original's own advATR/favATR at same real price path; does NOT include the extra spread cost of crossing to the opposite bid/ask side at entry (see report methodology note)
MAC_20260701020017_SELL_TREND_PULLBACK,MAC,2026.07.01 02:00:17,SELL,BUY,TREND_PULLBACK,STI_REENTRY_WAIT ,B,4012.74,4.2,N,,0.468,0.0,0.468,0.0,0.468,0.128,0.468,0.296,,,5,5,,30,,,TARGET_FIRST,TARGET_FIRST,NEITHER_5-60m,0.468,0.296,MIRRORED from original's own advATR/favATR at same real price path; does NOT include the extra spread cost of crossing to the opposite bid/ask side at entry (see report methodology note)
MAC_20260701021016_SELL_TREND_PULLBACK,MAC,2026.07.01 02:10:16,SELL,BUY,TREND_PULLBACK,A+ EVIDENCE DEMOTION,A,4017.89,4.17,N,,0.0,0.62,0.0,0.792,0.0,0.792,,,,,,,,5,5,5,STOP_FIRST,STOP_FIRST,STOP_FIRST,0.0,0.792,MIRRORED from original's own advATR/favATR at same real price path; does NOT include the extra spread cost of crossing to the opposite bid/ask side at entry (see report methodology note)
MAC_20260701023016_SELL_TREND_PULLBACK,MAC,2026.07.01 02:30:16,SELL,BUY,TREND_PULLBACK,FAILED-IMPULSE BLOCK,A,4011.38,3.09,N,,0.0,0.152,,,,,,,,,,,,,,,NEITHER_5-60m,NEITHER_5-60m,NEITHER_5-60m,0.0,0.152,MIRRORED from original's own advATR/favATR at same real price path; does NOT include the extra spread cost of crossing to the opposite bid/ask side at entry (see report methodology note)
MAC_20260701024305_SELL_TREND_PULLBACK,MAC,2026.07.01 02:43:05,SELL,BUY,TREND_PULLBACK,BAD-LOCATION BLOCK,A,4010.0,3.15,N,,0.0,0.236,0.0,0.368,0.0,0.44,0.0,0.652,0.0,1.736,,,,5,10,30,STOP_FIRST,STOP_FIRST,STOP_FIRST,0.0,1.736,MIRRORED from original's own advATR/favATR at same real price path; does NOT include the extra spread cost of crossing to the opposite bid/ask side at entry (see report methodology note)
MAC_20260701024512_SELL_TREND_PULLBACK,MAC,2026.07.01 02:45:12,SELL,BUY,TREND_PULLBACK,A+ EVIDENCE DEMOTION,A,4009.45,3.08,N,,0.0,0.172,0.0,0.304,0.0,0.38,0.0,0.596,0.0,1.7,,,,10,10,30,STOP_FIRST,STOP_FIRST,STOP_FIRST,0.0,1.7,MIRRORED from original's own advATR/favATR at same real price path; does NOT include the extra spread cost of crossing to the opposite bid/ask side at entry (see report methodology note)
MAC_20260701025041_SELL_TREND_PULLBACK,MAC,2026.07.01 02:50:41,SELL,BUY,TREND_PULLBACK,Trade blocked — momentum slowdown (close in opposite 30% of last,A+,4007.05,3.21,N,,0.008,0.064,0.008,0.08,0.008,0.272,0.008,0.424,0.008,1.5,,,,15,30,60,STOP_FIRST,STOP_FIRST,STOP_FIRST,0.008,1.5,MIRRORED from original's own advATR/favATR at same real price path; does NOT include the extra spread cost of crossing to the opposite bid/ask side at entry (see report methodology note)
MAC_20260701030028_SELL_TREND_PULLBACK,MAC,2026.07.01 03:00:28,SELL,BUY,TREND_PULLBACK,AI DIRECTOR BLOCK,A+,4007.2,3.02,N,,0.0,0.312,0.0,0.468,0.0,0.596,0.0,0.596,0.0,2.676,,,,5,5,15,STOP_FIRST,STOP_FIRST,STOP_FIRST,0.0,2.676,MIRRORED from original's own advATR/favATR at same real price path; does NOT include the extra spread cost of crossing to the opposite bid/ask side at entry (see report methodology note)
MAC_20260701032450_SELL_TREND_PULLBACK,MAC,2026.07.01 03:24:50,SELL,BUY,TREND_PULLBACK,ANALYSIS-ONLY,A+,4004.57,3.23,N,,0.0,0.228,0.0,0.228,0.0,0.472,0.0,1.184,0.0,2.832,,,,5,15,30,STOP_FIRST,STOP_FIRST,STOP_FIRST,0.0,2.832,MIRRORED from original's own advATR/favATR at same real price path; does NOT include the extra spread cost of crossing to the opposite bid/ask side at entry (see report methodology note)
MAC_20260701032628_SELL_SQUEEZE_RELEASE,MAC,2026.07.01 03:26:28,SELL,BUY,SQUEEZE_RELEASE,A+ EVIDENCE DEMOTION,A,4003.0,3.31,N,,0.092,0.036,0.092,0.268,0.092,0.804,0.092,0.968,0.092,2.576,,,,10,15,15,STOP_FIRST,STOP_FIRST,STOP_FIRST,0.092,2.576,MIRRORED from original's own advATR/favATR at same real price path; does NOT include the extra spread cost of crossing to the opposite bid/ask side at entry (see report methodology note)
MAC_20260701033020_SELL_TREND_PULLBACK,MAC,2026.07.01 03:30:20,SELL,BUY,TREND_PULLBACK,STI_REENTRY_WAIT ,A+,4002.66,3.46,N,,0.124,0.216,0.124,0.732,0.124,0.732,0.124,1.812,0.124,2.716,,,,5,10,10,STOP_FIRST,STOP_FIRST,STOP_FIRST,0.124,2.716,MIRRORED from original's own advATR/favATR at same real price path; does NOT include the extra spread cost of crossing to the opposite bid/ask side at entry (see report methodology note)
MAC_20260701033517_SELL_SQUEEZE_RELEASE,MAC,2026.07.01 03:35:17,SELL,BUY,SQUEEZE_RELEASE,BAD-LOCATION BLOCK,A,4003.44,3.55,N,,0.0,0.8,0.0,0.8,0.0,0.952,0.0,2.232,0.0,3.08,,,,5,5,5,STOP_FIRST,STOP_FIRST,STOP_FIRST,0.0,3.08,MIRRORED from original's own advATR/favATR at same real price path; does NOT include the extra spread cost of crossing to the opposite bid/ask side at entry (see report methodology note)
MAC_20260701034520_SELL_BREAKOUT,MAC,2026.07.01 03:45:20,SELL,BUY,BREAKOUT,A+ EVIDENCE DEMOTION,A,3996.4,3.73,N,,0.016,0.152,0.36,0.152,0.36,1.012,0.36,1.576,0.36,2.176,10,10,,15,15,15,TARGET_FIRST,TARGET_FIRST,STOP_FIRST,0.36,2.176,MIRRORED from original's own advATR/favATR at same real price path; does NOT include the extra spread cost of crossing to the opposite bid/ask side at entry (see report methodology note)
MAC_20260701035518_SELL_SQUEEZE_RELEASE,MAC,2026.07.01 03:55:18,SELL,BUY,SQUEEZE_RELEASE,BAD-TIMING BLOCK,A,3994.65,3.98,N,,0.512,0.768,0.512,1.108,0.512,1.108,0.512,1.3,0.512,1.908,5,5,5,5,5,5,SIMULTANEOUS_SAME_CHECKPOINT,SIMULTANEOUS_SAME_CHECKPOINT,SIMULTANEOUS_SAME_CHECKPOINT,0.512,1.908,MIRRORED from original's own advATR/favATR at same real price path; does NOT include the extra spread cost of crossing to the opposite bid/ask side at entry (see report methodology note)
MAC_20260701040528_SELL_SQUEEZE_RELEASE,MAC,2026.07.01 04:05:28,SELL,BUY,SQUEEZE_RELEASE,AI DIRECTOR BLOCK,A+,3986.07,4.64,N,,0.0,0.208,0.0,0.376,0.0,0.376,0.072,0.86,0.072,1.12,,,,5,10,30,STOP_FIRST,STOP_FIRST,STOP_FIRST,0.072,1.12,MIRRORED from original's own advATR/favATR at same real price path; does NOT include the extra spread cost of crossing to the opposite bid/ask side at entry (see report methodology note)
MAC_20260701042031_SELL_BREAKOUT,MAC,2026.07.01 04:20:31,SELL,BUY,BREAKOUT,AI DIRECTOR BLOCK,A+,3982.41,5.82,N,,0.308,0.0,0.308,0.224,0.308,0.432,0.308,0.464,0.308,0.644,5,5,,10,15,60,TARGET_FIRST,TARGET_FIRST,STOP_FIRST,0.308,0.644,MIRRORED from original's own advATR/favATR at same real price path; does NOT include the extra spread cost of crossing to the opposite bid/ask side at entry (see report methodology note)
MAC_20260701043017_SELL_SQUEEZE_RELEASE,MAC,2026.07.01 04:30:17,SELL,BUY,SQUEEZE_RELEASE,A+ EVIDENCE DEMOTION,A,3986.85,5.75,N,,0.0,0.748,0.0,0.748,0.0,0.748,0.0,0.828,0.0,0.96,,,,5,5,5,STOP_FIRST,STOP_FIRST,STOP_FIRST,0.0,0.96,MIRRORED from original's own advATR/favATR at same real price path; does NOT include the extra spread cost of crossing to the opposite bid/ask side at entry (see report methodology note)
MAC_20260701045015_SELL_SQUEEZE_RELEASE,MAC,2026.07.01 04:50:15,SELL,BUY,SQUEEZE_RELEASE,BAD-LOCATION BLOCK,A,3979.9,6.5,N,,0.0,0.26,0.0,0.304,0.0,0.42,0.116,0.42,0.232,0.9,60,,,5,10,60,STOP_FIRST,STOP_FIRST,STOP_FIRST,0.232,0.9,MIRRORED from original's own advATR/favATR at same real price path; does NOT include the extra spread cost of crossing to the opposite bid/ask side at entry (see report methodology note)
MAC_20260701045534_SELL_TREND_PULLBACK,MAC,2026.07.01 04:55:34,SELL,BUY,TREND_PULLBACK,AI DIRECTOR BLOCK,A+,3975.67,6.58,N,,0.228,0.044,0.228,0.16,0.228,0.16,0.372,0.16,0.488,0.632,5,30,,60,60,60,TARGET_FIRST,TARGET_FIRST,STOP_FIRST,0.488,0.632,MIRRORED from original's own advATR/favATR at same real price path; does NOT include the extra spread cost of crossing to the opposite bid/ask side at entry (see report methodology note)
MAC_20260701050032_SELL_HTF_TREND_FOLLOW,MAC,2026.07.01 05:00:32,SELL,BUY,HTF_TREND_FOLLOW,AI DIRECTOR BLOCK,A+,3979.13,6.68,N,,0.0,0.364,0.0,0.364,0.052,0.364,0.204,0.364,0.272,0.832,30,,,5,5,60,STOP_FIRST,STOP_FIRST,STOP_FIRST,0.272,0.832,MIRRORED from original's own advATR/favATR at same real price path; does NOT include the extra spread cost of crossing to the opposite bid/ask side at entry (see report methodology note)
MAC_20260701050517_SELL_TREND_PULLBACK,MAC,2026.07.01 05:05:17,SELL,BUY,TREND_PULLBACK,A+ EVIDENCE DEMOTION,A,3974.38,6.66,N,,0.0,0.08,0.34,0.08,0.448,0.08,0.56,0.08,0.56,0.548,10,10,30,60,60,60,TARGET_FIRST,TARGET_FIRST,TARGET_FIRST,0.56,0.548,MIRRORED from original's own advATR/favATR at same real price path; does NOT include the extra spread cost of crossing to the opposite bid/ask side at entry (see report methodology note)
MAC_20260701091639_SELL_TREND_PULLBACK,MAC,2026.07.01 09:16:39,SELL,BUY,TREND_PULLBACK,AI DIRECTOR BLOCK,A+,3965.9,4.6,N,,0.316,0.0,0.316,0.0,,,,,,,5,5,,,,,TARGET_FIRST,TARGET_FIRST,NEITHER_5-60m,0.316,0.0,MIRRORED from original's own advATR/favATR at same real price path; does NOT include the extra spread cost of crossing to the opposite bid/ask side at entry (see report methodology note)
MAC_20260701092514_SELL_TREND_PULLBACK,MAC,2026.07.01 09:25:14,SELL,BUY,TREND_PULLBACK,A+ EVIDENCE DEMOTION,A,3969.55,4.7,N,,,,,,,,,,,,,,,,,,NEITHER_5-60m,NEITHER_5-60m,NEITHER_5-60m,,,MIRRORED from original's own advATR/favATR at same real price path; does NOT include the extra spread cost of crossing to the opposite bid/ask side at entry (see report methodology note)
MAC_20260701093014_SELL_TREND_PULLBACK,MAC,2026.07.01 09:30:14,SELL,BUY,TREND_PULLBACK,BAD-LOCATION BLOCK,A,3968.04,4.71,N,,,,,,,,,,,,,,,,,,NEITHER_5-60m,NEITHER_5-60m,NEITHER_5-60m,,,MIRRORED from original's own advATR/favATR at same real price path; does NOT include the extra spread cost of crossing to the opposite bid/ask side at entry (see report methodology note)
MAC_20260701093533_SELL_TREND_PULLBACK,MAC,2026.07.01 09:35:33,SELL,BUY,TREND_PULLBACK,A+ EVIDENCE DEMOTION,A,3965.0,4.85,N,,0.412,0.0,0.456,0.0,0.656,0.0,,,,,5,5,15,,,,TARGET_FIRST,TARGET_FIRST,TARGET_FIRST,0.656,0.0,MIRRORED from original's own advATR/favATR at same real price path; does NOT include the extra spread cost of crossing to the opposite bid/ask side at entry (see report methodology note)
MAC_20260701094013_SELL_TREND_PULLBACK,MAC,2026.07.01 09:40:13,SELL,BUY,TREND_PULLBACK,BAD-LOCATION BLOCK,A,3967.51,4.97,N,,0.2,0.0,0.244,0.0,0.44,0.0,,,,,5,15,,,,,TARGET_FIRST,TARGET_FIRST,NEITHER_5-60m,0.44,0.0,MIRRORED from original's own advATR/favATR at same real price path; does NOT include the extra spread cost of crossing to the opposite bid/ask side at entry (see report methodology note)
MAC_20260701095015_SELL_TREND_PULLBACK,MAC,2026.07.01 09:50:15,SELL,BUY,TREND_PULLBACK,NEWS_AFTERMATH [NORMAL],A+,3970.27,4.72,N,,0.26,0.0,,,,,,,,,5,,,,,,TARGET_FIRST,NEITHER_5-60m,NEITHER_5-60m,0.26,0.0,MIRRORED from original's own advATR/favATR at same real price path; does NOT include the extra spread cost of crossing to the opposite bid/ask side at entry (see report methodology note)
MAC_20260701095515_SELL_TREND_PULLBACK,MAC,2026.07.01 09:55:15,SELL,BUY,TREND_PULLBACK,FAILED-IMPULSE BLOCK,A,3972.89,4.79,N,,,,,,,,,,,,,,,,,,NEITHER_5-60m,NEITHER_5-60m,NEITHER_5-60m,,,MIRRORED from original's own advATR/favATR at same real price path; does NOT include the extra spread cost of crossing to the opposite bid/ask side at entry (see report methodology note)
MAC_20260701100303_SELL_TREND_PULLBACK,MAC,2026.07.01 10:03:03,SELL,BUY,TREND_PULLBACK,Trade blocked — startup,A+,3966.48,4.76,N,,0.0,0.284,0.0,0.488,0.308,0.488,0.308,0.488,0.772,0.488,15,15,60,5,10,,STOP_FIRST,STOP_FIRST,TARGET_FIRST,0.772,0.488,MIRRORED from original's own advATR/favATR at same real price path; does NOT include the extra spread cost of crossing to the opposite bid/ask side at entry (see report methodology note)
MAC_20260701100513_SELL_TREND_PULLBACK,MAC,2026.07.01 10:05:13,SELL,BUY,TREND_PULLBACK,BAD-LOCATION BLOCK,A,3966.02,5.08,N,,0.0,0.228,0.0,0.42,0.324,0.42,0.324,0.42,0.76,0.42,15,15,60,5,10,,STOP_FIRST,STOP_FIRST,TARGET_FIRST,0.76,0.42,MIRRORED from original's own advATR/favATR at same real price path; does NOT include the extra spread cost of crossing to the opposite bid/ask side at entry (see report methodology note)
MAC_20260701101030_SELL_TREND_PULLBACK,MAC,2026.07.01 10:10:30,SELL,BUY,TREND_PULLBACK,Trade blocked — momentum slowdown (close in opposite 30% of last,A+,3962.26,5.18,N,,0.608,0.12,0.608,0.12,0.608,0.12,0.776,0.12,,,5,5,5,,,,TARGET_FIRST,TARGET_FIRST,TARGET_FIRST,0.776,0.12,MIRRORED from original's own advATR/favATR at same real price path; does NOT include the extra spread cost of crossing to the opposite bid/ask side at entry (see report methodology note)
MAC_20260701101515_SELL_TREND_PULLBACK,MAC,2026.07.01 10:15:15,SELL,BUY,TREND_PULLBACK,A+ EVIDENCE DEMOTION,A,3961.06,5.13,N,,0.708,0.0,0.708,0.0,0.708,0.0,0.876,0.0,,,5,5,5,,,,TARGET_FIRST,TARGET_FIRST,TARGET_FIRST,0.876,0.0,MIRRORED from original's own advATR/favATR at same real price path; does NOT include the extra spread cost of crossing to the opposite bid/ask side at entry (see report methodology note)
MAC_20260701102034_SELL_HTF_TREND_FOLLOW,MAC,2026.07.01 10:20:34,SELL,BUY,HTF_TREND_FOLLOW,AI DIRECTOR BLOCK,A+,3970.57,5.1,N,,0.0,0.624,0.0,0.624,0.0,0.624,0.136,0.624,,,,,,5,5,5,STOP_FIRST,STOP_FIRST,STOP_FIRST,0.136,0.624,MIRRORED from original's own advATR/favATR at same real price path; does NOT include the extra spread cost of crossing to the opposite bid/ask side at entry (see report methodology note)
MAC_20260701105514_SELL_TREND_PULLBACK,MAC,2026.07.01 10:55:14,SELL,BUY,TREND_PULLBACK,FAILED-IMPULSE BLOCK,A,3971.8,5.25,N,,0.296,0.04,,,,,,,,,5,,,,,,TARGET_FIRST,NEITHER_5-60m,NEITHER_5-60m,0.296,0.04,MIRRORED from original's own advATR/favATR at same real price path; does NOT include the extra spread cost of crossing to the opposite bid/ask side at entry (see report methodology note)
MAC_20260701130313_SELL_HTF_TREND_FOLLOW,MAC,2026.07.01 13:03:13,SELL,BUY,HTF_TREND_FOLLOW,ANALYSIS-ONLY,A+,3987.09,3.36,Y,60,0.148,0.0,0.148,0.224,0.476,0.224,0.476,0.224,2.48,0.224,15,15,60,10,,,STOP_FIRST,TARGET_FIRST,TARGET_FIRST,2.48,0.224,MIRRORED from original's own advATR/favATR at same real price path; does NOT include the extra spread cost of crossing to the opposite bid/ask side at entry (see report methodology note)
MAC_20260701133317_SELL_HTF_TREND_FOLLOW,MAC,2026.07.01 13:33:17,SELL,BUY,HTF_TREND_FOLLOW,STI_REENTRY_WAIT ,A+,3991.27,3.32,Y,30,0.0,0.272,0.0,0.436,0.04,0.436,2.008,0.436,4.324,0.436,30,30,30,5,10,,STOP_FIRST,STOP_FIRST,TARGET_FIRST,4.324,0.436,MIRRORED from original's own advATR/favATR at same real price path; does NOT include the extra spread cost of crossing to the opposite bid/ask side at entry (see report methodology note)
MAC_20260701135658_SELL_HTF_TREND_FOLLOW,MAC,2026.07.01 13:56:58,SELL,BUY,HTF_TREND_FOLLOW,AI DIRECTOR BLOCK,A+,3996.51,3.82,Y,5,1.196,0.0,1.628,0.0,2.12,0.0,3.204,0.0,4.012,0.0,5,5,5,,,,TARGET_FIRST,TARGET_FIRST,TARGET_FIRST,4.012,0.0,MIRRORED from original's own advATR/favATR at same real price path; does NOT include the extra spread cost of crossing to the opposite bid/ask side at entry (see report methodology note)
MAC_20260701140517_BUY_BREAKOUT,MAC,2026.07.01 14:05:17,BUY,SELL,BREAKOUT,SMART-GUARD,A+,4007.88,4.45,N,,0.0,0.796,0.0,1.372,0.0,1.544,0.0,1.728,0.0,2.42,,,,5,5,5,STOP_FIRST,STOP_FIRST,STOP_FIRST,0.0,2.42,MIRRORED from original's own advATR/favATR at same real price path; does NOT include the extra spread cost of crossing to the opposite bid/ask side at entry (see report methodology note)
MAC_20260701143013_SELL_HTF_TREND_FOLLOW,MAC,2026.07.01 14:30:13,SELL,BUY,HTF_TREND_FOLLOW,NEWS_AFTERMATH [NORMAL],A+,4026.88,5.87,N,,0.0,0.184,0.0,0.184,0.536,0.184,0.536,0.184,0.536,0.22,15,15,15,60,,,TARGET_FIRST,TARGET_FIRST,TARGET_FIRST,0.536,0.22,MIRRORED from original's own advATR/favATR at same real price path; does NOT include the extra spread cost of crossing to the opposite bid/ask side at entry (see report methodology note)
MAC_20260701144512_SELL_HTF_TREND_FOLLOW,MAC,2026.07.01 14:45:12,SELL,BUY,HTF_TREND_FOLLOW,NEWS FILTER (high-impact event nearby),A,4029.37,6.11,N,,0.352,0.0,0.352,0.0,0.352,0.0,0.352,0.372,0.352,0.372,5,5,,30,30,,TARGET_FIRST,TARGET_FIRST,NEITHER_5-60m,0.352,0.372,MIRRORED from original's own advATR/favATR at same real price path; does NOT include the extra spread cost of crossing to the opposite bid/ask side at entry (see report methodology note)
MAC_20260701151529_SELL_HTF_TREND_FOLLOW,MAC,2026.07.01 15:15:29,SELL,BUY,HTF_TREND_FOLLOW,AI DIRECTOR BLOCK,A+,4024.46,6.3,N,,0.328,0.0,0.328,0.0,0.336,0.0,0.336,0.0,0.336,0.508,5,5,,60,60,60,TARGET_FIRST,TARGET_FIRST,STOP_FIRST,0.336,0.508,MIRRORED from original's own advATR/favATR at same real price path; does NOT include the extra spread cost of crossing to the opposite bid/ask side at entry (see report methodology note)
MAC_20260701155017_SELL_HTF_TREND_FOLLOW,MAC,2026.07.01 15:50:17,SELL,BUY,HTF_TREND_FOLLOW,NEWS FILTER (high-impact event nearby),A,4027.09,5.97,Y,30,0.0,0.652,0.0,0.652,0.0,0.712,1.128,0.712,4.952,0.712,30,30,30,5,5,5,STOP_FIRST,STOP_FIRST,STOP_FIRST,4.952,0.712,MIRRORED from original's own advATR/favATR at same real price path; does NOT include the extra spread cost of crossing to the opposite bid/ask side at entry (see report methodology note)
MAC_20260701161014_SELL_TREND_PULLBACK,MAC,2026.07.01 16:10:14,SELL,BUY,TREND_PULLBACK,SMART-GUARD,A,4016.04,6.08,Y,10,0.648,0.0,1.836,0.0,4.2,0.0,5.592,0.0,5.592,0.0,5,5,5,,,,TARGET_FIRST,TARGET_FIRST,TARGET_FIRST,5.592,0.0,MIRRORED from original's own advATR/favATR at same real price path; does NOT include the extra spread cost of crossing to the opposite bid/ask side at entry (see report methodology note)
MAC_20260701162029_SELL_HTF_TREND_FOLLOW,MAC,2026.07.01 16:20:29,SELL,BUY,HTF_TREND_FOLLOW,AI DIRECTOR BLOCK,A,4027.01,6.48,Y,5,3.264,0.0,4.568,0.0,4.568,0.0,4.568,0.0,,,5,5,5,,,,TARGET_FIRST,TARGET_FIRST,TARGET_FIRST,4.568,0.0,MIRRORED from original's own advATR/favATR at same real price path; does NOT include the extra spread cost of crossing to the opposite bid/ask side at entry (see report methodology note)
MAC_20260701164527_SELL_HTF_TREND_FOLLOW,MAC,2026.07.01 16:45:27,SELL,BUY,HTF_TREND_FOLLOW,NEWS_AFTERMATH [NORMAL],A,4103.38,11.48,N,,0.0,0.54,0.0,0.54,0.0,0.54,0.0,0.54,,,,,,5,5,5,STOP_FIRST,STOP_FIRST,STOP_FIRST,0.0,0.54,MIRRORED from original's own advATR/favATR at same real price path; does NOT include the extra spread cost of crossing to the opposite bid/ask side at entry (see report methodology note)
MAC_20260701165518_SELL_HTF_TREND_FOLLOW,MAC,2026.07.01 16:55:18,SELL,BUY,HTF_TREND_FOLLOW,NEWS FILTER (high-impact event nearby),A,4089.04,13.05,N,,0.18,0.0,0.316,0.0,,,,,,,10,10,,,,,TARGET_FIRST,TARGET_FIRST,NEITHER_5-60m,0.316,0.0,MIRRORED from original's own advATR/favATR at same real price path; does NOT include the extra spread cost of crossing to the opposite bid/ask side at entry (see report methodology note)
MAC_20260701181115_SELL_HTF_TREND_FOLLOW,MAC,2026.07.01 18:11:15,SELL,BUY,HTF_TREND_FOLLOW,Trade blocked — startup,A,4083.87,10.19,N,,0.112,0.0,0.112,0.144,0.112,0.144,0.112,0.224,0.112,0.224,,,,30,,,STOP_FIRST,NEITHER_5-60m,NEITHER_5-60m,0.112,0.224,MIRRORED from original's own advATR/favATR at same real price path; does NOT include the extra spread cost of crossing to the opposite bid/ask side at entry (see report methodology note)
MAC_20260701182013_SELL_HTF_TREND_FOLLOW,MAC,2026.07.01 18:20:13,SELL,BUY,HTF_TREND_FOLLOW,ANALYSIS-ONLY,A,4085.48,8.92,N,,0.0,0.236,0.0,0.236,0.0,0.328,0.0,0.328,0.008,0.328,,,,5,15,,STOP_FIRST,STOP_FIRST,NEITHER_5-60m,0.008,0.328,MIRRORED from original's own advATR/favATR at same real price path; does NOT include the extra spread cost of crossing to the opposite bid/ask side at entry (see report methodology note)
MAC_20260701183525_SELL_HTF_TREND_FOLLOW,MAC,2026.07.01 18:35:25,SELL,BUY,HTF_TREND_FOLLOW,Trade blocked — fake breakout (last close back inside Donchian-2,A,4078.34,8.51,N,,0.224,0.0,0.332,0.0,0.332,0.0,0.344,0.0,0.344,0.064,5,10,,,,,TARGET_FIRST,TARGET_FIRST,NEITHER_5-60m,0.344,0.064,MIRRORED from original's own advATR/favATR at same real price path; does NOT include the extra spread cost of crossing to the opposite bid/ask side at entry (see report methodology note)
MAC_20260701184037_SELL_HTF_TREND_FOLLOW,MAC,2026.07.01 18:40:37,SELL,BUY,HTF_TREND_FOLLOW,Trade blocked — momentum slowdown (close in opposite 30% of last,A,4079.95,8.06,N,,0.268,0.0,0.268,0.0,0.268,0.0,0.284,0.0,0.284,0.224,5,,,60,,,TARGET_FIRST,NEITHER_5-60m,NEITHER_5-60m,0.284,0.224,MIRRORED from original's own advATR/favATR at same real price path; does NOT include the extra spread cost of crossing to the opposite bid/ask side at entry (see report methodology note)
MAC_20260701193527_SELL_TREND_PULLBACK,MAC,2026.07.01 19:35:27,SELL,BUY,TREND_PULLBACK,Trade blocked — fake breakout (last close back inside Donchian-2,A,4077.3,4.71,N,,0.0,0.16,0.0,0.368,0.0,0.368,0.0,0.72,0.0,0.72,,,,10,10,30,STOP_FIRST,STOP_FIRST,STOP_FIRST,0.0,0.72,MIRRORED from original's own advATR/favATR at same real price path; does NOT include the extra spread cost of crossing to the opposite bid/ask side at entry (see report methodology note)
MAC_20260701194015_SELL_TREND_PULLBACK,MAC,2026.07.01 19:40:15,SELL,BUY,TREND_PULLBACK,B-GRADE QUALITY BLOCK,B,4077.04,4.6,N,,0.0,0.14,0.0,0.356,0.0,0.54,0.0,0.716,0.0,0.716,,,,10,10,15,STOP_FIRST,STOP_FIRST,STOP_FIRST,0.0,0.716,MIRRORED from original's own advATR/favATR at same real price path; does NOT include the extra spread cost of crossing to the opposite bid/ask side at entry (see report methodology note)
MAC_20260701195014_SELL_TREND_PULLBACK,MAC,2026.07.01 19:50:14,SELL,BUY,TREND_PULLBACK,TREND-CONTINUATION MODE,A,4072.61,4.43,N,,0.056,0.0,0.056,0.208,0.056,0.34,0.056,0.34,0.056,0.34,,,,10,15,,STOP_FIRST,STOP_FIRST,NEITHER_5-60m,0.056,0.34,MIRRORED from original's own advATR/favATR at same real price path; does NOT include the extra spread cost of crossing to the opposite bid/ask side at entry (see report methodology note)
MAC_20260701201513_SELL_SQUEEZE_RELEASE,MAC,2026.07.01 20:15:13,SELL,BUY,SQUEEZE_RELEASE,BAD-LOCATION BLOCK,A,4071.54,4.04,N,,0.0,0.256,0.0,0.256,0.0,0.256,0.0,0.256,0.0,0.54,,,,5,60,60,STOP_FIRST,STOP_FIRST,STOP_FIRST,0.0,0.54,MIRRORED from original's own advATR/favATR at same real price path; does NOT include the extra spread cost of crossing to the opposite bid/ask side at entry (see report methodology note)
MAC_20260701205723_SELL_HTF_TREND_FOLLOW,MAC,2026.07.01 20:57:23,SELL,BUY,HTF_TREND_FOLLOW,ANALYSIS-ONLY,A,4069.51,3.26,N,,0.052,0.028,0.052,0.084,0.052,0.092,0.052,0.772,0.052,1.232,,,,30,30,30,STOP_FIRST,STOP_FIRST,STOP_FIRST,0.052,1.232,MIRRORED from original's own advATR/favATR at same real price path; does NOT include the extra spread cost of crossing to the opposite bid/ask side at entry (see report methodology note)
MAC_20260701210015_SELL_TREND_PULLBACK,MAC,2026.07.01 21:00:15,SELL,BUY,TREND_PULLBACK,ANALYSIS-ONLY,A,4069.15,3.22,N,,0.1,0.04,0.1,0.052,0.1,0.384,0.1,0.736,0.1,1.204,,,,15,15,30,STOP_FIRST,STOP_FIRST,STOP_FIRST,0.1,1.204,MIRRORED from original's own advATR/favATR at same real price path; does NOT include the extra spread cost of crossing to the opposite bid/ask side at entry (see report methodology note)
MAC_20260701210514_SELL_HTF_TREND_FOLLOW,MAC,2026.07.01 21:05:14,SELL,BUY,HTF_TREND_FOLLOW,CALENDAR,A,4069.88,3.12,N,,0.0,0.136,0.0,0.144,0.0,0.488,0.0,0.864,0.0,1.336,,,,15,15,30,STOP_FIRST,STOP_FIRST,STOP_FIRST,0.0,1.336,MIRRORED from original's own advATR/favATR at same real price path; does NOT include the extra spread cost of crossing to the opposite bid/ask side at entry (see report methodology note)
MAC_20260701211017_SELL_TREND_PULLBACK,MAC,2026.07.01 21:10:17,SELL,BUY,TREND_PULLBACK,TREND-CONTINUATION MODE,A,4068.65,3.09,N,,0.012,0.332,0.012,0.396,0.012,0.704,0.012,0.744,0.012,1.188,,,,5,5,15,STOP_FIRST,STOP_FIRST,STOP_FIRST,0.012,1.188,MIRRORED from original's own advATR/favATR at same real price path; does NOT include the extra spread cost of crossing to the opposite bid/ask side at entry (see report methodology note)
MAC_20260701212042_SELL_TREND_PULLBACK,MAC,2026.07.01 21:20:42,SELL,BUY,TREND_PULLBACK,CALENDAR,A,4066.49,3.13,N,,0.0,0.42,0.0,0.42,0.0,0.428,0.0,0.896,0.052,1.184,,,,5,5,30,STOP_FIRST,STOP_FIRST,STOP_FIRST,0.052,1.184,MIRRORED from original's own advATR/favATR at same real price path; does NOT include the extra spread cost of crossing to the opposite bid/ask side at entry (see report methodology note)
MAC_20260701213516_SELL_TREND_PULLBACK,MAC,2026.07.01 21:35:16,SELL,BUY,TREND_PULLBACK,FAILED-IMPULSE BLOCK,A,4064.22,3.27,N,,0.0,0.16,0.0,0.292,0.0,0.58,0.328,0.58,0.328,1.024,30,30,,10,15,15,STOP_FIRST,STOP_FIRST,STOP_FIRST,0.328,1.024,MIRRORED from original's own advATR/favATR at same real price path; does NOT include the extra spread cost of crossing to the opposite bid/ask side at entry (see report methodology note)
MAC_20260701214016_SELL_TREND_PULLBACK,MAC,2026.07.01 21:40:16,SELL,BUY,TREND_PULLBACK,BAD-LOCATION BLOCK,A,4062.8,3.2,N,,0.012,0.0,0.012,0.416,0.064,0.416,0.512,0.416,0.512,1.1,30,30,30,10,10,60,STOP_FIRST,STOP_FIRST,TARGET_FIRST,0.512,1.1,MIRRORED from original's own advATR/favATR at same real price path; does NOT include the extra spread cost of crossing to the opposite bid/ask side at entry (see report methodology note)
MAC_20260701215015_SELL_TREND_PULLBACK,MAC,2026.07.01 21:50:15,SELL,BUY,TREND_PULLBACK,A+ EVIDENCE DEMOTION,A,4061.77,3.08,N,,0.0,0.296,0.2,0.296,0.668,0.296,0.668,0.592,0.668,2.792,10,15,15,5,30,30,STOP_FIRST,TARGET_FIRST,TARGET_FIRST,0.668,2.792,MIRRORED from original's own advATR/favATR at same real price path; does NOT include the extra spread cost of crossing to the opposite bid/ask side at entry (see report methodology note)
MAC_20260701215520_SELL_BREAKOUT,MAC,2026.07.01 21:55:20,SELL,BUY,BREAKOUT,CALENDAR,A+,4059.76,3.15,N,,0.828,0.0,0.908,0.0,0.908,0.0,0.908,0.324,0.908,2.66,5,5,5,30,30,60,TARGET_FIRST,TARGET_FIRST,TARGET_FIRST,0.908,2.66,MIRRORED from original's own advATR/favATR at same real price path; does NOT include the extra spread cost of crossing to the opposite bid/ask side at entry (see report methodology note)
MAC_20260701220516_SELL_SQUEEZE_RELEASE,MAC,2026.07.01 22:05:16,SELL,BUY,SQUEEZE_RELEASE,FAILED-IMPULSE BLOCK,B,4066.24,3.46,N,,0.076,0.0,0.076,0.076,0.076,1.044,0.076,1.2,0.076,3.168,,,,15,15,15,STOP_FIRST,STOP_FIRST,STOP_FIRST,0.076,3.168,MIRRORED from original's own advATR/favATR at same real price path; does NOT include the extra spread cost of crossing to the opposite bid/ask side at entry (see report methodology note)
MAC_20260701221021_BUY_TREND_PULLBACK,MAC,2026.07.01 22:10:21,BUY,SELL,TREND_PULLBACK,CALENDAR,A,4067.14,3.53,Y,10,0.636,0.0,1.124,0.0,1.124,0.0,1.488,0.0,3.208,0.0,5,5,5,,,,TARGET_FIRST,TARGET_FIRST,TARGET_FIRST,3.208,0.0,MIRRORED from original's own advATR/favATR at same real price path; does NOT include the extra spread cost of crossing to the opposite bid/ask side at entry (see report methodology note)
MAC_20260701221518_BUY_TREND_PULLBACK,MAC,2026.07.01 22:15:18,BUY,SELL,TREND_PULLBACK,B-GRADE QUALITY BLOCK,B,4065.7,3.59,Y,15,0.948,0.0,0.948,0.0,1.064,0.0,1.568,0.0,2.996,0.0,5,5,5,,,,TARGET_FIRST,TARGET_FIRST,TARGET_FIRST,2.996,0.0,MIRRORED from original's own advATR/favATR at same real price path; does NOT include the extra spread cost of crossing to the opposite bid/ask side at entry (see report methodology note)
MAC_20260702010652_SELL_SQUEEZE_RELEASE,MAC,2026.07.02 01:06:52,SELL,BUY,SQUEEZE_RELEASE,FAILED-IMPULSE BLOCK,B,4039.37,7.39,N,,0.0,0.14,0.0,0.16,0.0,0.16,0.028,0.16,,,,,,,,,NEITHER_5-60m,NEITHER_5-60m,NEITHER_5-60m,0.028,0.16,MIRRORED from original's own advATR/favATR at same real price path; does NOT include the extra spread cost of crossing to the opposite bid/ask side at entry (see report methodology note)
MAC_20260702014513_BUY_TREND_PULLBACK,MAC,2026.07.02 01:45:13,BUY,SELL,TREND_PULLBACK,SMART-GUARD,SKIP,4040.7,6.56,N,,0.0,0.228,0.0,0.24,0.0,0.24,,,,,,,,5,,,STOP_FIRST,NEITHER_5-60m,NEITHER_5-60m,0.0,0.24,MIRRORED from original's own advATR/favATR at same real price path; does NOT include the extra spread cost of crossing to the opposite bid/ask side at entry (see report methodology note)
MAC_20260702015012_BUY_TREND_PULLBACK,MAC,2026.07.02 01:50:12,BUY,SELL,TREND_PULLBACK,B-GRADE QUALITY BLOCK,B,4044.63,6.75,N,,0.096,0.0,0.096,0.0,0.096,0.0,,,,,,,,,,,NEITHER_5-60m,NEITHER_5-60m,NEITHER_5-60m,0.096,0.0,MIRRORED from original's own advATR/favATR at same real price path; does NOT include the extra spread cost of crossing to the opposite bid/ask side at entry (see report methodology note)
MAC_20260702020639_BUY_TREND_PULLBACK,MAC,2026.07.02 02:06:39,BUY,SELL,TREND_PULLBACK,SMART-GUARD,SKIP,4042.31,5.8,N,,0.264,0.0,0.264,0.0,0.432,0.0,0.488,0.0,0.616,0.0,5,15,60,,,,TARGET_FIRST,TARGET_FIRST,TARGET_FIRST,0.616,0.0,MIRRORED from original's own advATR/favATR at same real price path; does NOT include the extra spread cost of crossing to the opposite bid/ask side at entry (see report methodology note)
MAC_20260702021513_BUY_TREND_PULLBACK,MAC,2026.07.02 02:15:13,BUY,SELL,TREND_PULLBACK,Personality mismatch,PERSONALITY,4038.67,2.92,N,,0.0,0.056,0.36,0.056,0.36,0.056,0.472,0.056,,,10,10,,,,,TARGET_FIRST,TARGET_FIRST,NEITHER_5-60m,0.472,0.056,MIRRORED from original's own advATR/favATR at same real price path; does NOT include the extra spread cost of crossing to the opposite bid/ask side at entry (see report methodology note)
MAC_20260702023512_BUY_TREND_PULLBACK,MAC,2026.07.02 02:35:12,BUY,SELL,TREND_PULLBACK,B-GRADE QUALITY BLOCK,B,4038.79,2.89,N,,0.492,0.0,0.492,0.0,0.492,0.0,0.752,0.0,,,5,5,30,,,,TARGET_FIRST,TARGET_FIRST,TARGET_FIRST,0.752,0.0,MIRRORED from original's own advATR/favATR at same real price path; does NOT include the extra spread cost of crossing to the opposite bid/ask side at entry (see report methodology note)
MAC_20260702032035_BUY_TREND_PULLBACK,MAC,2026.07.02 03:20:35,BUY,SELL,TREND_PULLBACK,B-GRADE QUALITY BLOCK,B,4041.2,4.28,N,,0.0,0.52,0.0,0.52,0.0,0.52,0.128,0.912,0.128,2.324,,,,5,5,5,STOP_FIRST,STOP_FIRST,STOP_FIRST,0.128,2.324,MIRRORED from original's own advATR/favATR at same real price path; does NOT include the extra spread cost of crossing to the opposite bid/ask side at entry (see report methodology note)
MAC_20260702032531_BUY_TREND_PULLBACK,MAC,2026.07.02 03:25:31,BUY,SELL,TREND_PULLBACK,Trade blocked — fake breakout (last close back inside Donchian-2,A,4048.23,4.31,N,,0.38,0.0,0.548,0.0,0.78,0.0,0.78,0.624,0.78,1.652,5,5,10,30,30,30,TARGET_FIRST,TARGET_FIRST,TARGET_FIRST,0.78,1.652,MIRRORED from original's own advATR/favATR at same real price path; does NOT include the extra spread cost of crossing to the opposite bid/ask side at entry (see report methodology note)
MAC_20260702040014_BUY_TREND_PULLBACK,MAC,2026.07.02 04:00:14,BUY,SELL,TREND_PULLBACK,TREND-CONTINUATION MODE,A,4055.81,5.35,N,,0.0,0.764,0.0,0.764,0.0,0.764,0.62,0.764,0.776,0.764,30,30,30,5,5,5,STOP_FIRST,STOP_FIRST,STOP_FIRST,0.776,0.764,MIRRORED from original's own advATR/favATR at same real price path; does NOT include the extra spread cost of crossing to the opposite bid/ask side at entry (see report methodology note)
MAC_20260702040529_BUY_BREAKOUT,MAC,2026.07.02 04:05:29,BUY,SELL,BREAKOUT,Trade blocked — momentum slowdown (close in opposite 30% of last,A,4065.0,6.44,Y,30,0.004,0.064,0.292,0.064,0.732,0.064,1.084,0.064,1.356,0.064,10,15,15,,,,TARGET_FIRST,TARGET_FIRST,TARGET_FIRST,1.356,0.064,MIRRORED from original's own advATR/favATR at same real price path; does NOT include the extra spread cost of crossing to the opposite bid/ask side at entry (see report methodology note)
MAC_20260702041522_BUY_BREAKOUT,MAC,2026.07.02 04:15:22,BUY,SELL,BREAKOUT,BAD-LOCATION BLOCK,B,4063.82,6.53,Y,30,0.648,0.0,0.676,0.0,0.996,0.0,1.104,0.0,1.264,0.0,5,5,5,,,,TARGET_FIRST,TARGET_FIRST,TARGET_FIRST,1.264,0.0,MIRRORED from original's own advATR/favATR at same real price path; does NOT include the extra spread cost of crossing to the opposite bid/ask side at entry (see report methodology note)
MAC_20260702042017_BUY_TREND_PULLBACK,MAC,2026.07.02 04:20:17,BUY,SELL,TREND_PULLBACK,BAD-LOCATION BLOCK,B,4060.06,6.38,Y,60,0.428,0.0,0.784,0.0,0.784,0.0,0.892,0.0,1.056,0.0,5,5,10,,,,TARGET_FIRST,TARGET_FIRST,TARGET_FIRST,1.056,0.0,MIRRORED from original's own advATR/favATR at same real price path; does NOT include the extra spread cost of crossing to the opposite bid/ask side at entry (see report methodology note)
MAC_20260702042521_BUY_TREND_PULLBACK,MAC,2026.07.02 04:25:21,BUY,SELL,TREND_PULLBACK,FAILED-IMPULSE BLOCK,A,4052.99,6.52,N,,0.336,0.0,0.336,0.104,0.44,0.104,0.44,0.104,,,5,5,,,,,TARGET_FIRST,TARGET_FIRST,NEITHER_5-60m,0.44,0.104,MIRRORED from original's own advATR/favATR at same real price path; does NOT include the extra spread cost of crossing to the opposite bid/ask side at entry (see report methodology note)
MAC_20260702043518_SELL_SQUEEZE_RELEASE,MAC,2026.07.02 04:35:18,SELL,BUY,SQUEEZE_RELEASE,ANALYSIS-ONLY,B,4047.61,6.72,N,,0.42,0.108,0.42,0.108,0.42,0.108,0.42,0.264,,,5,5,,30,,,TARGET_FIRST,TARGET_FIRST,NEITHER_5-60m,0.42,0.264,MIRRORED from original's own advATR/favATR at same real price path; does NOT include the extra spread cost of crossing to the opposite bid/ask side at entry (see report methodology note)
MAC_20260702045529_BUY_TREND_PULLBACK,MAC,2026.07.02 04:55:29,BUY,SELL,TREND_PULLBACK,Trade blocked — momentum slowdown (close in opposite 30% of last,A,4054.02,7.36,N,,0.468,0.0,0.588,0.0,0.588,0.0,,,,,5,5,10,,,,TARGET_FIRST,TARGET_FIRST,TARGET_FIRST,0.588,0.0,MIRRORED from original's own advATR/favATR at same real price path; does NOT include the extra spread cost of crossing to the opposite bid/ask side at entry (see report methodology note)
MAC_20260702051017_BUY_TREND_PULLBACK,MAC,2026.07.02 05:10:17,BUY,SELL,TREND_PULLBACK,B-GRADE QUALITY BLOCK,B,4043.3,7.36,N,,0.0,0.592,0.0,0.592,,,,,,,,,,5,5,5,STOP_FIRST,STOP_FIRST,STOP_FIRST,0.0,0.592,MIRRORED from original's own advATR/favATR at same real price path; does NOT include the extra spread cost of crossing to the opposite bid/ask side at entry (see report methodology note)
MAC_20260702104452_BUY_TREND_PULLBACK,MAC,2026.07.02 10:44:52,BUY,SELL,TREND_PULLBACK,Trade blocked — startup,A,4074.46,5.34,N,,0.328,0.0,0.66,0.0,0.804,0.0,,,,,5,5,10,,,,TARGET_FIRST,TARGET_FIRST,TARGET_FIRST,0.804,0.0,MIRRORED from original's own advATR/favATR at same real price path; does NOT include the extra spread cost of crossing to the opposite bid/ask side at entry (see report methodology note)
MAC_20260702105014_BUY_TREND_PULLBACK,MAC,2026.07.02 10:50:14,BUY,SELL,TREND_PULLBACK,FAILED-IMPULSE BLOCK,A,4070.3,5.7,N,,0.46,0.0,0.46,0.0,,,,,,,5,5,,,,,TARGET_FIRST,TARGET_FIRST,NEITHER_5-60m,0.46,0.0,MIRRORED from original's own advATR/favATR at same real price path; does NOT include the extra spread cost of crossing to the opposite bid/ask side at entry (see report methodology note)
MAC_20260702110015_BUY_TREND_PULLBACK,MAC,2026.07.02 11:00:15,BUY,SELL,TREND_PULLBACK,B-GRADE QUALITY BLOCK,B,4063.45,5.3,N,,,,,,,,,,,,,,,,,,NEITHER_5-60m,NEITHER_5-60m,NEITHER_5-60m,,,MIRRORED from original's own advATR/favATR at same real price path; does NOT include the extra spread cost of crossing to the opposite bid/ask side at entry (see report methodology note)
MAC_20260702112043_BUY_TREND_PULLBACK,MAC,2026.07.02 11:20:43,BUY,SELL,TREND_PULLBACK,TREND-CONTINUATION MODE,A,4073.16,5.34,N,,0.0,0.156,0.0,0.156,0.0,0.156,0.648,0.276,0.648,0.276,30,30,30,30,,,SIMULTANEOUS_SAME_CHECKPOINT,TARGET_FIRST,TARGET_FIRST,0.648,0.276,MIRRORED from original's own advATR/favATR at same real price path; does NOT include the extra spread cost of crossing to the opposite bid/ask side at entry (see report methodology note)
MAC_20260702112528_BUY_TREND_PULLBACK,MAC,2026.07.02 11:25:28,BUY,SELL,TREND_PULLBACK,Trade blocked — momentum slowdown (close in opposite 30% of last,A,4074.83,5.2,N,,0.12,0.0,0.12,0.0,0.12,0.104,0.796,0.156,0.796,0.156,30,30,30,,,,TARGET_FIRST,TARGET_FIRST,TARGET_FIRST,0.796,0.156,MIRRORED from original's own advATR/favATR at same real price path; does NOT include the extra spread cost of crossing to the opposite bid/ask side at entry (see report methodology note)
MAC_20260702113516_BUY_TREND_PULLBACK,MAC,2026.07.02 11:35:16,BUY,SELL,TREND_PULLBACK,BAD-LOCATION BLOCK,A,4073.36,4.9,N,,0.0,0.228,0.0,0.284,0.724,0.284,0.724,0.284,0.724,0.284,15,15,15,5,,,STOP_FIRST,TARGET_FIRST,TARGET_FIRST,0.724,0.284,MIRRORED from original's own advATR/favATR at same real price path; does NOT include the extra spread cost of crossing to the opposite bid/ask side at entry (see report methodology note)
MAC_20260702123248_BUY_TREND_PULLBACK,MAC,2026.07.02 12:32:48,BUY,SELL,TREND_PULLBACK,B-GRADE QUALITY BLOCK,B,4065.35,3.98,N,,0.0,0.148,0.0,0.48,0.0,0.48,0.148,0.48,0.32,0.48,60,60,,10,10,,STOP_FIRST,STOP_FIRST,NEITHER_5-60m,0.32,0.48,MIRRORED from original's own advATR/favATR at same real price path; does NOT include the extra spread cost of crossing to the opposite bid/ask side at entry (see report methodology note)
MAC_20260702124517_BUY_TREND_PULLBACK,MAC,2026.07.02 12:45:17,BUY,SELL,TREND_PULLBACK,Trade blocked — momentum slowdown (close in opposite 30% of last,A,4070.04,4.18,N,,0.488,0.0,0.488,0.0,0.592,0.0,0.752,0.0,0.752,0.0,5,5,15,,,,TARGET_FIRST,TARGET_FIRST,TARGET_FIRST,0.752,0.0,MIRRORED from original's own advATR/favATR at same real price path; does NOT include the extra spread cost of crossing to the opposite bid/ask side at entry (see report methodology note)
MAC_20260702131512_BUY_TREND_PULLBACK,MAC,2026.07.02 13:15:12,BUY,SELL,TREND_PULLBACK,SMART-GUARD,SKIP,4062.43,3.86,N,,0.0,0.264,0.0,0.264,0.0,0.264,0.072,0.264,,,,,,5,,,STOP_FIRST,NEITHER_5-60m,NEITHER_5-60m,0.072,0.264,MIRRORED from original's own advATR/favATR at same real price path; does NOT include the extra spread cost of crossing to the opposite bid/ask side at entry (see report methodology note)
MAC_20260702134448_BUY_TREND_PULLBACK,MAC,2026.07.02 13:44:48,BUY,SELL,TREND_PULLBACK,B-GRADE QUALITY BLOCK,B,4065.0,3.63,N,,0.36,0.0,0.36,0.0,0.36,0.0,,,,,5,5,,,,,TARGET_FIRST,TARGET_FIRST,NEITHER_5-60m,0.36,0.0,MIRRORED from original's own advATR/favATR at same real price path; does NOT include the extra spread cost of crossing to the opposite bid/ask side at entry (see report methodology note)
MAC_20260702140015_BUY_TREND_PULLBACK,MAC,2026.07.02 14:00:15,BUY,SELL,TREND_PULLBACK,STI_REENTRY_WAIT ,B,4064.78,3.62,N,,,,,,,,,,,,,,,,,,NEITHER_5-60m,NEITHER_5-60m,NEITHER_5-60m,,,MIRRORED from original's own advATR/favATR at same real price path; does NOT include the extra spread cost of crossing to the opposite bid/ask side at entry (see report methodology note)
MAC_20260702141530_BUY_TREND_PULLBACK,MAC,2026.07.02 14:15:30,BUY,SELL,TREND_PULLBACK,Trade blocked — momentum slowdown (close in opposite 30% of last,A,4063.88,3.85,N,,0.0,0.092,0.0,0.248,0.0,0.592,0.0,0.748,0.016,0.748,,,,10,15,15,STOP_FIRST,STOP_FIRST,STOP_FIRST,0.016,0.748,MIRRORED from original's own advATR/favATR at same real price path; does NOT include the extra spread cost of crossing to the opposite bid/ask side at entry (see report methodology note)
MAC_20260702142514_BUY_TREND_PULLBACK,MAC,2026.07.02 14:25:14,BUY,SELL,TREND_PULLBACK,B-GRADE QUALITY BLOCK,B,4064.74,3.93,N,,0.0,0.492,0.0,0.648,0.0,0.648,0.104,0.648,0.104,3.06,,,,5,5,10,STOP_FIRST,STOP_FIRST,STOP_FIRST,0.104,3.06,MIRRORED from original's own advATR/favATR at same real price path; does NOT include the extra spread cost of crossing to the opposite bid/ask side at entry (see report methodology note)
MAC_20260702145017_BUY_BREAKOUT,MAC,2026.07.02 14:50:17,BUY,SELL,BREAKOUT,BAD-LOCATION BLOCK,B,4071.0,4.27,N,,0.684,0.0,0.684,0.0,0.684,0.0,0.684,0.0,0.684,6.452,5,5,5,60,60,60,TARGET_FIRST,TARGET_FIRST,TARGET_FIRST,0.684,6.452,MIRRORED from original's own advATR/favATR at same real price path; does NOT include the extra spread cost of crossing to the opposite bid/ask side at entry (see report methodology note)
MAC_20260702145515_BUY_TREND_PULLBACK,MAC,2026.07.02 14:55:15,BUY,SELL,TREND_PULLBACK,TREND-CONTINUATION MODE,A,4071.11,4.04,N,,0.732,0.0,0.732,0.0,0.732,0.0,0.732,2.344,0.732,6.812,5,5,5,30,30,30,TARGET_FIRST,TARGET_FIRST,TARGET_FIRST,0.732,6.812,MIRRORED from original's own advATR/favATR at same real price path; does NOT include the extra spread cost of crossing to the opposite bid/ask side at entry (see report methodology note)
MAC_20260702150518_BUY_TREND_PULLBACK,MAC,2026.07.02 15:05:18,BUY,SELL,TREND_PULLBACK,NEWS FILTER (high-impact event nearby),A,4068.04,4.33,N,,0.376,0.268,0.376,0.268,0.376,0.268,0.376,6.64,0.376,6.64,5,5,,5,30,30,SIMULTANEOUS_SAME_CHECKPOINT,TARGET_FIRST,STOP_FIRST,0.376,6.64,MIRRORED from original's own advATR/favATR at same real price path; does NOT include the extra spread cost of crossing to the opposite bid/ask side at entry (see report methodology note)
MAC_20260702152517_BUY_TREND_PULLBACK,MAC,2026.07.02 15:25:17,BUY,SELL,TREND_PULLBACK,CALENDAR,A,4068.59,4.81,N,,0.0,4.76,0.0,5.932,0.0,5.932,0.0,5.932,0.0,5.932,,,,5,5,5,STOP_FIRST,STOP_FIRST,STOP_FIRST,0.0,5.932,MIRRORED from original's own advATR/favATR at same real price path; does NOT include the extra spread cost of crossing to the opposite bid/ask side at entry (see report methodology note)
MAC_20260702153016_BUY_TREND_PULLBACK,MAC,2026.07.02 15:30:16,BUY,SELL,TREND_PULLBACK,B-GRADE QUALITY BLOCK,B,4090.92,4.96,N,,0.0,3.944,0.0,3.944,0.0,3.944,0.0,3.944,0.0,3.944,,,,5,5,5,STOP_FIRST,STOP_FIRST,STOP_FIRST,0.0,3.944,MIRRORED from original's own advATR/favATR at same real price path; does NOT include the extra spread cost of crossing to the opposite bid/ask side at entry (see report methodology note)
MAC_20260702153516_BUY_BREAKOUT,MAC,2026.07.02 15:35:16,BUY,SELL,BREAKOUT,CALENDAR,A+,4127.18,9.24,N,,0.0,0.548,0.0,0.548,0.336,0.548,0.344,0.548,0.628,0.548,15,15,60,5,5,5,STOP_FIRST,STOP_FIRST,STOP_FIRST,0.628,0.548,MIRRORED from original's own advATR/favATR at same real price path; does NOT include the extra spread cost of crossing to the opposite bid/ask side at entry (see report methodology note)
MAC_20260702160015_BUY_TREND_PULLBACK,MAC,2026.07.02 16:00:15,BUY,SELL,TREND_PULLBACK,BAD-LOCATION BLOCK,B,4127.23,11.99,N,,0.268,0.0,0.268,0.0,0.34,0.0,0.484,0.04,,,5,15,,,,,TARGET_FIRST,TARGET_FIRST,NEITHER_5-60m,0.484,0.04,MIRRORED from original's own advATR/favATR at same real price path; does NOT include the extra spread cost of crossing to the opposite bid/ask side at entry (see report methodology note)
MAC_20260702164017_BUY_TREND_PULLBACK,MAC,2026.07.02 16:40:17,BUY,SELL,TREND_PULLBACK,Trade blocked — momentum slowdown (close in opposite 30% of last,B,4135.82,15.19,N,,0.02,0.188,,,,,,,,,,,,,,,NEITHER_5-60m,NEITHER_5-60m,NEITHER_5-60m,0.02,0.188,MIRRORED from original's own advATR/favATR at same real price path; does NOT include the extra spread cost of crossing to the opposite bid/ask side at entry (see report methodology note)
MAC_20260702165018_BUY_TREND_PULLBACK,MAC,2026.07.02 16:50:18,BUY,SELL,TREND_PULLBACK,Trade blocked — fake breakout (last close back inside Donchian-2,B,4143.59,11.11,N,,,,,,,,,,,,,,,,,,NEITHER_5-60m,NEITHER_5-60m,NEITHER_5-60m,,,MIRRORED from original's own advATR/favATR at same real price path; does NOT include the extra spread cost of crossing to the opposite bid/ask side at entry (see report methodology note)
MAC_20260702165302_BUY_TREND_PULLBACK,MAC,2026.07.02 16:53:02,BUY,SELL,TREND_PULLBACK,Trade blocked — fake breakout (last close back inside Donchian-2,B,4140.97,11.11,N,,0.248,0.0,0.384,0.0,0.516,0.0,0.644,0.0,,,5,10,15,,,,TARGET_FIRST,TARGET_FIRST,TARGET_FIRST,0.644,0.0,MIRRORED from original's own advATR/favATR at same real price path; does NOT include the extra spread cost of crossing to the opposite bid/ask side at entry (see report methodology note)
MAC_20260702165513_BUY_TREND_PULLBACK,MAC,2026.07.02 16:55:13,BUY,SELL,TREND_PULLBACK,BAD-LOCATION BLOCK,B,4133.83,11.2,N,,0.0,0.012,0.128,0.012,0.256,0.012,0.384,0.012,,,15,30,,,,,TARGET_FIRST,TARGET_FIRST,NEITHER_5-60m,0.384,0.012,MIRRORED from original's own advATR/favATR at same real price path; does NOT include the extra spread cost of crossing to the opposite bid/ask side at entry (see report methodology note)
MAC_20260702170158_BUY_TREND_PULLBACK,MAC,2026.07.02 17:01:58,BUY,SELL,TREND_PULLBACK,Personality mismatch,PERSONALITY,4134.11,10.82,N,,0.276,0.0,0.276,0.0,0.276,0.0,0.668,0.0,,,5,30,30,,,,TARGET_FIRST,TARGET_FIRST,TARGET_FIRST,0.668,0.0,MIRRORED from original's own advATR/favATR at same real price path; does NOT include the extra spread cost of crossing to the opposite bid/ask side at entry (see report methodology note)
MAC_20260702170517_BUY_TREND_PULLBACK,MAC,2026.07.02 17:05:17,BUY,SELL,TREND_PULLBACK,FAILED-IMPULSE BLOCK,B,4129.95,10.76,N,,0.12,0.0,0.12,0.0,0.256,0.0,,,,,15,,,,,,TARGET_FIRST,NEITHER_5-60m,NEITHER_5-60m,0.256,0.0,MIRRORED from original's own advATR/favATR at same real price path; does NOT include the extra spread cost of crossing to the opposite bid/ask side at entry (see report methodology note)
MAC_20260702172017_BUY_TREND_PULLBACK,MAC,2026.07.02 17:20:17,BUY,SELL,TREND_PULLBACK,STI_REENTRY_WAIT ,B,4128.74,9.97,N,,0.508,0.0,0.508,0.0,,,,,,,5,5,5,,,,TARGET_FIRST,TARGET_FIRST,TARGET_FIRST,0.508,0.0,MIRRORED from original's own advATR/favATR at same real price path; does NOT include the extra spread cost of crossing to the opposite bid/ask side at entry (see report methodology note)
MAC_20260702175514_BUY_TREND_PULLBACK,MAC,2026.07.02 17:55:14,BUY,SELL,TREND_PULLBACK,STI_REENTRY_WAIT ,B,4125.77,8.34,N,,0.0,0.06,0.204,0.06,0.204,0.092,0.204,0.132,0.204,0.244,10,,,60,,,TARGET_FIRST,NEITHER_5-60m,NEITHER_5-60m,0.204,0.244,MIRRORED from original's own advATR/favATR at same real price path; does NOT include the extra spread cost of crossing to the opposite bid/ask side at entry (see report methodology note)
MAC_20260702180514_BUY_TREND_PULLBACK,MAC,2026.07.02 18:05:14,BUY,SELL,TREND_PULLBACK,FAILED-IMPULSE BLOCK,B,4127.49,7.7,N,,0.312,0.0,0.312,0.008,0.312,0.056,0.312,0.176,0.312,0.176,5,5,,,,,TARGET_FIRST,TARGET_FIRST,NEITHER_5-60m,0.312,0.176,MIRRORED from original's own advATR/favATR at same real price path; does NOT include the extra spread cost of crossing to the opposite bid/ask side at entry (see report methodology note)
MAC_20260702181015_BUY_TREND_PULLBACK,MAC,2026.07.02 18:10:15,BUY,SELL,TREND_PULLBACK,Personality mismatch,PERSONALITY,4121.56,8.02,N,,0.0,0.304,0.0,0.348,0.0,0.348,0.0,0.464,0.0,0.464,,,,5,5,,STOP_FIRST,STOP_FIRST,NEITHER_5-60m,0.0,0.464,MIRRORED from original's own advATR/favATR at same real price path; does NOT include the extra spread cost of crossing to the opposite bid/ask side at entry (see report methodology note)
MAC_20260702181514_BUY_TREND_PULLBACK,MAC,2026.07.02 18:15:14,BUY,SELL,TREND_PULLBACK,NEWS_OBSERVING,A,4127.55,7.99,N,,0.236,0.0,0.236,0.052,0.236,0.052,0.236,0.168,0.256,0.168,5,,,,,,TARGET_FIRST,NEITHER_5-60m,NEITHER_5-60m,0.256,0.168,MIRRORED from original's own advATR/favATR at same real price path; does NOT include the extra spread cost of crossing to the opposite bid/ask side at entry (see report methodology note)
MAC_20260702183515_BUY_TREND_PULLBACK,MAC,2026.07.02 18:35:15,BUY,SELL,TREND_PULLBACK,TREND-CONTINUATION MODE,A,4130.9,8.06,Y,60,0.204,0.0,0.204,0.0,0.204,0.0,0.384,0.0,1.336,0.0,5,30,60,,,,TARGET_FIRST,TARGET_FIRST,TARGET_FIRST,1.336,0.0,MIRRORED from original's own advATR/favATR at same real price path; does NOT include the extra spread cost of crossing to the opposite bid/ask side at entry (see report methodology note)
MAC_20260702184016_BUY_TREND_PULLBACK,MAC,2026.07.02 18:40:16,BUY,SELL,TREND_PULLBACK,TRUE-LATE BLOCK,B,4128.6,7.59,Y,60,0.096,0.0,0.096,0.0,0.096,0.048,0.324,0.048,1.3,0.048,30,30,60,,,,TARGET_FIRST,TARGET_FIRST,TARGET_FIRST,1.3,0.048,MIRRORED from original's own advATR/favATR at same real price path; does NOT include the extra spread cost of crossing to the opposite bid/ask side at entry (see report methodology note)
MAC_20260702191017_BUY_TREND_PULLBACK,MAC,2026.07.02 19:10:17,BUY,SELL,TREND_PULLBACK,FAILED-IMPULSE BLOCK,A,4123.16,6.76,Y,30,0.044,0.0,0.264,0.024,0.572,0.024,1.136,0.024,1.136,0.024,10,15,15,,,,TARGET_FIRST,TARGET_FIRST,TARGET_FIRST,1.136,0.024,MIRRORED from original's own advATR/favATR at same real price path; does NOT include the extra spread cost of crossing to the opposite bid/ask side at entry (see report methodology note)
MAC_20260702191520_BUY_TREND_PULLBACK,MAC,2026.07.02 19:15:20,BUY,SELL,TREND_PULLBACK,NEWS_ENTRY_BLOCKED_POOR_RR,A,4122.78,6.66,Y,15,0.244,0.048,0.56,0.048,1.132,0.048,1.132,0.048,1.132,0.048,5,10,10,,,,TARGET_FIRST,TARGET_FIRST,TARGET_FIRST,1.132,0.048,MIRRORED from original's own advATR/favATR at same real price path; does NOT include the extra spread cost of crossing to the opposite bid/ask side at entry (see report methodology note)
MAC_20260702192013_BUY_TREND_PULLBACK,MAC,2026.07.02 19:20:13,BUY,SELL,TREND_PULLBACK,NEWS_OBSERVING,A,4123.17,5.93,Y,15,0.3,0.0,0.656,0.0,1.296,0.0,1.296,0.0,1.296,0.0,5,5,10,,,,TARGET_FIRST,TARGET_FIRST,TARGET_FIRST,1.296,0.0,MIRRORED from original's own advATR/favATR at same real price path; does NOT include the extra spread cost of crossing to the opposite bid/ask side at entry (see report methodology note)
MAC_20260702192517_BUY_TREND_PULLBACK,MAC,2026.07.02 19:25:17,BUY,SELL,TREND_PULLBACK,B-GRADE QUALITY BLOCK,B,4117.31,5.75,N,,0.928,0.0,0.928,0.0,0.928,0.0,0.928,0.108,0.928,0.108,5,5,5,,,,TARGET_FIRST,TARGET_FIRST,TARGET_FIRST,0.928,0.108,MIRRORED from original's own advATR/favATR at same real price path; does NOT include the extra spread cost of crossing to the opposite bid/ask side at entry (see report methodology note)
MAC_20260702193518_SELL_BREAKOUT,MAC,2026.07.02 19:35:18,SELL,BUY,BREAKOUT,B-GRADE QUALITY BLOCK,B,4103.35,5.8,Y,30,0.816,0.0,0.9,0.0,0.936,0.0,1.072,0.0,1.072,0.0,5,5,5,,,,TARGET_FIRST,TARGET_FIRST,TARGET_FIRST,1.072,0.0,MIRRORED from original's own advATR/favATR at same real price path; does NOT include the extra spread cost of crossing to the opposite bid/ask side at entry (see report methodology note)
MAC_20260702195513_BUY_TREND_PULLBACK,MAC,2026.07.02 19:55:13,BUY,SELL,TREND_PULLBACK,Personality mismatch,PERSONALITY,4117.03,6.07,N,,0.0,0.12,0.108,0.12,0.108,0.12,0.212,0.12,0.7,0.12,30,60,60,,,,TARGET_FIRST,TARGET_FIRST,TARGET_FIRST,0.7,0.12,MIRRORED from original's own advATR/favATR at same real price path; does NOT include the extra spread cost of crossing to the opposite bid/ask side at entry (see report methodology note)
MAC_20260702205012_BUY_TREND_PULLBACK,MAC,2026.07.02 20:50:12,BUY,SELL,TREND_PULLBACK,B-GRADE QUALITY BLOCK,B,4109.14,4.79,N,,0.0,0.092,0.228,0.092,0.228,0.544,0.228,1.12,0.228,1.308,10,,,15,15,15,TARGET_FIRST,STOP_FIRST,STOP_FIRST,0.228,1.308,MIRRORED from original's own advATR/favATR at same real price path; does NOT include the extra spread cost of crossing to the opposite bid/ask side at entry (see report methodology note)
MAC_20260702210015_BUY_TREND_PULLBACK,MAC,2026.07.02 21:00:15,BUY,SELL,TREND_PULLBACK,Personality mismatch,PERSONALITY,4106.35,4.54,N,,0.0,1.428,0.0,1.428,0.0,1.428,0.0,1.628,0.0,1.628,,,,5,5,5,STOP_FIRST,STOP_FIRST,STOP_FIRST,0.0,1.628,MIRRORED from original's own advATR/favATR at same real price path; does NOT include the extra spread cost of crossing to the opposite bid/ask side at entry (see report methodology note)
MAC_20260702210514_BUY_TREND_PULLBACK,MAC,2026.07.02 21:05:14,BUY,SELL,TREND_PULLBACK,NEWS_OBSERVING,A,4115.95,4.76,N,,0.0,0.556,0.0,0.556,0.0,0.556,0.0,0.744,0.0,0.744,,,,5,5,5,STOP_FIRST,STOP_FIRST,STOP_FIRST,0.0,0.744,MIRRORED from original's own advATR/favATR at same real price path; does NOT include the extra spread cost of crossing to the opposite bid/ask side at entry (see report methodology note)
MAC_20260702212516_BUY_TREND_PULLBACK,MAC,2026.07.02 21:25:16,BUY,SELL,TREND_PULLBACK,NEWS_ENTRY_BLOCKED_POOR_RR,B,4119.42,4.94,N,,0.0,0.436,0.0,0.436,0.0,0.436,0.0,0.436,0.492,0.436,60,60,,5,5,,STOP_FIRST,STOP_FIRST,NEITHER_5-60m,0.492,0.436,MIRRORED from original's own advATR/favATR at same real price path; does NOT include the extra spread cost of crossing to the opposite bid/ask side at entry (see report methodology note)
MAC_20260702213014_BUY_TREND_PULLBACK,MAC,2026.07.02 21:30:14,BUY,SELL,TREND_PULLBACK,BAD-LOCATION BLOCK,B,4123.57,5.04,N,,0.0,0.1,0.0,0.1,0.2,0.1,0.2,0.1,0.812,0.1,15,60,60,,,,TARGET_FIRST,TARGET_FIRST,TARGET_FIRST,0.812,0.1,MIRRORED from original's own advATR/favATR at same real price path; does NOT include the extra spread cost of crossing to the opposite bid/ask side at entry (see report methodology note)
MAC_20260702220018_BUY_TREND_PULLBACK,MAC,2026.07.02 22:00:18,BUY,SELL,TREND_PULLBACK,TRUE-LATE BLOCK,B,4124.03,4.36,Y,30,0.676,0.0,0.888,0.0,0.976,0.0,1.064,0.0,1.064,0.0,5,5,5,,,,TARGET_FIRST,TARGET_FIRST,TARGET_FIRST,1.064,0.0,MIRRORED from original's own advATR/favATR at same real price path; does NOT include the extra spread cost of crossing to the opposite bid/ask side at entry (see report methodology note)
MAC_20260702220513_BUY_TREND_PULLBACK,MAC,2026.07.02 22:05:13,BUY,SELL,TREND_PULLBACK,Personality mismatch,PERSONALITY,4118.04,4.57,N,,0.12,0.0,0.324,0.0,0.408,0.0,0.492,0.0,0.492,0.436,10,10,,60,60,,TARGET_FIRST,TARGET_FIRST,NEITHER_5-60m,0.492,0.436,MIRRORED from original's own advATR/favATR at same real price path; does NOT include the extra spread cost of crossing to the opposite bid/ask side at entry (see report methodology note)
MAC_20260702221515_BUY_TREND_PULLBACK,MAC,2026.07.02 22:15:15,BUY,SELL,TREND_PULLBACK,B-GRADE QUALITY BLOCK,B,4114.18,4.18,N,,0.076,0.0,0.168,0.0,0.168,0.0,0.168,0.844,0.168,0.844,,,,30,30,30,STOP_FIRST,STOP_FIRST,STOP_FIRST,0.168,0.844,MIRRORED from original's own advATR/favATR at same real price path; does NOT include the extra spread cost of crossing to the opposite bid/ask side at entry (see report methodology note)
MAC_20260702223439_BUY_TREND_PULLBACK,MAC,2026.07.02 22:34:39,BUY,SELL,TREND_PULLBACK,NEWS_OBSERVING,A,4113.37,3.71,N,,0.1,0.0,0.1,0.0,0.1,1.04,0.1,1.04,0.1,1.04,,,,15,15,15,STOP_FIRST,STOP_FIRST,STOP_FIRST,0.1,1.04,MIRRORED from original's own advATR/favATR at same real price path; does NOT include the extra spread cost of crossing to the opposite bid/ask side at entry (see report methodology note)
MAC_20260702225636_BUY_TREND_PULLBACK,MAC,2026.07.02 22:56:36,BUY,SELL,TREND_PULLBACK,Trade blocked — momentum slowdown (close in opposite 30% of last,A,4121.96,3.81,N,,0.06,0.0,0.06,0.0,0.06,0.0,0.06,0.0,0.06,0.0,,,,,,,NEITHER_5-60m,NEITHER_5-60m,NEITHER_5-60m,0.06,0.0,MIRRORED from original's own advATR/favATR at same real price path; does NOT include the extra spread cost of crossing to the opposite bid/ask side at entry (see report methodology note)
MAC_20260702235917_BUY_TREND_PULLBACK,MAC,2026.07.02 23:59:17,BUY,SELL,TREND_PULLBACK,Trade blocked — momentum slowdown (close in opposite 30% of last,A,4121.46,3.81,N,,0.008,0.0,0.008,0.0,0.008,0.0,0.008,0.0,0.008,0.46,,,,60,60,,STOP_FIRST,STOP_FIRST,NEITHER_5-60m,0.008,0.46,MIRRORED from original's own advATR/favATR at same real price path; does NOT include the extra spread cost of crossing to the opposite bid/ask side at entry (see report methodology note)
MAC_20260703010015_BUY_TREND_PULLBACK,MAC,2026.07.03 01:00:15,BUY,SELL,TREND_PULLBACK,Personality mismatch,PERSONALITY,4128.91,3.96,N,,0.364,0.0,0.404,0.0,0.428,0.0,0.58,0.0,0.58,0.0,5,5,30,,,,TARGET_FIRST,TARGET_FIRST,TARGET_FIRST,0.58,0.0,MIRRORED from original's own advATR/favATR at same real price path; does NOT include the extra spread cost of crossing to the opposite bid/ask side at entry (see report methodology note)
MAC_20260703010527_BUY_TREND_PULLBACK,MAC,2026.07.03 01:05:27,BUY,SELL,TREND_PULLBACK,Trade blocked — spread,A,4125.18,6.24,N,,0.02,0.14,0.032,0.14,0.128,0.14,0.128,0.14,0.128,0.196,,,,,,,NEITHER_5-60m,NEITHER_5-60m,NEITHER_5-60m,0.128,0.196,MIRRORED from original's own advATR/favATR at same real price path; does NOT include the extra spread cost of crossing to the opposite bid/ask side at entry (see report methodology note)
MAC_20260703011017_BUY_TREND_PULLBACK,MAC,2026.07.03 01:10:17,BUY,SELL,TREND_PULLBACK,NEWS_ENTRY_BLOCKED_OVEREXTENDED,A,4127.49,6.34,N,,0.164,0.0,0.176,0.0,0.272,0.0,0.272,0.0,0.272,0.044,15,,,,,,TARGET_FIRST,NEITHER_5-60m,NEITHER_5-60m,0.272,0.044,MIRRORED from original's own advATR/favATR at same real price path; does NOT include the extra spread cost of crossing to the opposite bid/ask side at entry (see report methodology note)
MAC_20260703011520_BUY_TREND_PULLBACK,MAC,2026.07.03 01:15:20,BUY,SELL,TREND_PULLBACK,TRUE-LATE BLOCK,B,4125.09,6.13,N,,0.124,0.0,0.124,0.0,0.124,0.084,0.124,0.204,0.124,0.204,,,,30,,,STOP_FIRST,NEITHER_5-60m,NEITHER_5-60m,0.124,0.204,MIRRORED from original's own advATR/favATR at same real price path; does NOT include the extra spread cost of crossing to the opposite bid/ask side at entry (see report methodology note)
MAC_20260703013517_BUY_TREND_PULLBACK,MAC,2026.07.03 01:35:17,BUY,SELL,TREND_PULLBACK,TREND-CONTINUATION MODE,A,4125.86,5.65,N,,0.156,0.0,0.156,0.168,0.156,0.168,0.176,0.168,0.176,0.168,,,,,,,NEITHER_5-60m,NEITHER_5-60m,NEITHER_5-60m,0.176,0.168,MIRRORED from original's own advATR/favATR at same real price path; does NOT include the extra spread cost of crossing to the opposite bid/ask side at entry (see report methodology note)
MAC_20260703023420_BUY_TREND_PULLBACK,MAC,2026.07.03 02:34:20,BUY,SELL,TREND_PULLBACK,NEWS_ENTRY_BLOCKED_POOR_RR,B,4126.85,2.34,N,,0.6,0.004,0.6,0.004,0.6,0.588,0.6,0.832,0.6,2.036,5,5,5,15,15,15,TARGET_FIRST,TARGET_FIRST,TARGET_FIRST,0.6,2.036,MIRRORED from original's own advATR/favATR at same real price path; does NOT include the extra spread cost of crossing to the opposite bid/ask side at entry (see report methodology note)
MAC_20260703023541_BUY_TREND_PULLBACK,MAC,2026.07.03 02:35:41,BUY,SELL,TREND_PULLBACK,Personality mismatch,PERSONALITY,4126.95,2.69,N,,0.532,0.0,0.532,0.496,0.532,0.496,0.532,0.708,0.532,1.752,5,5,5,10,10,30,TARGET_FIRST,TARGET_FIRST,TARGET_FIRST,0.532,1.752,MIRRORED from original's own advATR/favATR at same real price path; does NOT include the extra spread cost of crossing to the opposite bid/ask side at entry (see report methodology note)
MAC_20260703025019_BUY_TREND_PULLBACK,MAC,2026.07.03 02:50:19,BUY,SELL,TREND_PULLBACK,NEWS_OBSERVING,B,4130.4,3.48,N,,0.356,0.0,0.356,0.152,0.356,0.152,0.356,0.96,0.356,2.044,5,5,,30,30,30,TARGET_FIRST,TARGET_FIRST,STOP_FIRST,0.356,2.044,MIRRORED from original's own advATR/favATR at same real price path; does NOT include the extra spread cost of crossing to the opposite bid/ask side at entry (see report methodology note)
MAC_20260703025517_BUY_TREND_PULLBACK,MAC,2026.07.03 02:55:17,BUY,SELL,TREND_PULLBACK,FAILED-IMPULSE BLOCK,B,4129.19,3.79,N,,0.2,0.268,0.2,0.268,0.2,0.504,0.2,1.012,0.2,2.372,5,,,5,15,15,SIMULTANEOUS_SAME_CHECKPOINT,STOP_FIRST,STOP_FIRST,0.2,2.372,MIRRORED from original's own advATR/favATR at same real price path; does NOT include the extra spread cost of crossing to the opposite bid/ask side at entry (see report methodology note)
MAC_20260703030518_BUY_BREAKOUT,MAC,2026.07.03 03:05:18,BUY,SELL,BREAKOUT,NEWS_OBSERVING,A,4132.28,4.81,N,,0.328,0.14,0.328,0.292,0.328,0.54,0.328,0.54,0.328,3.216,5,5,,10,15,15,TARGET_FIRST,TARGET_FIRST,STOP_FIRST,0.328,3.216,MIRRORED from original's own advATR/favATR at same real price path; does NOT include the extra spread cost of crossing to the opposite bid/ask side at entry (see report methodology note)
MAC_20260703031518_BUY_BREAKOUT,MAC,2026.07.03 03:15:18,BUY,SELL,BREAKOUT,NEWS_ENTRY_BLOCKED_POOR_RR,B,4133.47,5.75,N,,0.0,0.368,0.0,0.368,0.0,0.368,0.0,0.488,0.0,3.288,,,,5,5,60,STOP_FIRST,STOP_FIRST,STOP_FIRST,0.0,3.288,MIRRORED from original's own advATR/favATR at same real price path; does NOT include the extra spread cost of crossing to the opposite bid/ask side at entry (see report methodology note)
MAC_20260703032013_BUY_BREAKOUT,MAC,2026.07.03 03:20:13,BUY,SELL,BREAKOUT,Personality mismatch,PERSONALITY,4135.83,5.9,N,,0.0,0.2,0.0,0.2,0.052,0.2,0.052,0.316,0.052,3.048,,,,5,30,60,STOP_FIRST,STOP_FIRST,STOP_FIRST,0.052,3.048,MIRRORED from original's own advATR/favATR at same real price path; does NOT include the extra spread cost of crossing to the opposite bid/ask side at entry (see report methodology note)
MAC_20260703034515_BUY_TREND_PULLBACK,MAC,2026.07.03 03:45:15,BUY,SELL,TREND_PULLBACK,BAD-LOCATION BLOCK,B,4136.2,6.41,N,,0.0,0.268,0.0,0.964,0.0,1.56,0.0,2.78,0.0,3.66,,,,5,10,10,STOP_FIRST,STOP_FIRST,STOP_FIRST,0.0,3.66,MIRRORED from original's own advATR/favATR at same real price path; does NOT include the extra spread cost of crossing to the opposite bid/ask side at entry (see report methodology note)
MAC_20260703035519_BUY_BREAKOUT,MAC,2026.07.03 03:55:19,BUY,SELL,BREAKOUT,Trade blocked — spread,B,4148.24,6.65,N,,0.0,0.78,0.0,1.368,0.0,1.76,0.0,2.644,0.0,2.808,,,,5,5,5,STOP_FIRST,STOP_FIRST,STOP_FIRST,0.0,2.808,MIRRORED from original's own advATR/favATR at same real price path; does NOT include the extra spread cost of crossing to the opposite bid/ask side at entry (see report methodology note)
MAC_20260703043013_BUY_TREND_PULLBACK,MAC,2026.07.03 04:30:13,BUY,SELL,TREND_PULLBACK,Personality mismatch,PERSONALITY,4185.38,8.45,N,,0.028,0.448,0.336,0.448,0.336,0.448,0.336,0.448,0.368,0.448,10,10,,5,5,,STOP_FIRST,STOP_FIRST,NEITHER_5-60m,0.368,0.448,MIRRORED from original's own advATR/favATR at same real price path; does NOT include the extra spread cost of crossing to the opposite bid/ask side at entry (see report methodology note)
MAC_20260703052518_BUY_TREND_PULLBACK,MAC,2026.07.03 05:25:18,BUY,SELL,TREND_PULLBACK,Trade blocked — spread,B,4178.26,7.04,N,,0.0,0.124,0.0,0.424,0.0,0.424,0.0,0.424,0.0,0.424,,,,10,10,,STOP_FIRST,STOP_FIRST,NEITHER_5-60m,0.0,0.424,MIRRORED from original's own advATR/favATR at same real price path; does NOT include the extra spread cost of crossing to the opposite bid/ask side at entry (see report methodology note)
MAC_20260703054015_BUY_TREND_PULLBACK,MAC,2026.07.03 05:40:15,BUY,SELL,TREND_PULLBACK,Personality mismatch,PERSONALITY,4185.89,5.97,N,,0.396,0.0,0.396,0.0,0.396,0.0,0.396,0.0,0.532,0.0,5,5,60,,,,TARGET_FIRST,TARGET_FIRST,TARGET_FIRST,0.532,0.0,MIRRORED from original's own advATR/favATR at same real price path; does NOT include the extra spread cost of crossing to the opposite bid/ask side at entry (see report methodology note)
MAC_20260703055517_BUY_TREND_PULLBACK,MAC,2026.07.03 05:55:17,BUY,SELL,TREND_PULLBACK,BAD-LOCATION BLOCK,B,4184.32,5.27,N,,0.272,0.0,0.272,0.0,0.272,0.0,0.34,0.0,0.604,0.0,5,30,60,,,,TARGET_FIRST,TARGET_FIRST,TARGET_FIRST,0.604,0.0,MIRRORED from original's own advATR/favATR at same real price path; does NOT include the extra spread cost of crossing to the opposite bid/ask side at entry (see report methodology note)
MAC_20260703061516_BUY_TREND_PULLBACK,MAC,2026.07.03 06:15:16,BUY,SELL,TREND_PULLBACK,TRUE-LATE BLOCK,B,4183.42,4.52,N,,0.316,0.0,0.316,0.0,0.316,0.0,0.62,0.0,0.744,0.0,5,5,30,,,,TARGET_FIRST,TARGET_FIRST,TARGET_FIRST,0.744,0.0,MIRRORED from original's own advATR/favATR at same real price path; does NOT include the extra spread cost of crossing to the opposite bid/ask side at entry (see report methodology note)
MAC_20260703064513_BUY_TREND_PULLBACK,MAC,2026.07.03 06:45:13,BUY,SELL,TREND_PULLBACK,Personality mismatch,PERSONALITY,4178.0,4.38,N,,0.144,0.0,0.148,0.0,0.148,0.0,0.272,0.02,0.272,0.248,30,,,60,,,TARGET_FIRST,NEITHER_5-60m,NEITHER_5-60m,0.272,0.248,MIRRORED from original's own advATR/favATR at same real price path; does NOT include the extra spread cost of crossing to the opposite bid/ask side at entry (see report methodology note)
MAC_20260703065019_BUY_TREND_PULLBACK,MAC,2026.07.03 06:50:19,BUY,SELL,TREND_PULLBACK,FAILED-IMPULSE BLOCK,B,4176.57,4.06,N,,0.02,0.0,0.152,0.0,0.152,0.144,0.152,0.408,0.152,0.408,,,,30,30,,STOP_FIRST,STOP_FIRST,NEITHER_5-60m,0.152,0.408,MIRRORED from original's own advATR/favATR at same real price path; does NOT include the extra spread cost of crossing to the opposite bid/ask side at entry (see report methodology note)
MAC_20260703065519_BUY_TREND_PULLBACK,MAC,2026.07.03 06:55:19,BUY,SELL,TREND_PULLBACK,Trade blocked — spread,B,4176.82,3.76,N,,0.188,0.0,0.188,0.128,0.188,0.148,0.188,0.416,0.188,0.416,,,,30,30,,STOP_FIRST,STOP_FIRST,NEITHER_5-60m,0.188,0.416,MIRRORED from original's own advATR/favATR at same real price path; does NOT include the extra spread cost of crossing to the opposite bid/ask side at entry (see report methodology note)
MAC_20260703070514_SELL_BREAKOUT,MAC,2026.07.03 07:05:14,SELL,BUY,BREAKOUT,Personality mismatch,PERSONALITY,4174.8,3.24,N,,0.396,0.0,0.42,0.0,0.732,0.0,0.732,0.0,0.732,0.0,5,5,15,,,,TARGET_FIRST,TARGET_FIRST,TARGET_FIRST,0.732,0.0,MIRRORED from original's own advATR/favATR at same real price path; does NOT include the extra spread cost of crossing to the opposite bid/ask side at entry (see report methodology note)
MAC_20260703073016_BUY_TREND_PULLBACK,MAC,2026.07.03 07:30:16,BUY,SELL,TREND_PULLBACK,TRUE-LATE BLOCK,A,4178.73,3.19,N,,0.252,0.0,0.252,0.0,0.348,0.0,0.436,0.192,0.508,0.192,5,15,60,,,,TARGET_FIRST,TARGET_FIRST,TARGET_FIRST,0.508,0.192,MIRRORED from original's own advATR/favATR at same real price path; does NOT include the extra spread cost of crossing to the opposite bid/ask side at entry (see report methodology note)
MAC_20260703075517_BUY_TREND_PULLBACK,MAC,2026.07.03 07:55:17,BUY,SELL,TREND_PULLBACK,FAILED-IMPULSE BLOCK,A,4175.28,2.65,N,,0.0,0.752,0.0,0.752,0.0,0.752,0.092,0.752,0.628,0.752,60,60,60,5,5,5,STOP_FIRST,STOP_FIRST,STOP_FIRST,0.628,0.752,MIRRORED from original's own advATR/favATR at same real price path; does NOT include the extra spread cost of crossing to the opposite bid/ask side at entry (see report methodology note)
MAC_20260703080535_BUY_TREND_PULLBACK,MAC,2026.07.03 08:05:35,BUY,SELL,TREND_PULLBACK,Trade blocked — spread,A,4180.03,2.93,Y,60,0.22,0.0,0.22,0.0,0.732,0.0,0.732,0.0,1.704,0.0,5,15,15,,,,TARGET_FIRST,TARGET_FIRST,TARGET_FIRST,1.704,0.0,MIRRORED from original's own advATR/favATR at same real price path; does NOT include the extra spread cost of crossing to the opposite bid/ask side at entry (see report methodology note)
MAC_20260703085012_BUY_TREND_PULLBACK,MAC,2026.07.03 08:50:12,BUY,SELL,TREND_PULLBACK,B-GRADE QUALITY BLOCK,B,4171.49,3.9,N,,0.012,0.0,0.04,0.0,0.404,0.0,0.904,0.0,0.904,0.176,15,15,30,,,,TARGET_FIRST,TARGET_FIRST,TARGET_FIRST,0.904,0.176,MIRRORED from original's own advATR/favATR at same real price path; does NOT include the extra spread cost of crossing to the opposite bid/ask side at entry (see report methodology note)
MAC_20260703085513_SELL_BREAKOUT,MAC,2026.07.03 08:55:13,SELL,BUY,BREAKOUT,Personality mismatch,PERSONALITY,4171.19,3.96,N,,0.0,0.008,0.0,0.368,0.0,0.368,0.0,0.864,0.204,0.864,60,,,10,10,30,STOP_FIRST,STOP_FIRST,STOP_FIRST,0.204,0.864,MIRRORED from original's own advATR/favATR at same real price path; does NOT include the extra spread cost of crossing to the opposite bid/ask side at entry (see report methodology note)
MAC_20260703090018_BUY_TREND_PULLBACK,MAC,2026.07.03 09:00:18,BUY,SELL,TREND_PULLBACK,FAILED-IMPULSE BLOCK,A,4170.71,3.92,N,,0.324,0.0,0.82,0.0,0.82,0.0,0.82,0.0,0.82,0.468,5,5,10,60,60,,TARGET_FIRST,TARGET_FIRST,TARGET_FIRST,0.82,0.468,MIRRORED from original's own advATR/favATR at same real price path; does NOT include the extra spread cost of crossing to the opposite bid/ask side at entry (see report methodology note)
MAC_20260703090517_SELL_BREAKOUT,MAC,2026.07.03 09:05:17,SELL,BUY,BREAKOUT,B-GRADE QUALITY BLOCK,B,4167.46,4.3,Y,60,0.172,0.448,0.172,0.448,0.172,0.448,0.324,0.448,1.212,0.448,30,30,60,5,5,,STOP_FIRST,STOP_FIRST,TARGET_FIRST,1.212,0.448,MIRRORED from original's own advATR/favATR at same real price path; does NOT include the extra spread cost of crossing to the opposite bid/ask side at entry (see report methodology note)
MAC_20260703091033_BUY_TREND_PULLBACK,MAC,2026.07.03 09:10:33,BUY,SELL,TREND_PULLBACK,Trade blocked — spread,A+,4168.56,4.48,N,,0.528,0.0,0.528,0.0,0.528,0.0,0.528,0.236,0.528,1.064,5,5,5,30,60,60,TARGET_FIRST,TARGET_FIRST,TARGET_FIRST,0.528,1.064,MIRRORED from original's own advATR/favATR at same real price path; does NOT include the extra spread cost of crossing to the opposite bid/ask side at entry (see report methodology note)
MAC_20260703095015_BUY_TREND_PULLBACK,MAC,2026.07.03 09:50:15,BUY,SELL,TREND_PULLBACK,BAD-LOCATION BLOCK,A,4172.73,4.97,N,,0.0,0.0,0.0,0.208,0.0,0.624,0.076,0.624,0.076,0.632,,,,10,15,15,STOP_FIRST,STOP_FIRST,STOP_FIRST,0.076,0.632,MIRRORED from original's own advATR/favATR at same real price path; does NOT include the extra spread cost of crossing to the opposite bid/ask side at entry (see report methodology note)
MAC_20260703095522_BUY_TREND_PULLBACK,MAC,2026.07.03 09:55:22,BUY,SELL,TREND_PULLBACK,TRUE-LATE BLOCK,A,4172.82,4.95,N,,0.0,0.2,0.0,0.62,0.0,0.62,0.084,0.62,,,,,,5,10,10,STOP_FIRST,STOP_FIRST,STOP_FIRST,0.084,0.62,MIRRORED from original's own advATR/favATR at same real price path; does NOT include the extra spread cost of crossing to the opposite bid/ask side at entry (see report methodology note)
MAC_20260703100014_BUY_TREND_PULLBACK,MAC,2026.07.03 10:00:14,BUY,SELL,TREND_PULLBACK,TREND-CONTINUATION MODE,A,4173.34,4.68,N,,0.0,0.168,0.0,0.608,0.0,0.608,0.132,0.608,,,,,,10,10,10,STOP_FIRST,STOP_FIRST,STOP_FIRST,0.132,0.608,MIRRORED from original's own advATR/favATR at same real price path; does NOT include the extra spread cost of crossing to the opposite bid/ask side at entry (see report methodology note)
MAC_20260703100519_BUY_TREND_PULLBACK,MAC,2026.07.03 10:05:19,BUY,SELL,TREND_PULLBACK,A+ EVIDENCE DEMOTION,A,4175.79,4.74,N,,0.1,0.396,0.336,0.396,0.336,0.396,0.336,0.396,,,10,10,,5,5,,STOP_FIRST,STOP_FIRST,NEITHER_5-60m,0.336,0.396,MIRRORED from original's own advATR/favATR at same real price path; does NOT include the extra spread cost of crossing to the opposite bid/ask side at entry (see report methodology note)
MAC_20260703105516_BUY_TREND_PULLBACK,MAC,2026.07.03 10:55:16,BUY,SELL,TREND_PULLBACK,FAILED-IMPULSE BLOCK,A,4177.73,4.11,N,,,,,,,,,,,,,,,,,,NEITHER_5-60m,NEITHER_5-60m,NEITHER_5-60m,,,MIRRORED from original's own advATR/favATR at same real price path; does NOT include the extra spread cost of crossing to the opposite bid/ask side at entry (see report methodology note)
MAC_20260703110144_BUY_TREND_PULLBACK,MAC,2026.07.03 11:01:44,BUY,SELL,TREND_PULLBACK,FAILED-IMPULSE BLOCK,A,4181.47,4.13,N,,,,,,,,,,,,,,,,,,NEITHER_5-60m,NEITHER_5-60m,NEITHER_5-60m,,,MIRRORED from original's own advATR/favATR at same real price path; does NOT include the extra spread cost of crossing to the opposite bid/ask side at entry (see report methodology note)
MAC_20260703110631_BUY_TREND_PULLBACK,MAC,2026.07.03 11:06:31,BUY,SELL,TREND_PULLBACK,NEWS FILTER (high-impact event nearby),A+,4185.43,4.42,Y,30,0.244,0.0,0.244,0.0,0.244,0.0,1.052,0.02,1.22,0.02,5,30,30,,,,TARGET_FIRST,TARGET_FIRST,TARGET_FIRST,1.22,0.02,MIRRORED from original's own advATR/favATR at same real price path; does NOT include the extra spread cost of crossing to the opposite bid/ask side at entry (see report methodology note)
MAC_20260703111018_BUY_TREND_PULLBACK,MAC,2026.07.03 11:10:18,BUY,SELL,TREND_PULLBACK,BAD-LOCATION BLOCK,A,4182.85,4.46,N,,0.0,0.192,0.0,0.192,0.0,0.192,0.812,0.248,0.976,0.248,30,30,30,30,,,SIMULTANEOUS_SAME_CHECKPOINT,TARGET_FIRST,TARGET_FIRST,0.976,0.248,MIRRORED from original's own advATR/favATR at same real price path; does NOT include the extra spread cost of crossing to the opposite bid/ask side at entry (see report methodology note)
MAC_20260703111514_BUY_TREND_PULLBACK,MAC,2026.07.03 11:15:14,BUY,SELL,TREND_PULLBACK,A+ EVIDENCE DEMOTION,A,4184.54,4.46,Y,60,0.0,0.04,0.056,0.04,0.08,0.04,0.964,0.1,1.128,0.1,30,30,30,,,,TARGET_FIRST,TARGET_FIRST,TARGET_FIRST,1.128,0.1,MIRRORED from original's own advATR/favATR at same real price path; does NOT include the extra spread cost of crossing to the opposite bid/ask side at entry (see report methodology note)
MAC_20260703122522_BUY_TREND_PULLBACK,MAC,2026.07.03 12:25:22,BUY,SELL,TREND_PULLBACK,Personality mismatch,PERSONALITY,4173.99,4.11,N,,0.38,0.0,0.38,0.0,0.38,0.0,0.38,0.048,0.38,0.62,5,5,,60,60,60,TARGET_FIRST,TARGET_FIRST,STOP_FIRST,0.38,0.62,MIRRORED from original's own advATR/favATR at same real price path; does NOT include the extra spread cost of crossing to the opposite bid/ask side at entry (see report methodology note)
MAC_20260703123515_BUY_HTF_TREND_FOLLOW,MAC,2026.07.03 12:35:15,BUY,SELL,HTF_TREND_FOLLOW,NEWS_ENTRY_BLOCKED_POOR_RR,A,4170.74,4.2,N,,0.0,0.168,0.0,0.196,0.0,0.356,0.0,0.696,0.0,0.92,,,,15,15,30,STOP_FIRST,STOP_FIRST,STOP_FIRST,0.0,0.92,MIRRORED from original's own advATR/favATR at same real price path; does NOT include the extra spread cost of crossing to the opposite bid/ask side at entry (see report methodology note)
MAC_20260703124015_BUY_TREND_PULLBACK,MAC,2026.07.03 12:40:15,BUY,SELL,TREND_PULLBACK,NEWS_OBSERVING,A+,4171.9,4.23,N,,0.0,0.056,0.0,0.244,0.0,0.38,0.0,0.788,0.0,0.804,,,,10,15,30,STOP_FIRST,STOP_FIRST,STOP_FIRST,0.0,0.804,MIRRORED from original's own advATR/favATR at same real price path; does NOT include the extra spread cost of crossing to the opposite bid/ask side at entry (see report methodology note)
MAC_20260703131030_BUY_TREND_PULLBACK,MAC,2026.07.03 13:10:30,BUY,SELL,TREND_PULLBACK,Trade blocked — momentum slowdown (close in opposite 30% of last,A+,4178.52,3.69,N,,0.0,0.188,0.0,0.204,0.02,0.204,0.244,0.204,0.284,0.564,30,,,10,60,60,STOP_FIRST,STOP_FIRST,STOP_FIRST,0.284,0.564,MIRRORED from original's own advATR/favATR at same real price path; does NOT include the extra spread cost of crossing to the opposite bid/ask side at entry (see report methodology note)
MAC_20260703132015_BUY_TREND_PULLBACK,MAC,2026.07.03 13:20:15,BUY,SELL,TREND_PULLBACK,A+ EVIDENCE DEMOTION,A,4180.16,3.61,N,,0.204,0.024,0.432,0.024,0.432,0.024,0.472,0.024,0.472,0.464,5,10,,60,60,,TARGET_FIRST,TARGET_FIRST,NEITHER_5-60m,0.472,0.464,MIRRORED from original's own advATR/favATR at same real price path; does NOT include the extra spread cost of crossing to the opposite bid/ask side at entry (see report methodology note)
MAC_20260703133019_BUY_TREND_PULLBACK,MAC,2026.07.03 13:30:19,BUY,SELL,TREND_PULLBACK,TRUE-LATE BLOCK,A,4178.3,3.26,N,,0.252,0.0,0.252,0.0,0.296,0.0,0.296,0.668,0.296,0.76,5,,,30,30,30,TARGET_FIRST,STOP_FIRST,STOP_FIRST,0.296,0.76,MIRRORED from original's own advATR/favATR at same real price path; does NOT include the extra spread cost of crossing to the opposite bid/ask side at entry (see report methodology note)
MAC_20260703135015_BUY_HTF_TREND_FOLLOW,MAC,2026.07.03 13:50:15,BUY,SELL,HTF_TREND_FOLLOW,Personality mismatch,PERSONALITY,4175.93,2.86,N,,0.0,0.16,0.0,1.092,0.0,1.18,0.0,1.196,0.0,1.44,,,,10,10,10,STOP_FIRST,STOP_FIRST,STOP_FIRST,0.0,1.44,MIRRORED from original's own advATR/favATR at same real price path; does NOT include the extra spread cost of crossing to the opposite bid/ask side at entry (see report methodology note)
MAC_20260703142011_BUY_TREND_PULLBACK,MAC,2026.07.03 14:20:11,BUY,SELL,TREND_PULLBACK,Trade blocked — spread,A+,4183.46,2.79,N,,0.0,0.148,0.044,0.148,0.044,0.148,0.044,0.396,,,,,,30,30,,STOP_FIRST,STOP_FIRST,NEITHER_5-60m,0.044,0.396,MIRRORED from original's own advATR/favATR at same real price path; does NOT include the extra spread cost of crossing to the opposite bid/ask side at entry (see report methodology note)
MAC_20260703143015_BUY_TREND_PULLBACK,MAC,2026.07.03 14:30:15,BUY,SELL,TREND_PULLBACK,A+ EVIDENCE DEMOTION,A,4183.21,2.6,N,,0.0,0.16,0.0,0.464,0.0,0.464,,,,,,,,10,10,,STOP_FIRST,STOP_FIRST,NEITHER_5-60m,0.0,0.464,MIRRORED from original's own advATR/favATR at same real price path; does NOT include the extra spread cost of crossing to the opposite bid/ask side at entry (see report methodology note)
MAC_20260703143519_BUY_TREND_PULLBACK,MAC,2026.07.03 14:35:19,BUY,SELL,TREND_PULLBACK,BAD-LOCATION BLOCK,A,4183.91,2.66,N,,0.0,0.348,0.0,0.348,0.368,0.348,,,,,15,15,,5,5,,STOP_FIRST,STOP_FIRST,NEITHER_5-60m,0.368,0.348,MIRRORED from original's own advATR/favATR at same real price path; does NOT include the extra spread cost of crossing to the opposite bid/ask side at entry (see report methodology note)
MAC_20260703145723_BUY_TREND_PULLBACK,MAC,2026.07.03 14:57:23,BUY,SELL,TREND_PULLBACK,A+ EVIDENCE DEMOTION,A,4179.61,2.7,N,,0.108,0.264,0.108,0.264,0.2,0.264,0.876,0.264,0.876,0.264,15,30,30,5,,,STOP_FIRST,TARGET_FIRST,TARGET_FIRST,0.876,0.264,MIRRORED from original's own advATR/favATR at same real price path; does NOT include the extra spread cost of crossing to the opposite bid/ask side at entry (see report methodology note)
MAC_20260703151514_BUY_HTF_TREND_FOLLOW,MAC,2026.07.03 15:15:14,BUY,SELL,HTF_TREND_FOLLOW,NEWS_PROTECTION,A+,4178.34,2.92,Y,60,0.632,0.0,0.632,0.0,0.632,0.0,0.632,0.0,1.564,0.096,5,5,5,,,,TARGET_FIRST,TARGET_FIRST,TARGET_FIRST,1.564,0.096,MIRRORED from original's own advATR/favATR at same real price path; does NOT include the extra spread cost of crossing to the opposite bid/ask side at entry (see report methodology note)
MAC_20260703152013_BUY_HTF_TREND_FOLLOW,MAC,2026.07.03 15:20:13,BUY,SELL,HTF_TREND_FOLLOW,Personality mismatch,PERSONALITY,4173.75,2.98,N,,0.0,0.104,0.0,0.104,0.0,0.412,0.0,0.412,0.92,0.712,60,60,60,15,15,60,STOP_FIRST,STOP_FIRST,SIMULTANEOUS_SAME_CHECKPOINT,0.92,0.712,MIRRORED from original's own advATR/favATR at same real price path; does NOT include the extra spread cost of crossing to the opposite bid/ask side at entry (see report methodology note)
MAC_20260703153016_BUY_HTF_TREND_FOLLOW,MAC,2026.07.03 15:30:16,BUY,SELL,HTF_TREND_FOLLOW,NEWS_RELEASE_COOLDOWN,A+,4174.1,2.88,Y,60,0.0,0.376,0.0,0.376,0.0,0.376,0.0,0.688,2.1,0.688,60,60,60,5,5,30,STOP_FIRST,STOP_FIRST,STOP_FIRST,2.1,0.688,MIRRORED from original's own advATR/favATR at same real price path; does NOT include the extra spread cost of crossing to the opposite bid/ask side at entry (see report methodology note)
MAC_20260703153517_BUY_TREND_PULLBACK,MAC,2026.07.03 15:35:17,BUY,SELL,TREND_PULLBACK,NEWS_OBSERVING,A+,4176.99,2.94,Y,30,0.272,0.0,0.34,0.0,0.34,0.0,1.372,0.28,2.452,0.28,5,10,30,30,,,TARGET_FIRST,TARGET_FIRST,TARGET_FIRST,2.452,0.28,MIRRORED from original's own advATR/favATR at same real price path; does NOT include the extra spread cost of crossing to the opposite bid/ask side at entry (see report methodology note)
MAC_20260703154514_BUY_HTF_TREND_FOLLOW,MAC,2026.07.03 15:45:14,BUY,SELL,HTF_TREND_FOLLOW,NEWS_OBSERVING,A+,4174.61,3.07,Y,30,0.0,0.232,0.0,0.232,0.0,0.58,1.004,0.58,2.036,0.58,30,30,30,5,15,15,STOP_FIRST,STOP_FIRST,STOP_FIRST,2.036,0.58,MIRRORED from original's own advATR/favATR at same real price path; does NOT include the extra spread cost of crossing to the opposite bid/ask side at entry (see report methodology note)
MAC_20260703160948_BUY_TREND_PULLBACK,MAC,2026.07.03 16:09:48,BUY,SELL,TREND_PULLBACK,Personality mismatch,PERSONALITY,4167.08,3.74,N,,0.004,0.068,0.004,0.328,0.004,0.328,0.868,0.328,0.868,0.328,30,30,30,10,10,,STOP_FIRST,STOP_FIRST,TARGET_FIRST,0.868,0.328,MIRRORED from original's own advATR/favATR at same real price path; does NOT include the extra spread cost of crossing to the opposite bid/ask side at entry (see report methodology note)
MAC_20260703162014_BUY_HTF_TREND_FOLLOW,MAC,2026.07.03 16:20:14,BUY,SELL,HTF_TREND_FOLLOW,NEWS_ENTRY_BLOCKED_POOR_RR,A+,4170.36,4.1,Y,10,0.04,0.0,1.112,0.0,1.112,0.0,1.112,0.0,1.112,0.0,10,10,10,,,,TARGET_FIRST,TARGET_FIRST,TARGET_FIRST,1.112,0.0,MIRRORED from original's own advATR/favATR at same real price path; does NOT include the extra spread cost of crossing to the opposite bid/ask side at entry (see report methodology note)
MAC_20260703171132_BUY_TREND_PULLBACK,MAC,2026.07.03 17:11:32,BUY,SELL,TREND_PULLBACK,Personality mismatch,PERSONALITY,4161.95,5.0,N,,0.0,0.14,0.0,0.14,0.0,0.34,0.0,0.34,0.0,0.828,,,,15,15,60,STOP_FIRST,STOP_FIRST,STOP_FIRST,0.0,0.828,MIRRORED from original's own advATR/favATR at same real price path; does NOT include the extra spread cost of crossing to the opposite bid/ask side at entry (see report methodology note)
MAC_20260703171521_BUY_HTF_TREND_FOLLOW,MAC,2026.07.03 17:15:21,BUY,SELL,HTF_TREND_FOLLOW,NEWS_OBSERVING,A+,4163.56,4.89,N,,0.084,0.0,0.084,0.22,0.084,0.22,0.084,0.324,0.084,0.716,,,,10,30,60,STOP_FIRST,STOP_FIRST,STOP_FIRST,0.084,0.716,MIRRORED from original's own advATR/favATR at same real price path; does NOT include the extra spread cost of crossing to the opposite bid/ask side at entry (see report methodology note)
MAC_20260703173030_BUY_HTF_TREND_FOLLOW,MAC,2026.07.03 17:30:30,BUY,SELL,HTF_TREND_FOLLOW,Trade blocked — momentum slowdown (close in opposite 30% of last,A+,4166.87,4.52,N,,0.2,0.0,0.232,0.0,0.232,0.06,0.232,0.476,0.232,0.48,5,,,30,30,,TARGET_FIRST,STOP_FIRST,NEITHER_5-60m,0.232,0.48,MIRRORED from original's own advATR/favATR at same real price path; does NOT include the extra spread cost of crossing to the opposite bid/ask side at entry (see report methodology note)
MAC_20260703175514_BUY_TREND_PULLBACK,MAC,2026.07.03 17:55:14,BUY,SELL,TREND_PULLBACK,NEWS_OBSERVING,A,4168.3,4.39,N,,0.0,0.356,0.0,0.364,0.0,0.364,0.0,0.364,0.312,0.364,60,60,,5,5,,STOP_FIRST,STOP_FIRST,NEITHER_5-60m,0.312,0.364,MIRRORED from original's own advATR/favATR at same real price path; does NOT include the extra spread cost of crossing to the opposite bid/ask side at entry (see report methodology note)
MAC_20260703180014_BUY_TREND_PULLBACK,MAC,2026.07.03 18:00:14,BUY,SELL,TREND_PULLBACK,NEWS FILTER (high-impact event nearby),A,4170.16,4.39,N,,0.0,0.188,0.0,0.196,0.0,0.196,0.288,0.196,0.484,0.196,30,60,,,,,TARGET_FIRST,TARGET_FIRST,NEITHER_5-60m,0.484,0.196,MIRRORED from original's own advATR/favATR at same real price path; does NOT include the extra spread cost of crossing to the opposite bid/ask side at entry (see report methodology note)
MAC_20260703181023_BUY_TREND_PULLBACK,MAC,2026.07.03 18:10:23,BUY,SELL,TREND_PULLBACK,A+ EVIDENCE DEMOTION,A,4172.73,4.17,N,,0.232,0.0,0.332,0.0,0.548,0.0,0.548,0.0,0.832,0.0,5,10,15,,,,TARGET_FIRST,TARGET_FIRST,TARGET_FIRST,0.832,0.0,MIRRORED from original's own advATR/favATR at same real price path; does NOT include the extra spread cost of crossing to the opposite bid/ask side at entry (see report methodology note)
MAC_20260703182036_BUY_TREND_PULLBACK,MAC,2026.07.03 18:20:36,BUY,SELL,TREND_PULLBACK,BAD-LOCATION BLOCK,A,4170.16,3.52,N,,0.356,0.0,0.356,0.0,0.356,0.0,0.376,0.0,0.692,0.0,5,5,60,,,,TARGET_FIRST,TARGET_FIRST,TARGET_FIRST,0.692,0.0,MIRRORED from original's own advATR/favATR at same real price path; does NOT include the extra spread cost of crossing to the opposite bid/ask side at entry (see report methodology note)
MAC_20260703183518_BUY_HTF_TREND_FOLLOW,MAC,2026.07.03 18:35:18,BUY,SELL,HTF_TREND_FOLLOW,NEWS_ENTRY_BLOCKED_POOR_RR,A+,4167.04,3.25,N,,0.0,0.04,0.0,0.04,0.02,0.176,0.304,0.176,0.364,0.98,30,30,,60,60,60,TARGET_FIRST,TARGET_FIRST,STOP_FIRST,0.364,0.98,MIRRORED from original's own advATR/favATR at same real price path; does NOT include the extra spread cost of crossing to the opposite bid/ask side at entry (see report methodology note)
MAC_20260703184523_BUY_HTF_TREND_FOLLOW,MAC,2026.07.03 18:45:23,BUY,SELL,HTF_TREND_FOLLOW,NEWS_OBSERVING,A+,4167.48,2.96,N,,0.084,0.136,0.352,0.136,0.392,0.136,0.46,0.136,0.46,1.016,10,10,,60,60,60,TARGET_FIRST,TARGET_FIRST,STOP_FIRST,0.46,1.016,MIRRORED from original's own advATR/favATR at same real price path; does NOT include the extra spread cost of crossing to the opposite bid/ask side at entry (see report methodology note)
MAC_20260703190050_BUY_TREND_PULLBACK,MAC,2026.07.03 19:00:50,BUY,SELL,TREND_PULLBACK,Personality mismatch,PERSONALITY,4165.24,2.73,N,,0.096,0.056,0.172,0.056,0.172,0.056,0.172,0.564,,,,,,30,30,30,STOP_FIRST,STOP_FIRST,STOP_FIRST,0.172,0.564,MIRRORED from original's own advATR/favATR at same real price path; does NOT include the extra spread cost of crossing to the opposite bid/ask side at entry (see report methodology note)
MAC_20260703192530_BUY_HTF_TREND_FOLLOW,MAC,2026.07.03 19:25:30,BUY,SELL,HTF_TREND_FOLLOW,Trade blocked — momentum slowdown (close in opposite 30% of last,A+,4167.44,2.46,N,,0.0,0.268,0.0,1.228,,,,,,,,,,5,10,10,STOP_FIRST,STOP_FIRST,STOP_FIRST,0.0,1.228,MIRRORED from original's own advATR/favATR at same real price path; does NOT include the extra spread cost of crossing to the opposite bid/ask side at entry (see report methodology note)
MAC_20260703195841_BUY_TREND_PULLBACK,MAC,2026.07.03 19:58:41,BUY,SELL,TREND_PULLBACK,Trade blocked — momentum slowdown (close in opposite 30% of last,A,4175.63,2.57,N,,,,,,,,,,,,,,,,,,NEITHER_5-60m,NEITHER_5-60m,NEITHER_5-60m,,,MIRRORED from original's own advATR/favATR at same real price path; does NOT include the extra spread cost of crossing to the opposite bid/ask side at entry (see report methodology note)
MAC_20260706003455_BUY_TREND_PULLBACK,MAC,2026.07.06 00:34:55,BUY,SELL,TREND_PULLBACK,Personality mismatch,PERSONALITY,4178.37,2.63,N,,0.488,0.0,0.488,0.0,0.488,0.0,0.488,0.108,0.488,1.48,5,5,,60,60,60,TARGET_FIRST,TARGET_FIRST,STOP_FIRST,0.488,1.48,MIRRORED from original's own advATR/favATR at same real price path; does NOT include the extra spread cost of crossing to the opposite bid/ask side at entry (see report methodology note)
MAC_20260706010014_BUY_TREND_PULLBACK,MAC,2026.07.06 01:00:14,BUY,SELL,TREND_PULLBACK,A+ EVIDENCE DEMOTION,A,4185.2,2.62,N,,0.96,0.0,0.96,0.0,0.96,0.032,0.96,0.444,0.96,0.796,5,5,5,30,30,60,TARGET_FIRST,TARGET_FIRST,TARGET_FIRST,0.96,0.796,MIRRORED from original's own advATR/favATR at same real price path; does NOT include the extra spread cost of crossing to the opposite bid/ask side at entry (see report methodology note)
MAC_20260706010529_BUY_BREAKOUT,MAC,2026.07.06 01:05:29,BUY,SELL,BREAKOUT,Trade blocked — fake breakout (last close back inside Donchian-2,A,4181.7,3.51,N,,0.208,0.0,0.208,0.424,0.208,0.728,0.208,0.852,0.208,0.992,5,,,10,10,15,TARGET_FIRST,STOP_FIRST,STOP_FIRST,0.208,0.992,MIRRORED from original's own advATR/favATR at same real price path; does NOT include the extra spread cost of crossing to the opposite bid/ask side at entry (see report methodology note)
MAC_20260706013704_BUY_TREND_PULLBACK,MAC,2026.07.06 01:37:04,BUY,SELL,TREND_PULLBACK,Trade blocked — fake breakout (last close back inside Donchian-2,A,4188.09,4.85,N,,0.0,0.136,0.296,0.136,0.296,0.136,0.296,0.192,0.296,1.036,10,,,60,60,60,TARGET_FIRST,STOP_FIRST,STOP_FIRST,0.296,1.036,MIRRORED from original's own advATR/favATR at same real price path; does NOT include the extra spread cost of crossing to the opposite bid/ask side at entry (see report methodology note)
MAC_20260706014644_BUY_SQUEEZE_RELEASE,MAC,2026.07.06 01:46:44,BUY,SELL,SQUEEZE_RELEASE,A+ EVIDENCE DEMOTION,A,4189.57,5.14,N,,0.392,0.0,0.392,0.064,0.392,0.064,0.392,0.064,0.516,0.864,5,5,60,60,60,60,TARGET_FIRST,TARGET_FIRST,SIMULTANEOUS_SAME_CHECKPOINT,0.516,0.864,MIRRORED from original's own advATR/favATR at same real price path; does NOT include the extra spread cost of crossing to the opposite bid/ask side at entry (see report methodology note)
MAC_20260706015516_BUY_TREND_PULLBACK,MAC,2026.07.06 01:55:16,BUY,SELL,TREND_PULLBACK,BAD-LOCATION BLOCK,A,4186.34,5.46,N,,0.0,0.296,0.0,0.296,0.0,0.296,0.0,1.052,0.252,1.052,60,,,5,30,30,STOP_FIRST,STOP_FIRST,STOP_FIRST,0.252,1.052,MIRRORED from original's own advATR/favATR at same real price path; does NOT include the extra spread cost of crossing to the opposite bid/ask side at entry (see report methodology note)
MAC_20260706020516_BUY_TREND_PULLBACK,MAC,2026.07.06 02:05:16,BUY,SELL,TREND_PULLBACK,A+ EVIDENCE DEMOTION,A,4189.87,5.46,N,,0.108,0.0,0.128,0.0,0.128,0.792,0.128,0.792,0.508,0.792,60,60,60,15,15,15,STOP_FIRST,STOP_FIRST,STOP_FIRST,0.508,0.792,MIRRORED from original's own advATR/favATR at same real price path; does NOT include the extra spread cost of crossing to the opposite bid/ask side at entry (see report methodology note)
MAC_20260706021020_BUY_TREND_PULLBACK,MAC,2026.07.06 02:10:20,BUY,SELL,TREND_PULLBACK,Personality mismatch,PERSONALITY,4188.58,5.43,N,,0.036,0.008,0.036,0.892,0.036,0.892,0.036,0.892,0.416,0.892,60,60,,10,10,10,STOP_FIRST,STOP_FIRST,STOP_FIRST,0.416,0.892,MIRRORED from original's own advATR/favATR at same real price path; does NOT include the extra spread cost of crossing to the opposite bid/ask side at entry (see report methodology note)
MAC_20260706021516_BUY_TREND_PULLBACK,MAC,2026.07.06 02:15:16,BUY,SELL,TREND_PULLBACK,FAILED-IMPULSE BLOCK,A,4189.24,4.6,N,,0.1,0.0,0.1,0.992,0.1,0.992,0.1,0.992,0.548,0.992,60,60,60,10,10,10,STOP_FIRST,STOP_FIRST,STOP_FIRST,0.548,0.992,MIRRORED from original's own advATR/favATR at same real price path; does NOT include the extra spread cost of crossing to the opposite bid/ask side at entry (see report methodology note)
MAC_20260706023142_BUY_TREND_PULLBACK,MAC,2026.07.06 02:31:42,BUY,SELL,TREND_PULLBACK,Trade blocked — momentum slowdown (close in opposite 30% of last,A,4201.65,4.83,Y,30,0.608,0.0,0.608,0.0,0.608,0.0,1.552,0.0,1.552,0.0,5,5,5,,,,TARGET_FIRST,TARGET_FIRST,TARGET_FIRST,1.552,0.0,MIRRORED from original's own advATR/favATR at same real price path; does NOT include the extra spread cost of crossing to the opposite bid/ask side at entry (see report methodology note)
MAC_20260706034950_BUY_TREND_PULLBACK,MAC,2026.07.06 03:49:50,BUY,SELL,TREND_PULLBACK,TRADE-BRAIN BLOCK,A+,4184.79,7.04,N,,0.02,0.0,0.056,0.0,0.08,0.0,0.08,0.244,0.08,0.76,,,,30,60,60,STOP_FIRST,STOP_FIRST,STOP_FIRST,0.08,0.76,MIRRORED from original's own advATR/favATR at same real price path; does NOT include the extra spread cost of crossing to the opposite bid/ask side at entry (see report methodology note)
MAC_20260706040616_BUY_TREND_PULLBACK,MAC,2026.07.06 04:06:16,BUY,SELL,TREND_PULLBACK,NEWS_OBSERVING,A+,4184.19,7.89,N,,0.044,0.244,0.044,0.248,0.044,0.248,0.044,0.64,0.148,0.708,,,,5,30,30,STOP_FIRST,STOP_FIRST,STOP_FIRST,0.148,0.708,MIRRORED from original's own advATR/favATR at same real price path; does NOT include the extra spread cost of crossing to the opposite bid/ask side at entry (see report methodology note)
MAC_20260706041014_BUY_TREND_PULLBACK,MAC,2026.07.06 04:10:14,BUY,SELL,TREND_PULLBACK,A+ EVIDENCE DEMOTION,A,4184.04,8.42,N,,0.0,0.24,0.0,0.24,0.0,0.32,0.0,0.672,0.216,0.672,60,,,5,15,30,STOP_FIRST,STOP_FIRST,STOP_FIRST,0.216,0.672,MIRRORED from original's own advATR/favATR at same real price path; does NOT include the extra spread cost of crossing to the opposite bid/ask side at entry (see report methodology note)
MAC_20260706041517_BUY_TREND_PULLBACK,MAC,2026.07.06 04:15:17,BUY,SELL,TREND_PULLBACK,NEWS_ENTRY_BLOCKED_POOR_RR,A,4190.15,8.0,N,,0.052,0.0,0.256,0.032,0.256,0.328,0.256,0.4,0.536,0.4,10,60,60,15,15,,TARGET_FIRST,STOP_FIRST,TARGET_FIRST,0.536,0.4,MIRRORED from original's own advATR/favATR at same real price path; does NOT include the extra spread cost of crossing to the opposite bid/ask side at entry (see report methodology note)
MAC_20260706042034_BUY_TREND_PULLBACK,MAC,2026.07.06 04:20:34,BUY,SELL,TREND_PULLBACK,BAD-LOCATION BLOCK,A,4188.02,8.06,N,,0.148,0.136,0.148,0.432,0.148,0.436,0.148,0.504,0.456,0.504,60,60,,10,10,30,STOP_FIRST,STOP_FIRST,STOP_FIRST,0.456,0.504,MIRRORED from original's own advATR/favATR at same real price path; does NOT include the extra spread cost of crossing to the opposite bid/ask side at entry (see report methodology note)
MAC_20260706045015_BUY_HTF_TREND_FOLLOW,MAC,2026.07.06 04:50:15,BUY,SELL,HTF_TREND_FOLLOW,NEWS_OBSERVING,A+,4194.58,9.02,N,,0.304,0.0,0.448,0.0,0.592,0.0,0.696,0.0,0.992,0.0,5,5,15,,,,TARGET_FIRST,TARGET_FIRST,TARGET_FIRST,0.992,0.0,MIRRORED from original's own advATR/favATR at same real price path; does NOT include the extra spread cost of crossing to the opposite bid/ask side at entry (see report methodology note)
MAC_20260706052013_BUY_TREND_PULLBACK,MAC,2026.07.06 05:20:13,BUY,SELL,TREND_PULLBACK,Personality mismatch,PERSONALITY,4185.37,7.42,Y,60,0.352,0.0,0.66,0.0,0.712,0.0,0.712,0.0,1.088,0.0,5,5,10,,,,TARGET_FIRST,TARGET_FIRST,TARGET_FIRST,1.088,0.0,MIRRORED from original's own advATR/favATR at same real price path; does NOT include the extra spread cost of crossing to the opposite bid/ask side at entry (see report methodology note)
MAC_20260706052521_BUY_TREND_PULLBACK,MAC,2026.07.06 05:25:21,BUY,SELL,TREND_PULLBACK,FAILED-IMPULSE BLOCK,A,4178.55,7.51,N,,0.288,0.0,0.34,0.0,0.34,0.0,0.34,0.0,0.712,0.0,5,10,60,,,,TARGET_FIRST,TARGET_FIRST,TARGET_FIRST,0.712,0.0,MIRRORED from original's own advATR/favATR at same real price path; does NOT include the extra spread cost of crossing to the opposite bid/ask side at entry (see report methodology note)
MAC_20260706060014_BUY_HTF_TREND_FOLLOW,MAC,2026.07.06 06:00:14,BUY,SELL,HTF_TREND_FOLLOW,NEWS_OBSERVING,A+,4174.19,5.73,N,,0.408,0.0,0.56,0.0,0.628,0.0,0.628,0.0,0.784,0.0,5,5,10,,,,TARGET_FIRST,TARGET_FIRST,TARGET_FIRST,0.784,0.0,MIRRORED from original's own advATR/favATR at same real price path; does NOT include the extra spread cost of crossing to the opposite bid/ask side at entry (see report methodology note)
MAC_20260706063907_BUY_HTF_TREND_FOLLOW,MAC,2026.07.06 06:39:07,BUY,SELL,HTF_TREND_FOLLOW,Trade blocked — momentum slowdown (close in opposite 30% of last,A+,4166.66,4.88,N,,0.304,0.0,0.304,0.0,0.304,0.0,0.352,0.0,0.58,0.0,5,5,60,,,,TARGET_FIRST,TARGET_FIRST,TARGET_FIRST,0.58,0.0,MIRRORED from original's own advATR/favATR at same real price path; does NOT include the extra spread cost of crossing to the opposite bid/ask side at entry (see report methodology note)
MAC_20260706071029_BUY_HTF_TREND_FOLLOW,MAC,2026.07.06 07:10:29,BUY,SELL,HTF_TREND_FOLLOW,Trade blocked — spread,A+,4162.29,4.42,N,,0.0,0.16,0.0,0.16,0.132,0.16,0.248,0.16,0.964,0.16,30,60,60,,,,TARGET_FIRST,TARGET_FIRST,TARGET_FIRST,0.964,0.16,MIRRORED from original's own advATR/favATR at same real price path; does NOT include the extra spread cost of crossing to the opposite bid/ask side at entry (see report methodology note)
MAC_20260706073014_BUY_TREND_PULLBACK,MAC,2026.07.06 07:30:14,BUY,SELL,TREND_PULLBACK,Personality mismatch,PERSONALITY,4160.53,3.43,Y,60,0.112,0.0,0.112,0.0,0.132,0.0,0.856,0.028,1.132,0.028,30,30,30,,,,TARGET_FIRST,TARGET_FIRST,TARGET_FIRST,1.132,0.028,MIRRORED from original's own advATR/favATR at same real price path; does NOT include the extra spread cost of crossing to the opposite bid/ask side at entry (see report methodology note)
MAC_20260706073513_SELL_ASIA_BREAKOUT,MAC,2026.07.06 07:35:13,SELL,BUY,ASIA_BREAKOUT,SMART-GUARD,SKIP,4159.46,3.51,N,,0.012,0.0,0.012,0.0,0.012,0.008,0.148,0.716,0.148,0.984,,,,30,30,30,STOP_FIRST,STOP_FIRST,STOP_FIRST,0.148,0.984,MIRRORED from original's own advATR/favATR at same real price path; does NOT include the extra spread cost of crossing to the opposite bid/ask side at entry (see report methodology note)
MAC_20260706074517_BUY_TREND_PULLBACK,MAC,2026.07.06 07:45:17,BUY,SELL,TREND_PULLBACK,B-GRADE QUALITY BLOCK,B,4159.84,3.35,Y,60,0.068,0.0,0.068,0.108,0.792,0.108,0.98,0.108,1.076,0.108,15,15,15,,,,TARGET_FIRST,TARGET_FIRST,TARGET_FIRST,1.076,0.108,MIRRORED from original's own advATR/favATR at same real price path; does NOT include the extra spread cost of crossing to the opposite bid/ask side at entry (see report methodology note)
MAC_20260706080521_SELL_ASIA_BREAKOUT,MAC,2026.07.06 08:05:21,SELL,BUY,ASIA_BREAKOUT,NEWS_ENTRY_BLOCKED_POOR_RR,B,4153.16,3.44,N,,0.064,0.18,0.064,0.18,0.064,0.18,0.46,0.272,0.46,0.688,30,30,,30,60,60,SIMULTANEOUS_SAME_CHECKPOINT,TARGET_FIRST,STOP_FIRST,0.46,0.688,MIRRORED from original's own advATR/favATR at same real price path; does NOT include the extra spread cost of crossing to the opposite bid/ask side at entry (see report methodology note)
MAC_20260706081012_SELL_ASIA_BREAKOUT,MAC,2026.07.06 08:10:12,SELL,BUY,ASIA_BREAKOUT,Personality mismatch,PERSONALITY,4153.66,3.4,N,,0.0,0.24,0.0,0.24,0.0,0.24,0.408,0.332,0.408,0.756,30,30,,5,30,60,STOP_FIRST,SIMULTANEOUS_SAME_CHECKPOINT,STOP_FIRST,0.408,0.756,MIRRORED from original's own advATR/favATR at same real price path; does NOT include the extra spread cost of crossing to the opposite bid/ask side at entry (see report methodology note)
MAC_20260706082018_SELL_BREAKOUT,MAC,2026.07.06 08:20:18,SELL,BUY,BREAKOUT,Personality mismatch,PERSONALITY,4151.68,3.38,N,,0.012,0.1,0.616,0.1,0.644,0.1,0.644,0.1,0.644,0.528,10,10,10,60,60,60,TARGET_FIRST,TARGET_FIRST,TARGET_FIRST,0.644,0.528,MIRRORED from original's own advATR/favATR at same real price path; does NOT include the extra spread cost of crossing to the opposite bid/ask side at entry (see report methodology note)
MAC_20260706083522_BUY_HTF_TREND_FOLLOW,MAC,2026.07.06 08:35:22,BUY,SELL,HTF_TREND_FOLLOW,Trade blocked — spread,B,4157.83,3.85,Y,30,0.348,0.0,0.408,0.0,0.408,0.0,1.1,0.0,1.1,0.0,5,5,30,,,,TARGET_FIRST,TARGET_FIRST,TARGET_FIRST,1.1,0.0,MIRRORED from original's own advATR/favATR at same real price path; does NOT include the extra spread cost of crossing to the opposite bid/ask side at entry (see report methodology note)
MAC_20260706084017_BUY_TREND_PULLBACK,MAC,2026.07.06 08:40:17,BUY,SELL,TREND_PULLBACK,Personality mismatch,PERSONALITY,4157.32,4.18,N,,0.328,0.0,0.328,0.0,0.616,0.0,0.964,0.0,0.964,0.0,5,5,15,,,,TARGET_FIRST,TARGET_FIRST,TARGET_FIRST,0.964,0.0,MIRRORED from original's own advATR/favATR at same real price path; does NOT include the extra spread cost of crossing to the opposite bid/ask side at entry (see report methodology note)
MAC_20260706090020_SELL_ASIA_BREAKOUT,MAC,2026.07.06 09:00:20,SELL,BUY,ASIA_BREAKOUT,Trade blocked — spread,B,4150.16,4.82,N,,0.116,0.244,0.116,0.244,0.116,0.244,0.576,0.244,0.576,0.244,30,30,30,5,,,STOP_FIRST,TARGET_FIRST,TARGET_FIRST,0.576,0.244,MIRRORED from original's own advATR/favATR at same real price path; does NOT include the extra spread cost of crossing to the opposite bid/ask side at entry (see report methodology note)
MAC_20260706092517_BUY_HTF_TREND_FOLLOW,MAC,2026.07.06 09:25:17,BUY,SELL,HTF_TREND_FOLLOW,NEWS_OBSERVING,A,4153.14,4.86,N,,0.0,0.324,0.0,0.324,0.0,0.324,0.224,0.324,0.34,0.324,30,60,,5,5,,STOP_FIRST,STOP_FIRST,NEITHER_5-60m,0.34,0.324,MIRRORED from original's own advATR/favATR at same real price path; does NOT include the extra spread cost of crossing to the opposite bid/ask side at entry (see report methodology note)
MAC_20260706093012_BUY_HTF_TREND_FOLLOW,MAC,2026.07.06 09:30:12,BUY,SELL,HTF_TREND_FOLLOW,Personality mismatch,PERSONALITY,4156.82,5.01,N,,0.0,0.02,0.0,0.02,0.064,0.02,0.512,0.02,0.624,0.02,30,30,30,,,,TARGET_FIRST,TARGET_FIRST,TARGET_FIRST,0.624,0.02,MIRRORED from original's own advATR/favATR at same real price path; does NOT include the extra spread cost of crossing to the opposite bid/ask side at entry (see report methodology note)
MAC_20260706094517_BUY_TREND_PULLBACK,MAC,2026.07.06 09:45:17,BUY,SELL,TREND_PULLBACK,Personality mismatch,PERSONALITY,4156.06,4.91,N,,0.276,0.0,0.46,0.0,0.46,0.0,0.572,0.0,0.572,0.776,5,10,30,60,60,60,TARGET_FIRST,TARGET_FIRST,TARGET_FIRST,0.572,0.776,MIRRORED from original's own advATR/favATR at same real price path; does NOT include the extra spread cost of crossing to the opposite bid/ask side at entry (see report methodology note)
MAC_20260706095516_BUY_HTF_TREND_FOLLOW,MAC,2026.07.06 09:55:16,BUY,SELL,HTF_TREND_FOLLOW,NEWS_ENTRY_BLOCKED_POOR_RR,A,4152.7,4.77,N,,0.192,0.0,0.308,0.0,0.308,0.0,0.308,0.112,0.308,1.08,10,10,,60,60,60,TARGET_FIRST,TARGET_FIRST,STOP_FIRST,0.308,1.08,MIRRORED from original's own advATR/favATR at same real price path; does NOT include the extra spread cost of crossing to the opposite bid/ask side at entry (see report methodology note)
MAC_20260706100532_BUY_HTF_TREND_FOLLOW,MAC,2026.07.06 10:05:32,BUY,SELL,HTF_TREND_FOLLOW,Trade blocked — spread,A,4151.84,4.93,N,,0.228,0.0,0.228,0.108,0.228,0.176,0.228,0.612,0.228,1.116,5,,,30,30,30,TARGET_FIRST,STOP_FIRST,STOP_FIRST,0.228,1.116,MIRRORED from original's own advATR/favATR at same real price path; does NOT include the extra spread cost of crossing to the opposite bid/ask side at entry (see report methodology note)
MAC_20260706103019_BUY_HTF_TREND_FOLLOW,MAC,2026.07.06 10:30:19,BUY,SELL,HTF_TREND_FOLLOW,NEWS_OBSERVING,A,4152.02,4.25,N,,0.0,0.692,0.0,1.144,0.0,1.276,0.0,1.276,0.0,1.276,,,,5,5,5,STOP_FIRST,STOP_FIRST,STOP_FIRST,0.0,1.276,MIRRORED from original's own advATR/favATR at same real price path; does NOT include the extra spread cost of crossing to the opposite bid/ask side at entry (see report methodology note)
MAC_20260706103512_BUY_HTF_TREND_FOLLOW,MAC,2026.07.06 10:35:12,BUY,SELL,HTF_TREND_FOLLOW,Personality mismatch,PERSONALITY,4156.74,4.43,N,,0.0,0.24,0.0,0.668,0.0,0.8,0.0,0.8,0.216,0.8,60,,,5,10,10,STOP_FIRST,STOP_FIRST,STOP_FIRST,0.216,0.8,MIRRORED from original's own advATR/favATR at same real price path; does NOT include the extra spread cost of crossing to the opposite bid/ask side at entry (see report methodology note)
MAC_20260706104517_BUY_TREND_PULLBACK,MAC,2026.07.06 10:45:17,BUY,SELL,TREND_PULLBACK,NEWS_ENTRY_BLOCKED_OVEREXTENDED,A,4164.86,4.46,Y,60,0.04,0.064,0.04,0.064,0.328,0.064,0.764,0.064,1.42,0.064,15,15,30,,,,TARGET_FIRST,TARGET_FIRST,TARGET_FIRST,1.42,0.064,MIRRORED from original's own advATR/favATR at same real price path; does NOT include the extra spread cost of crossing to the opposite bid/ask side at entry (see report methodology note)
MAC_20260706105019_BUY_TREND_PULLBACK,MAC,2026.07.06 10:50:19,BUY,SELL,TREND_PULLBACK,NEWS_ENTRY_BLOCKED_POOR_RR,A,4165.47,4.4,Y,60,0.096,0.0,0.388,0.0,0.388,0.0,0.956,0.0,1.496,0.0,10,10,30,,,,TARGET_FIRST,TARGET_FIRST,TARGET_FIRST,1.496,0.0,MIRRORED from original's own advATR/favATR at same real price path; does NOT include the extra spread cost of crossing to the opposite bid/ask side at entry (see report methodology note)
MAC_20260706105516_BUY_TREND_PULLBACK,MAC,2026.07.06 10:55:16,BUY,SELL,TREND_PULLBACK,TREND-CONTINUATION MODE,A,4164.53,4.35,Y,60,0.0,0.08,0.304,0.08,0.592,0.08,0.88,0.08,1.424,0.08,10,10,15,,,,TARGET_FIRST,TARGET_FIRST,TARGET_FIRST,1.424,0.08,MIRRORED from original's own advATR/favATR at same real price path; does NOT include the extra spread cost of crossing to the opposite bid/ask side at entry (see report methodology note)
MAC_20260706110020_BUY_TREND_PULLBACK,MAC,2026.07.06 11:00:20,BUY,SELL,TREND_PULLBACK,NEWS_OBSERVING,A,4165.64,4.29,Y,30,0.412,0.0,0.704,0.0,0.868,0.0,1.056,0.0,1.548,0.0,5,5,10,,,,TARGET_FIRST,TARGET_FIRST,TARGET_FIRST,1.548,0.0,MIRRORED from original's own advATR/favATR at same real price path; does NOT include the extra spread cost of crossing to the opposite bid/ask side at entry (see report methodology note)
MAC_20260706110524_BUY_TREND_PULLBACK,MAC,2026.07.06 11:05:24,BUY,SELL,TREND_PULLBACK,FAILED-IMPULSE BLOCK,A,4161.51,4.28,Y,60,0.32,0.0,0.484,0.0,0.612,0.0,0.88,0.0,1.168,0.0,5,5,15,,,,TARGET_FIRST,TARGET_FIRST,TARGET_FIRST,1.168,0.0,MIRRORED from original's own advATR/favATR at same real price path; does NOT include the extra spread cost of crossing to the opposite bid/ask side at entry (see report methodology note)
MAC_20260706111521_BUY_HTF_TREND_FOLLOW,MAC,2026.07.06 11:15:21,BUY,SELL,HTF_TREND_FOLLOW,Trade blocked — spread,B,4157.28,4.15,Y,60,0.224,0.0,0.256,0.0,0.284,0.0,0.796,0.0,1.004,0.0,5,30,30,,,,TARGET_FIRST,TARGET_FIRST,TARGET_FIRST,1.004,0.0,MIRRORED from original's own advATR/favATR at same real price path; does NOT include the extra spread cost of crossing to the opposite bid/ask side at entry (see report methodology note)
MAC_20260706114517_SELL_ASIA_BREAKOUT,MAC,2026.07.06 11:45:17,SELL,BUY,ASIA_BREAKOUT,Trade blocked — spread,B,4150.21,3.92,N,,0.204,0.12,0.204,0.12,0.204,0.12,0.204,0.344,0.204,1.252,5,,,30,30,60,TARGET_FIRST,STOP_FIRST,STOP_FIRST,0.204,1.252,MIRRORED from original's own advATR/favATR at same real price path; does NOT include the extra spread cost of crossing to the opposite bid/ask side at entry (see report methodology note)
MAC_20260706115015_BUY_TREND_PULLBACK,MAC,2026.07.06 11:50:15,BUY,SELL,TREND_PULLBACK,Personality mismatch,PERSONALITY,4149.06,3.95,Y,60,0.0,0.32,0.0,0.32,0.0,0.32,0.224,0.32,1.124,0.32,30,60,60,5,5,,STOP_FIRST,STOP_FIRST,TARGET_FIRST,1.124,0.32,MIRRORED from original's own advATR/favATR at same real price path; does NOT include the extra spread cost of crossing to the opposite bid/ask side at entry (see report methodology note)
MAC_20260706124012_BUY_HTF_TREND_FOLLOW,MAC,2026.07.06 12:40:12,BUY,SELL,HTF_TREND_FOLLOW,NEWS_ENTRY_BLOCKED_POOR_RR,A,4141.11,3.97,N,,0.108,0.0,0.108,0.064,0.108,0.192,0.108,0.328,0.108,1.324,,,,30,30,60,STOP_FIRST,STOP_FIRST,STOP_FIRST,0.108,1.324,MIRRORED from original's own advATR/favATR at same real price path; does NOT include the extra spread cost of crossing to the opposite bid/ask side at entry (see report methodology note)
MAC_20260706125516_BUY_HTF_TREND_FOLLOW,MAC,2026.07.06 12:55:16,BUY,SELL,HTF_TREND_FOLLOW,NEWS_OBSERVING,A,4142.57,3.57,N,,0.0,0.1,0.0,0.2,0.0,0.62,0.0,0.888,0.0,1.408,,,,10,15,15,STOP_FIRST,STOP_FIRST,STOP_FIRST,0.0,1.408,MIRRORED from original's own advATR/favATR at same real price path; does NOT include the extra spread cost of crossing to the opposite bid/ask side at entry (see report methodology note)
MAC_20260706130012_BUY_TREND_PULLBACK,MAC,2026.07.06 13:00:12,BUY,SELL,TREND_PULLBACK,Personality mismatch,PERSONALITY,4143.56,3.54,N,,0.024,0.0,0.024,0.088,0.024,0.512,0.024,0.784,0.024,1.308,,,,15,15,15,STOP_FIRST,STOP_FIRST,STOP_FIRST,0.024,1.308,MIRRORED from original's own advATR/favATR at same real price path; does NOT include the extra spread cost of crossing to the opposite bid/ask side at entry (see report methodology note)
MAC_20260706131516_BUY_HTF_TREND_FOLLOW,MAC,2026.07.06 13:15:16,BUY,SELL,HTF_TREND_FOLLOW,Personality mismatch,PERSONALITY,4147.94,3.62,N,,0.0,0.284,0.0,0.284,0.0,0.696,0.0,0.724,0.0,0.944,,,,5,15,15,STOP_FIRST,STOP_FIRST,STOP_FIRST,0.0,0.944,MIRRORED from original's own advATR/favATR at same real price path; does NOT include the extra spread cost of crossing to the opposite bid/ask side at entry (see report methodology note)
MAC_20260706132528_BUY_HTF_TREND_FOLLOW,MAC,2026.07.06 13:25:28,BUY,SELL,HTF_TREND_FOLLOW,Trade blocked — spread,A,4150.58,3.66,N,,0.052,0.4,0.052,0.4,0.052,0.428,0.052,0.496,0.052,0.72,,,,5,5,60,STOP_FIRST,STOP_FIRST,STOP_FIRST,0.052,0.72,MIRRORED from original's own advATR/favATR at same real price path; does NOT include the extra spread cost of crossing to the opposite bid/ask side at entry (see report methodology note)
MAC_20260706133517_BUY_TREND_PULLBACK,MAC,2026.07.06 13:35:17,BUY,SELL,TREND_PULLBACK,TREND-CONTINUATION MODE,A,4154.29,3.82,N,,0.128,0.024,0.128,0.024,0.128,0.024,0.204,0.088,0.204,0.32,30,,,60,60,,TARGET_FIRST,STOP_FIRST,NEITHER_5-60m,0.204,0.32,MIRRORED from original's own advATR/favATR at same real price path; does NOT include the extra spread cost of crossing to the opposite bid/ask side at entry (see report methodology note)
MAC_20260706134517_BUY_TREND_PULLBACK,MAC,2026.07.06 13:45:17,BUY,SELL,TREND_PULLBACK,BAD-TIMING BLOCK,A,4154.59,3.24,N,,0.136,0.0,0.136,0.064,0.136,0.064,0.28,0.232,0.28,0.336,30,,,30,60,,SIMULTANEOUS_SAME_CHECKPOINT,STOP_FIRST,NEITHER_5-60m,0.28,0.336,MIRRORED from original's own advATR/favATR at same real price path; does NOT include the extra spread cost of crossing to the opposite bid/ask side at entry (see report methodology note)
MAC_20260706135017_BUY_TREND_PULLBACK,MAC,2026.07.06 13:50:17,BUY,SELL,TREND_PULLBACK,SMART-GUARD,B,4153.8,2.92,N,,0.044,0.18,0.044,0.18,0.2,0.18,0.2,0.46,0.2,0.484,15,,,30,30,,TARGET_FIRST,STOP_FIRST,NEITHER_5-60m,0.2,0.484,MIRRORED from original's own advATR/favATR at same real price path; does NOT include the extra spread cost of crossing to the opposite bid/ask side at entry (see report methodology note)
MAC_20260706140021_BUY_TREND_PULLBACK,MAC,2026.07.06 14:00:21,BUY,SELL,TREND_PULLBACK,A+ EVIDENCE DEMOTION,A,4154.78,3.06,N,,0.32,0.0,0.32,0.024,0.32,0.22,0.32,0.332,0.32,0.332,5,5,,15,30,,TARGET_FIRST,TARGET_FIRST,NEITHER_5-60m,0.32,0.332,MIRRORED from original's own advATR/favATR at same real price path; does NOT include the extra spread cost of crossing to the opposite bid/ask side at entry (see report methodology note)
MAC_20260706142032_BUY_TREND_PULLBACK,MAC,2026.07.06 14:20:32,BUY,SELL,TREND_PULLBACK,Trade blocked — momentum slowdown (close in opposite 30% of last,A,4156.39,3.34,Y,60,0.12,0.092,0.12,0.112,0.172,0.112,0.42,0.112,1.04,0.112,30,30,60,,,,TARGET_FIRST,TARGET_FIRST,TARGET_FIRST,1.04,0.112,MIRRORED from original's own advATR/favATR at same real price path; does NOT include the extra spread cost of crossing to the opposite bid/ask side at entry (see report methodology note)
MAC_20260706142515_BUY_TREND_PULLBACK,MAC,2026.07.06 14:25:15,BUY,SELL,TREND_PULLBACK,BAD-LOCATION BLOCK,A,4157.63,3.14,Y,60,0.288,0.0,0.34,0.0,0.34,0.0,0.604,0.0,1.444,0.0,5,10,30,,,,TARGET_FIRST,TARGET_FIRST,TARGET_FIRST,1.444,0.0,MIRRORED from original's own advATR/favATR at same real price path; does NOT include the extra spread cost of crossing to the opposite bid/ask side at entry (see report methodology note)
MAC_20260706143518_BUY_TREND_PULLBACK,MAC,2026.07.06 14:35:18,BUY,SELL,TREND_PULLBACK,B-GRADE QUALITY BLOCK,B,4157.04,3.37,Y,60,0.244,0.0,0.492,0.0,0.492,0.0,0.492,0.0,2.756,0.0,5,10,60,,,,TARGET_FIRST,TARGET_FIRST,TARGET_FIRST,2.756,0.0,MIRRORED from original's own advATR/favATR at same real price path; does NOT include the extra spread cost of crossing to the opposite bid/ask side at entry (see report methodology note)
MAC_20260706144019_BUY_TREND_PULLBACK,MAC,2026.07.06 14:40:19,BUY,SELL,TREND_PULLBACK,Personality mismatch,PERSONALITY,4155.71,3.44,Y,60,0.328,0.0,0.328,0.0,0.328,0.0,0.328,0.148,2.548,0.148,5,5,60,,,,TARGET_FIRST,TARGET_FIRST,TARGET_FIRST,2.548,0.148,MIRRORED from original's own advATR/favATR at same real price path; does NOT include the extra spread cost of crossing to the opposite bid/ask side at entry (see report methodology note)
MAC_20260706144515_BUY_HTF_TREND_FOLLOW,MAC,2026.07.06 14:45:15,BUY,SELL,HTF_TREND_FOLLOW,NEWS_OBSERVING,A,4155.03,3.27,Y,60,0.26,0.0,0.26,0.076,0.26,0.236,0.26,0.236,2.6,0.236,5,60,60,15,,,TARGET_FIRST,TARGET_FIRST,TARGET_FIRST,2.6,0.236,MIRRORED from original's own advATR/favATR at same real price path; does NOT include the extra spread cost of crossing to the opposite bid/ask side at entry (see report methodology note)
MAC_20260706145019_BUY_HTF_TREND_FOLLOW,MAC,2026.07.06 14:50:19,BUY,SELL,HTF_TREND_FOLLOW,NEWS_ENTRY_BLOCKED_POOR_RR,A,4152.33,3.31,Y,60,0.0,0.4,0.0,0.56,0.0,0.56,0.56,0.56,2.24,0.56,30,30,30,5,5,10,STOP_FIRST,STOP_FIRST,STOP_FIRST,2.24,0.56,MIRRORED from original's own advATR/favATR at same real price path; does NOT include the extra spread cost of crossing to the opposite bid/ask side at entry (see report methodology note)
MAC_20260706151516_BUY_TREND_PULLBACK,MAC,2026.07.06 15:15:16,BUY,SELL,TREND_PULLBACK,SMART-GUARD,B,4155.88,3.35,Y,10,0.976,0.084,1.144,0.084,2.636,0.084,2.64,0.084,2.64,0.084,5,5,5,,,,TARGET_FIRST,TARGET_FIRST,TARGET_FIRST,2.64,0.084,MIRRORED from original's own advATR/favATR at same real price path; does NOT include the extra spread cost of crossing to the opposite bid/ask side at entry (see report methodology note)
MAC_20260706152544_SELL_ASIA_BREAKOUT,MAC,2026.07.06 15:25:44,SELL,BUY,ASIA_BREAKOUT,Trade blocked — spread,A,4148.15,3.85,N,,0.0,1.492,0.0,1.492,0.0,1.492,0.0,1.492,0.0,1.492,,,,5,5,5,STOP_FIRST,STOP_FIRST,STOP_FIRST,0.0,1.492,MIRRORED from original's own advATR/favATR at same real price path; does NOT include the extra spread cost of crossing to the opposite bid/ask side at entry (see report methodology note)
MAC_20260706155836_BUY_HTF_TREND_FOLLOW,MAC,2026.07.06 15:58:36,BUY,SELL,HTF_TREND_FOLLOW,Trade blocked — momentum slowdown (close in opposite 30% of last,A,4141.85,4.84,N,,0.292,0.216,0.292,0.328,0.292,0.328,0.292,0.416,0.916,0.616,5,60,60,5,10,60,SIMULTANEOUS_SAME_CHECKPOINT,STOP_FIRST,SIMULTANEOUS_SAME_CHECKPOINT,0.916,0.616,MIRRORED from original's own advATR/favATR at same real price path; does NOT include the extra spread cost of crossing to the opposite bid/ask side at entry (see report methodology note)
MAC_20260706160012_BUY_TREND_PULLBACK,MAC,2026.07.06 16:00:12,BUY,SELL,TREND_PULLBACK,Personality mismatch,PERSONALITY,4138.46,4.88,N,,0.0,0.492,0.0,0.604,0.0,0.604,0.0,0.688,0.628,0.888,60,60,60,5,5,10,STOP_FIRST,STOP_FIRST,STOP_FIRST,0.628,0.888,MIRRORED from original's own advATR/favATR at same real price path; does NOT include the extra spread cost of crossing to the opposite bid/ask side at entry (see report methodology note)
MAC_20260706161018_BUY_HTF_TREND_FOLLOW,MAC,2026.07.06 16:10:18,BUY,SELL,HTF_TREND_FOLLOW,STI_REENTRY_WAIT ,B,4146.07,5.59,Y,60,0.432,0.0,0.432,0.056,0.432,0.056,0.432,0.232,1.092,0.232,5,5,60,30,,,TARGET_FIRST,TARGET_FIRST,TARGET_FIRST,1.092,0.232,MIRRORED from original's own advATR/favATR at same real price path; does NOT include the extra spread cost of crossing to the opposite bid/ask side at entry (see report methodology note)
MAC_20260706162016_SELL_ASIA_BREAKOUT,MAC,2026.07.06 16:20:16,SELL,BUY,ASIA_BREAKOUT,BAD-LOCATION BLOCK,B,4141.04,5.93,N,,0.392,0.0,0.536,0.0,0.552,0.0,0.556,0.0,0.556,0.692,5,5,10,60,60,60,TARGET_FIRST,TARGET_FIRST,TARGET_FIRST,0.556,0.692,MIRRORED from original's own advATR/favATR at same real price path; does NOT include the extra spread cost of crossing to the opposite bid/ask side at entry (see report methodology note)
MAC_20260706162514_BUY_HTF_TREND_FOLLOW,MAC,2026.07.06 16:25:14,BUY,SELL,HTF_TREND_FOLLOW,NEWS_OBSERVING,A,4147.21,6.33,Y,30,0.028,0.0,0.028,0.128,0.028,0.132,1.04,0.132,1.04,0.132,30,30,30,,,,TARGET_FIRST,TARGET_FIRST,TARGET_FIRST,1.04,0.132,MIRRORED from original's own advATR/favATR at same real price path; does NOT include the extra spread cost of crossing to the opposite bid/ask side at entry (see report methodology note)
MAC_20260706163022_BUY_TREND_PULLBACK,MAC,2026.07.06 16:30:22,BUY,SELL,TREND_PULLBACK,SMART-GUARD,SKIP,4145.13,6.63,N,,0.0,0.244,0.0,0.252,0.0,0.252,0.868,0.252,0.868,0.252,30,30,30,5,,,STOP_FIRST,TARGET_FIRST,TARGET_FIRST,0.868,0.252,MIRRORED from original's own advATR/favATR at same real price path; does NOT include the extra spread cost of crossing to the opposite bid/ask side at entry (see report methodology note)
MAC_20260706163515_BUY_HTF_TREND_FOLLOW,MAC,2026.07.06 16:35:15,BUY,SELL,HTF_TREND_FOLLOW,NEWS_ENTRY_BLOCKED_POOR_RR,A,4149.19,6.46,Y,30,0.0,0.0,0.0,0.008,0.16,0.008,1.14,0.008,1.14,0.008,30,30,30,,,,TARGET_FIRST,TARGET_FIRST,TARGET_FIRST,1.14,0.008,MIRRORED from original's own advATR/favATR at same real price path; does NOT include the extra spread cost of crossing to the opposite bid/ask side at entry (see report methodology note)
MAC_20260706164521_BUY_HTF_TREND_FOLLOW,MAC,2026.07.06 16:45:21,BUY,SELL,HTF_TREND_FOLLOW,NEWS FILTER (high-impact event nearby),A,4148.27,6.67,Y,10,0.1,0.02,1.048,0.02,1.048,0.02,1.048,0.02,1.048,0.02,10,10,10,,,,TARGET_FIRST,TARGET_FIRST,TARGET_FIRST,1.048,0.02,MIRRORED from original's own advATR/favATR at same real price path; does NOT include the extra spread cost of crossing to the opposite bid/ask side at entry (see report methodology note)
MAC_20260706174532_BUY_TREND_PULLBACK,MAC,2026.07.06 17:45:32,BUY,SELL,TREND_PULLBACK,Personality mismatch,PERSONALITY,4131.78,7.52,N,,0.0,0.28,0.0,0.376,0.0,0.58,0.0,0.632,0.0,1.0,,,,5,10,15,STOP_FIRST,STOP_FIRST,STOP_FIRST,0.0,1.0,MIRRORED from original's own advATR/favATR at same real price path; does NOT include the extra spread cost of crossing to the opposite bid/ask side at entry (see report methodology note)
MAC_20260706180515_BUY_HTF_TREND_FOLLOW,MAC,2026.07.06 18:05:15,BUY,SELL,HTF_TREND_FOLLOW,Personality mismatch,PERSONALITY,4142.67,7.08,N,,0.112,0.056,0.132,0.056,0.132,0.08,0.132,0.444,0.132,0.444,,,,30,30,,STOP_FIRST,STOP_FIRST,NEITHER_5-60m,0.132,0.444,MIRRORED from original's own advATR/favATR at same real price path; does NOT include the extra spread cost of crossing to the opposite bid/ask side at entry (see report methodology note)
MAC_20260706185013_BUY_TREND_PULLBACK,MAC,2026.07.06 18:50:13,BUY,SELL,TREND_PULLBACK,Personality mismatch,PERSONALITY,4147.95,5.21,N,,0.212,0.0,0.276,0.0,0.284,0.0,0.54,0.0,0.54,0.448,5,30,30,60,60,,TARGET_FIRST,TARGET_FIRST,TARGET_FIRST,0.54,0.448,MIRRORED from original's own advATR/favATR at same real price path; does NOT include the extra spread cost of crossing to the opposite bid/ask side at entry (see report methodology note)
MAC_20260706191015_BUY_HTF_TREND_FOLLOW,MAC,2026.07.06 19:10:15,BUY,SELL,HTF_TREND_FOLLOW,Personality mismatch,PERSONALITY,4144.34,4.52,N,,0.304,0.0,0.304,0.0,0.304,0.112,0.304,0.432,0.304,0.98,5,5,,30,30,60,TARGET_FIRST,TARGET_FIRST,STOP_FIRST,0.304,0.98,MIRRORED from original's own advATR/favATR at same real price path; does NOT include the extra spread cost of crossing to the opposite bid/ask side at entry (see report methodology note)
MAC_20260706193014_BUY_HTF_TREND_FOLLOW,MAC,2026.07.06 19:30:14,BUY,SELL,HTF_TREND_FOLLOW,NEWS_OBSERVING,B,4145.66,3.97,N,,0.0,0.34,0.0,0.36,0.0,0.564,0.0,0.984,0.0,1.316,,,,5,5,15,STOP_FIRST,STOP_FIRST,STOP_FIRST,0.0,1.316,MIRRORED from original's own advATR/favATR at same real price path; does NOT include the extra spread cost of crossing to the opposite bid/ask side at entry (see report methodology note)
MAC_20260706195514_BUY_TREND_PULLBACK,MAC,2026.07.06 19:55:14,BUY,SELL,TREND_PULLBACK,Personality mismatch,PERSONALITY,4153.75,3.32,N,,0.0,0.2,0.004,0.2,0.052,0.2,0.212,0.472,0.212,0.94,30,,,5,30,60,STOP_FIRST,STOP_FIRST,STOP_FIRST,0.212,0.94,MIRRORED from original's own advATR/favATR at same real price path; does NOT include the extra spread cost of crossing to the opposite bid/ask side at entry (see report methodology note)
MAC_20260706202014_BUY_TREND_PULLBACK,MAC,2026.07.06 20:20:14,BUY,SELL,TREND_PULLBACK,BAD-LOCATION BLOCK,A,4152.11,3.23,N,,0.0,0.688,0.0,0.816,0.0,0.852,0.0,0.896,0.0,1.212,,,,5,5,5,STOP_FIRST,STOP_FIRST,STOP_FIRST,0.0,1.212,MIRRORED from original's own advATR/favATR at same real price path; does NOT include the extra spread cost of crossing to the opposite bid/ask side at entry (see report methodology note)
MAC_20260706210014_BUY_TREND_PULLBACK,MAC,2026.07.06 21:00:14,BUY,SELL,TREND_PULLBACK,Personality mismatch,PERSONALITY,4161.69,3.8,N,,0.612,0.0,0.612,0.0,0.612,0.0,0.612,0.208,0.612,0.384,5,5,5,30,60,,TARGET_FIRST,TARGET_FIRST,TARGET_FIRST,0.612,0.384,MIRRORED from original's own advATR/favATR at same real price path; does NOT include the extra spread cost of crossing to the opposite bid/ask side at entry (see report methodology note)
MAC_20260706220514_BUY_TREND_PULLBACK,MAC,2026.07.06 22:05:14,BUY,SELL,TREND_PULLBACK,Personality mismatch,PERSONALITY,4161.44,2.92,N,,0.324,0.0,0.324,0.0,0.324,0.08,0.324,0.08,0.324,0.332,5,5,,60,60,,TARGET_FIRST,TARGET_FIRST,NEITHER_5-60m,0.324,0.332,MIRRORED from original's own advATR/favATR at same real price path; does NOT include the extra spread cost of crossing to the opposite bid/ask side at entry (see report methodology note)
MAC_20260706222016_BUY_TREND_PULLBACK,MAC,2026.07.06 22:20:16,BUY,SELL,TREND_PULLBACK,NEWS_OBSERVING,B,4161.44,2.71,N,,0.0,0.084,0.092,0.084,0.224,0.084,0.224,0.248,0.224,0.356,15,,,30,60,,TARGET_FIRST,STOP_FIRST,NEITHER_5-60m,0.224,0.356,MIRRORED from original's own advATR/favATR at same real price path; does NOT include the extra spread cost of crossing to the opposite bid/ask side at entry (see report methodology note)
MAC_20260706223016_BUY_TREND_PULLBACK,MAC,2026.07.06 22:30:16,BUY,SELL,TREND_PULLBACK,NEWS_ENTRY_BLOCKED_POOR_RR,A+,4162.58,2.53,N,,0.42,0.0,0.42,0.0,0.42,0.084,0.42,0.2,0.42,0.2,5,5,,30,,,TARGET_FIRST,TARGET_FIRST,NEITHER_5-60m,0.42,0.2,MIRRORED from original's own advATR/favATR at same real price path; does NOT include the extra spread cost of crossing to the opposite bid/ask side at entry (see report methodology note)
MAC_20260706231057_BUY_TREND_PULLBACK,MAC,2026.07.06 23:10:57,BUY,SELL,TREND_PULLBACK,Personality mismatch,PERSONALITY,4163.92,2.2,N,,0.012,0.0,0.012,0.0,0.012,0.0,0.012,0.0,0.012,0.468,,,,60,60,,STOP_FIRST,STOP_FIRST,NEITHER_5-60m,0.012,0.468,MIRRORED from original's own advATR/favATR at same real price path; does NOT include the extra spread cost of crossing to the opposite bid/ask side at entry (see report methodology note)
MAC_20260707010013_BUY_TREND_PULLBACK,MAC,2026.07.07 01:00:13,BUY,SELL,TREND_PULLBACK,BAD-LOCATION BLOCK,A,4168.95,2.26,N,,0.784,0.0,0.784,0.0,0.784,0.0,0.784,0.0,0.832,0.0,5,5,5,,,,TARGET_FIRST,TARGET_FIRST,TARGET_FIRST,0.832,0.0,MIRRORED from original's own advATR/favATR at same real price path; does NOT include the extra spread cost of crossing to the opposite bid/ask side at entry (see report methodology note)
MAC_20260707010544_BUY_TREND_PULLBACK,MAC,2026.07.07 01:05:44,BUY,SELL,TREND_PULLBACK,Trade blocked — spread,A+,4165.82,2.77,N,,0.028,0.096,0.028,0.208,0.068,0.208,0.068,0.372,0.244,0.372,60,,,10,30,,STOP_FIRST,STOP_FIRST,NEITHER_5-60m,0.244,0.372,MIRRORED from original's own advATR/favATR at same real price path; does NOT include the extra spread cost of crossing to the opposite bid/ask side at entry (see report methodology note)
MAC_20260707011018_BUY_TREND_PULLBACK,MAC,2026.07.07 01:10:18,BUY,SELL,TREND_PULLBACK,NEWS_ENTRY_BLOCKED_OVEREXTENDED,A,4165.76,2.83,N,,0.0,0.212,0.06,0.212,0.06,0.212,0.06,0.376,0.232,0.376,60,,,5,30,,STOP_FIRST,STOP_FIRST,NEITHER_5-60m,0.232,0.376,MIRRORED from original's own advATR/favATR at same real price path; does NOT include the extra spread cost of crossing to the opposite bid/ask side at entry (see report methodology note)
MAC_20260707012019_BUY_TREND_PULLBACK,MAC,2026.07.07 01:20:19,BUY,SELL,TREND_PULLBACK,NEWS_ENTRY_BLOCKED_POOR_RR,A,4167.37,2.59,Y,60,0.316,0.0,0.316,0.16,0.316,0.16,0.48,0.16,1.128,0.16,5,5,60,,,,TARGET_FIRST,TARGET_FIRST,TARGET_FIRST,1.128,0.16,MIRRORED from original's own advATR/favATR at same real price path; does NOT include the extra spread cost of crossing to the opposite bid/ask side at entry (see report methodology note)
MAC_20260707012519_BUY_TREND_PULLBACK,MAC,2026.07.07 01:25:19,BUY,SELL,TREND_PULLBACK,A+ EVIDENCE DEMOTION,A,4165.51,2.54,N,,0.0,0.456,0.0,0.456,0.0,0.456,0.196,0.456,0.852,0.456,60,60,60,5,5,,STOP_FIRST,STOP_FIRST,TARGET_FIRST,0.852,0.456,MIRRORED from original's own advATR/favATR at same real price path; does NOT include the extra spread cost of crossing to the opposite bid/ask side at entry (see report methodology note)
MAC_20260707013016_BUY_TREND_PULLBACK,MAC,2026.07.07 01:30:16,BUY,SELL,TREND_PULLBACK,BAD-TIMING BLOCK,A,4166.4,2.44,Y,60,0.0,0.328,0.0,0.328,0.0,0.328,0.352,0.328,1.032,0.328,30,30,60,5,5,,STOP_FIRST,STOP_FIRST,TARGET_FIRST,1.032,0.328,MIRRORED from original's own advATR/favATR at same real price path; does NOT include the extra spread cost of crossing to the opposite bid/ask side at entry (see report methodology note)
MAC_20260707013519_BUY_BREAKOUT,MAC,2026.07.07 01:35:19,BUY,SELL,BREAKOUT,NEWS_OBSERVING,A,4168.52,2.47,Y,60,0.2,0.0,0.42,0.0,0.692,0.0,0.712,0.0,1.368,0.0,5,10,15,,,,TARGET_FIRST,TARGET_FIRST,TARGET_FIRST,1.368,0.0,MIRRORED from original's own advATR/favATR at same real price path; does NOT include the extra spread cost of crossing to the opposite bid/ask side at entry (see report methodology note)
MAC_20260707015016_BUY_TREND_PULLBACK,MAC,2026.07.07 01:50:16,BUY,SELL,TREND_PULLBACK,FAILED-IMPULSE BLOCK,A,4165.94,2.41,Y,60,0.28,0.0,0.28,0.0,0.3,0.0,0.972,0.0,1.66,0.0,5,15,30,,,,TARGET_FIRST,TARGET_FIRST,TARGET_FIRST,1.66,0.0,MIRRORED from original's own advATR/favATR at same real price path; does NOT include the extra spread cost of crossing to the opposite bid/ask side at entry (see report methodology note)
MAC_20260707020537_BUY_TREND_PULLBACK,MAC,2026.07.07 02:05:37,BUY,SELL,TREND_PULLBACK,TRADE-BRAIN BLOCK,A+,4165.33,2.27,Y,15,0.212,0.016,0.924,0.016,1.652,0.016,1.652,0.016,1.652,0.016,5,10,10,,,,TARGET_FIRST,TARGET_FIRST,TARGET_FIRST,1.652,0.016,MIRRORED from original's own advATR/favATR at same real price path; does NOT include the extra spread cost of crossing to the opposite bid/ask side at entry (see report methodology note)
MAC_20260707030017_SELL_BREAKOUT,MAC,2026.07.07 03:00:17,SELL,BUY,BREAKOUT,NEWS_ENTRY_BLOCKED_OVEREXTENDED,A,4155.42,2.19,N,,0.368,0.0,0.368,0.264,0.368,0.264,0.876,0.264,0.876,2.208,5,5,30,10,60,60,TARGET_FIRST,TARGET_FIRST,TARGET_FIRST,0.876,2.208,MIRRORED from original's own advATR/favATR at same real price path; does NOT include the extra spread cost of crossing to the opposite bid/ask side at entry (see report methodology note)
MAC_20260707030515_BUY_TREND_PULLBACK,MAC,2026.07.07 03:05:15,BUY,SELL,TREND_PULLBACK,SMART-GUARD,SKIP,4156.32,2.28,Y,30,0.0,0.196,0.412,0.196,0.412,0.276,1.116,0.684,2.564,0.684,10,10,30,15,30,30,TARGET_FIRST,TARGET_FIRST,SIMULTANEOUS_SAME_CHECKPOINT,2.564,0.684,MIRRORED from original's own advATR/favATR at same real price path; does NOT include the extra spread cost of crossing to the opposite bid/ask side at entry (see report methodology note)
MAC_20260707033013_BUY_TREND_PULLBACK,MAC,2026.07.07 03:30:13,BUY,SELL,TREND_PULLBACK,NEWS_ENTRY_BLOCKED_OVEREXTENDED,A,4160.46,3.09,Y,10,0.492,0.0,1.36,0.0,1.36,0.0,2.216,0.0,3.592,0.0,5,5,10,,,,TARGET_FIRST,TARGET_FIRST,TARGET_FIRST,3.592,0.0,MIRRORED from original's own advATR/favATR at same real price path; does NOT include the extra spread cost of crossing to the opposite bid/ask side at entry (see report methodology note)
MAC_20260707033517_BUY_TREND_PULLBACK,MAC,2026.07.07 03:35:17,BUY,SELL,TREND_PULLBACK,FAILED-IMPULSE BLOCK,A,4156.66,3.43,Y,30,0.784,0.0,0.784,0.0,0.784,0.0,1.748,0.0,2.8,0.0,5,5,5,,,,TARGET_FIRST,TARGET_FIRST,TARGET_FIRST,2.8,0.0,MIRRORED from original's own advATR/favATR at same real price path; does NOT include the extra spread cost of crossing to the opposite bid/ask side at entry (see report methodology note)
MAC_20260707035516_BUY_HTF_TREND_FOLLOW,MAC,2026.07.07 03:55:16,BUY,SELL,HTF_TREND_FOLLOW,NEWS_OBSERVING,A+,4153.83,4.08,Y,5,1.032,0.0,1.192,0.0,1.192,0.0,2.076,0.0,2.076,0.0,5,5,5,,,,TARGET_FIRST,TARGET_FIRST,TARGET_FIRST,2.076,0.0,MIRRORED from original's own advATR/favATR at same real price path; does NOT include the extra spread cost of crossing to the opposite bid/ask side at entry (see report methodology note)
MAC_20260707040016_SELL_BREAKOUT,MAC,2026.07.07 04:00:16,SELL,BUY,BREAKOUT,NEWS_ENTRY_BLOCKED_POOR_RR,A,4144.08,4.52,N,,0.176,0.212,0.176,0.212,0.176,0.748,0.176,1.008,0.176,1.008,,,,5,15,15,STOP_FIRST,STOP_FIRST,STOP_FIRST,0.176,1.008,MIRRORED from original's own advATR/favATR at same real price path; does NOT include the extra spread cost of crossing to the opposite bid/ask side at entry (see report methodology note)
MAC_20260707041521_BUY_RANGE_REVERSAL,MAC,2026.07.07 04:15:21,BUY,SELL,RANGE_REVERSAL,NEWS_ENTRY_BLOCKED_POOR_RR,A,4142.5,5.28,N,,0.744,0.0,0.744,0.0,0.744,0.0,0.744,0.028,0.744,0.108,5,5,5,,,,TARGET_FIRST,TARGET_FIRST,TARGET_FIRST,0.744,0.108,MIRRORED from original's own advATR/favATR at same real price path; does NOT include the extra spread cost of crossing to the opposite bid/ask side at entry (see report methodology note)
MAC_20260707044014_BUY_TREND_PULLBACK,MAC,2026.07.07 04:40:14,BUY,SELL,TREND_PULLBACK,SMART-GUARD,SKIP,4139.42,6.15,N,,0.0,0.224,0.0,0.292,0.0,0.292,0.024,0.292,0.128,0.304,,,,5,60,,STOP_FIRST,STOP_FIRST,NEITHER_5-60m,0.128,0.304,MIRRORED from original's own advATR/favATR at same real price path; does NOT include the extra spread cost of crossing to the opposite bid/ask side at entry (see report methodology note)
MAC_20260707045147_BUY_TREND_PULLBACK,MAC,2026.07.07 04:51:47,BUY,SELL,TREND_PULLBACK,B-GRADE QUALITY BLOCK,B,4143.18,5.87,N,,0.12,0.048,0.264,0.048,0.28,0.048,0.28,0.064,0.708,0.064,10,60,60,,,,TARGET_FIRST,TARGET_FIRST,TARGET_FIRST,0.708,0.064,MIRRORED from original's own advATR/favATR at same real price path; does NOT include the extra spread cost of crossing to the opposite bid/ask side at entry (see report methodology note)
MAC_20260707050146_BUY_TREND_PULLBACK,MAC,2026.07.07 05:01:46,BUY,SELL,TREND_PULLBACK,Personality mismatch,PERSONALITY,4141.62,5.88,N,,0.172,0.0,0.172,0.072,0.172,0.072,0.284,0.168,0.6,0.168,30,60,60,,,,TARGET_FIRST,TARGET_FIRST,TARGET_FIRST,0.6,0.168,MIRRORED from original's own advATR/favATR at same real price path; does NOT include the extra spread cost of crossing to the opposite bid/ask side at entry (see report methodology note)
MAC_20260707051515_BUY_HTF_TREND_FOLLOW,MAC,2026.07.07 05:15:15,BUY,SELL,HTF_TREND_FOLLOW,Personality mismatch,PERSONALITY,4142.95,5.48,N,,0.16,0.0,0.16,0.084,0.404,0.084,0.74,0.084,0.74,0.084,15,15,30,,,,TARGET_FIRST,TARGET_FIRST,TARGET_FIRST,0.74,0.084,MIRRORED from original's own advATR/favATR at same real price path; does NOT include the extra spread cost of crossing to the opposite bid/ask side at entry (see report methodology note)
MAC_20260707060016_BUY_HTF_TREND_FOLLOW,MAC,2026.07.07 06:00:16,BUY,SELL,HTF_TREND_FOLLOW,ADAPTIVE_RECOVERY,B,4135.92,4.71,N,,0.0,0.32,0.0,0.32,0.0,0.32,0.368,0.32,0.78,0.32,30,30,60,5,5,,STOP_FIRST,STOP_FIRST,TARGET_FIRST,0.78,0.32,MIRRORED from original's own advATR/favATR at same real price path; does NOT include the extra spread cost of crossing to the opposite bid/ask side at entry (see report methodology note)
MAC_20260707061013_BUY_TREND_PULLBACK,MAC,2026.07.07 06:10:13,BUY,SELL,TREND_PULLBACK,Personality mismatch,PERSONALITY,4138.64,4.66,Y,60,0.148,0.0,0.176,0.0,0.608,0.0,0.608,0.0,1.024,0.028,15,15,15,,,,TARGET_FIRST,TARGET_FIRST,TARGET_FIRST,1.024,0.028,MIRRORED from original's own advATR/favATR at same real price path; does NOT include the extra spread cost of crossing to the opposite bid/ask side at entry (see report methodology note)
MAC_20260707070026_BUY_HTF_TREND_FOLLOW,MAC,2026.07.07 07:00:26,BUY,SELL,HTF_TREND_FOLLOW,Trade blocked — momentum slowdown (close in opposite 30% of last,A+,4131.57,4.18,N,,0.0,0.708,0.0,0.708,0.0,0.708,0.064,0.708,0.5,0.708,60,60,60,5,5,5,STOP_FIRST,STOP_FIRST,STOP_FIRST,0.5,0.708,MIRRORED from original's own advATR/favATR at same real price path; does NOT include the extra spread cost of crossing to the opposite bid/ask side at entry (see report methodology note)
MAC_20260707071513_BUY_TREND_PULLBACK,MAC,2026.07.07 07:15:13,BUY,SELL,TREND_PULLBACK,Personality mismatch,PERSONALITY,4136.19,4.3,Y,60,0.34,0.0,0.372,0.0,0.492,0.0,0.668,0.0,1.304,0.0,5,5,30,,,,TARGET_FIRST,TARGET_FIRST,TARGET_FIRST,1.304,0.0,MIRRORED from original's own advATR/favATR at same real price path; does NOT include the extra spread cost of crossing to the opposite bid/ask side at entry (see report methodology note)
MAC_20260707074012_BUY_HTF_TREND_FOLLOW,MAC,2026.07.07 07:40:12,BUY,SELL,HTF_TREND_FOLLOW,NEWS_ENTRY_BLOCKED_POOR_RR,A,4130.06,4.19,Y,60,0.0,0.012,0.1,0.012,0.228,0.012,0.404,0.012,1.116,0.012,15,30,60,,,,TARGET_FIRST,TARGET_FIRST,TARGET_FIRST,1.116,0.012,MIRRORED from original's own advATR/favATR at same real price path; does NOT include the extra spread cost of crossing to the opposite bid/ask side at entry (see report methodology note)
MAC_20260707075016_BUY_HTF_TREND_FOLLOW,MAC,2026.07.07 07:50:16,BUY,SELL,HTF_TREND_FOLLOW,NEWS_OBSERVING,A+,4129.08,4.13,N,,0.264,0.0,0.264,0.104,0.316,0.104,0.668,0.104,,,5,15,30,,,,TARGET_FIRST,TARGET_FIRST,TARGET_FIRST,0.668,0.104,MIRRORED from original's own advATR/favATR at same real price path; does NOT include the extra spread cost of crossing to the opposite bid/ask side at entry (see report methodology note)
MAC_20260707081529_SELL_ASIA_BREAKOUT,MAC,2026.07.07 08:15:29,SELL,BUY,ASIA_BREAKOUT,Trade blocked — fake breakout (last close back inside Donchian-2,A,4122.88,4.12,N,,0.34,0.0,0.34,0.0,0.34,0.032,,,,,5,5,,,,,TARGET_FIRST,TARGET_FIRST,NEITHER_5-60m,0.34,0.032,MIRRORED from original's own advATR/favATR at same real price path; does NOT include the extra spread cost of crossing to the opposite bid/ask side at entry (see report methodology note)
MAC_20260707082015_BUY_TREND_PULLBACK,MAC,2026.07.07 08:20:15,BUY,SELL,TREND_PULLBACK,Personality mismatch,PERSONALITY,4122.98,3.9,N,,0.0,0.348,0.044,0.348,0.472,0.348,,,,,15,15,,5,5,,STOP_FIRST,STOP_FIRST,NEITHER_5-60m,0.472,0.348,MIRRORED from original's own advATR/favATR at same real price path; does NOT include the extra spread cost of crossing to the opposite bid/ask side at entry (see report methodology note)
MAC_20260707082531_BUY_HTF_TREND_FOLLOW,MAC,2026.07.07 08:25:31,BUY,SELL,HTF_TREND_FOLLOW,Trade blocked — momentum slowdown (close in opposite 30% of last,A,4125.47,3.93,N,,0.3,0.0,0.72,0.0,0.72,0.0,,,,,5,5,10,,,,TARGET_FIRST,TARGET_FIRST,TARGET_FIRST,0.72,0.0,MIRRORED from original's own advATR/favATR at same real price path; does NOT include the extra spread cost of crossing to the opposite bid/ask side at entry (see report methodology note)
MAC_20260707083539_SELL_ASIA_BREAKOUT,MAC,2026.07.07 08:35:39,SELL,BUY,ASIA_BREAKOUT,Trade blocked — momentum slowdown (close in opposite 30% of last,A,4123.82,4.08,N,,0.004,0.532,,,,,,,,,,,,5,5,5,STOP_FIRST,STOP_FIRST,STOP_FIRST,0.004,0.532,MIRRORED from original's own advATR/favATR at same real price path; does NOT include the extra spread cost of crossing to the opposite bid/ask side at entry (see report methodology note)
MAC_20260707092532_BUY_HTF_TREND_FOLLOW,MAC,2026.07.07 09:25:32,BUY,SELL,HTF_TREND_FOLLOW,STI_REENTRY_WAIT ,B,4129.49,4.93,N,,0.232,0.0,0.232,0.032,0.232,0.228,0.232,0.228,0.252,0.228,5,,,15,,,TARGET_FIRST,NEITHER_5-60m,NEITHER_5-60m,0.252,0.228,MIRRORED from original's own advATR/favATR at same real price path; does NOT include the extra spread cost of crossing to the opposite bid/ask side at entry (see report methodology note)
MAC_20260707093012_BUY_TREND_PULLBACK,MAC,2026.07.07 09:30:12,BUY,SELL,TREND_PULLBACK,Personality mismatch,PERSONALITY,4126.69,4.85,N,,0.0,0.04,0.0,0.264,0.0,0.46,0.0,0.46,0.028,0.46,,,,10,15,,STOP_FIRST,STOP_FIRST,NEITHER_5-60m,0.028,0.46,MIRRORED from original's own advATR/favATR at same real price path; does NOT include the extra spread cost of crossing to the opposite bid/ask side at entry (see report methodology note)
MAC_20260707094516_BUY_TREND_PULLBACK,MAC,2026.07.07 09:45:16,BUY,SELL,TREND_PULLBACK,SMART-GUARD,A,4132.61,4.43,N,,0.292,0.0,0.292,0.0,0.564,0.0,0.564,0.0,0.564,0.368,5,15,15,60,60,,TARGET_FIRST,TARGET_FIRST,TARGET_FIRST,0.564,0.368,MIRRORED from original's own advATR/favATR at same real price path; does NOT include the extra spread cost of crossing to the opposite bid/ask side at entry (see report methodology note)
MAC_20260707095012_BUY_HTF_TREND_FOLLOW,MAC,2026.07.07 09:50:12,BUY,SELL,HTF_TREND_FOLLOW,BAD-LOCATION BLOCK,A,4130.64,4.22,N,,0.12,0.0,0.12,0.0,0.404,0.0,0.404,0.052,0.404,0.576,15,15,,60,60,60,TARGET_FIRST,TARGET_FIRST,STOP_FIRST,0.404,0.576,MIRRORED from original's own advATR/favATR at same real price path; does NOT include the extra spread cost of crossing to the opposite bid/ask side at entry (see report methodology note)
MAC_20260707104033_BUY_HTF_TREND_FOLLOW,MAC,2026.07.07 10:40:33,BUY,SELL,HTF_TREND_FOLLOW,Trade blocked — momentum slowdown (close in opposite 30% of last,A,4128.57,3.82,N,,0.0,0.852,0.0,0.852,0.0,0.852,0.0,0.904,0.0,0.904,,,,5,5,5,STOP_FIRST,STOP_FIRST,STOP_FIRST,0.0,0.904,MIRRORED from original's own advATR/favATR at same real price path; does NOT include the extra spread cost of crossing to the opposite bid/ask side at entry (see report methodology note)
MAC_20260707111555_BUY_TREND_PULLBACK,MAC,2026.07.07 11:15:55,BUY,SELL,TREND_PULLBACK,SMART-GUARD,A+,4136.68,4.3,Y,60,0.112,0.0,0.112,0.048,0.212,0.048,0.82,0.048,1.276,0.048,15,30,30,,,,TARGET_FIRST,TARGET_FIRST,TARGET_FIRST,1.276,0.048,MIRRORED from original's own advATR/favATR at same real price path; does NOT include the extra spread cost of crossing to the opposite bid/ask side at entry (see report methodology note)
MAC_20260707125512_BUY_HTF_TREND_FOLLOW,MAC,2026.07.07 12:55:12,BUY,SELL,HTF_TREND_FOLLOW,SMC_HARD_CONFLICT,A,4130.26,4.75,N,,,,,,,,,,,,,,,,,,NEITHER_5-60m,NEITHER_5-60m,NEITHER_5-60m,,,MIRRORED from original's own advATR/favATR at same real price path; does NOT include the extra spread cost of crossing to the opposite bid/ask side at entry (see report methodology note)
MAC_20260707143514_BUY_TREND_PULLBACK,MAC,2026.07.07 14:35:14,BUY,SELL,TREND_PULLBACK,B-GRADE QUALITY BLOCK,B,4143.62,3.32,N,,0.0,0.452,0.0,0.744,0.0,0.908,,,,,,,,5,5,10,STOP_FIRST,STOP_FIRST,STOP_FIRST,0.0,0.908,MIRRORED from original's own advATR/favATR at same real price path; does NOT include the extra spread cost of crossing to the opposite bid/ask side at entry (see report methodology note)
MAC_20260707144016_BUY_BREAKOUT,MAC,2026.07.07 14:40:16,BUY,SELL,BREAKOUT,STI_REENTRY_WAIT ,A,4145.12,3.47,N,,0.0,0.54,0.0,0.7,0.0,1.596,,,,,,,,5,5,5,STOP_FIRST,STOP_FIRST,STOP_FIRST,0.0,1.596,MIRRORED from original's own advATR/favATR at same real price path; does NOT include the extra spread cost of crossing to the opposite bid/ask side at entry (see report methodology note)
MAC_20260707144516_BUY_TREND_PULLBACK,MAC,2026.07.07 14:45:16,BUY,SELL,TREND_PULLBACK,STI_REENTRY_WAIT ,A,4147.97,3.55,N,,0.0,0.204,0.0,1.24,,,,,,,,,,5,10,10,STOP_FIRST,STOP_FIRST,STOP_FIRST,0.0,1.24,MIRRORED from original's own advATR/favATR at same real price path; does NOT include the extra spread cost of crossing to the opposite bid/ask side at entry (see report methodology note)
MAC_20260707145018_BUY_BREAKOUT,MAC,2026.07.07 14:50:18,BUY,SELL,BREAKOUT,SMART-GUARD,A+,4150.17,3.79,N,,0.0,0.928,,,,,,,,,,,,5,5,5,STOP_FIRST,STOP_FIRST,STOP_FIRST,0.0,0.928,MIRRORED from original's own advATR/favATR at same real price path; does NOT include the extra spread cost of crossing to the opposite bid/ask side at entry (see report methodology note)
MAC_20260707145517_BUY_BREAKOUT,MAC,2026.07.07 14:55:17,BUY,SELL,BREAKOUT,NEWS_ENTRY_BLOCKED_POOR_RR,A,4151.94,4.06,N,,,,,,,,,,,,,,,,,,NEITHER_5-60m,NEITHER_5-60m,NEITHER_5-60m,,,MIRRORED from original's own advATR/favATR at same real price path; does NOT include the extra spread cost of crossing to the opposite bid/ask side at entry (see report methodology note)
MAC_20260707151058_BUY_BREAKOUT,MAC,2026.07.07 15:10:58,BUY,SELL,BREAKOUT,Trade blocked — momentum slowdown (close in opposite 30% of last,A,4168.67,5.34,N,,0.088,0.32,0.228,0.32,0.268,0.32,0.292,0.32,0.412,0.58,10,60,,5,5,60,STOP_FIRST,STOP_FIRST,STOP_FIRST,0.412,0.58,MIRRORED from original's own advATR/favATR at same real price path; does NOT include the extra spread cost of crossing to the opposite bid/ask side at entry (see report methodology note)
MAC_20260707151525_BUY_SQUEEZE_RELEASE,MAC,2026.07.07 15:15:25,BUY,SELL,SQUEEZE_RELEASE,Trade blocked — momentum slowdown (close in opposite 30% of last,A,4174.12,5.79,N,,0.588,0.0,0.624,0.0,0.644,0.0,0.644,0.0,0.756,0.16,5,5,5,,,,TARGET_FIRST,TARGET_FIRST,TARGET_FIRST,0.756,0.16,MIRRORED from original's own advATR/favATR at same real price path; does NOT include the extra spread cost of crossing to the opposite bid/ask side at entry (see report methodology note)
MAC_20260707152014_BUY_SQUEEZE_RELEASE,MAC,2026.07.07 15:20:14,BUY,SELL,SQUEEZE_RELEASE,BAD-LOCATION BLOCK,A,4166.64,6.01,N,,0.068,0.0,0.104,0.0,0.124,0.0,0.124,0.0,0.232,0.652,60,,,60,60,60,SIMULTANEOUS_SAME_CHECKPOINT,STOP_FIRST,STOP_FIRST,0.232,0.652,MIRRORED from original's own advATR/favATR at same real price path; does NOT include the extra spread cost of crossing to the opposite bid/ask side at entry (see report methodology note)
MAC_20260707164514_BUY_TREND_PULLBACK,MAC,2026.07.07 16:45:14,BUY,SELL,TREND_PULLBACK,NEWS_ENTRY_BLOCKED_POOR_RR,A,4178.37,7.35,Y,10,0.616,0.0,1.132,0.0,1.248,0.0,1.368,0.0,1.548,0.0,5,5,5,,,,TARGET_FIRST,TARGET_FIRST,TARGET_FIRST,1.548,0.0,MIRRORED from original's own advATR/favATR at same real price path; does NOT include the extra spread cost of crossing to the opposite bid/ask side at entry (see report methodology note)
MAC_20260707191218_SELL_TREND_PULLBACK,MAC,2026.07.07 19:12:18,SELL,BUY,TREND_PULLBACK,Personality mismatch,PERSONALITY,4140.57,4.87,N,,0.36,0.0,0.36,0.0,0.468,0.0,0.468,0.0,,,5,5,,,,,TARGET_FIRST,TARGET_FIRST,NEITHER_5-60m,0.468,0.0,MIRRORED from original's own advATR/favATR at same real price path; does NOT include the extra spread cost of crossing to the opposite bid/ask side at entry (see report methodology note)
MAC_20260707194013_BUY_TREND_PULLBACK,MAC,2026.07.07 19:40:13,BUY,SELL,TREND_PULLBACK,SMART-GUARD,A+,4145.09,3.9,N,,0.124,0.0,0.124,0.0,,,,,,,,,,,,,NEITHER_5-60m,NEITHER_5-60m,NEITHER_5-60m,0.124,0.0,MIRRORED from original's own advATR/favATR at same real price path; does NOT include the extra spread cost of crossing to the opposite bid/ask side at entry (see report methodology note)
MAC_20260707195751_SELL_TREND_PULLBACK,MAC,2026.07.07 19:57:51,SELL,BUY,TREND_PULLBACK,Personality mismatch,PERSONALITY,4143.87,3.7,N,,0.308,0.0,0.308,0.0,0.308,0.088,0.308,0.088,0.36,0.088,5,5,,,,,TARGET_FIRST,TARGET_FIRST,NEITHER_5-60m,0.36,0.088,MIRRORED from original's own advATR/favATR at same real price path; does NOT include the extra spread cost of crossing to the opposite bid/ask side at entry (see report methodology note)
MAC_20260707200015_BUY_TREND_PULLBACK,MAC,2026.07.07 20:00:15,BUY,SELL,TREND_PULLBACK,SMART-GUARD,A+,4145.11,3.42,N,,0.0,0.188,0.24,0.188,0.24,0.188,0.24,0.188,0.3,0.244,10,60,,60,,,TARGET_FIRST,TARGET_FIRST,NEITHER_5-60m,0.3,0.244,MIRRORED from original's own advATR/favATR at same real price path; does NOT include the extra spread cost of crossing to the opposite bid/ask side at entry (see report methodology note)
MAC_20260707204514_BUY_HTF_TREND_FOLLOW,MAC,2026.07.07 20:45:14,BUY,SELL,HTF_TREND_FOLLOW,A+ EVIDENCE DEMOTION,A,4147.17,2.61,Y,60,0.52,0.0,0.52,0.0,0.712,0.0,0.936,0.0,1.916,0.0,5,5,5,,,,TARGET_FIRST,TARGET_FIRST,TARGET_FIRST,1.916,0.0,MIRRORED from original's own advATR/favATR at same real price path; does NOT include the extra spread cost of crossing to the opposite bid/ask side at entry (see report methodology note)
MAC_20260707205514_SELL_TREND_PULLBACK,MAC,2026.07.07 20:55:14,SELL,BUY,TREND_PULLBACK,SMART-GUARD,SKIP,4143.81,2.56,N,,0.18,0.0,0.18,0.2,0.18,0.428,0.18,0.428,0.18,2.788,,,,10,15,60,STOP_FIRST,STOP_FIRST,STOP_FIRST,0.18,2.788,MIRRORED from original's own advATR/favATR at same real price path; does NOT include the extra spread cost of crossing to the opposite bid/ask side at entry (see report methodology note)
MAC_20260707210016_SELL_TREND_PULLBACK,MAC,2026.07.07 21:00:16,SELL,BUY,TREND_PULLBACK,Personality mismatch,PERSONALITY,4145.04,2.39,N,,0.0,0.42,0.0,0.668,0.0,0.668,0.0,0.976,0.0,4.188,,,,5,5,10,STOP_FIRST,STOP_FIRST,STOP_FIRST,0.0,4.188,MIRRORED from original's own advATR/favATR at same real price path; does NOT include the extra spread cost of crossing to the opposite bid/ask side at entry (see report methodology note)
MAC_20260707215512_SELL_BREAKOUT,MAC,2026.07.07 21:55:12,SELL,BUY,BREAKOUT,Personality mismatch,PERSONALITY,4126.63,3.88,N,,0.0,0.072,0.0,0.68,0.0,1.596,0.0,2.748,0.0,2.748,,,,10,10,10,STOP_FIRST,STOP_FIRST,STOP_FIRST,0.0,2.748,MIRRORED from original's own advATR/favATR at same real price path; does NOT include the extra spread cost of crossing to the opposite bid/ask side at entry (see report methodology note)
MAC_20260707224518_SELL_SQUEEZE_RELEASE,MAC,2026.07.07 22:45:18,SELL,BUY,SQUEEZE_RELEASE,Trade blocked — momentum slowdown (close in opposite 30% of last,B,4108.9,8.19,N,,0.372,0.0,0.372,0.0,0.372,0.0,0.372,0.0,,,5,5,,,,,TARGET_FIRST,TARGET_FIRST,NEITHER_5-60m,0.372,0.0,MIRRORED from original's own advATR/favATR at same real price path; does NOT include the extra spread cost of crossing to the opposite bid/ask side at entry (see report methodology note)
MAC_20260707225014_SELL_SQUEEZE_RELEASE,MAC,2026.07.07 22:50:14,SELL,BUY,SQUEEZE_RELEASE,FAILED-IMPULSE BLOCK,A,4111.42,8.33,N,,0.248,0.0,0.248,0.0,0.248,0.0,0.248,0.0,,,5,,,,,,TARGET_FIRST,NEITHER_5-60m,NEITHER_5-60m,0.248,0.0,MIRRORED from original's own advATR/favATR at same real price path; does NOT include the extra spread cost of crossing to the opposite bid/ask side at entry (see report methodology note)
MAC_20260707225517_BUY_TREND_PULLBACK,MAC,2026.07.07 22:55:17,BUY,SELL,TREND_PULLBACK,B-GRADE QUALITY BLOCK,B,4116.17,8.55,N,,0.088,0.0,0.088,0.0,0.088,0.0,0.088,0.0,,,,,,,,,NEITHER_5-60m,NEITHER_5-60m,NEITHER_5-60m,0.088,0.0,MIRRORED from original's own advATR/favATR at same real price path; does NOT include the extra spread cost of crossing to the opposite bid/ask side at entry (see report methodology note)
MAC_20260707233837_BUY_TREND_PULLBACK,MAC,2026.07.07 23:38:37,BUY,SELL,TREND_PULLBACK,B-GRADE QUALITY BLOCK,B,4114.38,8.55,N,,0.004,0.0,0.004,0.0,0.004,0.0,0.672,0.0,0.672,0.0,30,30,30,,,,TARGET_FIRST,TARGET_FIRST,TARGET_FIRST,0.672,0.0,MIRRORED from original's own advATR/favATR at same real price path; does NOT include the extra spread cost of crossing to the opposite bid/ask side at entry (see report methodology note)
MAC_20260708010013_BUY_TREND_PULLBACK,MAC,2026.07.08 01:00:13,BUY,SELL,TREND_PULLBACK,Personality mismatch,PERSONALITY,4104.68,8.06,N,,0.008,0.0,0.188,0.0,0.188,0.0,0.208,0.0,,,30,,,,,,TARGET_FIRST,NEITHER_5-60m,NEITHER_5-60m,0.208,0.0,MIRRORED from original's own advATR/favATR at same real price path; does NOT include the extra spread cost of crossing to the opposite bid/ask side at entry (see report methodology note)
MAC_20260708010515_SELL_TREND_PULLBACK,MAC,2026.07.08 01:05:15,SELL,BUY,TREND_PULLBACK,Personality mismatch,PERSONALITY,4104.36,9.06,N,,0.0,0.156,0.0,0.156,0.0,0.156,0.0,0.172,,,,,,,,,NEITHER_5-60m,NEITHER_5-60m,NEITHER_5-60m,0.0,0.172,MIRRORED from original's own advATR/favATR at same real price path; does NOT include the extra spread cost of crossing to the opposite bid/ask side at entry (see report methodology note)
MAC_20260708020230_SELL_TREND_PULLBACK,MAC,2026.07.08 02:02:30,SELL,BUY,TREND_PULLBACK,BAD-TIMING BLOCK,SKIP,4097.48,5.05,N,,0.684,0.0,0.684,0.0,0.684,0.0,0.684,0.0,0.684,0.02,5,5,5,,,,TARGET_FIRST,TARGET_FIRST,TARGET_FIRST,0.684,0.02,MIRRORED from original's own advATR/favATR at same real price path; does NOT include the extra spread cost of crossing to the opposite bid/ask side at entry (see report methodology note)
MAC_20260708020513_SELL_TREND_PULLBACK,MAC,2026.07.08 02:05:13,SELL,BUY,TREND_PULLBACK,FAILED-IMPULSE BLOCK,B,4101.62,5.05,N,,0.356,0.0,0.356,0.0,0.356,0.0,0.356,0.0,0.356,0.348,5,5,,60,60,,TARGET_FIRST,TARGET_FIRST,NEITHER_5-60m,0.356,0.348,MIRRORED from original's own advATR/favATR at same real price path; does NOT include the extra spread cost of crossing to the opposite bid/ask side at entry (see report methodology note)
MAC_20260708025013_BUY_TREND_PULLBACK,MAC,2026.07.08 02:50:13,BUY,SELL,TREND_PULLBACK,SMART-GUARD,SKIP,4098.52,4.18,N,,0.048,0.236,0.048,0.324,0.048,0.324,0.048,0.692,0.048,2.56,,,,5,10,30,STOP_FIRST,STOP_FIRST,STOP_FIRST,0.048,2.56,MIRRORED from original's own advATR/favATR at same real price path; does NOT include the extra spread cost of crossing to the opposite bid/ask side at entry (see report methodology note)
MAC_20260708025513_SELL_TREND_PULLBACK,MAC,2026.07.08 02:55:13,SELL,BUY,TREND_PULLBACK,BAD-LOCATION BLOCK,A,4097.84,4.25,Y,60,0.296,0.0,0.384,0.0,0.384,0.0,0.74,0.0,2.576,0.0,5,10,30,,,,TARGET_FIRST,TARGET_FIRST,TARGET_FIRST,2.576,0.0,MIRRORED from original's own advATR/favATR at same real price path; does NOT include the extra spread cost of crossing to the opposite bid/ask side at entry (see report methodology note)
MAC_20260708032012_BUY_TREND_PULLBACK,MAC,2026.07.08 03:20:12,BUY,SELL,TREND_PULLBACK,SMC_HARD_CONFLICT,B,4103.48,4.21,N,,0.0,0.212,0.0,0.212,0.0,0.608,0.0,2.068,0.0,2.068,,,,5,15,15,STOP_FIRST,STOP_FIRST,STOP_FIRST,0.0,2.068,MIRRORED from original's own advATR/favATR at same real price path; does NOT include the extra spread cost of crossing to the opposite bid/ask side at entry (see report methodology note)
MAC_20260708032517_BUY_HTF_TREND_FOLLOW,MAC,2026.07.08 03:25:17,BUY,SELL,HTF_TREND_FOLLOW,SMC_HARD_CONFLICT,A,4105.7,4.35,N,,0.104,0.384,0.104,1.796,0.104,1.796,0.104,1.796,0.276,1.796,60,,,5,5,10,STOP_FIRST,STOP_FIRST,STOP_FIRST,0.276,1.796,MIRRORED from original's own advATR/favATR at same real price path; does NOT include the extra spread cost of crossing to the opposite bid/ask side at entry (see report methodology note)
MAC_20260708032518_BUY_HTF_TREND_FOLLOW,MAC,2026.07.08 03:25:18,BUY,SELL,HTF_TREND_FOLLOW,NEWS_ENTRY_BLOCKED_POOR_RR,SKIP,4105.6,4.35,N,,0.096,0.396,0.096,1.808,0.096,1.808,0.096,1.808,0.264,1.808,60,,,5,5,10,STOP_FIRST,STOP_FIRST,STOP_FIRST,0.264,1.808,MIRRORED from original's own advATR/favATR at same real price path; does NOT include the extra spread cost of crossing to the opposite bid/ask side at entry (see report methodology note)
MAC_20260708034015_BUY_BREAKOUT,MAC,2026.07.08 03:40:15,BUY,SELL,BREAKOUT,SMC_HARD_CONFLICT,A+,4124.93,5.35,Y,30,0.064,0.0,0.704,0.0,0.988,0.0,1.472,0.0,1.932,0.0,10,10,10,,,,TARGET_FIRST,TARGET_FIRST,TARGET_FIRST,1.932,0.0,MIRRORED from original's own advATR/favATR at same real price path; does NOT include the extra spread cost of crossing to the opposite bid/ask side at entry (see report methodology note)
MAC_20260708034016_BUY_BREAKOUT,MAC,2026.07.08 03:40:16,BUY,SELL,BREAKOUT,SMART-GUARD,SKIP,4125.19,5.35,Y,15,0.084,0.0,0.724,0.0,1.008,0.0,1.492,0.0,1.952,0.0,10,10,10,,,,TARGET_FIRST,TARGET_FIRST,TARGET_FIRST,1.952,0.0,MIRRORED from original's own advATR/favATR at same real price path; does NOT include the extra spread cost of crossing to the opposite bid/ask side at entry (see report methodology note)
MAC_20260708042015_SELL_TREND_PULLBACK,MAC,2026.07.08 04:20:15,SELL,BUY,TREND_PULLBACK,A+ EVIDENCE DEMOTION,A,4109.17,7.06,N,,0.0,0.364,0.0,0.572,0.0,0.572,0.128,0.572,0.58,0.572,60,60,60,5,5,10,STOP_FIRST,STOP_FIRST,STOP_FIRST,0.58,0.572,MIRRORED from original's own advATR/favATR at same real price path; does NOT include the extra spread cost of crossing to the opposite bid/ask side at entry (see report methodology note)
MAC_20260708042513_SELL_TREND_PULLBACK,MAC,2026.07.08 04:25:13,SELL,BUY,TREND_PULLBACK,NEWS_OBSERVING,A,4106.2,7.07,N,,0.0,0.196,0.0,0.404,0.0,0.404,0.296,0.404,0.748,0.404,30,60,60,10,10,,STOP_FIRST,STOP_FIRST,TARGET_FIRST,0.748,0.404,MIRRORED from original's own advATR/favATR at same real price path; does NOT include the extra spread cost of crossing to the opposite bid/ask side at entry (see report methodology note)
MAC_20260708043516_SELL_TREND_PULLBACK,MAC,2026.07.08 04:35:16,SELL,BUY,TREND_PULLBACK,NEWS_ENTRY_BLOCKED_POOR_RR,A,4099.21,7.53,Y,60,0.328,0.0,0.648,0.0,0.648,0.0,0.88,0.0,1.084,0.0,5,5,10,,,,TARGET_FIRST,TARGET_FIRST,TARGET_FIRST,1.084,0.0,MIRRORED from original's own advATR/favATR at same real price path; does NOT include the extra spread cost of crossing to the opposite bid/ask side at entry (see report methodology note)
MAC_20260708044016_SELL_TREND_PULLBACK,MAC,2026.07.08 04:40:16,SELL,BUY,TREND_PULLBACK,BAD-LOCATION BLOCK,A,4100.65,7.53,Y,60,0.252,0.0,0.572,0.0,0.572,0.0,0.804,0.0,1.028,0.0,5,10,10,,,,TARGET_FIRST,TARGET_FIRST,TARGET_FIRST,1.028,0.0,MIRRORED from original's own advATR/favATR at same real price path; does NOT include the extra spread cost of crossing to the opposite bid/ask side at entry (see report methodology note)
MAC_20260708045014_SELL_TREND_PULLBACK,MAC,2026.07.08 04:50:14,SELL,BUY,TREND_PULLBACK,SMART-GUARD,A,4111.39,7.23,N,,0.0,0.124,0.0,0.124,0.24,0.136,0.24,0.136,0.476,0.136,15,60,,,,,TARGET_FIRST,TARGET_FIRST,NEITHER_5-60m,0.476,0.136,MIRRORED from original's own advATR/favATR at same real price path; does NOT include the extra spread cost of crossing to the opposite bid/ask side at entry (see report methodology note)
MAC_20260708045519_BUY_HTF_TREND_FOLLOW,MAC,2026.07.08 04:55:19,BUY,SELL,HTF_TREND_FOLLOW,SMC_HARD_CONFLICT,A,4109.39,7.44,N,,0.024,0.096,0.024,0.344,0.024,0.344,0.024,0.536,0.024,0.572,,,,10,10,30,STOP_FIRST,STOP_FIRST,STOP_FIRST,0.024,0.572,MIRRORED from original's own advATR/favATR at same real price path; does NOT include the extra spread cost of crossing to the opposite bid/ask side at entry (see report methodology note)
MAC_20260708045520_BUY_HTF_TREND_FOLLOW,MAC,2026.07.08 04:55:20,BUY,SELL,HTF_TREND_FOLLOW,NEWS_OBSERVING,SKIP,4109.24,7.44,N,,0.016,0.104,0.016,0.352,0.016,0.352,0.016,0.544,0.016,0.58,,,,10,10,30,STOP_FIRST,STOP_FIRST,STOP_FIRST,0.016,0.58,MIRRORED from original's own advATR/favATR at same real price path; does NOT include the extra spread cost of crossing to the opposite bid/ask side at entry (see report methodology note)
MAC_20260708050016_BUY_TREND_PULLBACK,MAC,2026.07.08 05:00:16,BUY,SELL,TREND_PULLBACK,SMART-GUARD,A+,4111.45,7.38,N,,0.136,0.232,0.136,0.232,0.136,0.232,0.136,0.428,0.136,0.824,,,,5,30,60,STOP_FIRST,STOP_FIRST,STOP_FIRST,0.136,0.824,MIRRORED from original's own advATR/favATR at same real price path; does NOT include the extra spread cost of crossing to the opposite bid/ask side at entry (see report methodology note)
MAC_20260708060016_SELL_TREND_PULLBACK,MAC,2026.07.08 06:00:16,SELL,BUY,TREND_PULLBACK,NEWS FILTER (high-impact event nearby),A,4117.59,5.39,Y,30,0.688,0.0,0.788,0.0,0.788,0.0,1.004,0.0,,,5,5,5,,,,TARGET_FIRST,TARGET_FIRST,TARGET_FIRST,1.004,0.0,MIRRORED from original's own advATR/favATR at same real price path; does NOT include the extra spread cost of crossing to the opposite bid/ask side at entry (see report methodology note)
MAC_20260708060515_SELL_TREND_PULLBACK,MAC,2026.07.08 06:05:15,SELL,BUY,TREND_PULLBACK,B-GRADE QUALITY BLOCK,B,4126.11,5.84,N,,0.144,0.0,0.144,0.0,0.152,0.0,0.344,0.0,,,30,30,,,,,TARGET_FIRST,TARGET_FIRST,NEITHER_5-60m,0.344,0.0,MIRRORED from original's own advATR/favATR at same real price path; does NOT include the extra spread cost of crossing to the opposite bid/ask side at entry (see report methodology note)
MAC_20260708062016_BUY_TREND_PULLBACK,MAC,2026.07.08 06:20:16,BUY,SELL,TREND_PULLBACK,B-GRADE QUALITY BLOCK,B,4127.68,5.66,N,,0.0,0.244,0.0,0.244,0.064,0.244,0.144,0.244,,,,,,5,,,STOP_FIRST,NEITHER_5-60m,NEITHER_5-60m,0.144,0.244,MIRRORED from original's own advATR/favATR at same real price path; does NOT include the extra spread cost of crossing to the opposite bid/ask side at entry (see report methodology note)
MAC_20260708062514_BUY_TREND_PULLBACK,MAC,2026.07.08 06:25:14,BUY,SELL,TREND_PULLBACK,TREND-CONTINUATION MODE,A,4128.23,5.45,N,,0.0,0.212,0.108,0.212,0.132,0.212,0.312,0.212,,,30,30,,5,,,STOP_FIRST,TARGET_FIRST,NEITHER_5-60m,0.312,0.212,MIRRORED from original's own advATR/favATR at same real price path; does NOT include the extra spread cost of crossing to the opposite bid/ask side at entry (see report methodology note)
MAC_20260708070014_SELL_TREND_PULLBACK,MAC,2026.07.08 07:00:14,SELL,BUY,TREND_PULLBACK,SMART-GUARD,A,4124.15,4.56,N,,,,,,,,,,,,,,,,,,NEITHER_5-60m,NEITHER_5-60m,NEITHER_5-60m,,,MIRRORED from original's own advATR/favATR at same real price path; does NOT include the extra spread cost of crossing to the opposite bid/ask side at entry (see report methodology note)
MAC_20260708070242_SELL_TREND_PULLBACK,MAC,2026.07.08 07:02:42,SELL,BUY,TREND_PULLBACK,B-GRADE QUALITY BLOCK,B,4122.43,4.56,N,,0.388,0.0,0.388,0.0,0.388,0.0,0.388,0.0,0.704,0.0,5,5,60,,,,TARGET_FIRST,TARGET_FIRST,TARGET_FIRST,0.704,0.0,MIRRORED from original's own advATR/favATR at same real price path; does NOT include the extra spread cost of crossing to the opposite bid/ask side at entry (see report methodology note)
MAC_20260708070515_SELL_TREND_PULLBACK,MAC,2026.07.08 07:05:15,SELL,BUY,TREND_PULLBACK,SMART-GUARD,SKIP,4122.75,4.55,N,,0.36,0.0,0.36,0.0,0.36,0.0,0.36,0.0,0.676,0.0,5,5,60,,,,TARGET_FIRST,TARGET_FIRST,TARGET_FIRST,0.676,0.0,MIRRORED from original's own advATR/favATR at same real price path; does NOT include the extra spread cost of crossing to the opposite bid/ask side at entry (see report methodology note)
MAC_20260708080514_SELL_TREND_PULLBACK,MAC,2026.07.08 08:05:14,SELL,BUY,TREND_PULLBACK,B-GRADE QUALITY BLOCK,B,4129.45,3.68,N,,0.0,0.364,0.0,0.364,0.0,0.564,,,,,,,,5,5,15,STOP_FIRST,STOP_FIRST,STOP_FIRST,0.0,0.564,MIRRORED from original's own advATR/favATR at same real price path; does NOT include the extra spread cost of crossing to the opposite bid/ask side at entry (see report methodology note)
MAC_20260708081514_SELL_TREND_PULLBACK,MAC,2026.07.08 08:15:14,SELL,BUY,TREND_PULLBACK,SMART-GUARD,A,4125.66,3.81,N,,0.248,0.0,,,,,,,,,5,,,,,,TARGET_FIRST,NEITHER_5-60m,NEITHER_5-60m,0.248,0.0,MIRRORED from original's own advATR/favATR at same real price path; does NOT include the extra spread cost of crossing to the opposite bid/ask side at entry (see report methodology note)
MAC_20260708082833_SELL_TREND_PULLBACK,MAC,2026.07.08 08:28:33,SELL,BUY,TREND_PULLBACK,B-GRADE QUALITY BLOCK,B,4124.26,3.7,N,,0.336,0.092,0.344,0.092,0.436,0.092,0.5,0.092,0.772,0.524,5,5,30,60,60,60,TARGET_FIRST,TARGET_FIRST,TARGET_FIRST,0.772,0.524,MIRRORED from original's own advATR/favATR at same real price path; does NOT include the extra spread cost of crossing to the opposite bid/ask side at entry (see report methodology note)
MAC_20260708091014_SELL_TREND_PULLBACK,MAC,2026.07.08 09:10:14,SELL,BUY,TREND_PULLBACK,SMART-GUARD,SKIP,4124.75,4.48,N,,0.596,0.0,0.596,0.0,0.596,0.48,0.596,2.992,0.596,2.992,5,5,5,15,15,30,TARGET_FIRST,TARGET_FIRST,TARGET_FIRST,0.596,2.992,MIRRORED from original's own advATR/favATR at same real price path; does NOT include the extra spread cost of crossing to the opposite bid/ask side at entry (see report methodology note)
MAC_20260708111937_SELL_TREND_PULLBACK,MAC,2026.07.08 11:19:37,SELL,BUY,TREND_PULLBACK,BAD-RR TRUE BLOCK,A,4091.05,4.54,N,,0.04,0.492,0.04,0.492,0.04,1.108,,,,,,,,5,5,15,STOP_FIRST,STOP_FIRST,STOP_FIRST,0.04,1.108,MIRRORED from original's own advATR/favATR at same real price path; does NOT include the extra spread cost of crossing to the opposite bid/ask side at entry (see report methodology note)
MAC_20260708112107_SELL_BREAKOUT,MAC,2026.07.08 11:21:07,SELL,BUY,BREAKOUT,NEWS_ENTRY_BLOCKED_OVEREXTENDED,A,4091.05,7.21,N,,0.0,0.312,0.0,0.696,,,,,,,,,,5,5,10,STOP_FIRST,STOP_FIRST,STOP_FIRST,0.0,0.696,MIRRORED from original's own advATR/favATR at same real price path; does NOT include the extra spread cost of crossing to the opposite bid/ask side at entry (see report methodology note)
MAC_20260708113516_SELL_BREAKOUT,MAC,2026.07.08 11:35:16,SELL,BUY,BREAKOUT,NEWS_OBSERVING,A,4077.18,9.11,N,,,,,,,,,,,,,,,,,,NEITHER_5-60m,NEITHER_5-60m,NEITHER_5-60m,,,MIRRORED from original's own advATR/favATR at same real price path; does NOT include the extra spread cost of crossing to the opposite bid/ask side at entry (see report methodology note)
MAC_20260708114512_SELL_SQUEEZE_RELEASE,MAC,2026.07.08 11:45:12,SELL,BUY,SQUEEZE_RELEASE,Personality mismatch,PERSONALITY,4065.66,10.13,N,,0.0,0.124,0.0,0.124,0.0,0.492,,,,,,,,15,15,,STOP_FIRST,STOP_FIRST,NEITHER_5-60m,0.0,0.492,MIRRORED from original's own advATR/favATR at same real price path; does NOT include the extra spread cost of crossing to the opposite bid/ask side at entry (see report methodology note)
MAC_20260708115515_SELL_TREND_PULLBACK,MAC,2026.07.08 11:55:15,SELL,BUY,TREND_PULLBACK,BAD-LOCATION BLOCK,B,4064.15,10.62,N,,0.0,0.416,0.0,0.464,,,,,,,,,,5,5,,STOP_FIRST,STOP_FIRST,NEITHER_5-60m,0.0,0.464,MIRRORED from original's own advATR/favATR at same real price path; does NOT include the extra spread cost of crossing to the opposite bid/ask side at entry (see report methodology note)
MAC_20260708120514_SELL_SQUEEZE_RELEASE,MAC,2026.07.08 12:05:14,SELL,BUY,SQUEEZE_RELEASE,BAD-TIMING BLOCK,A,4052.93,11.38,N,,,,,,,,,,,,,,,,,,NEITHER_5-60m,NEITHER_5-60m,NEITHER_5-60m,,,MIRRORED from original's own advATR/favATR at same real price path; does NOT include the extra spread cost of crossing to the opposite bid/ask side at entry (see report methodology note)
MAC_20260708121513_SELL_TREND_PULLBACK,MAC,2026.07.08 12:15:13,SELL,BUY,TREND_PULLBACK,BAD-LOCATION BLOCK,B,4056.8,11.68,N,,0.092,0.036,0.092,0.036,0.092,0.036,0.092,0.38,0.092,0.504,,,,30,30,60,STOP_FIRST,STOP_FIRST,STOP_FIRST,0.092,0.504,MIRRORED from original's own advATR/favATR at same real price path; does NOT include the extra spread cost of crossing to the opposite bid/ask side at entry (see report methodology note)
MAC_20260708124013_SELL_TREND_PULLBACK,MAC,2026.07.08 12:40:13,SELL,BUY,TREND_PULLBACK,Personality mismatch,PERSONALITY,4052.28,8.71,N,,0.0,0.3,0.016,0.3,0.016,0.3,0.016,0.468,,,,,,5,5,,STOP_FIRST,STOP_FIRST,NEITHER_5-60m,0.016,0.468,MIRRORED from original's own advATR/favATR at same real price path; does NOT include the extra spread cost of crossing to the opposite bid/ask side at entry (see report methodology note)
MAC_20260708130629_SELL_TREND_PULLBACK,MAC,2026.07.08 13:06:29,SELL,BUY,TREND_PULLBACK,TRUE-LATE BLOCK,B,4044.2,6.87,N,,0.0,0.06,0.056,0.06,0.512,0.06,,,,,15,15,15,,,,TARGET_FIRST,TARGET_FIRST,TARGET_FIRST,0.512,0.06,MIRRORED from original's own advATR/favATR at same real price path; does NOT include the extra spread cost of crossing to the opposite bid/ask side at entry (see report methodology note)
MAC_20260708132724_SELL_TREND_PULLBACK,MAC,2026.07.08 13:27:24,SELL,BUY,TREND_PULLBACK,FAILED-IMPULSE BLOCK,A,4050.18,6.38,N,,0.236,0.0,0.268,0.0,0.432,0.0,,,,,5,15,,,,,TARGET_FIRST,TARGET_FIRST,NEITHER_5-60m,0.432,0.0,MIRRORED from original's own advATR/favATR at same real price path; does NOT include the extra spread cost of crossing to the opposite bid/ask side at entry (see report methodology note)
MAC_20260708133039_SELL_TREND_PULLBACK,MAC,2026.07.08 13:30:39,SELL,BUY,TREND_PULLBACK,Trade blocked — RSI divergence (exhaustion vs price extreme),A,4051.99,6.17,N,,0.16,0.0,0.332,0.0,0.332,0.0,,,,,10,10,,,,,TARGET_FIRST,TARGET_FIRST,NEITHER_5-60m,0.332,0.0,MIRRORED from original's own advATR/favATR at same real price path; does NOT include the extra spread cost of crossing to the opposite bid/ask side at entry (see report methodology note)
MAC_20260708144702_BUY_TREND_PULLBACK,MAC,2026.07.08 14:47:02,BUY,SELL,TREND_PULLBACK,SMART-GUARD,SKIP,4071.66,6.3,N,,0.608,0.0,,,,,,,,,5,5,5,,,,TARGET_FIRST,TARGET_FIRST,TARGET_FIRST,0.608,0.0,MIRRORED from original's own advATR/favATR at same real price path; does NOT include the extra spread cost of crossing to the opposite bid/ask side at entry (see report methodology note)
MAC_20260708145516_SELL_TREND_PULLBACK,MAC,2026.07.08 14:55:16,SELL,BUY,TREND_PULLBACK,FAILED-IMPULSE BLOCK,A,4063.73,6.75,N,,,,,,,,,,,,,,,,,,NEITHER_5-60m,NEITHER_5-60m,NEITHER_5-60m,,,MIRRORED from original's own advATR/favATR at same real price path; does NOT include the extra spread cost of crossing to the opposite bid/ask side at entry (see report methodology note)
MAC_20260708145917_SELL_TREND_PULLBACK,MAC,2026.07.08 14:59:17,SELL,BUY,TREND_PULLBACK,FAILED-IMPULSE BLOCK,A,4061.71,6.75,Y,60,0.844,0.092,0.844,0.092,0.844,0.092,0.844,0.092,1.284,0.092,5,5,5,,,,TARGET_FIRST,TARGET_FIRST,TARGET_FIRST,1.284,0.092,MIRRORED from original's own advATR/favATR at same real price path; does NOT include the extra spread cost of crossing to the opposite bid/ask side at entry (see report methodology note)
MAC_20260708150049_SELL_TREND_PULLBACK,MAC,2026.07.08 15:00:49,SELL,BUY,TREND_PULLBACK,A+ EVIDENCE DEMOTION,A,4060.11,6.81,Y,60,0.932,0.0,0.932,0.0,0.932,0.0,0.932,0.0,1.364,0.0,5,5,5,,,,TARGET_FIRST,TARGET_FIRST,TARGET_FIRST,1.364,0.0,MIRRORED from original's own advATR/favATR at same real price path; does NOT include the extra spread cost of crossing to the opposite bid/ask side at entry (see report methodology note)
MAC_20260708151915_BUY_BREAKOUT,MAC,2026.07.08 15:19:15,BUY,SELL,BREAKOUT,SMART-GUARD,A,4075.9,7.03,N,,0.472,0.0,0.472,0.0,0.472,0.0,0.472,0.384,,,5,5,,30,30,,TARGET_FIRST,TARGET_FIRST,NEITHER_5-60m,0.472,0.384,MIRRORED from original's own advATR/favATR at same real price path; does NOT include the extra spread cost of crossing to the opposite bid/ask side at entry (see report methodology note)
MAC_20260708152044_BUY_BREAKOUT,MAC,2026.07.08 15:20:44,BUY,SELL,BREAKOUT,SMC_HARD_CONFLICT,B,4072.04,7.24,N,,0.244,0.04,0.244,0.04,0.244,0.116,0.244,0.624,,,5,,,30,30,30,TARGET_FIRST,STOP_FIRST,STOP_FIRST,0.244,0.624,MIRRORED from original's own advATR/favATR at same real price path; does NOT include the extra spread cost of crossing to the opposite bid/ask side at entry (see report methodology note)
MAC_20260708154514_BUY_TREND_PULLBACK,MAC,2026.07.08 15:45:14,BUY,SELL,TREND_PULLBACK,B-GRADE QUALITY BLOCK,B,4078.02,8.12,N,,0.0,0.228,0.0,0.264,0.168,0.264,,,,,,,,5,,,STOP_FIRST,NEITHER_5-60m,NEITHER_5-60m,0.168,0.264,MIRRORED from original's own advATR/favATR at same real price path; does NOT include the extra spread cost of crossing to the opposite bid/ask side at entry (see report methodology note)
MAC_20260708155021_BUY_TREND_PULLBACK,MAC,2026.07.08 15:50:21,BUY,SELL,TREND_PULLBACK,SMART-GUARD,SKIP,4082.63,8.16,N,,0.392,0.036,0.392,0.036,0.516,0.036,,,,,5,5,15,,,,TARGET_FIRST,TARGET_FIRST,TARGET_FIRST,0.516,0.036,MIRRORED from original's own advATR/favATR at same real price path; does NOT include the extra spread cost of crossing to the opposite bid/ask side at entry (see report methodology note)
MAC_20260708160517_SELL_TREND_PULLBACK,MAC,2026.07.08 16:05:17,SELL,BUY,TREND_PULLBACK,B-GRADE QUALITY BLOCK,B,4078.82,7.38,N,,,,,,,,,,,,,,,,,,NEITHER_5-60m,NEITHER_5-60m,NEITHER_5-60m,,,MIRRORED from original's own advATR/favATR at same real price path; does NOT include the extra spread cost of crossing to the opposite bid/ask side at entry (see report methodology note)
MAC_20260708170945_SELL_TREND_PULLBACK,MAC,2026.07.08 17:09:45,SELL,BUY,TREND_PULLBACK,STI_REENTRY_WAIT ,A,4065.0,8.67,N,,0.0,0.36,0.0,0.508,0.0,0.508,0.0,0.872,0.0,1.524,,,,5,5,10,STOP_FIRST,STOP_FIRST,STOP_FIRST,0.0,1.524,MIRRORED from original's own advATR/favATR at same real price path; does NOT include the extra spread cost of crossing to the opposite bid/ask side at entry (see report methodology note)
MAC_20260708171520_SELL_BREAKOUT,MAC,2026.07.08 17:15:20,SELL,BUY,BREAKOUT,STI_REENTRY_WAIT ,B,4057.15,8.06,N,,0.152,0.156,0.18,0.156,0.18,0.156,0.18,1.112,0.18,1.248,,,,30,30,30,STOP_FIRST,STOP_FIRST,STOP_FIRST,0.18,1.248,MIRRORED from original's own advATR/favATR at same real price path; does NOT include the extra spread cost of crossing to the opposite bid/ask side at entry (see report methodology note)
MAC_20260708172517_SELL_SQUEEZE_RELEASE,MAC,2026.07.08 17:25:17,SELL,BUY,SQUEEZE_RELEASE,CALIBRATED_ENTRY_QUALITY,B,4060.23,8.21,N,,0.028,0.264,0.028,0.688,0.028,1.18,0.028,1.244,0.028,1.52,,,,5,10,10,STOP_FIRST,STOP_FIRST,STOP_FIRST,0.028,1.52,MIRRORED from original's own advATR/favATR at same real price path; does NOT include the extra spread cost of crossing to the opposite bid/ask side at entry (see report methodology note)
MAC_20260708173017_SELL_TREND_PULLBACK,MAC,2026.07.08 17:30:17,SELL,BUY,TREND_PULLBACK,CALIBRATED_ENTRY_QUALITY,B,4060.6,8.4,N,,0.0,0.692,0.0,1.172,0.0,1.232,0.0,1.232,0.0,1.772,,,,5,5,5,STOP_FIRST,STOP_FIRST,STOP_FIRST,0.0,1.772,MIRRORED from original's own advATR/favATR at same real price path; does NOT include the extra spread cost of crossing to the opposite bid/ask side at entry (see report methodology note)
MAC_20260708173517_SELL_TREND_PULLBACK,MAC,2026.07.08 17:35:17,SELL,BUY,TREND_PULLBACK,TREND-CONTINUATION MODE,A,4054.83,8.5,N,,0.0,0.412,0.0,0.948,0.0,0.948,0.0,0.948,0.0,1.48,,,,5,5,10,STOP_FIRST,STOP_FIRST,STOP_FIRST,0.0,1.48,MIRRORED from original's own advATR/favATR at same real price path; does NOT include the extra spread cost of crossing to the opposite bid/ask side at entry (see report methodology note)
MAC_20260708174517_SELL_BREAKOUT,MAC,2026.07.08 17:45:17,SELL,BUY,BREAKOUT,TREND-CONTINUATION MODE,A,4035.52,8.82,N,,0.0,0.036,0.408,0.036,0.408,0.036,0.408,0.16,0.408,0.548,10,10,,60,60,60,TARGET_FIRST,TARGET_FIRST,STOP_FIRST,0.408,0.548,MIRRORED from original's own advATR/favATR at same real price path; does NOT include the extra spread cost of crossing to the opposite bid/ask side at entry (see report methodology note)
MAC_20260708175019_SELL_SQUEEZE_RELEASE,MAC,2026.07.08 17:50:19,SELL,BUY,SQUEEZE_RELEASE,TREND-CONTINUATION MODE,B,4034.83,8.73,N,,0.444,0.0,0.444,0.0,0.444,0.132,0.444,0.264,0.444,0.524,5,5,,30,60,60,TARGET_FIRST,TARGET_FIRST,STOP_FIRST,0.444,0.524,MIRRORED from original's own advATR/favATR at same real price path; does NOT include the extra spread cost of crossing to the opposite bid/ask side at entry (see report methodology note)
MAC_20260708180019_SELL_SQUEEZE_RELEASE,MAC,2026.07.08 18:00:19,SELL,BUY,SQUEEZE_RELEASE,BAD-LOCATION BLOCK,A,4037.75,8.56,N,,0.044,0.0,0.044,0.268,0.044,0.316,0.044,0.672,0.044,0.672,,,,10,15,30,STOP_FIRST,STOP_FIRST,STOP_FIRST,0.044,0.672,MIRRORED from original's own advATR/favATR at same real price path; does NOT include the extra spread cost of crossing to the opposite bid/ask side at entry (see report methodology note)
MAC_20260708181818_SELL_SQUEEZE_RELEASE,MAC,2026.07.08 18:18:18,SELL,BUY,SQUEEZE_RELEASE,STI_REENTRY_WAIT ,A,4032.42,8.91,N,,0.0,0.152,0.0,0.152,0.0,0.404,0.032,0.404,,,,,,15,15,,STOP_FIRST,STOP_FIRST,NEITHER_5-60m,0.032,0.404,MIRRORED from original's own advATR/favATR at same real price path; does NOT include the extra spread cost of crossing to the opposite bid/ask side at entry (see report methodology note)
MAC_20260708183018_SELL_TREND_PULLBACK,MAC,2026.07.08 18:30:18,SELL,BUY,TREND_PULLBACK,Personality mismatch,PERSONALITY,4029.05,8.72,N,,0.0,0.26,0.084,0.26,0.164,0.26,0.368,0.26,,,30,30,,5,,,STOP_FIRST,TARGET_FIRST,NEITHER_5-60m,0.368,0.26,MIRRORED from original's own advATR/favATR at same real price path; does NOT include the extra spread cost of crossing to the opposite bid/ask side at entry (see report methodology note)
MAC_20260708194441_SELL_TREND_PULLBACK,MAC,2026.07.08 19:44:41,SELL,BUY,TREND_PULLBACK,CALIBRATED_ENTRY_QUALITY,A,4053.58,5.53,Y,30,0.348,0.0,0.628,0.0,0.696,0.0,1.916,0.0,2.256,0.0,5,5,10,,,,TARGET_FIRST,TARGET_FIRST,TARGET_FIRST,2.256,0.0,MIRRORED from original's own advATR/favATR at same real price path; does NOT include the extra spread cost of crossing to the opposite bid/ask side at entry (see report methodology note)
MAC_20260708194609_BUY_BREAKOUT,MAC,2026.07.08 19:46:09,BUY,SELL,BREAKOUT,SMC_HARD_CONFLICT,B,4056.46,5.79,N,,0.0,0.404,0.0,0.44,0.0,0.464,0.0,1.632,0.0,1.956,,,,5,5,30,STOP_FIRST,STOP_FIRST,STOP_FIRST,0.0,1.956,MIRRORED from original's own advATR/favATR at same real price path; does NOT include the extra spread cost of crossing to the opposite bid/ask side at entry (see report methodology note)
MAC_20260708194610_BUY_BREAKOUT,MAC,2026.07.08 19:46:10,BUY,SELL,BREAKOUT,SMART-GUARD,SKIP,4056.49,5.79,N,,0.0,0.4,0.0,0.44,0.0,0.464,0.0,1.628,0.0,1.956,,,,5,5,30,STOP_FIRST,STOP_FIRST,STOP_FIRST,0.0,1.956,MIRRORED from original's own advATR/favATR at same real price path; does NOT include the extra spread cost of crossing to the opposite bid/ask side at entry (see report methodology note)
MAC_20260708195004_BUY_BREAKOUT,MAC,2026.07.08 19:50:04,BUY,SELL,BREAKOUT,Personality mismatch,PERSONALITY,4058.41,5.63,N,,0.0,0.316,0.0,0.34,0.0,0.34,0.0,1.54,0.0,1.876,,,,5,5,30,STOP_FIRST,STOP_FIRST,STOP_FIRST,0.0,1.876,MIRRORED from original's own advATR/favATR at same real price path; does NOT include the extra spread cost of crossing to the opposite bid/ask side at entry (see report methodology note)
MAC_20260708214516_BUY_TREND_PULLBACK,MAC,2026.07.08 21:45:16,BUY,SELL,TREND_PULLBACK,Personality mismatch,PERSONALITY,4080.83,5.04,N,,0.0,0.836,0.0,0.836,0.0,0.836,0.0,0.836,0.148,0.836,,,,5,5,5,STOP_FIRST,STOP_FIRST,STOP_FIRST,0.148,0.836,MIRRORED from original's own advATR/favATR at same real price path; does NOT include the extra spread cost of crossing to the opposite bid/ask side at entry (see report methodology note)
MAC_20260708215009_BUY_BREAKOUT,MAC,2026.07.08 21:50:09,BUY,SELL,BREAKOUT,B-GRADE QUALITY BLOCK,B,4091.51,5.68,N,,0.528,0.0,0.624,0.0,0.624,0.0,0.624,0.0,0.884,0.0,5,5,5,,,,TARGET_FIRST,TARGET_FIRST,TARGET_FIRST,0.884,0.0,MIRRORED from original's own advATR/favATR at same real price path; does NOT include the extra spread cost of crossing to the opposite bid/ask side at entry (see report methodology note)
MAC_20260708215532_BUY_BREAKOUT,MAC,2026.07.08 21:55:32,BUY,SELL,BREAKOUT,Personality mismatch,PERSONALITY,4083.98,6.01,N,,0.092,0.364,0.092,0.364,0.092,0.364,0.092,0.364,0.336,0.364,60,60,,5,5,,STOP_FIRST,STOP_FIRST,NEITHER_5-60m,0.336,0.364,MIRRORED from original's own advATR/favATR at same real price path; does NOT include the extra spread cost of crossing to the opposite bid/ask side at entry (see report methodology note)
MAC_20260708220047_SELL_TREND_PULLBACK,MAC,2026.07.08 22:00:47,SELL,BUY,TREND_PULLBACK,SMART-GUARD,A,4089.57,6.02,N,,0.0,0.144,0.0,0.176,0.0,0.176,0.0,0.192,0.0,0.708,,,,60,60,60,STOP_FIRST,STOP_FIRST,STOP_FIRST,0.0,0.708,MIRRORED from original's own advATR/favATR at same real price path; does NOT include the extra spread cost of crossing to the opposite bid/ask side at entry (see report methodology note)
MAC_20260708230953_SELL_TREND_PULLBACK,MAC,2026.07.08 23:09:53,SELL,BUY,TREND_PULLBACK,SMART-GUARD,A,4079.71,5.02,N,,,,,,,,,,,,,,,,,,NEITHER_5-60m,NEITHER_5-60m,NEITHER_5-60m,,,MIRRORED from original's own advATR/favATR at same real price path; does NOT include the extra spread cost of crossing to the opposite bid/ask side at entry (see report methodology note)
MAC_20260708232225_SELL_TREND_PULLBACK,MAC,2026.07.08 23:22:25,SELL,BUY,TREND_PULLBACK,B-GRADE QUALITY BLOCK,B,4079.71,5.02,N,,0.016,0.0,0.016,0.0,0.016,0.188,0.016,0.324,0.016,0.324,,,,30,30,,STOP_FIRST,STOP_FIRST,NEITHER_5-60m,0.016,0.324,MIRRORED from original's own advATR/favATR at same real price path; does NOT include the extra spread cost of crossing to the opposite bid/ask side at entry (see report methodology note)
MAC_20260709010022_SELL_TREND_PULLBACK,MAC,2026.07.09 01:00:22,SELL,BUY,TREND_PULLBACK,SMART-GUARD,A,4076.97,4.38,N,,0.08,0.12,0.08,0.12,0.08,0.12,0.08,0.12,0.204,0.132,60,,,,,,TARGET_FIRST,NEITHER_5-60m,NEITHER_5-60m,0.204,0.132,MIRRORED from original's own advATR/favATR at same real price path; does NOT include the extra spread cost of crossing to the opposite bid/ask side at entry (see report methodology note)
MAC_20260709020520_SELL_TREND_PULLBACK,MAC,2026.07.09 02:05:20,SELL,BUY,TREND_PULLBACK,SMART-GUARD,A+,4075.47,3.67,N,,0.14,0.0,0.14,0.0,0.14,0.0,0.164,0.0,0.472,0.252,60,60,,60,,,SIMULTANEOUS_SAME_CHECKPOINT,TARGET_FIRST,NEITHER_5-60m,0.472,0.252,MIRRORED from original's own advATR/favATR at same real price path; does NOT include the extra spread cost of crossing to the opposite bid/ask side at entry (see report methodology note)
MAC_20260709022524_SELL_TREND_PULLBACK,MAC,2026.07.09 02:25:24,SELL,BUY,TREND_PULLBACK,B-GRADE QUALITY BLOCK,B,4076.0,2.5,Y,60,0.152,0.052,0.152,0.052,0.152,0.096,0.224,0.456,2.052,0.456,30,60,60,30,30,,SIMULTANEOUS_SAME_CHECKPOINT,STOP_FIRST,TARGET_FIRST,2.052,0.456,MIRRORED from original's own advATR/favATR at same real price path; does NOT include the extra spread cost of crossing to the opposite bid/ask side at entry (see report methodology note)
MAC_20260709025003_SELL_TREND_PULLBACK,MAC,2026.07.09 02:50:03,SELL,BUY,TREND_PULLBACK,A+ EVIDENCE DEMOTION,A,4072.59,2.48,Y,15,0.444,0.0,0.776,0.0,1.16,0.0,2.612,0.0,2.612,0.164,5,5,10,,,,TARGET_FIRST,TARGET_FIRST,TARGET_FIRST,2.612,0.164,MIRRORED from original's own advATR/favATR at same real price path; does NOT include the extra spread cost of crossing to the opposite bid/ask side at entry (see report methodology note)
MAC_20260709030502_BUY_BREAKOUT,MAC,2026.07.09 03:05:02,BUY,SELL,BREAKOUT,SMC_HARD_CONFLICT,B,4079.88,2.82,Y,60,0.08,0.0,0.08,1.272,0.08,1.272,0.328,1.272,1.652,1.272,30,30,60,10,10,10,STOP_FIRST,STOP_FIRST,STOP_FIRST,1.652,1.272,MIRRORED from original's own advATR/favATR at same real price path; does NOT include the extra spread cost of crossing to the opposite bid/ask side at entry (see report methodology note)
MAC_20260709030503_BUY_BREAKOUT,MAC,2026.07.09 03:05:03,BUY,SELL,BREAKOUT,NEWS_ENTRY_BLOCKED_POOR_RR,SKIP,4080.0,2.82,Y,60,0.1,0.0,0.1,1.252,0.1,1.252,0.344,1.252,1.668,1.252,30,30,60,10,10,10,STOP_FIRST,STOP_FIRST,STOP_FIRST,1.668,1.252,MIRRORED from original's own advATR/favATR at same real price path; does NOT include the extra spread cost of crossing to the opposite bid/ask side at entry (see report methodology note)
MAC_20260709031008_SELL_TREND_PULLBACK,MAC,2026.07.09 03:10:08,SELL,BUY,TREND_PULLBACK,SMART-GUARD,A+,4078.44,3.04,Y,5,1.368,0.0,1.368,0.112,1.368,0.112,1.368,0.232,1.368,1.34,5,5,5,30,60,60,TARGET_FIRST,TARGET_FIRST,TARGET_FIRST,1.368,1.34,MIRRORED from original's own advATR/favATR at same real price path; does NOT include the extra spread cost of crossing to the opposite bid/ask side at entry (see report methodology note)
MAC_20260709031505_BUY_BREAKOUT,MAC,2026.07.09 03:15:05,BUY,SELL,BREAKOUT,B-GRADE QUALITY BLOCK,B,4089.72,3.52,Y,10,0.572,0.0,1.38,0.0,1.38,0.0,1.484,0.0,2.44,0.0,5,5,5,,,,TARGET_FIRST,TARGET_FIRST,TARGET_FIRST,2.44,0.0,MIRRORED from original's own advATR/favATR at same real price path; does NOT include the extra spread cost of crossing to the opposite bid/ask side at entry (see report methodology note)
MAC_20260709032507_SELL_SQUEEZE_RELEASE,MAC,2026.07.09 03:25:07,SELL,BUY,SQUEEZE_RELEASE,NEWS_ENTRY_BLOCKED_OVEREXTENDED,A,4077.41,4.45,N,,0.112,0.0,0.204,0.0,0.204,0.068,0.204,0.524,,,10,,,30,30,30,TARGET_FIRST,STOP_FIRST,STOP_FIRST,0.204,0.524,MIRRORED from original's own advATR/favATR at same real price path; does NOT include the extra spread cost of crossing to the opposite bid/ask side at entry (see report methodology note)
MAC_20260709043003_SELL_TREND_PULLBACK,MAC,2026.07.09 04:30:03,SELL,BUY,TREND_PULLBACK,A+ EVIDENCE DEMOTION,A,4066.79,6.33,N,,0.304,0.0,0.304,0.0,0.304,0.0,0.304,0.104,0.304,0.104,5,5,,,,,TARGET_FIRST,TARGET_FIRST,NEITHER_5-60m,0.304,0.104,MIRRORED from original's own advATR/favATR at same real price path; does NOT include the extra spread cost of crossing to the opposite bid/ask side at entry (see report methodology note)
MAC_20260709055437_SELL_TREND_PULLBACK,MAC,2026.07.09 05:54:37,SELL,BUY,TREND_PULLBACK,STI_REENTRY_WAIT ,A,4067.36,4.37,N,,0.128,0.204,0.128,0.204,0.128,0.66,0.128,1.012,0.128,1.012,,,,5,15,15,STOP_FIRST,STOP_FIRST,STOP_FIRST,0.128,1.012,MIRRORED from original's own advATR/favATR at same real price path; does NOT include the extra spread cost of crossing to the opposite bid/ask side at entry (see report methodology note)
MAC_20260709060509_SELL_TREND_PULLBACK,MAC,2026.07.09 06:05:09,SELL,BUY,TREND_PULLBACK,A+ EVIDENCE DEMOTION,A,4066.84,4.24,N,,0.0,0.792,0.0,0.992,0.0,0.992,0.0,0.992,0.0,0.992,,,,5,5,5,STOP_FIRST,STOP_FIRST,STOP_FIRST,0.0,0.992,MIRRORED from original's own advATR/favATR at same real price path; does NOT include the extra spread cost of crossing to the opposite bid/ask side at entry (see report methodology note)
MAC_20260709062007_SELL_BREAKOUT,MAC,2026.07.09 06:20:07,SELL,BUY,BREAKOUT,A+ EVIDENCE DEMOTION,A,4055.79,4.81,N,,0.304,0.0,0.62,0.0,0.62,0.0,0.62,0.0,0.62,0.0,5,5,10,,,,TARGET_FIRST,TARGET_FIRST,TARGET_FIRST,0.62,0.0,MIRRORED from original's own advATR/favATR at same real price path; does NOT include the extra spread cost of crossing to the opposite bid/ask side at entry (see report methodology note)
MAC_20260709062508_SELL_SQUEEZE_RELEASE,MAC,2026.07.09 06:25:08,SELL,BUY,SQUEEZE_RELEASE,A+ EVIDENCE DEMOTION,A,4059.15,4.85,N,,0.34,0.088,0.34,0.088,0.34,0.088,0.34,0.088,0.34,0.088,5,5,,,,,TARGET_FIRST,TARGET_FIRST,NEITHER_5-60m,0.34,0.088,MIRRORED from original's own advATR/favATR at same real price path; does NOT include the extra spread cost of crossing to the opposite bid/ask side at entry (see report methodology note)
MAC_20260709071508_SELL_TREND_PULLBACK,MAC,2026.07.09 07:15:08,SELL,BUY,TREND_PULLBACK,STI_REENTRY_WAIT ,A+,4059.93,4.22,Y,60,0.0,0.116,0.308,0.116,0.308,0.116,0.324,0.216,1.268,0.216,10,10,60,30,,,TARGET_FIRST,TARGET_FIRST,TARGET_FIRST,1.268,0.216,MIRRORED from original's own advATR/favATR at same real price path; does NOT include the extra spread cost of crossing to the opposite bid/ask side at entry (see report methodology note)
MAC_20260709072655_SELL_TREND_PULLBACK,MAC,2026.07.09 07:26:55,SELL,BUY,TREND_PULLBACK,A+ EVIDENCE DEMOTION,A,4058.71,3.73,Y,60,0.476,0.0,0.496,0.0,0.496,0.112,0.612,0.112,1.564,0.112,5,5,30,,,,TARGET_FIRST,TARGET_FIRST,TARGET_FIRST,1.564,0.112,MIRRORED from original's own advATR/favATR at same real price path; does NOT include the extra spread cost of crossing to the opposite bid/ask side at entry (see report methodology note)
MAC_20260709080505_BUY_TREND_PULLBACK,MAC,2026.07.09 08:05:05,BUY,SELL,TREND_PULLBACK,SMART-GUARD,SKIP,4067.0,4.13,N,,0.0,0.612,0.0,0.612,0.0,0.612,0.0,0.912,0.0,2.484,,,,5,5,5,STOP_FIRST,STOP_FIRST,STOP_FIRST,0.0,2.484,MIRRORED from original's own advATR/favATR at same real price path; does NOT include the extra spread cost of crossing to the opposite bid/ask side at entry (see report methodology note)
MAC_20260709081504_BUY_BREAKOUT,MAC,2026.07.09 08:15:04,BUY,SELL,BREAKOUT,TREND-CONTINUATION MODE,A,4073.19,4.3,N,,0.376,0.0,0.44,0.0,0.44,0.0,0.44,0.66,,,5,5,,30,30,30,TARGET_FIRST,TARGET_FIRST,STOP_FIRST,0.44,0.66,MIRRORED from original's own advATR/favATR at same real price path; does NOT include the extra spread cost of crossing to the opposite bid/ask side at entry (see report methodology note)
MAC_20260709084006_BUY_BREAKOUT,MAC,2026.07.09 08:40:06,BUY,SELL,BREAKOUT,B-GRADE QUALITY BLOCK,B,4076.57,5.41,N,,0.088,0.276,0.088,0.276,0.088,0.384,0.088,1.188,,,,,,5,15,30,STOP_FIRST,STOP_FIRST,STOP_FIRST,0.088,1.188,MIRRORED from original's own advATR/favATR at same real price path; does NOT include the extra spread cost of crossing to the opposite bid/ask side at entry (see report methodology note)
MAC_20260709100002_BUY_TREND_PULLBACK,MAC,2026.07.09 10:00:02,BUY,SELL,TREND_PULLBACK,Personality mismatch,PERSONALITY,4107.24,6.34,N,,0.044,0.152,0.112,0.152,0.288,0.152,0.288,0.152,0.288,0.216,15,,,60,,,TARGET_FIRST,NEITHER_5-60m,NEITHER_5-60m,0.288,0.216,MIRRORED from original's own advATR/favATR at same real price path; does NOT include the extra spread cost of crossing to the opposite bid/ask side at entry (see report methodology note)
MAC_20260709101506_BUY_TREND_PULLBACK,MAC,2026.07.09 10:15:06,BUY,SELL,TREND_PULLBACK,CALIBRATED_ENTRY_QUALITY,B,4102.89,5.28,N,,0.0,0.212,0.0,0.46,0.0,0.46,0.0,0.588,0.0,0.588,,,,5,10,30,STOP_FIRST,STOP_FIRST,STOP_FIRST,0.0,0.588,MIRRORED from original's own advATR/favATR at same real price path; does NOT include the extra spread cost of crossing to the opposite bid/ask side at entry (see report methodology note)
MAC_20260709102007_BUY_TREND_PULLBACK,MAC,2026.07.09 10:20:07,BUY,SELL,TREND_PULLBACK,BAD-LOCATION BLOCK,B,4104.01,5.16,N,,0.0,0.384,0.0,0.384,0.0,0.384,0.0,0.516,0.0,0.516,,,,5,5,30,STOP_FIRST,STOP_FIRST,STOP_FIRST,0.0,0.516,MIRRORED from original's own advATR/favATR at same real price path; does NOT include the extra spread cost of crossing to the opposite bid/ask side at entry (see report methodology note)
MAC_20260709112511_BUY_TREND_PULLBACK,MAC,2026.07.09 11:25:11,BUY,SELL,TREND_PULLBACK,TREND-CONTINUATION MODE,B,4115.29,4.46,N,,0.348,0.0,0.348,0.0,0.348,0.0,0.616,0.0,0.788,0.0,5,5,30,,,,TARGET_FIRST,TARGET_FIRST,TARGET_FIRST,0.788,0.0,MIRRORED from original's own advATR/favATR at same real price path; does NOT include the extra spread cost of crossing to the opposite bid/ask side at entry (see report methodology note)
MAC_20260709113509_BUY_TREND_PULLBACK,MAC,2026.07.09 11:35:09,BUY,SELL,TREND_PULLBACK,CALIBRATED_ENTRY_QUALITY,B,4112.38,4.59,N,,0.0,0.196,0.24,0.196,0.24,0.196,0.512,0.196,0.604,0.196,10,30,30,,,,TARGET_FIRST,TARGET_FIRST,TARGET_FIRST,0.604,0.196,MIRRORED from original's own advATR/favATR at same real price path; does NOT include the extra spread cost of crossing to the opposite bid/ask side at entry (see report methodology note)
MAC_20260709131012_BUY_TREND_PULLBACK,MAC,2026.07.09 13:10:12,BUY,SELL,TREND_PULLBACK,CALIBRATED_ENTRY_QUALITY,A,4107.56,3.52,Y,60,0.236,0.0,0.304,0.0,0.332,0.0,0.372,0.0,1.208,0.0,5,10,60,,,,TARGET_FIRST,TARGET_FIRST,TARGET_FIRST,1.208,0.0,MIRRORED from original's own advATR/favATR at same real price path; does NOT include the extra spread cost of crossing to the opposite bid/ask side at entry (see report methodology note)
MAC_20260709132019_BUY_TREND_PULLBACK,MAC,2026.07.09 13:20:19,BUY,SELL,TREND_PULLBACK,TREND-CONTINUATION MODE,A,4105.58,3.41,Y,30,0.112,0.0,0.132,0.0,0.152,0.0,1.012,0.0,,,30,30,30,,,,TARGET_FIRST,TARGET_FIRST,TARGET_FIRST,1.012,0.0,MIRRORED from original's own advATR/favATR at same real price path; does NOT include the extra spread cost of crossing to the opposite bid/ask side at entry (see report methodology note)
MAC_20260709135505_SELL_BREAKOUT,MAC,2026.07.09 13:55:05,SELL,BUY,BREAKOUT,SMART-GUARD,A+,4096.46,3.16,Y,15,0.884,0.0,0.884,0.0,1.0,0.0,,,,,5,5,5,,,,TARGET_FIRST,TARGET_FIRST,TARGET_FIRST,1.0,0.0,MIRRORED from original's own advATR/favATR at same real price path; does NOT include the extra spread cost of crossing to the opposite bid/ask side at entry (see report methodology note)
MAC_20260709140004_SELL_TREND_PULLBACK,MAC,2026.07.09 14:00:04,SELL,BUY,TREND_PULLBACK,SMART-GUARD,A,4098.77,3.4,N,,0.548,0.0,0.548,0.0,0.656,0.0,,,,,5,5,5,,,,TARGET_FIRST,TARGET_FIRST,TARGET_FIRST,0.656,0.0,MIRRORED from original's own advATR/favATR at same real price path; does NOT include the extra spread cost of crossing to the opposite bid/ask side at entry (see report methodology note)
MAC_20260709143512_BUY_TREND_PULLBACK,MAC,2026.07.09 14:35:12,BUY,SELL,TREND_PULLBACK,TREND-CONTINUATION MODE,A,4101.86,3.75,N,,0.0,0.496,0.0,0.496,0.0,0.6,0.0,1.476,0.0,1.704,,,,5,5,15,STOP_FIRST,STOP_FIRST,STOP_FIRST,0.0,1.704,MIRRORED from original's own advATR/favATR at same real price path; does NOT include the extra spread cost of crossing to the opposite bid/ask side at entry (see report methodology note)
MAC_20260709150505_BUY_TREND_PULLBACK,MAC,2026.07.09 15:05:05,BUY,SELL,TREND_PULLBACK,BAD-LOCATION BLOCK,A,4107.75,4.14,N,,0.0,0.972,0.0,1.284,0.0,1.284,0.0,1.284,0.0,1.284,,,,5,5,5,STOP_FIRST,STOP_FIRST,STOP_FIRST,0.0,1.284,MIRRORED from original's own advATR/favATR at same real price path; does NOT include the extra spread cost of crossing to the opposite bid/ask side at entry (see report methodology note)
MAC_20260709151000_BUY_TREND_PULLBACK,MAC,2026.07.09 15:10:00,BUY,SELL,TREND_PULLBACK,BAD-LOCATION BLOCK,A,4115.82,4.14,N,,0.032,0.164,0.032,0.584,0.28,0.584,0.28,0.584,0.664,0.584,15,60,60,10,10,10,STOP_FIRST,STOP_FIRST,STOP_FIRST,0.664,0.584,MIRRORED from original's own advATR/favATR at same real price path; does NOT include the extra spread cost of crossing to the opposite bid/ask side at entry (see report methodology note)
MAC_20260709154005_BUY_TREND_PULLBACK,MAC,2026.07.09 15:40:05,BUY,SELL,TREND_PULLBACK,NEWS_ENTRY_BLOCKED_OVEREXTENDED,A,4121.98,5.49,N,,0.652,0.0,0.716,0.0,0.948,0.0,0.948,0.0,0.948,0.328,5,5,5,60,60,,TARGET_FIRST,TARGET_FIRST,TARGET_FIRST,0.948,0.328,MIRRORED from original's own advATR/favATR at same real price path; does NOT include the extra spread cost of crossing to the opposite bid/ask side at entry (see report methodology note)
MAC_20260709154006_BUY_TREND_PULLBACK,MAC,2026.07.09 15:40:06,BUY,SELL,TREND_PULLBACK,NEWS_ENTRY_BLOCKED_OVEREXTENDED,A,4122.0,5.49,N,,0.66,0.0,0.716,0.0,0.952,0.0,0.952,0.0,0.952,0.308,5,5,5,60,60,,TARGET_FIRST,TARGET_FIRST,TARGET_FIRST,0.952,0.308,MIRRORED from original's own advATR/favATR at same real price path; does NOT include the extra spread cost of crossing to the opposite bid/ask side at entry (see report methodology note)
MAC_20260709160004_SELL_HTF_TREND_FOLLOW,MAC,2026.07.09 16:00:04,SELL,BUY,HTF_TREND_FOLLOW,BAD-LOCATION BLOCK,A,4108.54,5.79,Y,30,0.556,0.0,0.904,0.0,0.904,0.0,1.176,0.0,1.644,0.0,5,5,5,,,,TARGET_FIRST,TARGET_FIRST,TARGET_FIRST,1.644,0.0,MIRRORED from original's own advATR/favATR at same real price path; does NOT include the extra spread cost of crossing to the opposite bid/ask side at entry (see report methodology note)
MAC_20260709160004_SELL_HTF_TREND_FOLLOW,MAC,2026.07.09 16:00:04,SELL,BUY,HTF_TREND_FOLLOW,BAD-LOCATION BLOCK,A,4108.63,5.79,Y,30,0.536,0.0,0.888,0.0,0.888,0.0,1.168,0.0,1.66,0.0,5,5,5,,,,TARGET_FIRST,TARGET_FIRST,TARGET_FIRST,1.66,0.0,MIRRORED from original's own advATR/favATR at same real price path; does NOT include the extra spread cost of crossing to the opposite bid/ask side at entry (see report methodology note)
MAC_20260709161004_BUY_TREND_PULLBACK,MAC,2026.07.09 16:10:04,BUY,SELL,TREND_PULLBACK,NEWS_ENTRY_BLOCKED_POOR_RR,A,4116.92,6.35,N,,0.0,0.296,0.0,0.296,0.0,0.544,0.0,0.604,0.0,0.972,,,,5,15,15,STOP_FIRST,STOP_FIRST,STOP_FIRST,0.0,0.972,MIRRORED from original's own advATR/favATR at same real price path; does NOT include the extra spread cost of crossing to the opposite bid/ask side at entry (see report methodology note)
MAC_20260709161006_BUY_TREND_PULLBACK,MAC,2026.07.09 16:10:06,BUY,SELL,TREND_PULLBACK,NEWS_ENTRY_BLOCKED_POOR_RR,A,4116.17,6.35,N,,0.0,0.336,0.0,0.584,0.0,0.592,0.0,0.632,0.0,1.04,,,,5,5,10,STOP_FIRST,STOP_FIRST,STOP_FIRST,0.0,1.04,MIRRORED from original's own advATR/favATR at same real price path; does NOT include the extra spread cost of crossing to the opposite bid/ask side at entry (see report methodology note)
MAC_20260709162004_BUY_TREND_PULLBACK,MAC,2026.07.09 16:20:04,BUY,SELL,TREND_PULLBACK,CALIBRATED_ENTRY_QUALITY,B,4119.91,5.98,N,,0.0,0.368,0.0,0.376,0.0,0.376,0.052,0.424,0.144,0.852,,,,5,5,60,STOP_FIRST,STOP_FIRST,STOP_FIRST,0.144,0.852,MIRRORED from original's own advATR/favATR at same real price path; does NOT include the extra spread cost of crossing to the opposite bid/ask side at entry (see report methodology note)
MAC_20260709162007_BUY_TREND_PULLBACK,MAC,2026.07.09 16:20:07,BUY,SELL,TREND_PULLBACK,CALIBRATED_ENTRY_QUALITY,B,4119.98,5.98,N,,0.0,0.376,0.0,0.376,0.0,0.376,0.056,0.436,0.148,0.824,,,,5,5,60,STOP_FIRST,STOP_FIRST,STOP_FIRST,0.148,0.824,MIRRORED from original's own advATR/favATR at same real price path; does NOT include the extra spread cost of crossing to the opposite bid/ask side at entry (see report methodology note)
MAC_20260709164504_BUY_TREND_PULLBACK,MAC,2026.07.09 16:45:04,BUY,SELL,TREND_PULLBACK,NEWS_OBSERVING,B,4126.24,6.35,N,,0.448,0.0,0.448,0.0,0.448,0.384,0.532,0.384,0.532,0.384,5,5,30,15,15,,TARGET_FIRST,TARGET_FIRST,TARGET_FIRST,0.532,0.384,MIRRORED from original's own advATR/favATR at same real price path; does NOT include the extra spread cost of crossing to the opposite bid/ask side at entry (see report methodology note)
MAC_20260709164506_BUY_TREND_PULLBACK,MAC,2026.07.09 16:45:06,BUY,SELL,TREND_PULLBACK,NEWS_OBSERVING,B,4126.06,6.35,N,,0.436,0.0,0.436,0.0,0.436,0.416,,,0.524,0.416,5,5,60,15,15,,TARGET_FIRST,TARGET_FIRST,TARGET_FIRST,0.524,0.416,MIRRORED from original's own advATR/favATR at same real price path; does NOT include the extra spread cost of crossing to the opposite bid/ask side at entry (see report methodology note)
MAC_20260709171003_SELL_TREND_PULLBACK,MAC,2026.07.09 17:10:03,SELL,BUY,TREND_PULLBACK,SMART-GUARD,A,4126.67,7.39,N,,0.0,0.264,0.0,0.48,0.0,0.48,0.0,0.48,0.028,0.48,,,,5,10,,STOP_FIRST,STOP_FIRST,NEITHER_5-60m,0.028,0.48,MIRRORED from original's own advATR/favATR at same real price path; does NOT include the extra spread cost of crossing to the opposite bid/ask side at entry (see report methodology note)
MAC_20260709171003_SELL_TREND_PULLBACK,MAC,2026.07.09 17:10:03,SELL,BUY,TREND_PULLBACK,SMART-GUARD,A,4126.68,7.39,N,,0.0,0.484,0.0,0.484,0.0,0.484,0.0,0.484,0.032,0.484,,,,5,5,,STOP_FIRST,STOP_FIRST,NEITHER_5-60m,0.032,0.484,MIRRORED from original's own advATR/favATR at same real price path; does NOT include the extra spread cost of crossing to the opposite bid/ask side at entry (see report methodology note)
MAC_20260709182004_BUY_TREND_PULLBACK,MAC,2026.07.09 18:20:04,BUY,SELL,TREND_PULLBACK,BAD-RR TRUE BLOCK,A,4127.27,5.12,N,,0.0,0.156,0.0,0.156,0.0,0.236,0.0,0.26,0.0,0.368,,,,15,60,,STOP_FIRST,STOP_FIRST,NEITHER_5-60m,0.0,0.368,MIRRORED from original's own advATR/favATR at same real price path; does NOT include the extra spread cost of crossing to the opposite bid/ask side at entry (see report methodology note)
MAC_20260709182504_BUY_TREND_PULLBACK,MAC,2026.07.09 18:25:04,BUY,SELL,TREND_PULLBACK,TREND-CONTINUATION MODE,A,4129.38,5.05,N,,0.132,0.0,0.156,0.0,0.156,0.072,0.156,0.208,0.156,0.236,,,,30,,,STOP_FIRST,NEITHER_5-60m,NEITHER_5-60m,0.156,0.236,MIRRORED from original's own advATR/favATR at same real price path; does NOT include the extra spread cost of crossing to the opposite bid/ask side at entry (see report methodology note)
MAC_20260709182507_BUY_TREND_PULLBACK,MAC,2026.07.09 18:25:07,BUY,SELL,TREND_PULLBACK,TREND-CONTINUATION MODE,A,4129.0,5.05,N,,0.128,0.0,,,0.128,0.132,,,,,,,,,,,NEITHER_5-60m,NEITHER_5-60m,NEITHER_5-60m,0.128,0.132,MIRRORED from original's own advATR/favATR at same real price path; does NOT include the extra spread cost of crossing to the opposite bid/ask side at entry (see report methodology note)
MAC_20260709191815_BUY_TREND_PULLBACK,MAC,2026.07.09 19:18:15,BUY,SELL,TREND_PULLBACK,BAD-LOCATION BLOCK,A,4131.25,3.66,N,,0.18,0.0,0.18,0.12,,,,,,,,,,,,,NEITHER_5-60m,NEITHER_5-60m,NEITHER_5-60m,0.18,0.12,MIRRORED from original's own advATR/favATR at same real price path; does NOT include the extra spread cost of crossing to the opposite bid/ask side at entry (see report methodology note)
MAC_20260709192006_BUY_TREND_PULLBACK,MAC,2026.07.09 19:20:06,BUY,SELL,TREND_PULLBACK,CALIBRATED_ENTRY_QUALITY,A,4129.85,3.54,N,,0.0,0.284,,,,,,,,,,,,5,,,STOP_FIRST,NEITHER_5-60m,NEITHER_5-60m,0.0,0.284,MIRRORED from original's own advATR/favATR at same real price path; does NOT include the extra spread cost of crossing to the opposite bid/ask side at entry (see report methodology note)
MAC_20260709193008_BUY_TREND_PULLBACK,MAC,2026.07.09 19:30:08,BUY,SELL,TREND_PULLBACK,TREND-CONTINUATION MODE,A,4132.35,3.63,N,,,,,,,,,,,,,,,,,,NEITHER_5-60m,NEITHER_5-60m,NEITHER_5-60m,,,MIRRORED from original's own advATR/favATR at same real price path; does NOT include the extra spread cost of crossing to the opposite bid/ask side at entry (see report methodology note)
MAC_20260709193356_BUY_TREND_PULLBACK,MAC,2026.07.09 19:33:56,BUY,SELL,TREND_PULLBACK,TREND-CONTINUATION MODE,A,4136.7,3.63,Y,60,0.464,0.0,0.464,0.0,0.62,0.0,0.928,0.0,1.048,0.0,5,5,15,,,,TARGET_FIRST,TARGET_FIRST,TARGET_FIRST,1.048,0.0,MIRRORED from original's own advATR/favATR at same real price path; does NOT include the extra spread cost of crossing to the opposite bid/ask side at entry (see report methodology note)
MAC_20260709194005_BUY_TREND_PULLBACK,MAC,2026.07.09 19:40:05,BUY,SELL,TREND_PULLBACK,CALIBRATED_ENTRY_QUALITY,A,4132.26,3.7,N,,0.0,0.16,0.128,0.16,0.396,0.16,0.496,0.16,,,15,15,,,,,TARGET_FIRST,TARGET_FIRST,NEITHER_5-60m,0.496,0.16,MIRRORED from original's own advATR/favATR at same real price path; does NOT include the extra spread cost of crossing to the opposite bid/ask side at entry (see report methodology note)
MAC_20260709203720_BUY_TREND_PULLBACK,MAC,2026.07.09 20:37:20,BUY,SELL,TREND_PULLBACK,CALIBRATED_ENTRY_QUALITY,B,4131.98,3.73,N,,,,,,,,,,,,,,,,,,NEITHER_5-60m,NEITHER_5-60m,NEITHER_5-60m,,,MIRRORED from original's own advATR/favATR at same real price path; does NOT include the extra spread cost of crossing to the opposite bid/ask side at entry (see report methodology note)
MAC_20260709203750_BUY_TREND_PULLBACK,MAC,2026.07.09 20:37:50,BUY,SELL,TREND_PULLBACK,CALIBRATED_ENTRY_QUALITY,B,4133.01,3.73,N,,0.06,0.004,,,,,,,,,,,,,,,NEITHER_5-60m,NEITHER_5-60m,NEITHER_5-60m,0.06,0.004,MIRRORED from original's own advATR/favATR at same real price path; does NOT include the extra spread cost of crossing to the opposite bid/ask side at entry (see report methodology note)
MAC_20260709204508_BUY_TREND_PULLBACK,MAC,2026.07.09 20:45:08,BUY,SELL,TREND_PULLBACK,BAD-LOCATION BLOCK,B,4132.42,3.5,N,,,,,,,,,,,,,,,,,,NEITHER_5-60m,NEITHER_5-60m,NEITHER_5-60m,,,MIRRORED from original's own advATR/favATR at same real price path; does NOT include the extra spread cost of crossing to the opposite bid/ask side at entry (see report methodology note)
MAC_20260709204609_BUY_TREND_PULLBACK,MAC,2026.07.09 20:46:09,BUY,SELL,TREND_PULLBACK,BAD-LOCATION BLOCK,B,4133.98,3.5,Y,60,0.0,0.252,0.0,0.252,0.288,0.252,0.836,0.252,1.272,0.252,15,30,30,5,,,STOP_FIRST,TARGET_FIRST,TARGET_FIRST,1.272,0.252,MIRRORED from original's own advATR/favATR at same real price path; does NOT include the extra spread cost of crossing to the opposite bid/ask side at entry (see report methodology note)
MAC_20260709205743_BUY_TREND_PULLBACK,MAC,2026.07.09 20:57:43,BUY,SELL,TREND_PULLBACK,TREND-CONTINUATION MODE,A,4135.2,3.66,Y,30,0.408,0.068,0.512,0.068,0.728,0.068,1.196,0.068,1.352,0.068,5,5,10,,,,TARGET_FIRST,TARGET_FIRST,TARGET_FIRST,1.352,0.068,MIRRORED from original's own advATR/favATR at same real price path; does NOT include the extra spread cost of crossing to the opposite bid/ask side at entry (see report methodology note)
MAC_20260709210511_BUY_TREND_PULLBACK,MAC,2026.07.09 21:05:11,BUY,SELL,TREND_PULLBACK,CALIBRATED_ENTRY_QUALITY,B,4131.16,3.81,N,,0.276,0.0,0.472,0.0,0.664,0.0,0.876,0.0,0.876,0.0,5,10,15,,,,TARGET_FIRST,TARGET_FIRST,TARGET_FIRST,0.876,0.0,MIRRORED from original's own advATR/favATR at same real price path; does NOT include the extra spread cost of crossing to the opposite bid/ask side at entry (see report methodology note)
MAC_20260709212006_BUY_TREND_PULLBACK,MAC,2026.07.09 21:20:06,BUY,SELL,TREND_PULLBACK,B-GRADE QUALITY BLOCK,B,4126.87,3.66,N,,0.22,0.0,0.296,0.0,0.44,0.0,0.44,0.0,0.44,0.0,5,15,,,,,TARGET_FIRST,TARGET_FIRST,NEITHER_5-60m,0.44,0.0,MIRRORED from original's own advATR/favATR at same real price path; does NOT include the extra spread cost of crossing to the opposite bid/ask side at entry (see report methodology note)
MAC_20260709213005_SELL_TREND_PULLBACK,MAC,2026.07.09 21:30:05,SELL,BUY,TREND_PULLBACK,B-GRADE QUALITY BLOCK,B,4124.19,3.62,N,,0.0,0.152,0.144,0.152,0.144,0.152,0.144,0.152,0.144,0.372,,,,60,60,,STOP_FIRST,STOP_FIRST,NEITHER_5-60m,0.144,0.372,MIRRORED from original's own advATR/favATR at same real price path; does NOT include the extra spread cost of crossing to the opposite bid/ask side at entry (see report methodology note)
MAC_20260709213505_SELL_TREND_PULLBACK,MAC,2026.07.09 21:35:05,SELL,BUY,TREND_PULLBACK,SMART-GUARD,SKIP,4124.19,3.58,N,,0.0,0.152,0.144,0.152,0.144,0.152,0.144,0.152,0.144,0.376,,,,60,60,,STOP_FIRST,STOP_FIRST,NEITHER_5-60m,0.144,0.376,MIRRORED from original's own advATR/favATR at same real price path; does NOT include the extra spread cost of crossing to the opposite bid/ask side at entry (see report methodology note)
MAC_20260709221509_BUY_TREND_PULLBACK,MAC,2026.07.09 22:15:09,BUY,SELL,TREND_PULLBACK,Personality mismatch,PERSONALITY,4124.56,2.54,N,,0.14,0.0,0.404,0.0,0.588,0.0,0.7,0.0,0.7,0.0,10,10,15,,,,TARGET_FIRST,TARGET_FIRST,TARGET_FIRST,0.7,0.0,MIRRORED from original's own advATR/favATR at same real price path; does NOT include the extra spread cost of crossing to the opposite bid/ask side at entry (see report methodology note)
MAC_20260709222529_SELL_TREND_PULLBACK,MAC,2026.07.09 22:25:29,SELL,BUY,TREND_PULLBACK,Personality mismatch,PERSONALITY,4121.92,2.45,N,,0.0,0.18,0.044,0.18,0.044,0.228,0.088,0.3,0.088,0.3,,,,15,30,,STOP_FIRST,STOP_FIRST,NEITHER_5-60m,0.088,0.3,MIRRORED from original's own advATR/favATR at same real price path; does NOT include the extra spread cost of crossing to the opposite bid/ask side at entry (see report methodology note)
MAC_20260709225505_BUY_TREND_PULLBACK,MAC,2026.07.09 22:55:05,BUY,SELL,TREND_PULLBACK,B-GRADE QUALITY BLOCK,B,4121.04,2.27,N,,0.0,0.252,0.0,0.252,0.0,0.252,0.0,0.252,0.0,0.252,,,,5,,,STOP_FIRST,NEITHER_5-60m,NEITHER_5-60m,0.0,0.252,MIRRORED from original's own advATR/favATR at same real price path; does NOT include the extra spread cost of crossing to the opposite bid/ask side at entry (see report methodology note)
MAC_20260710000846_BUY_TREND_PULLBACK,MAC,2026.07.10 00:08:46,BUY,SELL,TREND_PULLBACK,B-GRADE QUALITY BLOCK,B,4122.62,2.27,N,,0.028,0.0,0.028,0.0,0.028,0.0,0.028,0.632,0.028,0.832,,,,30,30,30,STOP_FIRST,STOP_FIRST,STOP_FIRST,0.028,0.832,MIRRORED from original's own advATR/favATR at same real price path; does NOT include the extra spread cost of crossing to the opposite bid/ask side at entry (see report methodology note)
MAC_20260710010528_BUY_TREND_PULLBACK,MAC,2026.07.10 01:05:28,BUY,SELL,TREND_PULLBACK,Personality mismatch,PERSONALITY,4124.86,2.52,N,,0.196,0.392,0.36,0.392,0.36,0.392,0.36,0.392,0.504,0.392,10,10,60,5,5,,STOP_FIRST,STOP_FIRST,TARGET_FIRST,0.504,0.392,MIRRORED from original's own advATR/favATR at same real price path; does NOT include the extra spread cost of crossing to the opposite bid/ask side at entry (see report methodology note)
MAC_20260710011101_SELL_TREND_PULLBACK,MAC,2026.07.10 01:11:01,SELL,BUY,TREND_PULLBACK,Personality mismatch,PERSONALITY,4123.55,2.72,N,,0.068,0.14,0.068,0.14,0.068,0.14,0.068,0.14,0.084,0.276,,,,60,,,STOP_FIRST,NEITHER_5-60m,NEITHER_5-60m,0.084,0.276,MIRRORED from original's own advATR/favATR at same real price path; does NOT include the extra spread cost of crossing to the opposite bid/ask side at entry (see report methodology note)
MAC_20260710011652_BUY_TREND_PULLBACK,MAC,2026.07.10 01:16:52,BUY,SELL,TREND_PULLBACK,TREND-CONTINUATION MODE,A,4124.86,2.58,N,,0.288,0.0,0.288,0.0,0.288,0.0,0.492,0.0,0.492,0.0,5,30,,,,,TARGET_FIRST,TARGET_FIRST,NEITHER_5-60m,0.492,0.0,MIRRORED from original's own advATR/favATR at same real price path; does NOT include the extra spread cost of crossing to the opposite bid/ask side at entry (see report methodology note)
MAC_20260710012013_BUY_TREND_PULLBACK,MAC,2026.07.10 01:20:13,BUY,SELL,TREND_PULLBACK,B-GRADE QUALITY BLOCK,B,4123.14,2.55,N,,0.0,0.068,0.0,0.068,0.0,0.068,0.228,0.088,0.228,0.212,30,,,60,,,TARGET_FIRST,NEITHER_5-60m,NEITHER_5-60m,0.228,0.212,MIRRORED from original's own advATR/favATR at same real price path; does NOT include the extra spread cost of crossing to the opposite bid/ask side at entry (see report methodology note)
MAC_20260710015524_BUY_TREND_PULLBACK,MAC,2026.07.10 01:55:24,BUY,SELL,TREND_PULLBACK,NEWS_OBSERVING,A,4122.97,2.33,N,,0.208,0.0,0.208,0.064,0.208,0.196,0.208,0.26,0.208,0.272,5,,,30,,,TARGET_FIRST,NEITHER_5-60m,NEITHER_5-60m,0.208,0.272,MIRRORED from original's own advATR/favATR at same real price path; does NOT include the extra spread cost of crossing to the opposite bid/ask side at entry (see report methodology note)
MAC_20260710021007_BUY_TREND_PULLBACK,MAC,2026.07.10 02:10:07,BUY,SELL,TREND_PULLBACK,Personality mismatch,PERSONALITY,4123.65,2.22,N,,0.0,0.108,0.0,0.152,0.272,0.152,0.292,0.152,0.292,0.164,15,,,,,,TARGET_FIRST,NEITHER_5-60m,NEITHER_5-60m,0.292,0.164,MIRRORED from original's own advATR/favATR at same real price path; does NOT include the extra spread cost of crossing to the opposite bid/ask side at entry (see report methodology note)
MAC_20260710022559_BUY_TREND_PULLBACK,MAC,2026.07.10 02:25:59,BUY,SELL,TREND_PULLBACK,B-GRADE QUALITY BLOCK,B,4121.9,1.75,N,,0.0,0.224,0.0,0.224,0.0,0.224,0.0,0.608,0.628,0.608,60,60,60,5,30,30,STOP_FIRST,STOP_FIRST,STOP_FIRST,0.628,0.608,MIRRORED from original's own advATR/favATR at same real price path; does NOT include the extra spread cost of crossing to the opposite bid/ask side at entry (see report methodology note)
MAC_20260710024049_BUY_TREND_PULLBACK,MAC,2026.07.10 02:40:49,BUY,SELL,TREND_PULLBACK,TREND-CONTINUATION MODE,A,4122.88,1.76,Y,60,0.16,0.38,0.16,0.38,0.16,0.38,0.16,0.38,1.384,0.38,60,60,60,5,5,,STOP_FIRST,STOP_FIRST,TARGET_FIRST,1.384,0.38,MIRRORED from original's own advATR/favATR at same real price path; does NOT include the extra spread cost of crossing to the opposite bid/ask side at entry (see report methodology note)
MAC_20260710032507_SELL_BREAKOUT,MAC,2026.07.10 03:25:07,SELL,BUY,BREAKOUT,B-GRADE QUALITY BLOCK,B,4119.53,2.43,Y,30,0.0,0.448,0.0,0.448,0.608,0.448,1.2,0.448,1.2,0.448,15,15,15,5,5,,STOP_FIRST,STOP_FIRST,TARGET_FIRST,1.2,0.448,MIRRORED from original's own advATR/favATR at same real price path; does NOT include the extra spread cost of crossing to the opposite bid/ask side at entry (see report methodology note)
MAC_20260710035505_BUY_SQUEEZE_RELEASE,MAC,2026.07.10 03:55:05,BUY,SELL,SQUEEZE_RELEASE,CALIBRATED_ENTRY_QUALITY,A,4123.17,3.81,Y,60,0.08,0.38,0.08,0.38,0.08,0.38,0.08,0.38,1.18,0.38,60,60,60,5,5,,STOP_FIRST,STOP_FIRST,TARGET_FIRST,1.18,0.38,MIRRORED from original's own advATR/favATR at same real price path; does NOT include the extra spread cost of crossing to the opposite bid/ask side at entry (see report methodology note)
MAC_20260710040505_SELL_TREND_PULLBACK,MAC,2026.07.10 04:05:05,SELL,BUY,TREND_PULLBACK,SMART-GUARD,SKIP,4122.49,4.68,N,,0.204,0.0,0.292,0.0,0.292,0.0,0.292,0.224,0.292,0.904,5,,,30,60,60,TARGET_FIRST,STOP_FIRST,STOP_FIRST,0.292,0.904,MIRRORED from original's own advATR/favATR at same real price path; does NOT include the extra spread cost of crossing to the opposite bid/ask side at entry (see report methodology note)
MAC_20260710041508_BUY_TREND_PULLBACK,MAC,2026.07.10 04:15:08,BUY,SELL,TREND_PULLBACK,CALIBRATED_ENTRY_QUALITY,A,4125.36,5.06,Y,30,0.176,0.044,0.208,0.044,0.432,0.044,1.064,0.044,1.064,0.136,10,15,30,,,,TARGET_FIRST,TARGET_FIRST,TARGET_FIRST,1.064,0.136,MIRRORED from original's own advATR/favATR at same real price path; does NOT include the extra spread cost of crossing to the opposite bid/ask side at entry (see report methodology note)
MAC_20260710042508_BUY_TREND_PULLBACK,MAC,2026.07.10 04:25:08,BUY,SELL,TREND_PULLBACK,B-GRADE QUALITY BLOCK,B,4122.69,5.3,N,,0.212,0.004,0.812,0.004,0.812,0.004,0.812,0.004,0.812,0.332,5,10,10,60,60,,TARGET_FIRST,TARGET_FIRST,TARGET_FIRST,0.812,0.332,MIRRORED from original's own advATR/favATR at same real price path; does NOT include the extra spread cost of crossing to the opposite bid/ask side at entry (see report methodology note)
MAC_20260710044006_SELL_BREAKOUT,MAC,2026.07.10 04:40:06,SELL,BUY,BREAKOUT,SMART-GUARD,A,4112.15,6.03,N,,0.072,0.016,0.308,0.016,0.324,0.016,0.844,0.016,0.988,0.016,10,10,30,,,,TARGET_FIRST,TARGET_FIRST,TARGET_FIRST,0.988,0.016,MIRRORED from original's own advATR/favATR at same real price path; does NOT include the extra spread cost of crossing to the opposite bid/ask side at entry (see report methodology note)
MAC_20260710044507_SELL_SQUEEZE_RELEASE,MAC,2026.07.10 04:45:07,SELL,BUY,SQUEEZE_RELEASE,TREND-CONTINUATION MODE,B,4111.5,5.91,Y,60,0.12,0.0,0.376,0.0,0.448,0.0,0.904,0.0,1.052,0.0,10,10,30,,,,TARGET_FIRST,TARGET_FIRST,TARGET_FIRST,1.052,0.0,MIRRORED from original's own advATR/favATR at same real price path; does NOT include the extra spread cost of crossing to the opposite bid/ask side at entry (see report methodology note)
MAC_20260710051511_BUY_TREND_PULLBACK,MAC,2026.07.10 05:15:11,BUY,SELL,TREND_PULLBACK,TREND-CONTINUATION MODE,B,4124.79,5.64,N,,0.032,0.16,0.032,0.16,0.06,0.16,0.072,0.16,0.072,0.476,,,,60,60,,STOP_FIRST,STOP_FIRST,NEITHER_5-60m,0.072,0.476,MIRRORED from original's own advATR/favATR at same real price path; does NOT include the extra spread cost of crossing to the opposite bid/ask side at entry (see report methodology note)
MAC_20260710052511_BUY_TREND_PULLBACK,MAC,2026.07.10 05:25:11,BUY,SELL,TREND_PULLBACK,CALIBRATED_ENTRY_QUALITY,B,4124.11,5.46,N,,0.012,0.124,0.024,0.124,0.024,0.124,0.024,0.268,0.1,0.54,,,,30,60,60,STOP_FIRST,STOP_FIRST,STOP_FIRST,0.1,0.54,MIRRORED from original's own advATR/favATR at same real price path; does NOT include the extra spread cost of crossing to the opposite bid/ask side at entry (see report methodology note)
MAC_20260710054015_BUY_TREND_PULLBACK,MAC,2026.07.10 05:40:15,BUY,SELL,TREND_PULLBACK,Trade blocked — momentum slowdown (close in opposite 30% of last,B,4124.15,5.29,N,,0.0,0.136,0.0,0.232,0.0,0.272,0.0,0.556,0.112,0.556,,,,10,30,30,STOP_FIRST,STOP_FIRST,STOP_FIRST,0.112,0.556,MIRRORED from original's own advATR/favATR at same real price path; does NOT include the extra spread cost of crossing to the opposite bid/ask side at entry (see report methodology note)
MAC_20260710062506_SELL_TREND_PULLBACK,MAC,2026.07.10 06:25:06,SELL,BUY,TREND_PULLBACK,SMART-GUARD,SKIP,4122.48,4.14,N,,0.476,0.0,0.476,0.0,0.476,0.0,0.476,0.236,0.476,0.888,5,5,,30,60,60,TARGET_FIRST,TARGET_FIRST,STOP_FIRST,0.476,0.888,MIRRORED from original's own advATR/favATR at same real price path; does NOT include the extra spread cost of crossing to the opposite bid/ask side at entry (see report methodology note)
MAC_20260710063009_BUY_TREND_PULLBACK,MAC,2026.07.10 06:30:09,BUY,SELL,TREND_PULLBACK,TREND-CONTINUATION MODE,B,4124.64,4.16,Y,60,0.0,0.268,0.188,0.268,0.248,0.268,0.444,0.268,1.092,0.268,15,30,60,5,,,STOP_FIRST,TARGET_FIRST,TARGET_FIRST,1.092,0.268,MIRRORED from original's own advATR/favATR at same real price path; does NOT include the extra spread cost of crossing to the opposite bid/ask side at entry (see report methodology note)
MAC_20260710064006_BUY_TREND_PULLBACK,MAC,2026.07.10 06:40:06,BUY,SELL,TREND_PULLBACK,Personality mismatch,PERSONALITY,4123.31,4.23,N,,0.12,0.0,0.308,0.0,0.308,0.0,0.52,0.0,0.944,0.0,10,10,30,,,,TARGET_FIRST,TARGET_FIRST,TARGET_FIRST,0.944,0.0,MIRRORED from original's own advATR/favATR at same real price path; does NOT include the extra spread cost of crossing to the opposite bid/ask side at entry (see report methodology note)
MAC_20260710070006_BUY_TREND_PULLBACK,MAC,2026.07.10 07:00:06,BUY,SELL,TREND_PULLBACK,B-GRADE QUALITY BLOCK,B,4120.13,3.87,N,,0.008,0.0,0.24,0.0,0.24,0.0,0.704,0.016,0.704,0.016,10,30,30,,,,TARGET_FIRST,TARGET_FIRST,TARGET_FIRST,0.704,0.016,MIRRORED from original's own advATR/favATR at same real price path; does NOT include the extra spread cost of crossing to the opposite bid/ask side at entry (see report methodology note)
MAC_20260710071603_BUY_TREND_PULLBACK,MAC,2026.07.10 07:16:03,BUY,SELL,TREND_PULLBACK,SMART-GUARD,A,4120.17,3.81,N,,0.72,0.012,0.72,0.012,0.72,0.012,0.72,0.012,0.72,0.012,5,5,5,,,,TARGET_FIRST,TARGET_FIRST,TARGET_FIRST,0.72,0.012,MIRRORED from original's own advATR/favATR at same real price path; does NOT include the extra spread cost of crossing to the opposite bid/ask side at entry (see report methodology note)
MAC_20260710072506_SELL_BREAKOUT,MAC,2026.07.10 07:25:06,SELL,BUY,BREAKOUT,SMART-GUARD,A,4113.0,3.67,N,,0.46,0.0,0.576,0.0,0.64,0.0,0.64,0.0,0.64,0.0,5,5,10,,,,TARGET_FIRST,TARGET_FIRST,TARGET_FIRST,0.64,0.0,MIRRORED from original's own advATR/favATR at same real price path; does NOT include the extra spread cost of crossing to the opposite bid/ask side at entry (see report methodology note)
MAC_20260710080005_BUY_TREND_PULLBACK,MAC,2026.07.10 08:00:05,BUY,SELL,TREND_PULLBACK,Personality mismatch,PERSONALITY,4115.69,3.1,N,,0.248,0.0,0.248,0.0,0.288,0.0,0.316,0.152,0.764,0.252,5,30,60,60,,,TARGET_FIRST,TARGET_FIRST,TARGET_FIRST,0.764,0.252,MIRRORED from original's own advATR/favATR at same real price path; does NOT include the extra spread cost of crossing to the opposite bid/ask side at entry (see report methodology note)
MAC_20260710082041_BUY_TREND_PULLBACK,MAC,2026.07.10 08:20:41,BUY,SELL,TREND_PULLBACK,SMART-GUARD,A,4115.16,3.08,N,,0.176,0.0,0.252,0.0,0.332,0.0,0.7,0.0,0.7,0.552,10,15,30,60,60,60,TARGET_FIRST,TARGET_FIRST,TARGET_FIRST,0.7,0.552,MIRRORED from original's own advATR/favATR at same real price path; does NOT include the extra spread cost of crossing to the opposite bid/ask side at entry (see report methodology note)
MAC_20260710082511_BUY_TREND_PULLBACK,MAC,2026.07.10 08:25:11,BUY,SELL,TREND_PULLBACK,B-GRADE QUALITY BLOCK,B,4115.23,3.08,N,,0.26,0.0,0.34,0.0,0.708,0.0,0.708,0.188,0.708,0.544,5,10,15,60,60,60,TARGET_FIRST,TARGET_FIRST,TARGET_FIRST,0.708,0.544,MIRRORED from original's own advATR/favATR at same real price path; does NOT include the extra spread cost of crossing to the opposite bid/ask side at entry (see report methodology note)
MAC_20260710084023_SELL_TREND_PULLBACK,MAC,2026.07.10 08:40:23,SELL,BUY,TREND_PULLBACK,Personality mismatch,PERSONALITY,4109.61,2.86,Y,30,0.636,0.0,0.636,0.0,0.992,0.0,1.208,0.0,1.372,0.0,5,5,5,,,,TARGET_FIRST,TARGET_FIRST,TARGET_FIRST,1.372,0.0,MIRRORED from original's own advATR/favATR at same real price path; does NOT include the extra spread cost of crossing to the opposite bid/ask side at entry (see report methodology note)
