m10_candle_close_time,scan_ran,process_count,indicator_readiness,setup_scores,buy_score,sell_score,preferred_direction,setup_selected,candidate_created,candidate_not_created_reason,grade,session,regime,location,m10_decision,transition_state,permanent_block_result,owner_location_block_result,normal_gate_result,execution_timer_result,order_send_result,broker_retcode,evidence_id,freshness,data_state
2026.07.27 01:10:00,NO,0,NOT_EVALUATED,NOT_EVALUATED,,,,NONE,NO,EA_NOT_ATTACHED,NOT_CLASSIFIED,ASIA,NOT_CLASSIFIED,NOT_CLASSIFIED,NOT_EVALUATED,NOT_EVALUATED,NOT_REACHED,NOT_REACHED,NOT_REACHED,NOT_STARTED,NOT_REACHED,NOT_ATTEMPTED,,,
2026.07.27 01:20:00,NO,0,NOT_EVALUATED,NOT_EVALUATED,,,,NONE,NO,EA_NOT_ATTACHED,NOT_CLASSIFIED,ASIA,NOT_CLASSIFIED,NOT_CLASSIFIED,NOT_EVALUATED,NOT_EVALUATED,NOT_REACHED,NOT_REACHED,NOT_REACHED,NOT_STARTED,NOT_REACHED,NOT_ATTEMPTED,,,
2026.07.27 01:30:00,NO,0,NOT_EVALUATED,NOT_EVALUATED,,,,NONE,NO,EA_NOT_ATTACHED,NOT_CLASSIFIED,ASIA,NOT_CLASSIFIED,NOT_CLASSIFIED,NOT_EVALUATED,NOT_EVALUATED,NOT_REACHED,NOT_REACHED,NOT_REACHED,NOT_STARTED,NOT_REACHED,NOT_ATTEMPTED,,,
2026.07.27 01:40:00,NO,0,NOT_EVALUATED,NOT_EVALUATED,,,,NONE,NO,EA_NOT_ATTACHED,NOT_CLASSIFIED,ASIA,NOT_CLASSIFIED,NOT_CLASSIFIED,NOT_EVALUATED,NOT_EVALUATED,NOT_REACHED,NOT_REACHED,NOT_REACHED,NOT_STARTED,NOT_REACHED,NOT_ATTEMPTED,,,
2026.07.27 01:50:00,NO,0,NOT_EVALUATED,NOT_EVALUATED,,,,NONE,NO,EA_NOT_ATTACHED,NOT_CLASSIFIED,ASIA,NOT_CLASSIFIED,NOT_CLASSIFIED,NOT_EVALUATED,NOT_EVALUATED,NOT_REACHED,NOT_REACHED,NOT_REACHED,NOT_STARTED,NOT_REACHED,NOT_ATTEMPTED,,,
2026.07.27 02:00:00,NO,0,NOT_EVALUATED,NOT_EVALUATED,,,,NONE,NO,EA_NOT_ATTACHED,NOT_CLASSIFIED,ASIA,NOT_CLASSIFIED,NOT_CLASSIFIED,NOT_EVALUATED,NOT_EVALUATED,NOT_REACHED,NOT_REACHED,NOT_REACHED,NOT_STARTED,NOT_REACHED,NOT_ATTEMPTED,,,
2026.07.27 02:10:00,NO,0,NOT_EVALUATED,NOT_EVALUATED,,,,NONE,NO,EA_NOT_ATTACHED,NOT_CLASSIFIED,ASIA,NOT_CLASSIFIED,NOT_CLASSIFIED,NOT_EVALUATED,NOT_EVALUATED,NOT_REACHED,NOT_REACHED,NOT_REACHED,NOT_STARTED,NOT_REACHED,NOT_ATTEMPTED,,,
2026.07.27 02:20:00,NO,0,NOT_EVALUATED,NOT_EVALUATED,,,,NONE,NO,EA_NOT_ATTACHED,NOT_CLASSIFIED,ASIA,NOT_CLASSIFIED,NOT_CLASSIFIED,NOT_EVALUATED,NOT_EVALUATED,NOT_REACHED,NOT_REACHED,NOT_REACHED,NOT_STARTED,NOT_REACHED,NOT_ATTEMPTED,,,
2026.07.27 02:30:00,NO,0,NOT_EVALUATED,NOT_EVALUATED,,,,NONE,NO,EA_NOT_ATTACHED,NOT_CLASSIFIED,ASIA,NOT_CLASSIFIED,NOT_CLASSIFIED,NOT_EVALUATED,NOT_EVALUATED,NOT_REACHED,NOT_REACHED,NOT_REACHED,NOT_STARTED,NOT_REACHED,NOT_ATTEMPTED,,,
2026.07.27 02:40:00,NO,0,NOT_EVALUATED,NOT_EVALUATED,,,,NONE,NO,EA_NOT_ATTACHED,NOT_CLASSIFIED,ASIA,NOT_CLASSIFIED,NOT_CLASSIFIED,NOT_EVALUATED,NOT_EVALUATED,NOT_REACHED,NOT_REACHED,NOT_REACHED,NOT_STARTED,NOT_REACHED,NOT_ATTEMPTED,,,
2026.07.27 02:50:00,NO,0,NOT_EVALUATED,NOT_EVALUATED,,,,NONE,NO,EA_NOT_ATTACHED,NOT_CLASSIFIED,ASIA,NOT_CLASSIFIED,NOT_CLASSIFIED,NOT_EVALUATED,NOT_EVALUATED,NOT_REACHED,NOT_REACHED,NOT_REACHED,NOT_STARTED,NOT_REACHED,NOT_ATTEMPTED,,,
2026.07.27 03:00:00,NO,0,NOT_EVALUATED,NOT_EVALUATED,,,,NONE,NO,EA_NOT_ATTACHED,NOT_CLASSIFIED,ASIA,NOT_CLASSIFIED,NOT_CLASSIFIED,NOT_EVALUATED,NOT_EVALUATED,NOT_REACHED,NOT_REACHED,NOT_REACHED,NOT_STARTED,NOT_REACHED,NOT_ATTEMPTED,,,
2026.07.27 03:10:00,NO,0,NOT_EVALUATED,NOT_EVALUATED,,,,NONE,NO,EA_NOT_ATTACHED,NOT_CLASSIFIED,ASIA,NOT_CLASSIFIED,NOT_CLASSIFIED,NOT_EVALUATED,NOT_EVALUATED,NOT_REACHED,NOT_REACHED,NOT_REACHED,NOT_STARTED,NOT_REACHED,NOT_ATTEMPTED,,,
2026.07.27 03:20:00,NO,0,NOT_EVALUATED,NOT_EVALUATED,,,,NONE,NO,EA_NOT_ATTACHED,NOT_CLASSIFIED,ASIA,NOT_CLASSIFIED,NOT_CLASSIFIED,NOT_EVALUATED,NOT_EVALUATED,NOT_REACHED,NOT_REACHED,NOT_REACHED,NOT_STARTED,NOT_REACHED,NOT_ATTEMPTED,,,
2026.07.27 03:30:00,NO,0,NOT_EVALUATED,NOT_EVALUATED,,,,NONE,NO,EA_NOT_ATTACHED,NOT_CLASSIFIED,ASIA,NOT_CLASSIFIED,NOT_CLASSIFIED,NOT_EVALUATED,NOT_EVALUATED,NOT_REACHED,NOT_REACHED,NOT_REACHED,NOT_STARTED,NOT_REACHED,NOT_ATTEMPTED,,,
2026.07.27 03:40:00,NO,0,NOT_EVALUATED,NOT_EVALUATED,,,,NONE,NO,EA_NOT_ATTACHED,NOT_CLASSIFIED,ASIA,NOT_CLASSIFIED,NOT_CLASSIFIED,NOT_EVALUATED,NOT_EVALUATED,NOT_REACHED,NOT_REACHED,NOT_REACHED,NOT_STARTED,NOT_REACHED,NOT_ATTEMPTED,,,
2026.07.27 03:50:00,NO,0,NOT_EVALUATED,NOT_EVALUATED,,,,NONE,NO,EA_NOT_ATTACHED,NOT_CLASSIFIED,ASIA,NOT_CLASSIFIED,NOT_CLASSIFIED,NOT_EVALUATED,NOT_EVALUATED,NOT_REACHED,NOT_REACHED,NOT_REACHED,NOT_STARTED,NOT_REACHED,NOT_ATTEMPTED,,,
2026.07.27 04:00:00,NO,0,NOT_EVALUATED,NOT_EVALUATED,,,,NONE,NO,EA_NOT_ATTACHED,NOT_CLASSIFIED,ASIA,NOT_CLASSIFIED,NOT_CLASSIFIED,NOT_EVALUATED,NOT_EVALUATED,NOT_REACHED,NOT_REACHED,NOT_REACHED,NOT_STARTED,NOT_REACHED,NOT_ATTEMPTED,,,
2026.07.27 04:10:00,NO,0,NOT_EVALUATED,NOT_EVALUATED,,,,NONE,NO,EA_NOT_ATTACHED,NOT_CLASSIFIED,ASIA,NOT_CLASSIFIED,NOT_CLASSIFIED,NOT_EVALUATED,NOT_EVALUATED,NOT_REACHED,NOT_REACHED,NOT_REACHED,NOT_STARTED,NOT_REACHED,NOT_ATTEMPTED,,,
2026.07.27 04:20:00,NO,0,NOT_EVALUATED,NOT_EVALUATED,,,,NONE,NO,EA_NOT_ATTACHED,NOT_CLASSIFIED,ASIA,NOT_CLASSIFIED,NOT_CLASSIFIED,NOT_EVALUATED,NOT_EVALUATED,NOT_REACHED,NOT_REACHED,NOT_REACHED,NOT_STARTED,NOT_REACHED,NOT_ATTEMPTED,,,
2026.07.27 04:30:00,NO,0,NOT_EVALUATED,NOT_EVALUATED,,,,NONE,NO,EA_NOT_ATTACHED,NOT_CLASSIFIED,ASIA,NOT_CLASSIFIED,NOT_CLASSIFIED,NOT_EVALUATED,NOT_EVALUATED,NOT_REACHED,NOT_REACHED,NOT_REACHED,NOT_STARTED,NOT_REACHED,NOT_ATTEMPTED,,,
2026.07.27 04:40:00,NO,0,NOT_EVALUATED,NOT_EVALUATED,,,,NONE,NO,EA_NOT_ATTACHED,NOT_CLASSIFIED,ASIA,NOT_CLASSIFIED,NOT_CLASSIFIED,NOT_EVALUATED,NOT_EVALUATED,NOT_REACHED,NOT_REACHED,NOT_REACHED,NOT_STARTED,NOT_REACHED,NOT_ATTEMPTED,,,
2026.07.27 04:50:00,NO,0,NOT_EVALUATED,NOT_EVALUATED,,,,NONE,NO,EA_NOT_ATTACHED,NOT_CLASSIFIED,ASIA,NOT_CLASSIFIED,NOT_CLASSIFIED,NOT_EVALUATED,NOT_EVALUATED,NOT_REACHED,NOT_REACHED,NOT_REACHED,NOT_STARTED,NOT_REACHED,NOT_ATTEMPTED,,,
2026.07.27 05:00:00,NO,0,NOT_EVALUATED,NOT_EVALUATED,,,,NONE,NO,EA_NOT_ATTACHED,NOT_CLASSIFIED,ASIA,NOT_CLASSIFIED,NOT_CLASSIFIED,NOT_EVALUATED,NOT_EVALUATED,NOT_REACHED,NOT_REACHED,NOT_REACHED,NOT_STARTED,NOT_REACHED,NOT_ATTEMPTED,,,
2026.07.27 05:10:00,NO,0,NOT_EVALUATED,NOT_EVALUATED,,,,NONE,NO,EA_NOT_ATTACHED,NOT_CLASSIFIED,ASIA,NOT_CLASSIFIED,NOT_CLASSIFIED,NOT_EVALUATED,NOT_EVALUATED,NOT_REACHED,NOT_REACHED,NOT_REACHED,NOT_STARTED,NOT_REACHED,NOT_ATTEMPTED,,,
2026.07.27 05:20:00,NO,0,NOT_EVALUATED,NOT_EVALUATED,,,,NONE,NO,EA_NOT_ATTACHED,NOT_CLASSIFIED,ASIA,NOT_CLASSIFIED,NOT_CLASSIFIED,NOT_EVALUATED,NOT_EVALUATED,NOT_REACHED,NOT_REACHED,NOT_REACHED,NOT_STARTED,NOT_REACHED,NOT_ATTEMPTED,,,
2026.07.27 05:30:00,NO,0,NOT_EVALUATED,NOT_EVALUATED,,,,NONE,NO,EA_NOT_ATTACHED,NOT_CLASSIFIED,ASIA,NOT_CLASSIFIED,NOT_CLASSIFIED,NOT_EVALUATED,NOT_EVALUATED,NOT_REACHED,NOT_REACHED,NOT_REACHED,NOT_STARTED,NOT_REACHED,NOT_ATTEMPTED,,,
2026.07.27 05:40:00,NO,0,NOT_EVALUATED,NOT_EVALUATED,,,,NONE,NO,EA_NOT_ATTACHED,NOT_CLASSIFIED,ASIA,NOT_CLASSIFIED,NOT_CLASSIFIED,NOT_EVALUATED,NOT_EVALUATED,NOT_REACHED,NOT_REACHED,NOT_REACHED,NOT_STARTED,NOT_REACHED,NOT_ATTEMPTED,,,
2026.07.27 05:50:00,NO,0,NOT_EVALUATED,NOT_EVALUATED,,,,NONE,NO,EA_NOT_ATTACHED,NOT_CLASSIFIED,ASIA,NOT_CLASSIFIED,NOT_CLASSIFIED,NOT_EVALUATED,NOT_EVALUATED,NOT_REACHED,NOT_REACHED,NOT_REACHED,NOT_STARTED,NOT_REACHED,NOT_ATTEMPTED,,,
2026.07.27 06:00:00,NO,0,NOT_EVALUATED,NOT_EVALUATED,,,,NONE,NO,EA_NOT_ATTACHED,NOT_CLASSIFIED,ASIA,NOT_CLASSIFIED,NOT_CLASSIFIED,NOT_EVALUATED,NOT_EVALUATED,NOT_REACHED,NOT_REACHED,NOT_REACHED,NOT_STARTED,NOT_REACHED,NOT_ATTEMPTED,,,
2026.07.27 06:10:00,NO,0,NOT_EVALUATED,NOT_EVALUATED,,,,NONE,NO,EA_NOT_ATTACHED,NOT_CLASSIFIED,ASIA,NOT_CLASSIFIED,NOT_CLASSIFIED,NOT_EVALUATED,NOT_EVALUATED,NOT_REACHED,NOT_REACHED,NOT_REACHED,NOT_STARTED,NOT_REACHED,NOT_ATTEMPTED,,,
2026.07.27 06:20:00,NO,0,NOT_EVALUATED,NOT_EVALUATED,,,,NONE,NO,EA_NOT_ATTACHED,NOT_CLASSIFIED,ASIA,NOT_CLASSIFIED,NOT_CLASSIFIED,NOT_EVALUATED,NOT_EVALUATED,NOT_REACHED,NOT_REACHED,NOT_REACHED,NOT_STARTED,NOT_REACHED,NOT_ATTEMPTED,,,
2026.07.27 06:30:00,NO,0,NOT_EVALUATED,NOT_EVALUATED,,,,NONE,NO,EA_NOT_ATTACHED,NOT_CLASSIFIED,ASIA,NOT_CLASSIFIED,NOT_CLASSIFIED,NOT_EVALUATED,NOT_EVALUATED,NOT_REACHED,NOT_REACHED,NOT_REACHED,NOT_STARTED,NOT_REACHED,NOT_ATTEMPTED,,,
2026.07.27 06:40:00,NO,0,NOT_EVALUATED,NOT_EVALUATED,,,,NONE,NO,EA_NOT_ATTACHED,NOT_CLASSIFIED,ASIA,NOT_CLASSIFIED,NOT_CLASSIFIED,NOT_EVALUATED,NOT_EVALUATED,NOT_REACHED,NOT_REACHED,NOT_REACHED,NOT_STARTED,NOT_REACHED,NOT_ATTEMPTED,,,
2026.07.27 06:50:00,NO,0,NOT_EVALUATED,NOT_EVALUATED,,,,NONE,NO,EA_NOT_ATTACHED,NOT_CLASSIFIED,ASIA,NOT_CLASSIFIED,NOT_CLASSIFIED,NOT_EVALUATED,NOT_EVALUATED,NOT_REACHED,NOT_REACHED,NOT_REACHED,NOT_STARTED,NOT_REACHED,NOT_ATTEMPTED,,,
2026.07.27 07:00:00,NO,0,NOT_EVALUATED,NOT_EVALUATED,,,,NONE,NO,EA_NOT_ATTACHED,NOT_CLASSIFIED,LDN,NOT_CLASSIFIED,NOT_CLASSIFIED,NOT_EVALUATED,NOT_EVALUATED,NOT_REACHED,NOT_REACHED,NOT_REACHED,NOT_STARTED,NOT_REACHED,NOT_ATTEMPTED,,,
2026.07.27 07:10:00,NO,0,NOT_EVALUATED,NOT_EVALUATED,,,,NONE,NO,EA_NOT_ATTACHED,NOT_CLASSIFIED,LDN,NOT_CLASSIFIED,NOT_CLASSIFIED,NOT_EVALUATED,NOT_EVALUATED,NOT_REACHED,NOT_REACHED,NOT_REACHED,NOT_STARTED,NOT_REACHED,NOT_ATTEMPTED,,,
2026.07.27 07:20:00,NO,0,NOT_EVALUATED,NOT_EVALUATED,,,,NONE,NO,EA_NOT_ATTACHED,NOT_CLASSIFIED,LDN,NOT_CLASSIFIED,NOT_CLASSIFIED,NOT_EVALUATED,NOT_EVALUATED,NOT_REACHED,NOT_REACHED,NOT_REACHED,NOT_STARTED,NOT_REACHED,NOT_ATTEMPTED,,,
2026.07.27 07:30:00,NO,0,NOT_EVALUATED,NOT_EVALUATED,,,,NONE,NO,EA_NOT_ATTACHED,NOT_CLASSIFIED,LDN,NOT_CLASSIFIED,NOT_CLASSIFIED,NOT_EVALUATED,NOT_EVALUATED,NOT_REACHED,NOT_REACHED,NOT_REACHED,NOT_STARTED,NOT_REACHED,NOT_ATTEMPTED,,,
2026.07.27 07:40:00,NO,0,NOT_EVALUATED,NOT_EVALUATED,,,,NONE,NO,EA_NOT_ATTACHED,NOT_CLASSIFIED,LDN,NOT_CLASSIFIED,NOT_CLASSIFIED,NOT_EVALUATED,NOT_EVALUATED,NOT_REACHED,NOT_REACHED,NOT_REACHED,NOT_STARTED,NOT_REACHED,NOT_ATTEMPTED,,,
2026.07.27 07:50:00,NO,0,NOT_EVALUATED,NOT_EVALUATED,,,,NONE,NO,EA_NOT_ATTACHED,NOT_CLASSIFIED,LDN,NOT_CLASSIFIED,NOT_CLASSIFIED,NOT_EVALUATED,NOT_EVALUATED,NOT_REACHED,NOT_REACHED,NOT_REACHED,NOT_STARTED,NOT_REACHED,NOT_ATTEMPTED,,,
2026.07.27 08:00:00,NO,0,NOT_EVALUATED,NOT_EVALUATED,,,,NONE,NO,EA_NOT_ATTACHED,NOT_CLASSIFIED,LDN,NOT_CLASSIFIED,NOT_CLASSIFIED,NOT_EVALUATED,NOT_EVALUATED,NOT_REACHED,NOT_REACHED,NOT_REACHED,NOT_STARTED,NOT_REACHED,NOT_ATTEMPTED,,,
2026.07.27 08:10:00,NO,0,NOT_EVALUATED,NOT_EVALUATED,,,,NONE,NO,EA_NOT_ATTACHED,NOT_CLASSIFIED,LDN,NOT_CLASSIFIED,NOT_CLASSIFIED,NOT_EVALUATED,NOT_EVALUATED,NOT_REACHED,NOT_REACHED,NOT_REACHED,NOT_STARTED,NOT_REACHED,NOT_ATTEMPTED,,,
2026.07.27 08:20:00,NO,0,NOT_EVALUATED,NOT_EVALUATED,,,,NONE,NO,EA_NOT_ATTACHED,NOT_CLASSIFIED,LDN,NOT_CLASSIFIED,NOT_CLASSIFIED,NOT_EVALUATED,NOT_EVALUATED,NOT_REACHED,NOT_REACHED,NOT_REACHED,NOT_STARTED,NOT_REACHED,NOT_ATTEMPTED,,,
2026.07.27 08:30:00,NO,0,NOT_EVALUATED,NOT_EVALUATED,,,,NONE,NO,EA_NOT_ATTACHED,NOT_CLASSIFIED,LDN,NOT_CLASSIFIED,NOT_CLASSIFIED,NOT_EVALUATED,NOT_EVALUATED,NOT_REACHED,NOT_REACHED,NOT_REACHED,NOT_STARTED,NOT_REACHED,NOT_ATTEMPTED,,,
2026.07.27 08:40:00,NO,0,NOT_EVALUATED,NOT_EVALUATED,,,,NONE,NO,EA_NOT_ATTACHED,NOT_CLASSIFIED,LDN,NOT_CLASSIFIED,NOT_CLASSIFIED,NOT_EVALUATED,NOT_EVALUATED,NOT_REACHED,NOT_REACHED,NOT_REACHED,NOT_STARTED,NOT_REACHED,NOT_ATTEMPTED,,,
2026.07.27 08:50:00,NO,0,NOT_EVALUATED,NOT_EVALUATED,,,,NONE,NO,EA_NOT_ATTACHED,NOT_CLASSIFIED,LDN,NOT_CLASSIFIED,NOT_CLASSIFIED,NOT_EVALUATED,NOT_EVALUATED,NOT_REACHED,NOT_REACHED,NOT_REACHED,NOT_STARTED,NOT_REACHED,NOT_ATTEMPTED,,,
2026.07.27 09:00:00,NO,0,NOT_EVALUATED,NOT_EVALUATED,,,,NONE,NO,EA_NOT_ATTACHED,NOT_CLASSIFIED,LDN,NOT_CLASSIFIED,NOT_CLASSIFIED,NOT_EVALUATED,NOT_EVALUATED,NOT_REACHED,NOT_REACHED,NOT_REACHED,NOT_STARTED,NOT_REACHED,NOT_ATTEMPTED,,,
2026.07.27 09:10:00,NO,0,NOT_EVALUATED,NOT_EVALUATED,,,,NONE,NO,EA_NOT_ATTACHED,NOT_CLASSIFIED,LDN,NOT_CLASSIFIED,NOT_CLASSIFIED,NOT_EVALUATED,NOT_EVALUATED,NOT_REACHED,NOT_REACHED,NOT_REACHED,NOT_STARTED,NOT_REACHED,NOT_ATTEMPTED,,,
2026.07.27 09:20:00,NO,0,NOT_EVALUATED,NOT_EVALUATED,,,,NONE,NO,EA_NOT_ATTACHED,NOT_CLASSIFIED,LDN,NOT_CLASSIFIED,NOT_CLASSIFIED,NOT_EVALUATED,NOT_EVALUATED,NOT_REACHED,NOT_REACHED,NOT_REACHED,NOT_STARTED,NOT_REACHED,NOT_ATTEMPTED,,,
2026.07.27 09:30:00,NO,0,NOT_EVALUATED,NOT_EVALUATED,,,,NONE,NO,EA_NOT_ATTACHED,NOT_CLASSIFIED,LDN,NOT_CLASSIFIED,NOT_CLASSIFIED,NOT_EVALUATED,NOT_EVALUATED,NOT_REACHED,NOT_REACHED,NOT_REACHED,NOT_STARTED,NOT_REACHED,NOT_ATTEMPTED,,,
2026.07.27 09:40:00,NO,0,NOT_EVALUATED,NOT_EVALUATED,,,,NONE,NO,EA_NOT_ATTACHED,NOT_CLASSIFIED,LDN,NOT_CLASSIFIED,NOT_CLASSIFIED,NOT_EVALUATED,NOT_EVALUATED,NOT_REACHED,NOT_REACHED,NOT_REACHED,NOT_STARTED,NOT_REACHED,NOT_ATTEMPTED,,,
2026.07.27 09:50:00,NO,0,NOT_EVALUATED,NOT_EVALUATED,,,,NONE,NO,EA_NOT_ATTACHED,NOT_CLASSIFIED,LDN,NOT_CLASSIFIED,NOT_CLASSIFIED,NOT_EVALUATED,NOT_EVALUATED,NOT_REACHED,NOT_REACHED,NOT_REACHED,NOT_STARTED,NOT_REACHED,NOT_ATTEMPTED,,,
2026.07.27 10:00:00,NO,0,NOT_EVALUATED,NOT_EVALUATED,,,,NONE,NO,EA_NOT_ATTACHED,NOT_CLASSIFIED,LDN,NOT_CLASSIFIED,NOT_CLASSIFIED,NOT_EVALUATED,NOT_EVALUATED,NOT_REACHED,NOT_REACHED,NOT_REACHED,NOT_STARTED,NOT_REACHED,NOT_ATTEMPTED,,,
2026.07.27 10:10:00,NO,0,NOT_EVALUATED,NOT_EVALUATED,,,,NONE,NO,EA_NOT_ATTACHED,NOT_CLASSIFIED,LDN,NOT_CLASSIFIED,NOT_CLASSIFIED,NOT_EVALUATED,NOT_EVALUATED,NOT_REACHED,NOT_REACHED,NOT_REACHED,NOT_STARTED,NOT_REACHED,NOT_ATTEMPTED,,,
2026.07.27 10:20:00,NO,0,NOT_EVALUATED,NOT_EVALUATED,,,,NONE,NO,EA_NOT_ATTACHED,NOT_CLASSIFIED,FIX,NOT_CLASSIFIED,NOT_CLASSIFIED,NOT_EVALUATED,NOT_EVALUATED,NOT_REACHED,NOT_REACHED,NOT_REACHED,NOT_STARTED,NOT_REACHED,NOT_ATTEMPTED,,,
2026.07.27 10:30:00,NO,0,NOT_EVALUATED,NOT_EVALUATED,,,,NONE,NO,EA_NOT_ATTACHED,NOT_CLASSIFIED,FIX,NOT_CLASSIFIED,NOT_CLASSIFIED,NOT_EVALUATED,NOT_EVALUATED,NOT_REACHED,NOT_REACHED,NOT_REACHED,NOT_STARTED,NOT_REACHED,NOT_ATTEMPTED,,,
2026.07.27 10:40:00,NO,0,NOT_EVALUATED,NOT_EVALUATED,,,,NONE,NO,EA_NOT_ATTACHED,NOT_CLASSIFIED,FIX,NOT_CLASSIFIED,NOT_CLASSIFIED,NOT_EVALUATED,NOT_EVALUATED,NOT_REACHED,NOT_REACHED,NOT_REACHED,NOT_STARTED,NOT_REACHED,NOT_ATTEMPTED,,,
2026.07.27 10:50:00,NO,0,NOT_EVALUATED,NOT_EVALUATED,,,,NONE,NO,EA_NOT_ATTACHED,NOT_CLASSIFIED,FIX,NOT_CLASSIFIED,NOT_CLASSIFIED,NOT_EVALUATED,NOT_EVALUATED,NOT_REACHED,NOT_REACHED,NOT_REACHED,NOT_STARTED,NOT_REACHED,NOT_ATTEMPTED,,,
2026.07.27 11:00:00,NO,0,NOT_EVALUATED,NOT_EVALUATED,,,,NONE,NO,EA_NOT_ATTACHED,NOT_CLASSIFIED,LDN,NOT_CLASSIFIED,NOT_CLASSIFIED,NOT_EVALUATED,NOT_EVALUATED,NOT_REACHED,NOT_REACHED,NOT_REACHED,NOT_STARTED,NOT_REACHED,NOT_ATTEMPTED,,,
2026.07.27 11:10:00,NO,0,NOT_EVALUATED,NOT_EVALUATED,,,,NONE,NO,EA_NOT_ATTACHED,NOT_CLASSIFIED,LDN,NOT_CLASSIFIED,NOT_CLASSIFIED,NOT_EVALUATED,NOT_EVALUATED,NOT_REACHED,NOT_REACHED,NOT_REACHED,NOT_STARTED,NOT_REACHED,NOT_ATTEMPTED,,,
2026.07.27 11:20:00,NO,0,NOT_EVALUATED,NOT_EVALUATED,,,,NONE,NO,EA_NOT_ATTACHED,NOT_CLASSIFIED,LDN,NOT_CLASSIFIED,NOT_CLASSIFIED,NOT_EVALUATED,NOT_EVALUATED,NOT_REACHED,NOT_REACHED,NOT_REACHED,NOT_STARTED,NOT_REACHED,NOT_ATTEMPTED,,,
2026.07.27 11:30:00,NO,0,NOT_EVALUATED,NOT_EVALUATED,,,,NONE,NO,EA_NOT_ATTACHED,NOT_CLASSIFIED,LDN,NOT_CLASSIFIED,NOT_CLASSIFIED,NOT_EVALUATED,NOT_EVALUATED,NOT_REACHED,NOT_REACHED,NOT_REACHED,NOT_STARTED,NOT_REACHED,NOT_ATTEMPTED,,,
2026.07.27 11:40:00,NO,0,NOT_EVALUATED,NOT_EVALUATED,,,,NONE,NO,EA_NOT_ATTACHED,NOT_CLASSIFIED,LDN,NOT_CLASSIFIED,NOT_CLASSIFIED,NOT_EVALUATED,NOT_EVALUATED,NOT_REACHED,NOT_REACHED,NOT_REACHED,NOT_STARTED,NOT_REACHED,NOT_ATTEMPTED,,,
2026.07.27 11:50:00,NO,0,NOT_EVALUATED,NOT_EVALUATED,,,,NONE,NO,EA_NOT_ATTACHED,NOT_CLASSIFIED,LDN,NOT_CLASSIFIED,NOT_CLASSIFIED,NOT_EVALUATED,NOT_EVALUATED,NOT_REACHED,NOT_REACHED,NOT_REACHED,NOT_STARTED,NOT_REACHED,NOT_ATTEMPTED,,,
2026.07.27 12:00:00,NO,0,NOT_EVALUATED,NOT_EVALUATED,,,,NONE,NO,EA_NOT_ATTACHED,NOT_CLASSIFIED,LDN,NOT_CLASSIFIED,NOT_CLASSIFIED,NOT_EVALUATED,NOT_EVALUATED,NOT_REACHED,NOT_REACHED,NOT_REACHED,NOT_STARTED,NOT_REACHED,NOT_ATTEMPTED,,,
2026.07.27 12:10:00,NO,0,NOT_EVALUATED,NOT_EVALUATED,,,,NONE,NO,EA_NOT_ATTACHED,NOT_CLASSIFIED,LDN,NOT_CLASSIFIED,NOT_CLASSIFIED,NOT_EVALUATED,NOT_EVALUATED,NOT_REACHED,NOT_REACHED,NOT_REACHED,NOT_STARTED,NOT_REACHED,NOT_ATTEMPTED,,,
2026.07.27 12:20:00,NO,0,NOT_EVALUATED,NOT_EVALUATED,,,,NONE,NO,EA_NOT_ATTACHED,NOT_CLASSIFIED,LDN,NOT_CLASSIFIED,NOT_CLASSIFIED,NOT_EVALUATED,NOT_EVALUATED,NOT_REACHED,NOT_REACHED,NOT_REACHED,NOT_STARTED,NOT_REACHED,NOT_ATTEMPTED,,,
2026.07.27 12:30:00,NO,0,NOT_EVALUATED,NOT_EVALUATED,,,,NONE,NO,EA_NOT_ATTACHED,NOT_CLASSIFIED,LDN,NOT_CLASSIFIED,NOT_CLASSIFIED,NOT_EVALUATED,NOT_EVALUATED,NOT_REACHED,NOT_REACHED,NOT_REACHED,NOT_STARTED,NOT_REACHED,NOT_ATTEMPTED,,,
2026.07.27 12:40:00,NO,0,NOT_EVALUATED,NOT_EVALUATED,,,,NONE,NO,EA_NOT_ATTACHED,NOT_CLASSIFIED,LDN,NOT_CLASSIFIED,NOT_CLASSIFIED,NOT_EVALUATED,NOT_EVALUATED,NOT_REACHED,NOT_REACHED,NOT_REACHED,NOT_STARTED,NOT_REACHED,NOT_ATTEMPTED,,,
2026.07.27 12:50:00,NO,0,NOT_EVALUATED,NOT_EVALUATED,,,,NONE,NO,EA_NOT_ATTACHED,NOT_CLASSIFIED,LDN,NOT_CLASSIFIED,NOT_CLASSIFIED,NOT_EVALUATED,NOT_EVALUATED,NOT_REACHED,NOT_REACHED,NOT_REACHED,NOT_STARTED,NOT_REACHED,NOT_ATTEMPTED,,,
2026.07.27 13:00:00,NO,0,NOT_EVALUATED,NOT_EVALUATED,,,,NONE,NO,EA_NOT_ATTACHED,NOT_CLASSIFIED,NY,NOT_CLASSIFIED,NOT_CLASSIFIED,NOT_EVALUATED,NOT_EVALUATED,NOT_REACHED,NOT_REACHED,NOT_REACHED,NOT_STARTED,NOT_REACHED,NOT_ATTEMPTED,,,
2026.07.27 13:10:00,NO,0,NOT_EVALUATED,NOT_EVALUATED,,,,NONE,NO,EA_NOT_ATTACHED,NOT_CLASSIFIED,NY,NOT_CLASSIFIED,NOT_CLASSIFIED,NOT_EVALUATED,NOT_EVALUATED,NOT_REACHED,NOT_REACHED,NOT_REACHED,NOT_STARTED,NOT_REACHED,NOT_ATTEMPTED,,,
2026.07.27 13:20:00,NO,0,NOT_EVALUATED,NOT_EVALUATED,,,,NONE,NO,EA_NOT_ATTACHED,NOT_CLASSIFIED,NY,NOT_CLASSIFIED,NOT_CLASSIFIED,NOT_EVALUATED,NOT_EVALUATED,NOT_REACHED,NOT_REACHED,NOT_REACHED,NOT_STARTED,NOT_REACHED,NOT_ATTEMPTED,,,
2026.07.27 13:30:00,NO,0,NOT_EVALUATED,NOT_EVALUATED,,,,NONE,NO,EA_NOT_ATTACHED,NOT_CLASSIFIED,NY,NOT_CLASSIFIED,NOT_CLASSIFIED,NOT_EVALUATED,NOT_EVALUATED,NOT_REACHED,NOT_REACHED,NOT_REACHED,NOT_STARTED,NOT_REACHED,NOT_ATTEMPTED,,,
2026.07.27 13:40:00,NO,0,NOT_EVALUATED,NOT_EVALUATED,,,,NONE,NO,EA_NOT_ATTACHED,NOT_CLASSIFIED,NY,NOT_CLASSIFIED,NOT_CLASSIFIED,NOT_EVALUATED,NOT_EVALUATED,NOT_REACHED,NOT_REACHED,NOT_REACHED,NOT_STARTED,NOT_REACHED,NOT_ATTEMPTED,,,
2026.07.27 13:50:00,NO,0,NOT_EVALUATED,NOT_EVALUATED,,,,NONE,NO,EA_NOT_ATTACHED,NOT_CLASSIFIED,NY,NOT_CLASSIFIED,NOT_CLASSIFIED,NOT_EVALUATED,NOT_EVALUATED,NOT_REACHED,NOT_REACHED,NOT_REACHED,NOT_STARTED,NOT_REACHED,NOT_ATTEMPTED,,,
2026.07.27 14:00:00,NO,0,NOT_EVALUATED,NOT_EVALUATED,,,,NONE,NO,EA_NOT_ATTACHED,NOT_CLASSIFIED,NY,NOT_CLASSIFIED,NOT_CLASSIFIED,NOT_EVALUATED,NOT_EVALUATED,NOT_REACHED,NOT_REACHED,NOT_REACHED,NOT_STARTED,NOT_REACHED,NOT_ATTEMPTED,,,
2026.07.27 14:10:00,NO,0,NOT_EVALUATED,NOT_EVALUATED,,,,NONE,NO,EA_NOT_ATTACHED,NOT_CLASSIFIED,NY,NOT_CLASSIFIED,NOT_CLASSIFIED,NOT_EVALUATED,NOT_EVALUATED,NOT_REACHED,NOT_REACHED,NOT_REACHED,NOT_STARTED,NOT_REACHED,NOT_ATTEMPTED,,,
2026.07.27 14:20:00,NO,0,NOT_EVALUATED,NOT_EVALUATED,,,,NONE,NO,EA_NOT_ATTACHED,NOT_CLASSIFIED,NY,NOT_CLASSIFIED,NOT_CLASSIFIED,NOT_EVALUATED,NOT_EVALUATED,NOT_REACHED,NOT_REACHED,NOT_REACHED,NOT_STARTED,NOT_REACHED,NOT_ATTEMPTED,,,
2026.07.27 14:30:00,NO,0,NOT_EVALUATED,NOT_EVALUATED,,,,NONE,NO,EA_NOT_ATTACHED,NOT_CLASSIFIED,NY,NOT_CLASSIFIED,NOT_CLASSIFIED,NOT_EVALUATED,NOT_EVALUATED,NOT_REACHED,NOT_REACHED,NOT_REACHED,NOT_STARTED,NOT_REACHED,NOT_ATTEMPTED,,,
2026.07.27 14:40:00,NO,0,NOT_EVALUATED,NOT_EVALUATED,,,,NONE,NO,EA_NOT_ATTACHED,NOT_CLASSIFIED,NY,NOT_CLASSIFIED,NOT_CLASSIFIED,NOT_EVALUATED,NOT_EVALUATED,NOT_REACHED,NOT_REACHED,NOT_REACHED,NOT_STARTED,NOT_REACHED,NOT_ATTEMPTED,,,
2026.07.27 14:50:00,NO,0,NOT_EVALUATED,NOT_EVALUATED,,,,NONE,NO,EA_NOT_ATTACHED,NOT_CLASSIFIED,NY,NOT_CLASSIFIED,NOT_CLASSIFIED,NOT_EVALUATED,NOT_EVALUATED,NOT_REACHED,NOT_REACHED,NOT_REACHED,NOT_STARTED,NOT_REACHED,NOT_ATTEMPTED,,,
2026.07.27 15:00:00,NO,0,NOT_EVALUATED,NOT_EVALUATED,,,,NONE,NO,EA_NOT_ATTACHED,NOT_CLASSIFIED,FIX,NOT_CLASSIFIED,NOT_CLASSIFIED,NOT_EVALUATED,NOT_EVALUATED,NOT_REACHED,NOT_REACHED,NOT_REACHED,NOT_STARTED,NOT_REACHED,NOT_ATTEMPTED,,,
2026.07.27 15:10:00,NO,0,NOT_EVALUATED,NOT_EVALUATED,,,,NONE,NO,EA_NOT_ATTACHED,NOT_CLASSIFIED,FIX,NOT_CLASSIFIED,NOT_CLASSIFIED,NOT_EVALUATED,NOT_EVALUATED,NOT_REACHED,NOT_REACHED,NOT_REACHED,NOT_STARTED,NOT_REACHED,NOT_ATTEMPTED,,,
2026.07.27 15:20:00,NO,0,NOT_EVALUATED,NOT_EVALUATED,,,,NONE,NO,EA_NOT_ATTACHED,NOT_CLASSIFIED,NY,NOT_CLASSIFIED,NOT_CLASSIFIED,NOT_EVALUATED,NOT_EVALUATED,NOT_REACHED,NOT_REACHED,NOT_REACHED,NOT_STARTED,NOT_REACHED,NOT_ATTEMPTED,,,
2026.07.27 15:30:00,NO,0,NOT_EVALUATED,NOT_EVALUATED,,,,NONE,NO,EA_NOT_ATTACHED,NOT_CLASSIFIED,NY,NOT_CLASSIFIED,NOT_CLASSIFIED,NOT_EVALUATED,NOT_EVALUATED,NOT_REACHED,NOT_REACHED,NOT_REACHED,NOT_STARTED,NOT_REACHED,NOT_ATTEMPTED,,,
2026.07.27 15:40:00,NO,0,NOT_EVALUATED,NOT_EVALUATED,,,,NONE,NO,EA_NOT_ATTACHED,NOT_CLASSIFIED,NY,NOT_CLASSIFIED,NOT_CLASSIFIED,NOT_EVALUATED,NOT_EVALUATED,NOT_REACHED,NOT_REACHED,NOT_REACHED,NOT_STARTED,NOT_REACHED,NOT_ATTEMPTED,,,
2026.07.27 15:50:00,NO,0,NOT_EVALUATED,NOT_EVALUATED,,,,NONE,NO,EA_NOT_ATTACHED,NOT_CLASSIFIED,NY,NOT_CLASSIFIED,NOT_CLASSIFIED,NOT_EVALUATED,NOT_EVALUATED,NOT_REACHED,NOT_REACHED,NOT_REACHED,NOT_STARTED,NOT_REACHED,NOT_ATTEMPTED,,,
2026.07.27 16:00:00,NO,0,NOT_EVALUATED,NOT_EVALUATED,,,,NONE,NO,EA_NOT_ATTACHED,NOT_CLASSIFIED,NY,NOT_CLASSIFIED,NOT_CLASSIFIED,NOT_EVALUATED,NOT_EVALUATED,NOT_REACHED,NOT_REACHED,NOT_REACHED,NOT_STARTED,NOT_REACHED,NOT_ATTEMPTED,,,
2026.07.27 16:10:00,NO,0,NOT_EVALUATED,NOT_EVALUATED,,,,NONE,NO,EA_NOT_ATTACHED,NOT_CLASSIFIED,NY,NOT_CLASSIFIED,NOT_CLASSIFIED,NOT_EVALUATED,NOT_EVALUATED,NOT_REACHED,NOT_REACHED,NOT_REACHED,NOT_STARTED,NOT_REACHED,NOT_ATTEMPTED,,,
2026.07.27 16:20:00,NO,0,NOT_EVALUATED,NOT_EVALUATED,,,,NONE,NO,EA_NOT_ATTACHED,NOT_CLASSIFIED,NY,NOT_CLASSIFIED,NOT_CLASSIFIED,NOT_EVALUATED,NOT_EVALUATED,NOT_REACHED,NOT_REACHED,NOT_REACHED,NOT_STARTED,NOT_REACHED,NOT_ATTEMPTED,,,
2026.07.27 16:30:00,NO,0,NOT_EVALUATED,NOT_EVALUATED,,,,NONE,NO,EA_NOT_ATTACHED,NOT_CLASSIFIED,NY,NOT_CLASSIFIED,NOT_CLASSIFIED,NOT_EVALUATED,NOT_EVALUATED,NOT_REACHED,NOT_REACHED,NOT_REACHED,NOT_STARTED,NOT_REACHED,NOT_ATTEMPTED,,,
2026.07.27 16:40:00,NO,0,NOT_EVALUATED,NOT_EVALUATED,,,,NONE,NO,EA_NOT_ATTACHED,NOT_CLASSIFIED,NY,NOT_CLASSIFIED,NOT_CLASSIFIED,NOT_EVALUATED,NOT_EVALUATED,NOT_REACHED,NOT_REACHED,NOT_REACHED,NOT_STARTED,NOT_REACHED,NOT_ATTEMPTED,,,
2026.07.27 16:50:00,NO,0,NOT_EVALUATED,NOT_EVALUATED,,,,NONE,NO,EA_NOT_ATTACHED,NOT_CLASSIFIED,NY,NOT_CLASSIFIED,NOT_CLASSIFIED,NOT_EVALUATED,NOT_EVALUATED,NOT_REACHED,NOT_REACHED,NOT_REACHED,NOT_STARTED,NOT_REACHED,NOT_ATTEMPTED,,,
2026.07.27 17:00:00,NO,0,NOT_EVALUATED,NOT_EVALUATED,,,,NONE,NO,EA_NOT_ATTACHED,NOT_CLASSIFIED,LATE,NOT_CLASSIFIED,NOT_CLASSIFIED,NOT_EVALUATED,NOT_EVALUATED,NOT_REACHED,NOT_REACHED,NOT_REACHED,NOT_STARTED,NOT_REACHED,NOT_ATTEMPTED,,,
2026.07.27 17:10:00,NO,0,NOT_EVALUATED,NOT_EVALUATED,,,,NONE,NO,EA_NOT_ATTACHED,NOT_CLASSIFIED,LATE,NOT_CLASSIFIED,NOT_CLASSIFIED,NOT_EVALUATED,NOT_EVALUATED,NOT_REACHED,NOT_REACHED,NOT_REACHED,NOT_STARTED,NOT_REACHED,NOT_ATTEMPTED,,,
2026.07.27 17:20:00,NO,0,NOT_EVALUATED,NOT_EVALUATED,,,,NONE,NO,EA_NOT_ATTACHED,NOT_CLASSIFIED,LATE,NOT_CLASSIFIED,NOT_CLASSIFIED,NOT_EVALUATED,NOT_EVALUATED,NOT_REACHED,NOT_REACHED,NOT_REACHED,NOT_STARTED,NOT_REACHED,NOT_ATTEMPTED,,,
2026.07.27 17:30:00,NO,0,NOT_EVALUATED,NOT_EVALUATED,,,,NONE,NO,EA_NOT_ATTACHED,NOT_CLASSIFIED,LATE,NOT_CLASSIFIED,NOT_CLASSIFIED,NOT_EVALUATED,NOT_EVALUATED,NOT_REACHED,NOT_REACHED,NOT_REACHED,NOT_STARTED,NOT_REACHED,NOT_ATTEMPTED,,,
2026.07.27 17:40:00,NO,0,NOT_EVALUATED,NOT_EVALUATED,,,,NONE,NO,EA_NOT_ATTACHED,NOT_CLASSIFIED,LATE,NOT_CLASSIFIED,NOT_CLASSIFIED,NOT_EVALUATED,NOT_EVALUATED,NOT_REACHED,NOT_REACHED,NOT_REACHED,NOT_STARTED,NOT_REACHED,NOT_ATTEMPTED,,,
2026.07.27 17:50:00,NO,0,NOT_EVALUATED,NOT_EVALUATED,,,,NONE,NO,EA_NOT_ATTACHED,NOT_CLASSIFIED,LATE,NOT_CLASSIFIED,NOT_CLASSIFIED,NOT_EVALUATED,NOT_EVALUATED,NOT_REACHED,NOT_REACHED,NOT_REACHED,NOT_STARTED,NOT_REACHED,NOT_ATTEMPTED,,,
2026.07.27 18:00:00,NO,0,NOT_EVALUATED,NOT_EVALUATED,,,,NONE,NO,EA_NOT_ATTACHED,NOT_CLASSIFIED,LATE,NOT_CLASSIFIED,NOT_CLASSIFIED,NOT_EVALUATED,NOT_EVALUATED,NOT_REACHED,NOT_REACHED,NOT_REACHED,NOT_STARTED,NOT_REACHED,NOT_ATTEMPTED,,,
2026.07.27 18:10:00,NO,0,NOT_EVALUATED,NOT_EVALUATED,,,,NONE,NO,EA_NOT_ATTACHED,NOT_CLASSIFIED,LATE,NOT_CLASSIFIED,NOT_CLASSIFIED,NOT_EVALUATED,NOT_EVALUATED,NOT_REACHED,NOT_REACHED,NOT_REACHED,NOT_STARTED,NOT_REACHED,NOT_ATTEMPTED,,,
2026.07.27 18:20:00,NO,0,NOT_EVALUATED,NOT_EVALUATED,,,,NONE,NO,EA_NOT_ATTACHED,NOT_CLASSIFIED,LATE,NOT_CLASSIFIED,NOT_CLASSIFIED,NOT_EVALUATED,NOT_EVALUATED,NOT_REACHED,NOT_REACHED,NOT_REACHED,NOT_STARTED,NOT_REACHED,NOT_ATTEMPTED,,,
2026.07.27 18:30:00,NO,0,NOT_EVALUATED,NOT_EVALUATED,,,,NONE,NO,EA_NOT_ATTACHED,NOT_CLASSIFIED,LATE,NOT_CLASSIFIED,NOT_CLASSIFIED,NOT_EVALUATED,NOT_EVALUATED,NOT_REACHED,NOT_REACHED,NOT_REACHED,NOT_STARTED,NOT_REACHED,NOT_ATTEMPTED,,,
2026.07.27 18:40:00,NO,0,NOT_EVALUATED,NOT_EVALUATED,,,,NONE,NO,EA_NOT_ATTACHED,NOT_CLASSIFIED,LATE,NOT_CLASSIFIED,NOT_CLASSIFIED,NOT_EVALUATED,NOT_EVALUATED,NOT_REACHED,NOT_REACHED,NOT_REACHED,NOT_STARTED,NOT_REACHED,NOT_ATTEMPTED,,,
2026.07.27 18:50:00,NO,0,NOT_EVALUATED,NOT_EVALUATED,,,,NONE,NO,EA_NOT_ATTACHED,NOT_CLASSIFIED,LATE,NOT_CLASSIFIED,NOT_CLASSIFIED,NOT_EVALUATED,NOT_EVALUATED,NOT_REACHED,NOT_REACHED,NOT_REACHED,NOT_STARTED,NOT_REACHED,NOT_ATTEMPTED,,,
2026.07.27 19:00:00,NO,0,NOT_EVALUATED,NOT_EVALUATED,,,,NONE,NO,EA_NOT_ATTACHED,NOT_CLASSIFIED,LATE,NOT_CLASSIFIED,NOT_CLASSIFIED,NOT_EVALUATED,NOT_EVALUATED,NOT_REACHED,NOT_REACHED,NOT_REACHED,NOT_STARTED,NOT_REACHED,NOT_ATTEMPTED,,,
2026.07.27 19:10:00,NO,0,NOT_EVALUATED,NOT_EVALUATED,,,,NONE,NO,EA_NOT_ATTACHED,NOT_CLASSIFIED,LATE,NOT_CLASSIFIED,NOT_CLASSIFIED,NOT_EVALUATED,NOT_EVALUATED,NOT_REACHED,NOT_REACHED,NOT_REACHED,NOT_STARTED,NOT_REACHED,NOT_ATTEMPTED,,,
2026.07.27 19:20:00,NO,0,NOT_EVALUATED,NOT_EVALUATED,,,,NONE,NO,EA_NOT_ATTACHED,NOT_CLASSIFIED,LATE,NOT_CLASSIFIED,NOT_CLASSIFIED,NOT_EVALUATED,NOT_EVALUATED,NOT_REACHED,NOT_REACHED,NOT_REACHED,NOT_STARTED,NOT_REACHED,NOT_ATTEMPTED,,,
2026.07.27 19:30:00,NO,0,NOT_EVALUATED,NOT_EVALUATED,,,,NONE,NO,EA_NOT_ATTACHED,NOT_CLASSIFIED,LATE,NOT_CLASSIFIED,NOT_CLASSIFIED,NOT_EVALUATED,NOT_EVALUATED,NOT_REACHED,NOT_REACHED,NOT_REACHED,NOT_STARTED,NOT_REACHED,NOT_ATTEMPTED,,,
2026.07.27 19:40:00,NO,0,NOT_EVALUATED,NOT_EVALUATED,,,,NONE,NO,EA_NOT_ATTACHED,NOT_CLASSIFIED,LATE,NOT_CLASSIFIED,NOT_CLASSIFIED,NOT_EVALUATED,NOT_EVALUATED,NOT_REACHED,NOT_REACHED,NOT_REACHED,NOT_STARTED,NOT_REACHED,NOT_ATTEMPTED,,,
2026.07.27 19:50:00,NO,0,NOT_EVALUATED,NOT_EVALUATED,,,,NONE,NO,EA_NOT_ATTACHED,NOT_CLASSIFIED,LATE,NOT_CLASSIFIED,NOT_CLASSIFIED,NOT_EVALUATED,NOT_EVALUATED,NOT_REACHED,NOT_REACHED,NOT_REACHED,NOT_STARTED,NOT_REACHED,NOT_ATTEMPTED,,,
2026.07.27 20:00:00,NO,0,NOT_EVALUATED,NOT_EVALUATED,,,,NONE,NO,EA_NOT_ATTACHED,NOT_CLASSIFIED,LATE,NOT_CLASSIFIED,NOT_CLASSIFIED,NOT_EVALUATED,NOT_EVALUATED,NOT_REACHED,NOT_REACHED,NOT_REACHED,NOT_STARTED,NOT_REACHED,NOT_ATTEMPTED,,,
2026.07.27 20:10:00,NO,0,NOT_EVALUATED,NOT_EVALUATED,,,,NONE,NO,EA_NOT_ATTACHED,NOT_CLASSIFIED,LATE,NOT_CLASSIFIED,NOT_CLASSIFIED,NOT_EVALUATED,NOT_EVALUATED,NOT_REACHED,NOT_REACHED,NOT_REACHED,NOT_STARTED,NOT_REACHED,NOT_ATTEMPTED,,,
2026.07.27 20:20:00,NO,0,NOT_EVALUATED,NOT_EVALUATED,,,,NONE,NO,EA_NOT_ATTACHED,NOT_CLASSIFIED,LATE,NOT_CLASSIFIED,NOT_CLASSIFIED,NOT_EVALUATED,NOT_EVALUATED,NOT_REACHED,NOT_REACHED,NOT_REACHED,NOT_STARTED,NOT_REACHED,NOT_ATTEMPTED,,,
2026.07.27 20:30:00,NO,0,NOT_EVALUATED,NOT_EVALUATED,,,,NONE,NO,EA_NOT_ATTACHED,NOT_CLASSIFIED,LATE,NOT_CLASSIFIED,NOT_CLASSIFIED,NOT_EVALUATED,NOT_EVALUATED,NOT_REACHED,NOT_REACHED,NOT_REACHED,NOT_STARTED,NOT_REACHED,NOT_ATTEMPTED,,,
2026.07.27 20:40:00,NO,0,NOT_EVALUATED,NOT_EVALUATED,,,,NONE,NO,EA_NOT_ATTACHED,NOT_CLASSIFIED,LATE,NOT_CLASSIFIED,NOT_CLASSIFIED,NOT_EVALUATED,NOT_EVALUATED,NOT_REACHED,NOT_REACHED,NOT_REACHED,NOT_STARTED,NOT_REACHED,NOT_ATTEMPTED,,,
2026.07.27 20:50:00,NO,0,NOT_EVALUATED,NOT_EVALUATED,,,,NONE,NO,EA_NOT_ATTACHED,NOT_CLASSIFIED,LATE,NOT_CLASSIFIED,NOT_CLASSIFIED,NOT_EVALUATED,NOT_EVALUATED,NOT_REACHED,NOT_REACHED,NOT_REACHED,NOT_STARTED,NOT_REACHED,NOT_ATTEMPTED,,,
2026.07.27 21:00:00,NO,0,NOT_EVALUATED,NOT_EVALUATED,,,,NONE,NO,EA_NOT_ATTACHED,NOT_CLASSIFIED,LATE,NOT_CLASSIFIED,NOT_CLASSIFIED,NOT_EVALUATED,NOT_EVALUATED,NOT_REACHED,NOT_REACHED,NOT_REACHED,NOT_STARTED,NOT_REACHED,NOT_ATTEMPTED,,,
2026.07.27 21:10:00,NO,0,NOT_EVALUATED,NOT_EVALUATED,,,,NONE,NO,EA_NOT_ATTACHED,NOT_CLASSIFIED,LATE,NOT_CLASSIFIED,NOT_CLASSIFIED,NOT_EVALUATED,NOT_EVALUATED,NOT_REACHED,NOT_REACHED,NOT_REACHED,NOT_STARTED,NOT_REACHED,NOT_ATTEMPTED,,,
2026.07.27 21:20:00,NO,0,NOT_EVALUATED,NOT_EVALUATED,,,,NONE,NO,EA_NOT_ATTACHED,NOT_CLASSIFIED,LATE,NOT_CLASSIFIED,NOT_CLASSIFIED,NOT_EVALUATED,NOT_EVALUATED,NOT_REACHED,NOT_REACHED,NOT_REACHED,NOT_STARTED,NOT_REACHED,NOT_ATTEMPTED,,,
2026.07.27 21:30:00,NO,0,NOT_EVALUATED,NOT_EVALUATED,,,,NONE,NO,EA_NOT_ATTACHED,NOT_CLASSIFIED,LATE,NOT_CLASSIFIED,NOT_CLASSIFIED,NOT_EVALUATED,NOT_EVALUATED,NOT_REACHED,NOT_REACHED,NOT_REACHED,NOT_STARTED,NOT_REACHED,NOT_ATTEMPTED,,,
2026.07.27 21:40:00,NO,0,NOT_EVALUATED,NOT_EVALUATED,,,,NONE,NO,EA_NOT_ATTACHED,NOT_CLASSIFIED,LATE,NOT_CLASSIFIED,NOT_CLASSIFIED,NOT_EVALUATED,NOT_EVALUATED,NOT_REACHED,NOT_REACHED,NOT_REACHED,NOT_STARTED,NOT_REACHED,NOT_ATTEMPTED,,,
2026.07.27 21:50:00,NO,0,NOT_EVALUATED,NOT_EVALUATED,,,,NONE,NO,EA_NOT_ATTACHED,NOT_CLASSIFIED,LATE,NOT_CLASSIFIED,NOT_CLASSIFIED,NOT_EVALUATED,NOT_EVALUATED,NOT_REACHED,NOT_REACHED,NOT_REACHED,NOT_STARTED,NOT_REACHED,NOT_ATTEMPTED,,,
2026.07.27 22:00:00,NO,0,NOT_EVALUATED,NOT_EVALUATED,,,,NONE,NO,EA_NOT_ATTACHED,NOT_CLASSIFIED,LATE,NOT_CLASSIFIED,NOT_CLASSIFIED,NOT_EVALUATED,NOT_EVALUATED,NOT_REACHED,NOT_REACHED,NOT_REACHED,NOT_STARTED,NOT_REACHED,NOT_ATTEMPTED,,,
2026.07.27 22:10:00,NO,0,NOT_EVALUATED,NOT_EVALUATED,,,,NONE,NO,EA_NOT_ATTACHED,NOT_CLASSIFIED,LATE,NOT_CLASSIFIED,NOT_CLASSIFIED,NOT_EVALUATED,NOT_EVALUATED,NOT_REACHED,NOT_REACHED,NOT_REACHED,NOT_STARTED,NOT_REACHED,NOT_ATTEMPTED,,,
2026.07.27 22:20:00,NO,0,NOT_EVALUATED,NOT_EVALUATED,,,,NONE,NO,EA_NOT_ATTACHED,NOT_CLASSIFIED,LATE,NOT_CLASSIFIED,NOT_CLASSIFIED,NOT_EVALUATED,NOT_EVALUATED,NOT_REACHED,NOT_REACHED,NOT_REACHED,NOT_STARTED,NOT_REACHED,NOT_ATTEMPTED,,,
2026.07.27 22:30:00,NO,0,NOT_EVALUATED,NOT_EVALUATED,,,,NONE,NO,EA_NOT_ATTACHED,NOT_CLASSIFIED,LATE,NOT_CLASSIFIED,NOT_CLASSIFIED,NOT_EVALUATED,NOT_EVALUATED,NOT_REACHED,NOT_REACHED,NOT_REACHED,NOT_STARTED,NOT_REACHED,NOT_ATTEMPTED,,,
2026.07.27 22:40:00,NO,0,NOT_EVALUATED,NOT_EVALUATED,,,,NONE,NO,EA_NOT_ATTACHED,NOT_CLASSIFIED,LATE,NOT_CLASSIFIED,NOT_CLASSIFIED,NOT_EVALUATED,NOT_EVALUATED,NOT_REACHED,NOT_REACHED,NOT_REACHED,NOT_STARTED,NOT_REACHED,NOT_ATTEMPTED,,,
2026.07.27 22:50:00,NO,0,NOT_EVALUATED,NOT_EVALUATED,,,,NONE,NO,EA_NOT_ATTACHED,NOT_CLASSIFIED,LATE,NOT_CLASSIFIED,NOT_CLASSIFIED,NOT_EVALUATED,NOT_EVALUATED,NOT_REACHED,NOT_REACHED,NOT_REACHED,NOT_STARTED,NOT_REACHED,NOT_ATTEMPTED,,,
2026.07.28 01:10:00,NO,0,NOT_EVALUATED,NOT_EVALUATED,,,,NONE,NO,EA_NOT_ATTACHED,NOT_CLASSIFIED,ASIA,NOT_CLASSIFIED,NOT_CLASSIFIED,NOT_EVALUATED,NOT_EVALUATED,NOT_REACHED,NOT_REACHED,NOT_REACHED,NOT_STARTED,NOT_REACHED,NOT_ATTEMPTED,,,
2026.07.28 01:20:00,NO,0,NOT_EVALUATED,NOT_EVALUATED,,,,NONE,NO,EA_NOT_ATTACHED,NOT_CLASSIFIED,ASIA,NOT_CLASSIFIED,NOT_CLASSIFIED,NOT_EVALUATED,NOT_EVALUATED,NOT_REACHED,NOT_REACHED,NOT_REACHED,NOT_STARTED,NOT_REACHED,NOT_ATTEMPTED,,,
2026.07.28 01:30:00,NO,0,NOT_EVALUATED,NOT_EVALUATED,,,,NONE,NO,EA_NOT_ATTACHED,NOT_CLASSIFIED,ASIA,NOT_CLASSIFIED,NOT_CLASSIFIED,NOT_EVALUATED,NOT_EVALUATED,NOT_REACHED,NOT_REACHED,NOT_REACHED,NOT_STARTED,NOT_REACHED,NOT_ATTEMPTED,,,
2026.07.28 01:40:00,NO,0,NOT_EVALUATED,NOT_EVALUATED,,,,NONE,NO,EA_NOT_ATTACHED,NOT_CLASSIFIED,ASIA,NOT_CLASSIFIED,NOT_CLASSIFIED,NOT_EVALUATED,NOT_EVALUATED,NOT_REACHED,NOT_REACHED,NOT_REACHED,NOT_STARTED,NOT_REACHED,NOT_ATTEMPTED,,,
2026.07.28 01:50:00,NO,0,NOT_EVALUATED,NOT_EVALUATED,,,,NONE,NO,EA_NOT_ATTACHED,NOT_CLASSIFIED,ASIA,NOT_CLASSIFIED,NOT_CLASSIFIED,NOT_EVALUATED,NOT_EVALUATED,NOT_REACHED,NOT_REACHED,NOT_REACHED,NOT_STARTED,NOT_REACHED,NOT_ATTEMPTED,,,
2026.07.28 02:00:00,NO,0,NOT_EVALUATED,NOT_EVALUATED,,,,NONE,NO,EA_NOT_ATTACHED,NOT_CLASSIFIED,ASIA,NOT_CLASSIFIED,NOT_CLASSIFIED,NOT_EVALUATED,NOT_EVALUATED,NOT_REACHED,NOT_REACHED,NOT_REACHED,NOT_STARTED,NOT_REACHED,NOT_ATTEMPTED,,,
2026.07.28 02:10:00,NO,0,NOT_EVALUATED,NOT_EVALUATED,,,,NONE,NO,EA_NOT_ATTACHED,NOT_CLASSIFIED,ASIA,NOT_CLASSIFIED,NOT_CLASSIFIED,NOT_EVALUATED,NOT_EVALUATED,NOT_REACHED,NOT_REACHED,NOT_REACHED,NOT_STARTED,NOT_REACHED,NOT_ATTEMPTED,,,
2026.07.28 02:20:00,NO,0,NOT_EVALUATED,NOT_EVALUATED,,,,NONE,NO,EA_NOT_ATTACHED,NOT_CLASSIFIED,ASIA,NOT_CLASSIFIED,NOT_CLASSIFIED,NOT_EVALUATED,NOT_EVALUATED,NOT_REACHED,NOT_REACHED,NOT_REACHED,NOT_STARTED,NOT_REACHED,NOT_ATTEMPTED,,,
2026.07.28 02:30:00,NO,0,NOT_EVALUATED,NOT_EVALUATED,,,,NONE,NO,EA_NOT_ATTACHED,NOT_CLASSIFIED,ASIA,NOT_CLASSIFIED,NOT_CLASSIFIED,NOT_EVALUATED,NOT_EVALUATED,NOT_REACHED,NOT_REACHED,NOT_REACHED,NOT_STARTED,NOT_REACHED,NOT_ATTEMPTED,,,
2026.07.28 02:40:00,NO,0,NOT_EVALUATED,NOT_EVALUATED,,,,NONE,NO,EA_NOT_ATTACHED,NOT_CLASSIFIED,ASIA,NOT_CLASSIFIED,NOT_CLASSIFIED,NOT_EVALUATED,NOT_EVALUATED,NOT_REACHED,NOT_REACHED,NOT_REACHED,NOT_STARTED,NOT_REACHED,NOT_ATTEMPTED,,,
2026.07.28 02:50:00,NO,0,NOT_EVALUATED,NOT_EVALUATED,,,,NONE,NO,EA_NOT_ATTACHED,NOT_CLASSIFIED,ASIA,NOT_CLASSIFIED,NOT_CLASSIFIED,NOT_EVALUATED,NOT_EVALUATED,NOT_REACHED,NOT_REACHED,NOT_REACHED,NOT_STARTED,NOT_REACHED,NOT_ATTEMPTED,,,
2026.07.28 03:00:00,NO,0,NOT_EVALUATED,NOT_EVALUATED,,,,NONE,NO,EA_NOT_ATTACHED,NOT_CLASSIFIED,ASIA,NOT_CLASSIFIED,NOT_CLASSIFIED,NOT_EVALUATED,NOT_EVALUATED,NOT_REACHED,NOT_REACHED,NOT_REACHED,NOT_STARTED,NOT_REACHED,NOT_ATTEMPTED,,,
2026.07.28 03:10:00,NO,0,NOT_EVALUATED,NOT_EVALUATED,,,,NONE,NO,EA_NOT_ATTACHED,NOT_CLASSIFIED,ASIA,NOT_CLASSIFIED,NOT_CLASSIFIED,NOT_EVALUATED,NOT_EVALUATED,NOT_REACHED,NOT_REACHED,NOT_REACHED,NOT_STARTED,NOT_REACHED,NOT_ATTEMPTED,,,
2026.07.28 03:20:00,NO,0,NOT_EVALUATED,NOT_EVALUATED,,,,NONE,NO,EA_NOT_ATTACHED,NOT_CLASSIFIED,ASIA,NOT_CLASSIFIED,NOT_CLASSIFIED,NOT_EVALUATED,NOT_EVALUATED,NOT_REACHED,NOT_REACHED,NOT_REACHED,NOT_STARTED,NOT_REACHED,NOT_ATTEMPTED,,,
2026.07.28 03:30:00,NO,0,NOT_EVALUATED,NOT_EVALUATED,,,,NONE,NO,EA_NOT_ATTACHED,NOT_CLASSIFIED,ASIA,NOT_CLASSIFIED,NOT_CLASSIFIED,NOT_EVALUATED,NOT_EVALUATED,NOT_REACHED,NOT_REACHED,NOT_REACHED,NOT_STARTED,NOT_REACHED,NOT_ATTEMPTED,,,
2026.07.28 03:40:00,NO,0,NOT_EVALUATED,NOT_EVALUATED,,,,NONE,NO,EA_NOT_ATTACHED,NOT_CLASSIFIED,ASIA,NOT_CLASSIFIED,NOT_CLASSIFIED,NOT_EVALUATED,NOT_EVALUATED,NOT_REACHED,NOT_REACHED,NOT_REACHED,NOT_STARTED,NOT_REACHED,NOT_ATTEMPTED,,,
2026.07.28 03:50:00,NO,0,NOT_EVALUATED,NOT_EVALUATED,,,,NONE,NO,EA_NOT_ATTACHED,NOT_CLASSIFIED,ASIA,NOT_CLASSIFIED,NOT_CLASSIFIED,NOT_EVALUATED,NOT_EVALUATED,NOT_REACHED,NOT_REACHED,NOT_REACHED,NOT_STARTED,NOT_REACHED,NOT_ATTEMPTED,,,
2026.07.28 04:00:00,NO,0,NOT_EVALUATED,NOT_EVALUATED,,,,NONE,NO,EA_NOT_ATTACHED,NOT_CLASSIFIED,ASIA,NOT_CLASSIFIED,NOT_CLASSIFIED,NOT_EVALUATED,NOT_EVALUATED,NOT_REACHED,NOT_REACHED,NOT_REACHED,NOT_STARTED,NOT_REACHED,NOT_ATTEMPTED,,,
2026.07.28 04:10:00,NO,0,NOT_EVALUATED,NOT_EVALUATED,,,,NONE,NO,EA_NOT_ATTACHED,NOT_CLASSIFIED,ASIA,NOT_CLASSIFIED,NOT_CLASSIFIED,NOT_EVALUATED,NOT_EVALUATED,NOT_REACHED,NOT_REACHED,NOT_REACHED,NOT_STARTED,NOT_REACHED,NOT_ATTEMPTED,,,
2026.07.28 04:20:00,NO,0,NOT_EVALUATED,NOT_EVALUATED,,,,NONE,NO,EA_NOT_ATTACHED,NOT_CLASSIFIED,ASIA,NOT_CLASSIFIED,NOT_CLASSIFIED,NOT_EVALUATED,NOT_EVALUATED,NOT_REACHED,NOT_REACHED,NOT_REACHED,NOT_STARTED,NOT_REACHED,NOT_ATTEMPTED,,,
2026.07.28 04:30:00,NO,0,NOT_EVALUATED,NOT_EVALUATED,,,,NONE,NO,EA_NOT_ATTACHED,NOT_CLASSIFIED,ASIA,NOT_CLASSIFIED,NOT_CLASSIFIED,NOT_EVALUATED,NOT_EVALUATED,NOT_REACHED,NOT_REACHED,NOT_REACHED,NOT_STARTED,NOT_REACHED,NOT_ATTEMPTED,,,
2026.07.28 04:40:00,NO,0,NOT_EVALUATED,NOT_EVALUATED,,,,NONE,NO,EA_NOT_ATTACHED,NOT_CLASSIFIED,ASIA,NOT_CLASSIFIED,NOT_CLASSIFIED,NOT_EVALUATED,NOT_EVALUATED,NOT_REACHED,NOT_REACHED,NOT_REACHED,NOT_STARTED,NOT_REACHED,NOT_ATTEMPTED,,,
2026.07.28 04:50:00,NO,0,NOT_EVALUATED,NOT_EVALUATED,,,,NONE,NO,EA_NOT_ATTACHED,NOT_CLASSIFIED,ASIA,NOT_CLASSIFIED,NOT_CLASSIFIED,NOT_EVALUATED,NOT_EVALUATED,NOT_REACHED,NOT_REACHED,NOT_REACHED,NOT_STARTED,NOT_REACHED,NOT_ATTEMPTED,,,
2026.07.28 05:00:00,NO,0,NOT_EVALUATED,NOT_EVALUATED,,,,NONE,NO,EA_NOT_ATTACHED,NOT_CLASSIFIED,ASIA,NOT_CLASSIFIED,NOT_CLASSIFIED,NOT_EVALUATED,NOT_EVALUATED,NOT_REACHED,NOT_REACHED,NOT_REACHED,NOT_STARTED,NOT_REACHED,NOT_ATTEMPTED,,,
2026.07.28 05:10:00,NO,0,NOT_EVALUATED,NOT_EVALUATED,,,,NONE,NO,EA_NOT_ATTACHED,NOT_CLASSIFIED,ASIA,NOT_CLASSIFIED,NOT_CLASSIFIED,NOT_EVALUATED,NOT_EVALUATED,NOT_REACHED,NOT_REACHED,NOT_REACHED,NOT_STARTED,NOT_REACHED,NOT_ATTEMPTED,,,
2026.07.28 05:20:00,NO,0,NOT_EVALUATED,NOT_EVALUATED,,,,NONE,NO,EA_NOT_ATTACHED,NOT_CLASSIFIED,ASIA,NOT_CLASSIFIED,NOT_CLASSIFIED,NOT_EVALUATED,NOT_EVALUATED,NOT_REACHED,NOT_REACHED,NOT_REACHED,NOT_STARTED,NOT_REACHED,NOT_ATTEMPTED,,,
2026.07.28 05:30:00,NO,0,NOT_EVALUATED,NOT_EVALUATED,,,,NONE,NO,EA_NOT_ATTACHED,NOT_CLASSIFIED,ASIA,NOT_CLASSIFIED,NOT_CLASSIFIED,NOT_EVALUATED,NOT_EVALUATED,NOT_REACHED,NOT_REACHED,NOT_REACHED,NOT_STARTED,NOT_REACHED,NOT_ATTEMPTED,,,
2026.07.28 05:40:00,NO,0,NOT_EVALUATED,NOT_EVALUATED,,,,NONE,NO,EA_NOT_ATTACHED,NOT_CLASSIFIED,ASIA,NOT_CLASSIFIED,NOT_CLASSIFIED,NOT_EVALUATED,NOT_EVALUATED,NOT_REACHED,NOT_REACHED,NOT_REACHED,NOT_STARTED,NOT_REACHED,NOT_ATTEMPTED,,,
2026.07.28 05:50:00,NO,0,NOT_EVALUATED,NOT_EVALUATED,,,,NONE,NO,EA_NOT_ATTACHED,NOT_CLASSIFIED,ASIA,NOT_CLASSIFIED,NOT_CLASSIFIED,NOT_EVALUATED,NOT_EVALUATED,NOT_REACHED,NOT_REACHED,NOT_REACHED,NOT_STARTED,NOT_REACHED,NOT_ATTEMPTED,,,
2026.07.28 06:00:00,NO,0,NOT_EVALUATED,NOT_EVALUATED,,,,NONE,NO,EA_NOT_ATTACHED,NOT_CLASSIFIED,ASIA,NOT_CLASSIFIED,NOT_CLASSIFIED,NOT_EVALUATED,NOT_EVALUATED,NOT_REACHED,NOT_REACHED,NOT_REACHED,NOT_STARTED,NOT_REACHED,NOT_ATTEMPTED,,,
2026.07.28 06:10:00,NO,0,NOT_EVALUATED,NOT_EVALUATED,,,,NONE,NO,EA_NOT_ATTACHED,NOT_CLASSIFIED,ASIA,NOT_CLASSIFIED,NOT_CLASSIFIED,NOT_EVALUATED,NOT_EVALUATED,NOT_REACHED,NOT_REACHED,NOT_REACHED,NOT_STARTED,NOT_REACHED,NOT_ATTEMPTED,,,
2026.07.28 06:20:00,NO,0,NOT_EVALUATED,NOT_EVALUATED,,,,NONE,NO,EA_NOT_ATTACHED,NOT_CLASSIFIED,ASIA,NOT_CLASSIFIED,NOT_CLASSIFIED,NOT_EVALUATED,NOT_EVALUATED,NOT_REACHED,NOT_REACHED,NOT_REACHED,NOT_STARTED,NOT_REACHED,NOT_ATTEMPTED,,,
2026.07.28 06:30:00,NO,0,NOT_EVALUATED,NOT_EVALUATED,,,,NONE,NO,EA_NOT_ATTACHED,NOT_CLASSIFIED,ASIA,NOT_CLASSIFIED,NOT_CLASSIFIED,NOT_EVALUATED,NOT_EVALUATED,NOT_REACHED,NOT_REACHED,NOT_REACHED,NOT_STARTED,NOT_REACHED,NOT_ATTEMPTED,,,
2026.07.28 06:40:00,NO,0,NOT_EVALUATED,NOT_EVALUATED,,,,NONE,NO,EA_NOT_ATTACHED,NOT_CLASSIFIED,ASIA,NOT_CLASSIFIED,NOT_CLASSIFIED,NOT_EVALUATED,NOT_EVALUATED,NOT_REACHED,NOT_REACHED,NOT_REACHED,NOT_STARTED,NOT_REACHED,NOT_ATTEMPTED,,,
2026.07.28 06:50:00,NO,0,NOT_EVALUATED,NOT_EVALUATED,,,,NONE,NO,EA_NOT_ATTACHED,NOT_CLASSIFIED,ASIA,NOT_CLASSIFIED,NOT_CLASSIFIED,NOT_EVALUATED,NOT_EVALUATED,NOT_REACHED,NOT_REACHED,NOT_REACHED,NOT_STARTED,NOT_REACHED,NOT_ATTEMPTED,,,
2026.07.28 07:00:00,NO,0,NOT_EVALUATED,NOT_EVALUATED,,,,NONE,NO,EA_NOT_ATTACHED,NOT_CLASSIFIED,LDN,NOT_CLASSIFIED,NOT_CLASSIFIED,NOT_EVALUATED,NOT_EVALUATED,NOT_REACHED,NOT_REACHED,NOT_REACHED,NOT_STARTED,NOT_REACHED,NOT_ATTEMPTED,,,
2026.07.28 07:10:00,NO,0,NOT_EVALUATED,NOT_EVALUATED,,,,NONE,NO,EA_NOT_ATTACHED,NOT_CLASSIFIED,LDN,NOT_CLASSIFIED,NOT_CLASSIFIED,NOT_EVALUATED,NOT_EVALUATED,NOT_REACHED,NOT_REACHED,NOT_REACHED,NOT_STARTED,NOT_REACHED,NOT_ATTEMPTED,,,
2026.07.28 07:20:00,NO,0,NOT_EVALUATED,NOT_EVALUATED,,,,NONE,NO,EA_NOT_ATTACHED,NOT_CLASSIFIED,LDN,NOT_CLASSIFIED,NOT_CLASSIFIED,NOT_EVALUATED,NOT_EVALUATED,NOT_REACHED,NOT_REACHED,NOT_REACHED,NOT_STARTED,NOT_REACHED,NOT_ATTEMPTED,,,
2026.07.28 07:30:00,NO,0,NOT_EVALUATED,NOT_EVALUATED,,,,NONE,NO,EA_NOT_ATTACHED,NOT_CLASSIFIED,LDN,NOT_CLASSIFIED,NOT_CLASSIFIED,NOT_EVALUATED,NOT_EVALUATED,NOT_REACHED,NOT_REACHED,NOT_REACHED,NOT_STARTED,NOT_REACHED,NOT_ATTEMPTED,,,
2026.07.28 07:40:00,NO,0,NOT_EVALUATED,NOT_EVALUATED,,,,NONE,NO,EA_NOT_ATTACHED,NOT_CLASSIFIED,LDN,NOT_CLASSIFIED,NOT_CLASSIFIED,NOT_EVALUATED,NOT_EVALUATED,NOT_REACHED,NOT_REACHED,NOT_REACHED,NOT_STARTED,NOT_REACHED,NOT_ATTEMPTED,,,
2026.07.28 07:50:00,NO,0,NOT_EVALUATED,NOT_EVALUATED,,,,NONE,NO,EA_NOT_ATTACHED,NOT_CLASSIFIED,LDN,NOT_CLASSIFIED,NOT_CLASSIFIED,NOT_EVALUATED,NOT_EVALUATED,NOT_REACHED,NOT_REACHED,NOT_REACHED,NOT_STARTED,NOT_REACHED,NOT_ATTEMPTED,,,
2026.07.28 08:00:00,NO,0,NOT_EVALUATED,NOT_EVALUATED,,,,NONE,NO,EA_NOT_ATTACHED,NOT_CLASSIFIED,LDN,NOT_CLASSIFIED,NOT_CLASSIFIED,NOT_EVALUATED,NOT_EVALUATED,NOT_REACHED,NOT_REACHED,NOT_REACHED,NOT_STARTED,NOT_REACHED,NOT_ATTEMPTED,,,
2026.07.28 08:10:00,NO,0,NOT_EVALUATED,NOT_EVALUATED,,,,NONE,NO,EA_NOT_ATTACHED,NOT_CLASSIFIED,LDN,NOT_CLASSIFIED,NOT_CLASSIFIED,NOT_EVALUATED,NOT_EVALUATED,NOT_REACHED,NOT_REACHED,NOT_REACHED,NOT_STARTED,NOT_REACHED,NOT_ATTEMPTED,,,
2026.07.28 08:20:00,NO,0,NOT_EVALUATED,NOT_EVALUATED,,,,NONE,NO,EA_NOT_ATTACHED,NOT_CLASSIFIED,LDN,NOT_CLASSIFIED,NOT_CLASSIFIED,NOT_EVALUATED,NOT_EVALUATED,NOT_REACHED,NOT_REACHED,NOT_REACHED,NOT_STARTED,NOT_REACHED,NOT_ATTEMPTED,,,
2026.07.28 08:30:00,NO,0,NOT_EVALUATED,NOT_EVALUATED,,,,NONE,NO,EA_NOT_ATTACHED,NOT_CLASSIFIED,LDN,NOT_CLASSIFIED,NOT_CLASSIFIED,NOT_EVALUATED,NOT_EVALUATED,NOT_REACHED,NOT_REACHED,NOT_REACHED,NOT_STARTED,NOT_REACHED,NOT_ATTEMPTED,,,
2026.07.28 08:40:00,NO,0,NOT_EVALUATED,NOT_EVALUATED,,,,NONE,NO,EA_NOT_ATTACHED,NOT_CLASSIFIED,LDN,NOT_CLASSIFIED,NOT_CLASSIFIED,NOT_EVALUATED,NOT_EVALUATED,NOT_REACHED,NOT_REACHED,NOT_REACHED,NOT_STARTED,NOT_REACHED,NOT_ATTEMPTED,,,
2026.07.28 08:50:00,NO,0,NOT_EVALUATED,NOT_EVALUATED,,,,NONE,NO,EA_NOT_ATTACHED,NOT_CLASSIFIED,LDN,NOT_CLASSIFIED,NOT_CLASSIFIED,NOT_EVALUATED,NOT_EVALUATED,NOT_REACHED,NOT_REACHED,NOT_REACHED,NOT_STARTED,NOT_REACHED,NOT_ATTEMPTED,,,
2026.07.28 09:00:00,NO,0,NOT_EVALUATED,NOT_EVALUATED,,,,NONE,NO,EA_NOT_ATTACHED,NOT_CLASSIFIED,LDN,NOT_CLASSIFIED,NOT_CLASSIFIED,NOT_EVALUATED,NOT_EVALUATED,NOT_REACHED,NOT_REACHED,NOT_REACHED,NOT_STARTED,NOT_REACHED,NOT_ATTEMPTED,,,
2026.07.28 09:10:00,NO,0,NOT_EVALUATED,NOT_EVALUATED,,,,NONE,NO,EA_NOT_ATTACHED,NOT_CLASSIFIED,LDN,NOT_CLASSIFIED,NOT_CLASSIFIED,NOT_EVALUATED,NOT_EVALUATED,NOT_REACHED,NOT_REACHED,NOT_REACHED,NOT_STARTED,NOT_REACHED,NOT_ATTEMPTED,,,
2026.07.28 09:20:00,NO,0,NOT_EVALUATED,NOT_EVALUATED,,,,NONE,NO,EA_NOT_ATTACHED,NOT_CLASSIFIED,LDN,NOT_CLASSIFIED,NOT_CLASSIFIED,NOT_EVALUATED,NOT_EVALUATED,NOT_REACHED,NOT_REACHED,NOT_REACHED,NOT_STARTED,NOT_REACHED,NOT_ATTEMPTED,,,
2026.07.28 09:30:00,NO,0,NOT_EVALUATED,NOT_EVALUATED,,,,NONE,NO,EA_NOT_ATTACHED,NOT_CLASSIFIED,LDN,NOT_CLASSIFIED,NOT_CLASSIFIED,NOT_EVALUATED,NOT_EVALUATED,NOT_REACHED,NOT_REACHED,NOT_REACHED,NOT_STARTED,NOT_REACHED,NOT_ATTEMPTED,,,
2026.07.28 09:40:00,NO,0,NOT_EVALUATED,NOT_EVALUATED,,,,NONE,NO,EA_NOT_ATTACHED,NOT_CLASSIFIED,LDN,NOT_CLASSIFIED,NOT_CLASSIFIED,NOT_EVALUATED,NOT_EVALUATED,NOT_REACHED,NOT_REACHED,NOT_REACHED,NOT_STARTED,NOT_REACHED,NOT_ATTEMPTED,,,
2026.07.28 09:50:00,NO,0,NOT_EVALUATED,NOT_EVALUATED,,,,NONE,NO,EA_NOT_ATTACHED,NOT_CLASSIFIED,LDN,NOT_CLASSIFIED,NOT_CLASSIFIED,NOT_EVALUATED,NOT_EVALUATED,NOT_REACHED,NOT_REACHED,NOT_REACHED,NOT_STARTED,NOT_REACHED,NOT_ATTEMPTED,,,
2026.07.28 10:00:00,NO,0,NOT_EVALUATED,NOT_EVALUATED,,,,NONE,NO,EA_NOT_ATTACHED,NOT_CLASSIFIED,LDN,NOT_CLASSIFIED,NOT_CLASSIFIED,NOT_EVALUATED,NOT_EVALUATED,NOT_REACHED,NOT_REACHED,NOT_REACHED,NOT_STARTED,NOT_REACHED,NOT_ATTEMPTED,,,
2026.07.28 10:10:00,NO,0,NOT_EVALUATED,NOT_EVALUATED,,,,NONE,NO,EA_NOT_ATTACHED,NOT_CLASSIFIED,LDN,NOT_CLASSIFIED,NOT_CLASSIFIED,NOT_EVALUATED,NOT_EVALUATED,NOT_REACHED,NOT_REACHED,NOT_REACHED,NOT_STARTED,NOT_REACHED,NOT_ATTEMPTED,,,
2026.07.28 10:20:00,NO,0,NOT_EVALUATED,NOT_EVALUATED,,,,NONE,NO,EA_NOT_ATTACHED,NOT_CLASSIFIED,FIX,NOT_CLASSIFIED,NOT_CLASSIFIED,NOT_EVALUATED,NOT_EVALUATED,NOT_REACHED,NOT_REACHED,NOT_REACHED,NOT_STARTED,NOT_REACHED,NOT_ATTEMPTED,,,
2026.07.28 10:30:00,NO,0,NOT_EVALUATED,NOT_EVALUATED,,,,NONE,NO,EA_NOT_ATTACHED,NOT_CLASSIFIED,FIX,NOT_CLASSIFIED,NOT_CLASSIFIED,NOT_EVALUATED,NOT_EVALUATED,NOT_REACHED,NOT_REACHED,NOT_REACHED,NOT_STARTED,NOT_REACHED,NOT_ATTEMPTED,,,
2026.07.28 10:40:00,NO,0,NOT_EVALUATED,NOT_EVALUATED,,,,NONE,NO,EA_NOT_ATTACHED,NOT_CLASSIFIED,FIX,NOT_CLASSIFIED,NOT_CLASSIFIED,NOT_EVALUATED,NOT_EVALUATED,NOT_REACHED,NOT_REACHED,NOT_REACHED,NOT_STARTED,NOT_REACHED,NOT_ATTEMPTED,,,
2026.07.28 10:50:00,NO,0,NOT_EVALUATED,NOT_EVALUATED,,,,NONE,NO,EA_NOT_ATTACHED,NOT_CLASSIFIED,FIX,NOT_CLASSIFIED,NOT_CLASSIFIED,NOT_EVALUATED,NOT_EVALUATED,NOT_REACHED,NOT_REACHED,NOT_REACHED,NOT_STARTED,NOT_REACHED,NOT_ATTEMPTED,,,
2026.07.28 11:00:00,NO,0,NOT_EVALUATED,NOT_EVALUATED,,,,NONE,NO,EA_NOT_ATTACHED,NOT_CLASSIFIED,LDN,NOT_CLASSIFIED,NOT_CLASSIFIED,NOT_EVALUATED,NOT_EVALUATED,NOT_REACHED,NOT_REACHED,NOT_REACHED,NOT_STARTED,NOT_REACHED,NOT_ATTEMPTED,,,
2026.07.28 11:10:00,NO,0,NOT_EVALUATED,NOT_EVALUATED,,,,NONE,NO,EA_NOT_ATTACHED,NOT_CLASSIFIED,LDN,NOT_CLASSIFIED,NOT_CLASSIFIED,NOT_EVALUATED,NOT_EVALUATED,NOT_REACHED,NOT_REACHED,NOT_REACHED,NOT_STARTED,NOT_REACHED,NOT_ATTEMPTED,,,
2026.07.28 11:20:00,NO,0,NOT_EVALUATED,NOT_EVALUATED,,,,NONE,NO,EA_NOT_ATTACHED,NOT_CLASSIFIED,LDN,NOT_CLASSIFIED,NOT_CLASSIFIED,NOT_EVALUATED,NOT_EVALUATED,NOT_REACHED,NOT_REACHED,NOT_REACHED,NOT_STARTED,NOT_REACHED,NOT_ATTEMPTED,,,
2026.07.28 11:30:00,NO,0,NOT_EVALUATED,NOT_EVALUATED,,,,NONE,NO,EA_NOT_ATTACHED,NOT_CLASSIFIED,LDN,NOT_CLASSIFIED,NOT_CLASSIFIED,NOT_EVALUATED,NOT_EVALUATED,NOT_REACHED,NOT_REACHED,NOT_REACHED,NOT_STARTED,NOT_REACHED,NOT_ATTEMPTED,,,
2026.07.28 11:40:00,NO,0,NOT_EVALUATED,NOT_EVALUATED,,,,NONE,NO,EA_NOT_ATTACHED,NOT_CLASSIFIED,LDN,NOT_CLASSIFIED,NOT_CLASSIFIED,NOT_EVALUATED,NOT_EVALUATED,NOT_REACHED,NOT_REACHED,NOT_REACHED,NOT_STARTED,NOT_REACHED,NOT_ATTEMPTED,,,
2026.07.28 11:50:00,NO,0,NOT_EVALUATED,NOT_EVALUATED,,,,NONE,NO,EA_NOT_ATTACHED,NOT_CLASSIFIED,LDN,NOT_CLASSIFIED,NOT_CLASSIFIED,NOT_EVALUATED,NOT_EVALUATED,NOT_REACHED,NOT_REACHED,NOT_REACHED,NOT_STARTED,NOT_REACHED,NOT_ATTEMPTED,,,
2026.07.28 12:00:00,NO,0,NOT_EVALUATED,NOT_EVALUATED,,,,NONE,NO,EA_NOT_ATTACHED,NOT_CLASSIFIED,LDN,NOT_CLASSIFIED,NOT_CLASSIFIED,NOT_EVALUATED,NOT_EVALUATED,NOT_REACHED,NOT_REACHED,NOT_REACHED,NOT_STARTED,NOT_REACHED,NOT_ATTEMPTED,,,
2026.07.28 12:10:00,NO,0,NOT_EVALUATED,NOT_EVALUATED,,,,NONE,NO,EA_NOT_ATTACHED,NOT_CLASSIFIED,LDN,NOT_CLASSIFIED,NOT_CLASSIFIED,NOT_EVALUATED,NOT_EVALUATED,NOT_REACHED,NOT_REACHED,NOT_REACHED,NOT_STARTED,NOT_REACHED,NOT_ATTEMPTED,,,
2026.07.28 12:20:00,NO,0,NOT_EVALUATED,NOT_EVALUATED,,,,NONE,NO,EA_NOT_ATTACHED,NOT_CLASSIFIED,LDN,NOT_CLASSIFIED,NOT_CLASSIFIED,NOT_EVALUATED,NOT_EVALUATED,NOT_REACHED,NOT_REACHED,NOT_REACHED,NOT_STARTED,NOT_REACHED,NOT_ATTEMPTED,,,
2026.07.28 12:30:00,NO,0,NOT_EVALUATED,NOT_EVALUATED,,,,NONE,NO,EA_NOT_ATTACHED,NOT_CLASSIFIED,LDN,NOT_CLASSIFIED,NOT_CLASSIFIED,NOT_EVALUATED,NOT_EVALUATED,NOT_REACHED,NOT_REACHED,NOT_REACHED,NOT_STARTED,NOT_REACHED,NOT_ATTEMPTED,,,
2026.07.28 12:40:00,NO,0,NOT_EVALUATED,NOT_EVALUATED,,,,NONE,NO,EA_NOT_ATTACHED,NOT_CLASSIFIED,LDN,NOT_CLASSIFIED,NOT_CLASSIFIED,NOT_EVALUATED,NOT_EVALUATED,NOT_REACHED,NOT_REACHED,NOT_REACHED,NOT_STARTED,NOT_REACHED,NOT_ATTEMPTED,,,
2026.07.28 12:50:00,NO,0,NOT_EVALUATED,NOT_EVALUATED,,,,NONE,NO,EA_NOT_ATTACHED,NOT_CLASSIFIED,LDN,NOT_CLASSIFIED,NOT_CLASSIFIED,NOT_EVALUATED,NOT_EVALUATED,NOT_REACHED,NOT_REACHED,NOT_REACHED,NOT_STARTED,NOT_REACHED,NOT_ATTEMPTED,,,
2026.07.28 13:00:00,NO,0,NOT_EVALUATED,NOT_EVALUATED,,,,NONE,NO,EA_NOT_ATTACHED,NOT_CLASSIFIED,NY,NOT_CLASSIFIED,NOT_CLASSIFIED,NOT_EVALUATED,NOT_EVALUATED,NOT_REACHED,NOT_REACHED,NOT_REACHED,NOT_STARTED,NOT_REACHED,NOT_ATTEMPTED,,,
2026.07.28 13:10:00,NO,0,NOT_EVALUATED,NOT_EVALUATED,,,,NONE,NO,EA_NOT_ATTACHED,NOT_CLASSIFIED,NY,NOT_CLASSIFIED,NOT_CLASSIFIED,NOT_EVALUATED,NOT_EVALUATED,NOT_REACHED,NOT_REACHED,NOT_REACHED,NOT_STARTED,NOT_REACHED,NOT_ATTEMPTED,,,
2026.07.28 13:20:00,NO,0,NOT_EVALUATED,NOT_EVALUATED,,,,NONE,NO,EA_NOT_ATTACHED,NOT_CLASSIFIED,NY,NOT_CLASSIFIED,NOT_CLASSIFIED,NOT_EVALUATED,NOT_EVALUATED,NOT_REACHED,NOT_REACHED,NOT_REACHED,NOT_STARTED,NOT_REACHED,NOT_ATTEMPTED,,,
2026.07.28 13:30:00,NO,0,NOT_EVALUATED,NOT_EVALUATED,,,,NONE,NO,EA_NOT_ATTACHED,NOT_CLASSIFIED,NY,NOT_CLASSIFIED,NOT_CLASSIFIED,NOT_EVALUATED,NOT_EVALUATED,NOT_REACHED,NOT_REACHED,NOT_REACHED,NOT_STARTED,NOT_REACHED,NOT_ATTEMPTED,,,
2026.07.28 13:40:00,NO,0,NOT_EVALUATED,NOT_EVALUATED,,,,NONE,NO,EA_NOT_ATTACHED,NOT_CLASSIFIED,NY,NOT_CLASSIFIED,NOT_CLASSIFIED,NOT_EVALUATED,NOT_EVALUATED,NOT_REACHED,NOT_REACHED,NOT_REACHED,NOT_STARTED,NOT_REACHED,NOT_ATTEMPTED,,,
2026.07.28 13:50:00,NO,0,NOT_EVALUATED,NOT_EVALUATED,,,,NONE,NO,EA_NOT_ATTACHED,NOT_CLASSIFIED,NY,NOT_CLASSIFIED,NOT_CLASSIFIED,NOT_EVALUATED,NOT_EVALUATED,NOT_REACHED,NOT_REACHED,NOT_REACHED,NOT_STARTED,NOT_REACHED,NOT_ATTEMPTED,,,
2026.07.28 14:00:00,NO,0,NOT_EVALUATED,NOT_EVALUATED,,,,NONE,NO,EA_NOT_ATTACHED,NOT_CLASSIFIED,NY,NOT_CLASSIFIED,NOT_CLASSIFIED,NOT_EVALUATED,NOT_EVALUATED,NOT_REACHED,NOT_REACHED,NOT_REACHED,NOT_STARTED,NOT_REACHED,NOT_ATTEMPTED,,,
2026.07.28 14:10:00,NO,0,NOT_EVALUATED,NOT_EVALUATED,,,,NONE,NO,EA_NOT_ATTACHED,NOT_CLASSIFIED,NY,NOT_CLASSIFIED,NOT_CLASSIFIED,NOT_EVALUATED,NOT_EVALUATED,NOT_REACHED,NOT_REACHED,NOT_REACHED,NOT_STARTED,NOT_REACHED,NOT_ATTEMPTED,,,
2026.07.28 14:20:00,NO,0,NOT_EVALUATED,NOT_EVALUATED,,,,NONE,NO,EA_NOT_ATTACHED,NOT_CLASSIFIED,NY,NOT_CLASSIFIED,NOT_CLASSIFIED,NOT_EVALUATED,NOT_EVALUATED,NOT_REACHED,NOT_REACHED,NOT_REACHED,NOT_STARTED,NOT_REACHED,NOT_ATTEMPTED,,,
2026.07.28 14:30:00,NO,0,NOT_EVALUATED,NOT_EVALUATED,,,,NONE,NO,EA_NOT_ATTACHED,NOT_CLASSIFIED,NY,NOT_CLASSIFIED,NOT_CLASSIFIED,NOT_EVALUATED,NOT_EVALUATED,NOT_REACHED,NOT_REACHED,NOT_REACHED,NOT_STARTED,NOT_REACHED,NOT_ATTEMPTED,,,
2026.07.28 14:40:00,NO,0,NOT_EVALUATED,NOT_EVALUATED,,,,NONE,NO,EA_NOT_ATTACHED,NOT_CLASSIFIED,NY,NOT_CLASSIFIED,NOT_CLASSIFIED,NOT_EVALUATED,NOT_EVALUATED,NOT_REACHED,NOT_REACHED,NOT_REACHED,NOT_STARTED,NOT_REACHED,NOT_ATTEMPTED,,,
2026.07.28 14:50:00,NO,0,NOT_EVALUATED,NOT_EVALUATED,,,,NONE,NO,EA_NOT_ATTACHED,NOT_CLASSIFIED,NY,NOT_CLASSIFIED,NOT_CLASSIFIED,NOT_EVALUATED,NOT_EVALUATED,NOT_REACHED,NOT_REACHED,NOT_REACHED,NOT_STARTED,NOT_REACHED,NOT_ATTEMPTED,,,
2026.07.28 15:00:00,NO,0,NOT_EVALUATED,NOT_EVALUATED,,,,NONE,NO,EA_NOT_ATTACHED,NOT_CLASSIFIED,FIX,NOT_CLASSIFIED,NOT_CLASSIFIED,NOT_EVALUATED,NOT_EVALUATED,NOT_REACHED,NOT_REACHED,NOT_REACHED,NOT_STARTED,NOT_REACHED,NOT_ATTEMPTED,,,
2026.07.28 15:10:00,NO,0,NOT_EVALUATED,NOT_EVALUATED,,,,NONE,NO,EA_NOT_ATTACHED,NOT_CLASSIFIED,FIX,NOT_CLASSIFIED,NOT_CLASSIFIED,NOT_EVALUATED,NOT_EVALUATED,NOT_REACHED,NOT_REACHED,NOT_REACHED,NOT_STARTED,NOT_REACHED,NOT_ATTEMPTED,,,
2026.07.28 15:20:00,NO,0,NOT_EVALUATED,NOT_EVALUATED,,,,NONE,NO,EA_NOT_ATTACHED,NOT_CLASSIFIED,NY,NOT_CLASSIFIED,NOT_CLASSIFIED,NOT_EVALUATED,NOT_EVALUATED,NOT_REACHED,NOT_REACHED,NOT_REACHED,NOT_STARTED,NOT_REACHED,NOT_ATTEMPTED,,,
2026.07.28 15:30:00,NO,0,NOT_EVALUATED,NOT_EVALUATED,,,,NONE,NO,EA_NOT_ATTACHED,NOT_CLASSIFIED,NY,NOT_CLASSIFIED,NOT_CLASSIFIED,NOT_EVALUATED,NOT_EVALUATED,NOT_REACHED,NOT_REACHED,NOT_REACHED,NOT_STARTED,NOT_REACHED,NOT_ATTEMPTED,,,
2026.07.28 15:40:00,NO,0,NOT_EVALUATED,NOT_EVALUATED,,,,NONE,NO,EA_NOT_ATTACHED,NOT_CLASSIFIED,NY,NOT_CLASSIFIED,NOT_CLASSIFIED,NOT_EVALUATED,NOT_EVALUATED,NOT_REACHED,NOT_REACHED,NOT_REACHED,NOT_STARTED,NOT_REACHED,NOT_ATTEMPTED,,,
2026.07.28 15:50:00,NO,0,NOT_EVALUATED,NOT_EVALUATED,,,,NONE,NO,EA_NOT_ATTACHED,NOT_CLASSIFIED,NY,NOT_CLASSIFIED,NOT_CLASSIFIED,NOT_EVALUATED,NOT_EVALUATED,NOT_REACHED,NOT_REACHED,NOT_REACHED,NOT_STARTED,NOT_REACHED,NOT_ATTEMPTED,,,
2026.07.28 16:00:00,NO,0,NOT_EVALUATED,NOT_EVALUATED,,,,NONE,NO,EA_NOT_ATTACHED,NOT_CLASSIFIED,NY,NOT_CLASSIFIED,NOT_CLASSIFIED,NOT_EVALUATED,NOT_EVALUATED,NOT_REACHED,NOT_REACHED,NOT_REACHED,NOT_STARTED,NOT_REACHED,NOT_ATTEMPTED,,,
2026.07.28 16:10:00,NO,0,NOT_EVALUATED,NOT_EVALUATED,,,,NONE,NO,EA_NOT_ATTACHED,NOT_CLASSIFIED,NY,NOT_CLASSIFIED,NOT_CLASSIFIED,NOT_EVALUATED,NOT_EVALUATED,NOT_REACHED,NOT_REACHED,NOT_REACHED,NOT_STARTED,NOT_REACHED,NOT_ATTEMPTED,,,
2026.07.28 16:20:00,NO,0,NOT_EVALUATED,NOT_EVALUATED,,,,NONE,NO,EA_NOT_ATTACHED,NOT_CLASSIFIED,NY,NOT_CLASSIFIED,NOT_CLASSIFIED,NOT_EVALUATED,NOT_EVALUATED,NOT_REACHED,NOT_REACHED,NOT_REACHED,NOT_STARTED,NOT_REACHED,NOT_ATTEMPTED,,,
2026.07.28 16:30:00,NO,0,NOT_EVALUATED,NOT_EVALUATED,,,,NONE,NO,EA_NOT_ATTACHED,NOT_CLASSIFIED,NY,NOT_CLASSIFIED,NOT_CLASSIFIED,NOT_EVALUATED,NOT_EVALUATED,NOT_REACHED,NOT_REACHED,NOT_REACHED,NOT_STARTED,NOT_REACHED,NOT_ATTEMPTED,,,
2026.07.28 16:40:00,NO,0,NOT_EVALUATED,NOT_EVALUATED,,,,NONE,NO,EA_NOT_ATTACHED,NOT_CLASSIFIED,NY,NOT_CLASSIFIED,NOT_CLASSIFIED,NOT_EVALUATED,NOT_EVALUATED,NOT_REACHED,NOT_REACHED,NOT_REACHED,NOT_STARTED,NOT_REACHED,NOT_ATTEMPTED,,,
2026.07.28 16:50:00,NO,0,NOT_EVALUATED,NOT_EVALUATED,,,,NONE,NO,EA_NOT_ATTACHED,NOT_CLASSIFIED,NY,NOT_CLASSIFIED,NOT_CLASSIFIED,NOT_EVALUATED,NOT_EVALUATED,NOT_REACHED,NOT_REACHED,NOT_REACHED,NOT_STARTED,NOT_REACHED,NOT_ATTEMPTED,,,
2026.07.28 17:00:00,NO,0,NOT_EVALUATED,NOT_EVALUATED,,,,NONE,NO,EA_NOT_ATTACHED,NOT_CLASSIFIED,LATE,NOT_CLASSIFIED,NOT_CLASSIFIED,NOT_EVALUATED,NOT_EVALUATED,NOT_REACHED,NOT_REACHED,NOT_REACHED,NOT_STARTED,NOT_REACHED,NOT_ATTEMPTED,,,
2026.07.28 17:10:00,NO,0,NOT_EVALUATED,NOT_EVALUATED,,,,NONE,NO,EA_NOT_ATTACHED,NOT_CLASSIFIED,LATE,NOT_CLASSIFIED,NOT_CLASSIFIED,NOT_EVALUATED,NOT_EVALUATED,NOT_REACHED,NOT_REACHED,NOT_REACHED,NOT_STARTED,NOT_REACHED,NOT_ATTEMPTED,,,
2026.07.28 17:20:00,NO,0,NOT_EVALUATED,NOT_EVALUATED,,,,NONE,NO,EA_NOT_ATTACHED,NOT_CLASSIFIED,LATE,NOT_CLASSIFIED,NOT_CLASSIFIED,NOT_EVALUATED,NOT_EVALUATED,NOT_REACHED,NOT_REACHED,NOT_REACHED,NOT_STARTED,NOT_REACHED,NOT_ATTEMPTED,,,
2026.07.28 17:30:00,NO,0,NOT_EVALUATED,NOT_EVALUATED,,,,NONE,NO,EA_NOT_ATTACHED,NOT_CLASSIFIED,LATE,NOT_CLASSIFIED,NOT_CLASSIFIED,NOT_EVALUATED,NOT_EVALUATED,NOT_REACHED,NOT_REACHED,NOT_REACHED,NOT_STARTED,NOT_REACHED,NOT_ATTEMPTED,,,
2026.07.28 17:40:00,NO,0,NOT_EVALUATED,NOT_EVALUATED,,,,NONE,NO,EA_NOT_ATTACHED,NOT_CLASSIFIED,LATE,NOT_CLASSIFIED,NOT_CLASSIFIED,NOT_EVALUATED,NOT_EVALUATED,NOT_REACHED,NOT_REACHED,NOT_REACHED,NOT_STARTED,NOT_REACHED,NOT_ATTEMPTED,,,
2026.07.28 17:50:00,NO,0,NOT_EVALUATED,NOT_EVALUATED,,,,NONE,NO,EA_NOT_ATTACHED,NOT_CLASSIFIED,LATE,NOT_CLASSIFIED,NOT_CLASSIFIED,NOT_EVALUATED,NOT_EVALUATED,NOT_REACHED,NOT_REACHED,NOT_REACHED,NOT_STARTED,NOT_REACHED,NOT_ATTEMPTED,,,
2026.07.28 18:00:00,NO,0,NOT_EVALUATED,NOT_EVALUATED,,,,NONE,NO,EA_NOT_ATTACHED,NOT_CLASSIFIED,LATE,NOT_CLASSIFIED,NOT_CLASSIFIED,NOT_EVALUATED,NOT_EVALUATED,NOT_REACHED,NOT_REACHED,NOT_REACHED,NOT_STARTED,NOT_REACHED,NOT_ATTEMPTED,,,
2026.07.28 18:10:00,NO,0,NOT_EVALUATED,NOT_EVALUATED,,,,NONE,NO,EA_NOT_ATTACHED,NOT_CLASSIFIED,LATE,NOT_CLASSIFIED,NOT_CLASSIFIED,NOT_EVALUATED,NOT_EVALUATED,NOT_REACHED,NOT_REACHED,NOT_REACHED,NOT_STARTED,NOT_REACHED,NOT_ATTEMPTED,,,
2026.07.28 18:20:00,NO,0,NOT_EVALUATED,NOT_EVALUATED,,,,NONE,NO,EA_NOT_ATTACHED,NOT_CLASSIFIED,LATE,NOT_CLASSIFIED,NOT_CLASSIFIED,NOT_EVALUATED,NOT_EVALUATED,NOT_REACHED,NOT_REACHED,NOT_REACHED,NOT_STARTED,NOT_REACHED,NOT_ATTEMPTED,,,
2026.07.28 18:30:00,NO,0,NOT_EVALUATED,NOT_EVALUATED,,,,NONE,NO,EA_NOT_ATTACHED,NOT_CLASSIFIED,LATE,NOT_CLASSIFIED,NOT_CLASSIFIED,NOT_EVALUATED,NOT_EVALUATED,NOT_REACHED,NOT_REACHED,NOT_REACHED,NOT_STARTED,NOT_REACHED,NOT_ATTEMPTED,,,
2026.07.28 18:40:00,NO,0,NOT_EVALUATED,NOT_EVALUATED,,,,NONE,NO,EA_NOT_ATTACHED,NOT_CLASSIFIED,LATE,NOT_CLASSIFIED,NOT_CLASSIFIED,NOT_EVALUATED,NOT_EVALUATED,NOT_REACHED,NOT_REACHED,NOT_REACHED,NOT_STARTED,NOT_REACHED,NOT_ATTEMPTED,,,
2026.07.28 18:50:00,NO,0,NOT_EVALUATED,NOT_EVALUATED,,,,NONE,NO,EA_NOT_ATTACHED,NOT_CLASSIFIED,LATE,NOT_CLASSIFIED,NOT_CLASSIFIED,NOT_EVALUATED,NOT_EVALUATED,NOT_REACHED,NOT_REACHED,NOT_REACHED,NOT_STARTED,NOT_REACHED,NOT_ATTEMPTED,,,
2026.07.28 19:00:00,NO,0,NOT_EVALUATED,NOT_EVALUATED,,,,NONE,NO,EA_NOT_ATTACHED,NOT_CLASSIFIED,LATE,NOT_CLASSIFIED,NOT_CLASSIFIED,NOT_EVALUATED,NOT_EVALUATED,NOT_REACHED,NOT_REACHED,NOT_REACHED,NOT_STARTED,NOT_REACHED,NOT_ATTEMPTED,,,
2026.07.28 19:10:00,NO,0,NOT_EVALUATED,NOT_EVALUATED,,,,NONE,NO,EA_NOT_ATTACHED,NOT_CLASSIFIED,LATE,NOT_CLASSIFIED,NOT_CLASSIFIED,NOT_EVALUATED,NOT_EVALUATED,NOT_REACHED,NOT_REACHED,NOT_REACHED,NOT_STARTED,NOT_REACHED,NOT_ATTEMPTED,,,
2026.07.28 19:20:00,NO,0,NOT_EVALUATED,NOT_EVALUATED,,,,NONE,NO,EA_NOT_ATTACHED,NOT_CLASSIFIED,LATE,NOT_CLASSIFIED,NOT_CLASSIFIED,NOT_EVALUATED,NOT_EVALUATED,NOT_REACHED,NOT_REACHED,NOT_REACHED,NOT_STARTED,NOT_REACHED,NOT_ATTEMPTED,,,
2026.07.28 19:30:00,NO,0,NOT_EVALUATED,NOT_EVALUATED,,,,NONE,NO,EA_NOT_ATTACHED,NOT_CLASSIFIED,LATE,NOT_CLASSIFIED,NOT_CLASSIFIED,NOT_EVALUATED,NOT_EVALUATED,NOT_REACHED,NOT_REACHED,NOT_REACHED,NOT_STARTED,NOT_REACHED,NOT_ATTEMPTED,,,
2026.07.28 19:40:00,NO,0,NOT_EVALUATED,NOT_EVALUATED,,,,NONE,NO,EA_NOT_ATTACHED,NOT_CLASSIFIED,LATE,NOT_CLASSIFIED,NOT_CLASSIFIED,NOT_EVALUATED,NOT_EVALUATED,NOT_REACHED,NOT_REACHED,NOT_REACHED,NOT_STARTED,NOT_REACHED,NOT_ATTEMPTED,,,
2026.07.28 19:50:00,NO,0,NOT_EVALUATED,NOT_EVALUATED,,,,NONE,NO,EA_NOT_ATTACHED,NOT_CLASSIFIED,LATE,NOT_CLASSIFIED,NOT_CLASSIFIED,NOT_EVALUATED,NOT_EVALUATED,NOT_REACHED,NOT_REACHED,NOT_REACHED,NOT_STARTED,NOT_REACHED,NOT_ATTEMPTED,,,
2026.07.28 20:00:00,NO,0,NOT_EVALUATED,NOT_EVALUATED,,,,NONE,NO,EA_NOT_ATTACHED,NOT_CLASSIFIED,LATE,NOT_CLASSIFIED,NOT_CLASSIFIED,NOT_EVALUATED,NOT_EVALUATED,NOT_REACHED,NOT_REACHED,NOT_REACHED,NOT_STARTED,NOT_REACHED,NOT_ATTEMPTED,,,
2026.07.28 20:10:00,NO,0,NOT_EVALUATED,NOT_EVALUATED,,,,NONE,NO,EA_NOT_ATTACHED,NOT_CLASSIFIED,LATE,NOT_CLASSIFIED,NOT_CLASSIFIED,NOT_EVALUATED,NOT_EVALUATED,NOT_REACHED,NOT_REACHED,NOT_REACHED,NOT_STARTED,NOT_REACHED,NOT_ATTEMPTED,,,
2026.07.28 20:20:00,NO,0,NOT_EVALUATED,NOT_EVALUATED,,,,NONE,NO,EA_NOT_ATTACHED,NOT_CLASSIFIED,LATE,NOT_CLASSIFIED,NOT_CLASSIFIED,NOT_EVALUATED,NOT_EVALUATED,NOT_REACHED,NOT_REACHED,NOT_REACHED,NOT_STARTED,NOT_REACHED,NOT_ATTEMPTED,,,
2026.07.28 20:30:00,NO,0,NOT_EVALUATED,NOT_EVALUATED,,,,NONE,NO,EA_NOT_ATTACHED,NOT_CLASSIFIED,LATE,NOT_CLASSIFIED,NOT_CLASSIFIED,NOT_EVALUATED,NOT_EVALUATED,NOT_REACHED,NOT_REACHED,NOT_REACHED,NOT_STARTED,NOT_REACHED,NOT_ATTEMPTED,,,
2026.07.28 20:40:00,NO,0,NOT_EVALUATED,NOT_EVALUATED,,,,NONE,NO,EA_NOT_ATTACHED,NOT_CLASSIFIED,LATE,NOT_CLASSIFIED,NOT_CLASSIFIED,NOT_EVALUATED,NOT_EVALUATED,NOT_REACHED,NOT_REACHED,NOT_REACHED,NOT_STARTED,NOT_REACHED,NOT_ATTEMPTED,,,
2026.07.28 20:50:00,NO,0,NOT_EVALUATED,NOT_EVALUATED,,,,NONE,NO,EA_NOT_ATTACHED,NOT_CLASSIFIED,LATE,NOT_CLASSIFIED,NOT_CLASSIFIED,NOT_EVALUATED,NOT_EVALUATED,NOT_REACHED,NOT_REACHED,NOT_REACHED,NOT_STARTED,NOT_REACHED,NOT_ATTEMPTED,,,
2026.07.28 21:00:00,NO,0,NOT_EVALUATED,NOT_EVALUATED,,,,NONE,NO,EA_NOT_ATTACHED,NOT_CLASSIFIED,LATE,NOT_CLASSIFIED,NOT_CLASSIFIED,NOT_EVALUATED,NOT_EVALUATED,NOT_REACHED,NOT_REACHED,NOT_REACHED,NOT_STARTED,NOT_REACHED,NOT_ATTEMPTED,,,
2026.07.28 21:10:00,NO,0,NOT_EVALUATED,NOT_EVALUATED,,,,NONE,NO,EA_NOT_ATTACHED,NOT_CLASSIFIED,LATE,NOT_CLASSIFIED,NOT_CLASSIFIED,NOT_EVALUATED,NOT_EVALUATED,NOT_REACHED,NOT_REACHED,NOT_REACHED,NOT_STARTED,NOT_REACHED,NOT_ATTEMPTED,,,
2026.07.28 21:20:00,NO,0,NOT_EVALUATED,NOT_EVALUATED,,,,NONE,NO,EA_NOT_ATTACHED,NOT_CLASSIFIED,LATE,NOT_CLASSIFIED,NOT_CLASSIFIED,NOT_EVALUATED,NOT_EVALUATED,NOT_REACHED,NOT_REACHED,NOT_REACHED,NOT_STARTED,NOT_REACHED,NOT_ATTEMPTED,,,
2026.07.28 21:30:00,NO,0,NOT_EVALUATED,NOT_EVALUATED,,,,NONE,NO,EA_NOT_ATTACHED,NOT_CLASSIFIED,LATE,NOT_CLASSIFIED,NOT_CLASSIFIED,NOT_EVALUATED,NOT_EVALUATED,NOT_REACHED,NOT_REACHED,NOT_REACHED,NOT_STARTED,NOT_REACHED,NOT_ATTEMPTED,,,
2026.07.28 21:40:00,NO,0,NOT_EVALUATED,NOT_EVALUATED,,,,NONE,NO,EA_NOT_ATTACHED,NOT_CLASSIFIED,LATE,NOT_CLASSIFIED,NOT_CLASSIFIED,NOT_EVALUATED,NOT_EVALUATED,NOT_REACHED,NOT_REACHED,NOT_REACHED,NOT_STARTED,NOT_REACHED,NOT_ATTEMPTED,,,
2026.07.28 21:50:00,NO,0,NOT_EVALUATED,NOT_EVALUATED,,,,NONE,NO,EA_NOT_ATTACHED,NOT_CLASSIFIED,LATE,NOT_CLASSIFIED,NOT_CLASSIFIED,NOT_EVALUATED,NOT_EVALUATED,NOT_REACHED,NOT_REACHED,NOT_REACHED,NOT_STARTED,NOT_REACHED,NOT_ATTEMPTED,,,
2026.07.28 22:00:00,NO,0,NOT_EVALUATED,NOT_EVALUATED,,,,NONE,NO,EA_NOT_ATTACHED,NOT_CLASSIFIED,LATE,NOT_CLASSIFIED,NOT_CLASSIFIED,NOT_EVALUATED,NOT_EVALUATED,NOT_REACHED,NOT_REACHED,NOT_REACHED,NOT_STARTED,NOT_REACHED,NOT_ATTEMPTED,,,
2026.07.28 22:10:00,NO,0,NOT_EVALUATED,NOT_EVALUATED,,,,NONE,NO,EA_NOT_ATTACHED,NOT_CLASSIFIED,LATE,NOT_CLASSIFIED,NOT_CLASSIFIED,NOT_EVALUATED,NOT_EVALUATED,NOT_REACHED,NOT_REACHED,NOT_REACHED,NOT_STARTED,NOT_REACHED,NOT_ATTEMPTED,,,
2026.07.28 22:20:00,NO,0,NOT_EVALUATED,NOT_EVALUATED,,,,NONE,NO,EA_NOT_ATTACHED,NOT_CLASSIFIED,LATE,NOT_CLASSIFIED,NOT_CLASSIFIED,NOT_EVALUATED,NOT_EVALUATED,NOT_REACHED,NOT_REACHED,NOT_REACHED,NOT_STARTED,NOT_REACHED,NOT_ATTEMPTED,,,
2026.07.28 22:30:00,NO,0,NOT_EVALUATED,NOT_EVALUATED,,,,NONE,NO,EA_NOT_ATTACHED,NOT_CLASSIFIED,LATE,NOT_CLASSIFIED,NOT_CLASSIFIED,NOT_EVALUATED,NOT_EVALUATED,NOT_REACHED,NOT_REACHED,NOT_REACHED,NOT_STARTED,NOT_REACHED,NOT_ATTEMPTED,,,
2026.07.28 22:40:00,NO,0,NOT_EVALUATED,NOT_EVALUATED,,,,NONE,NO,EA_NOT_ATTACHED,NOT_CLASSIFIED,LATE,NOT_CLASSIFIED,NOT_CLASSIFIED,NOT_EVALUATED,NOT_EVALUATED,NOT_REACHED,NOT_REACHED,NOT_REACHED,NOT_STARTED,NOT_REACHED,NOT_ATTEMPTED,,,
2026.07.28 22:50:00,NO,0,NOT_EVALUATED,NOT_EVALUATED,,,,NONE,NO,EA_NOT_ATTACHED,NOT_CLASSIFIED,LATE,NOT_CLASSIFIED,NOT_CLASSIFIED,NOT_EVALUATED,NOT_EVALUATED,NOT_REACHED,NOT_REACHED,NOT_REACHED,NOT_STARTED,NOT_REACHED,NOT_ATTEMPTED,,,
2026.07.29 01:10:00,NO,0,NOT_EVALUATED,NOT_EVALUATED,,,,NONE,NO,EA_NOT_ATTACHED,NOT_CLASSIFIED,ASIA,NOT_CLASSIFIED,NOT_CLASSIFIED,NOT_EVALUATED,NOT_EVALUATED,NOT_REACHED,NOT_REACHED,NOT_REACHED,NOT_STARTED,NOT_REACHED,NOT_ATTEMPTED,,,
2026.07.29 01:20:00,NO,0,NOT_EVALUATED,NOT_EVALUATED,,,,NONE,NO,EA_NOT_ATTACHED,NOT_CLASSIFIED,ASIA,NOT_CLASSIFIED,NOT_CLASSIFIED,NOT_EVALUATED,NOT_EVALUATED,NOT_REACHED,NOT_REACHED,NOT_REACHED,NOT_STARTED,NOT_REACHED,NOT_ATTEMPTED,,,
2026.07.29 01:30:00,NO,0,NOT_EVALUATED,NOT_EVALUATED,,,,NONE,NO,EA_NOT_ATTACHED,NOT_CLASSIFIED,ASIA,NOT_CLASSIFIED,NOT_CLASSIFIED,NOT_EVALUATED,NOT_EVALUATED,NOT_REACHED,NOT_REACHED,NOT_REACHED,NOT_STARTED,NOT_REACHED,NOT_ATTEMPTED,,,
2026.07.29 01:40:00,NO,0,NOT_EVALUATED,NOT_EVALUATED,,,,NONE,NO,EA_NOT_ATTACHED,NOT_CLASSIFIED,ASIA,NOT_CLASSIFIED,NOT_CLASSIFIED,NOT_EVALUATED,NOT_EVALUATED,NOT_REACHED,NOT_REACHED,NOT_REACHED,NOT_STARTED,NOT_REACHED,NOT_ATTEMPTED,,,
2026.07.29 01:50:00,NO,0,NOT_EVALUATED,NOT_EVALUATED,,,,NONE,NO,EA_NOT_ATTACHED,NOT_CLASSIFIED,ASIA,NOT_CLASSIFIED,NOT_CLASSIFIED,NOT_EVALUATED,NOT_EVALUATED,NOT_REACHED,NOT_REACHED,NOT_REACHED,NOT_STARTED,NOT_REACHED,NOT_ATTEMPTED,,,
2026.07.29 02:00:00,NO,0,NOT_EVALUATED,NOT_EVALUATED,,,,NONE,NO,EA_NOT_ATTACHED,NOT_CLASSIFIED,ASIA,NOT_CLASSIFIED,NOT_CLASSIFIED,NOT_EVALUATED,NOT_EVALUATED,NOT_REACHED,NOT_REACHED,NOT_REACHED,NOT_STARTED,NOT_REACHED,NOT_ATTEMPTED,,,
2026.07.29 02:10:00,NO,0,NOT_EVALUATED,NOT_EVALUATED,,,,NONE,NO,EA_NOT_ATTACHED,NOT_CLASSIFIED,ASIA,NOT_CLASSIFIED,NOT_CLASSIFIED,NOT_EVALUATED,NOT_EVALUATED,NOT_REACHED,NOT_REACHED,NOT_REACHED,NOT_STARTED,NOT_REACHED,NOT_ATTEMPTED,,,
2026.07.29 02:20:00,NO,0,NOT_EVALUATED,NOT_EVALUATED,,,,NONE,NO,EA_NOT_ATTACHED,NOT_CLASSIFIED,ASIA,NOT_CLASSIFIED,NOT_CLASSIFIED,NOT_EVALUATED,NOT_EVALUATED,NOT_REACHED,NOT_REACHED,NOT_REACHED,NOT_STARTED,NOT_REACHED,NOT_ATTEMPTED,,,
2026.07.29 02:30:00,NO,0,NOT_EVALUATED,NOT_EVALUATED,,,,NONE,NO,EA_NOT_ATTACHED,NOT_CLASSIFIED,ASIA,NOT_CLASSIFIED,NOT_CLASSIFIED,NOT_EVALUATED,NOT_EVALUATED,NOT_REACHED,NOT_REACHED,NOT_REACHED,NOT_STARTED,NOT_REACHED,NOT_ATTEMPTED,,,
2026.07.29 02:40:00,NO,0,NOT_EVALUATED,NOT_EVALUATED,,,,NONE,NO,EA_NOT_ATTACHED,NOT_CLASSIFIED,ASIA,NOT_CLASSIFIED,NOT_CLASSIFIED,NOT_EVALUATED,NOT_EVALUATED,NOT_REACHED,NOT_REACHED,NOT_REACHED,NOT_STARTED,NOT_REACHED,NOT_ATTEMPTED,,,
2026.07.29 02:50:00,NO,0,NOT_EVALUATED,NOT_EVALUATED,,,,NONE,NO,EA_NOT_ATTACHED,NOT_CLASSIFIED,ASIA,NOT_CLASSIFIED,NOT_CLASSIFIED,NOT_EVALUATED,NOT_EVALUATED,NOT_REACHED,NOT_REACHED,NOT_REACHED,NOT_STARTED,NOT_REACHED,NOT_ATTEMPTED,,,
2026.07.29 03:00:00,NO,0,NOT_EVALUATED,NOT_EVALUATED,,,,NONE,NO,EA_NOT_ATTACHED,NOT_CLASSIFIED,ASIA,NOT_CLASSIFIED,NOT_CLASSIFIED,NOT_EVALUATED,NOT_EVALUATED,NOT_REACHED,NOT_REACHED,NOT_REACHED,NOT_STARTED,NOT_REACHED,NOT_ATTEMPTED,,,
2026.07.29 03:10:00,NO,0,NOT_EVALUATED,NOT_EVALUATED,,,,NONE,NO,EA_NOT_ATTACHED,NOT_CLASSIFIED,ASIA,NOT_CLASSIFIED,NOT_CLASSIFIED,NOT_EVALUATED,NOT_EVALUATED,NOT_REACHED,NOT_REACHED,NOT_REACHED,NOT_STARTED,NOT_REACHED,NOT_ATTEMPTED,,,
2026.07.29 03:20:00,NO,0,NOT_EVALUATED,NOT_EVALUATED,,,,NONE,NO,EA_NOT_ATTACHED,NOT_CLASSIFIED,ASIA,NOT_CLASSIFIED,NOT_CLASSIFIED,NOT_EVALUATED,NOT_EVALUATED,NOT_REACHED,NOT_REACHED,NOT_REACHED,NOT_STARTED,NOT_REACHED,NOT_ATTEMPTED,,,
2026.07.29 03:30:00,NO,0,NOT_EVALUATED,NOT_EVALUATED,,,,NONE,NO,EA_NOT_ATTACHED,NOT_CLASSIFIED,ASIA,NOT_CLASSIFIED,NOT_CLASSIFIED,NOT_EVALUATED,NOT_EVALUATED,NOT_REACHED,NOT_REACHED,NOT_REACHED,NOT_STARTED,NOT_REACHED,NOT_ATTEMPTED,,,
2026.07.29 03:40:00,NO,0,NOT_EVALUATED,NOT_EVALUATED,,,,NONE,NO,EA_NOT_ATTACHED,NOT_CLASSIFIED,ASIA,NOT_CLASSIFIED,NOT_CLASSIFIED,NOT_EVALUATED,NOT_EVALUATED,NOT_REACHED,NOT_REACHED,NOT_REACHED,NOT_STARTED,NOT_REACHED,NOT_ATTEMPTED,,,
2026.07.29 03:50:00,NO,0,NOT_EVALUATED,NOT_EVALUATED,,,,NONE,NO,EA_NOT_ATTACHED,NOT_CLASSIFIED,ASIA,NOT_CLASSIFIED,NOT_CLASSIFIED,NOT_EVALUATED,NOT_EVALUATED,NOT_REACHED,NOT_REACHED,NOT_REACHED,NOT_STARTED,NOT_REACHED,NOT_ATTEMPTED,,,
2026.07.29 04:00:00,NO,0,NOT_EVALUATED,NOT_EVALUATED,,,,NONE,NO,EA_NOT_ATTACHED,NOT_CLASSIFIED,ASIA,NOT_CLASSIFIED,NOT_CLASSIFIED,NOT_EVALUATED,NOT_EVALUATED,NOT_REACHED,NOT_REACHED,NOT_REACHED,NOT_STARTED,NOT_REACHED,NOT_ATTEMPTED,,,
2026.07.29 04:10:00,NO,0,NOT_EVALUATED,NOT_EVALUATED,,,,NONE,NO,EA_NOT_ATTACHED,NOT_CLASSIFIED,ASIA,NOT_CLASSIFIED,NOT_CLASSIFIED,NOT_EVALUATED,NOT_EVALUATED,NOT_REACHED,NOT_REACHED,NOT_REACHED,NOT_STARTED,NOT_REACHED,NOT_ATTEMPTED,,,
2026.07.29 04:20:00,NO,0,NOT_EVALUATED,NOT_EVALUATED,,,,NONE,NO,EA_NOT_ATTACHED,NOT_CLASSIFIED,ASIA,NOT_CLASSIFIED,NOT_CLASSIFIED,NOT_EVALUATED,NOT_EVALUATED,NOT_REACHED,NOT_REACHED,NOT_REACHED,NOT_STARTED,NOT_REACHED,NOT_ATTEMPTED,,,
2026.07.29 04:30:00,NO,0,NOT_EVALUATED,NOT_EVALUATED,,,,NONE,NO,EA_NOT_ATTACHED,NOT_CLASSIFIED,ASIA,NOT_CLASSIFIED,NOT_CLASSIFIED,NOT_EVALUATED,NOT_EVALUATED,NOT_REACHED,NOT_REACHED,NOT_REACHED,NOT_STARTED,NOT_REACHED,NOT_ATTEMPTED,,,
2026.07.29 04:40:00,NO,0,NOT_EVALUATED,NOT_EVALUATED,,,,NONE,NO,EA_NOT_ATTACHED,NOT_CLASSIFIED,ASIA,NOT_CLASSIFIED,NOT_CLASSIFIED,NOT_EVALUATED,NOT_EVALUATED,NOT_REACHED,NOT_REACHED,NOT_REACHED,NOT_STARTED,NOT_REACHED,NOT_ATTEMPTED,,,
2026.07.29 04:50:00,NO,0,NOT_EVALUATED,NOT_EVALUATED,,,,NONE,NO,EA_NOT_ATTACHED,NOT_CLASSIFIED,ASIA,NOT_CLASSIFIED,NOT_CLASSIFIED,NOT_EVALUATED,NOT_EVALUATED,NOT_REACHED,NOT_REACHED,NOT_REACHED,NOT_STARTED,NOT_REACHED,NOT_ATTEMPTED,,,
2026.07.29 05:00:00,NO,0,NOT_EVALUATED,NOT_EVALUATED,,,,NONE,NO,EA_NOT_ATTACHED,NOT_CLASSIFIED,ASIA,NOT_CLASSIFIED,NOT_CLASSIFIED,NOT_EVALUATED,NOT_EVALUATED,NOT_REACHED,NOT_REACHED,NOT_REACHED,NOT_STARTED,NOT_REACHED,NOT_ATTEMPTED,,,
2026.07.29 05:10:00,NO,0,NOT_EVALUATED,NOT_EVALUATED,,,,NONE,NO,EA_NOT_ATTACHED,NOT_CLASSIFIED,ASIA,NOT_CLASSIFIED,NOT_CLASSIFIED,NOT_EVALUATED,NOT_EVALUATED,NOT_REACHED,NOT_REACHED,NOT_REACHED,NOT_STARTED,NOT_REACHED,NOT_ATTEMPTED,,,
2026.07.29 05:20:00,NO,0,NOT_EVALUATED,NOT_EVALUATED,,,,NONE,NO,EA_NOT_ATTACHED,NOT_CLASSIFIED,ASIA,NOT_CLASSIFIED,NOT_CLASSIFIED,NOT_EVALUATED,NOT_EVALUATED,NOT_REACHED,NOT_REACHED,NOT_REACHED,NOT_STARTED,NOT_REACHED,NOT_ATTEMPTED,,,
2026.07.29 05:30:00,NO,0,NOT_EVALUATED,NOT_EVALUATED,,,,NONE,NO,EA_NOT_ATTACHED,NOT_CLASSIFIED,ASIA,NOT_CLASSIFIED,NOT_CLASSIFIED,NOT_EVALUATED,NOT_EVALUATED,NOT_REACHED,NOT_REACHED,NOT_REACHED,NOT_STARTED,NOT_REACHED,NOT_ATTEMPTED,,,
2026.07.29 05:40:00,NO,0,NOT_EVALUATED,NOT_EVALUATED,,,,NONE,NO,EA_NOT_ATTACHED,NOT_CLASSIFIED,ASIA,NOT_CLASSIFIED,NOT_CLASSIFIED,NOT_EVALUATED,NOT_EVALUATED,NOT_REACHED,NOT_REACHED,NOT_REACHED,NOT_STARTED,NOT_REACHED,NOT_ATTEMPTED,,,
2026.07.29 05:50:00,NO,0,NOT_EVALUATED,NOT_EVALUATED,,,,NONE,NO,EA_NOT_ATTACHED,NOT_CLASSIFIED,ASIA,NOT_CLASSIFIED,NOT_CLASSIFIED,NOT_EVALUATED,NOT_EVALUATED,NOT_REACHED,NOT_REACHED,NOT_REACHED,NOT_STARTED,NOT_REACHED,NOT_ATTEMPTED,,,
2026.07.29 06:00:00,NO,0,NOT_EVALUATED,NOT_EVALUATED,,,,NONE,NO,EA_NOT_ATTACHED,NOT_CLASSIFIED,ASIA,NOT_CLASSIFIED,NOT_CLASSIFIED,NOT_EVALUATED,NOT_EVALUATED,NOT_REACHED,NOT_REACHED,NOT_REACHED,NOT_STARTED,NOT_REACHED,NOT_ATTEMPTED,,,
2026.07.29 06:10:00,NO,0,NOT_EVALUATED,NOT_EVALUATED,,,,NONE,NO,EA_NOT_ATTACHED,NOT_CLASSIFIED,ASIA,NOT_CLASSIFIED,NOT_CLASSIFIED,NOT_EVALUATED,NOT_EVALUATED,NOT_REACHED,NOT_REACHED,NOT_REACHED,NOT_STARTED,NOT_REACHED,NOT_ATTEMPTED,,,
2026.07.29 06:20:00,NO,0,NOT_EVALUATED,NOT_EVALUATED,,,,NONE,NO,EA_NOT_ATTACHED,NOT_CLASSIFIED,ASIA,NOT_CLASSIFIED,NOT_CLASSIFIED,NOT_EVALUATED,NOT_EVALUATED,NOT_REACHED,NOT_REACHED,NOT_REACHED,NOT_STARTED,NOT_REACHED,NOT_ATTEMPTED,,,
2026.07.29 06:30:00,NO,0,NOT_EVALUATED,NOT_EVALUATED,,,,NONE,NO,EA_NOT_ATTACHED,NOT_CLASSIFIED,ASIA,NOT_CLASSIFIED,NOT_CLASSIFIED,NOT_EVALUATED,NOT_EVALUATED,NOT_REACHED,NOT_REACHED,NOT_REACHED,NOT_STARTED,NOT_REACHED,NOT_ATTEMPTED,,,
2026.07.29 06:40:00,NO,0,NOT_EVALUATED,NOT_EVALUATED,,,,NONE,NO,EA_NOT_ATTACHED,NOT_CLASSIFIED,ASIA,NOT_CLASSIFIED,NOT_CLASSIFIED,NOT_EVALUATED,NOT_EVALUATED,NOT_REACHED,NOT_REACHED,NOT_REACHED,NOT_STARTED,NOT_REACHED,NOT_ATTEMPTED,,,
2026.07.29 06:50:00,NO,0,NOT_EVALUATED,NOT_EVALUATED,,,,NONE,NO,EA_NOT_ATTACHED,NOT_CLASSIFIED,ASIA,NOT_CLASSIFIED,NOT_CLASSIFIED,NOT_EVALUATED,NOT_EVALUATED,NOT_REACHED,NOT_REACHED,NOT_REACHED,NOT_STARTED,NOT_REACHED,NOT_ATTEMPTED,,,
2026.07.29 07:00:00,NO,0,NOT_EVALUATED,NOT_EVALUATED,,,,NONE,NO,EA_NOT_ATTACHED,NOT_CLASSIFIED,LDN,NOT_CLASSIFIED,NOT_CLASSIFIED,NOT_EVALUATED,NOT_EVALUATED,NOT_REACHED,NOT_REACHED,NOT_REACHED,NOT_STARTED,NOT_REACHED,NOT_ATTEMPTED,,,
2026.07.29 07:10:00,NO,0,NOT_EVALUATED,NOT_EVALUATED,,,,NONE,NO,EA_NOT_ATTACHED,NOT_CLASSIFIED,LDN,NOT_CLASSIFIED,NOT_CLASSIFIED,NOT_EVALUATED,NOT_EVALUATED,NOT_REACHED,NOT_REACHED,NOT_REACHED,NOT_STARTED,NOT_REACHED,NOT_ATTEMPTED,,,
2026.07.29 07:20:00,NO,0,NOT_EVALUATED,NOT_EVALUATED,,,,NONE,NO,EA_NOT_ATTACHED,NOT_CLASSIFIED,LDN,NOT_CLASSIFIED,NOT_CLASSIFIED,NOT_EVALUATED,NOT_EVALUATED,NOT_REACHED,NOT_REACHED,NOT_REACHED,NOT_STARTED,NOT_REACHED,NOT_ATTEMPTED,,,
2026.07.29 07:30:00,NO,0,NOT_EVALUATED,NOT_EVALUATED,,,,NONE,NO,EA_NOT_ATTACHED,NOT_CLASSIFIED,LDN,NOT_CLASSIFIED,NOT_CLASSIFIED,NOT_EVALUATED,NOT_EVALUATED,NOT_REACHED,NOT_REACHED,NOT_REACHED,NOT_STARTED,NOT_REACHED,NOT_ATTEMPTED,,,
2026.07.29 07:40:00,NO,0,NOT_EVALUATED,NOT_EVALUATED,,,,NONE,NO,EA_NOT_ATTACHED,NOT_CLASSIFIED,LDN,NOT_CLASSIFIED,NOT_CLASSIFIED,NOT_EVALUATED,NOT_EVALUATED,NOT_REACHED,NOT_REACHED,NOT_REACHED,NOT_STARTED,NOT_REACHED,NOT_ATTEMPTED,,,
2026.07.29 07:50:00,NO,0,NOT_EVALUATED,NOT_EVALUATED,,,,NONE,NO,EA_NOT_ATTACHED,NOT_CLASSIFIED,LDN,NOT_CLASSIFIED,NOT_CLASSIFIED,NOT_EVALUATED,NOT_EVALUATED,NOT_REACHED,NOT_REACHED,NOT_REACHED,NOT_STARTED,NOT_REACHED,NOT_ATTEMPTED,,,
2026.07.29 08:00:00,NO,0,NOT_EVALUATED,NOT_EVALUATED,,,,NONE,NO,EA_NOT_ATTACHED,NOT_CLASSIFIED,LDN,NOT_CLASSIFIED,NOT_CLASSIFIED,NOT_EVALUATED,NOT_EVALUATED,NOT_REACHED,NOT_REACHED,NOT_REACHED,NOT_STARTED,NOT_REACHED,NOT_ATTEMPTED,,,
2026.07.29 08:10:00,NO,0,NOT_EVALUATED,NOT_EVALUATED,,,,NONE,NO,EA_NOT_ATTACHED,NOT_CLASSIFIED,LDN,NOT_CLASSIFIED,NOT_CLASSIFIED,NOT_EVALUATED,NOT_EVALUATED,NOT_REACHED,NOT_REACHED,NOT_REACHED,NOT_STARTED,NOT_REACHED,NOT_ATTEMPTED,,,
2026.07.29 08:20:00,NO,0,NOT_EVALUATED,NOT_EVALUATED,,,,NONE,NO,EA_NOT_ATTACHED,NOT_CLASSIFIED,LDN,NOT_CLASSIFIED,NOT_CLASSIFIED,NOT_EVALUATED,NOT_EVALUATED,NOT_REACHED,NOT_REACHED,NOT_REACHED,NOT_STARTED,NOT_REACHED,NOT_ATTEMPTED,,,
2026.07.29 08:30:00,NO,0,NOT_EVALUATED,NOT_EVALUATED,,,,NONE,NO,EA_NOT_ATTACHED,NOT_CLASSIFIED,LDN,NOT_CLASSIFIED,NOT_CLASSIFIED,NOT_EVALUATED,NOT_EVALUATED,NOT_REACHED,NOT_REACHED,NOT_REACHED,NOT_STARTED,NOT_REACHED,NOT_ATTEMPTED,,,
2026.07.29 08:40:00,NO,0,NOT_EVALUATED,NOT_EVALUATED,,,,NONE,NO,EA_NOT_ATTACHED,NOT_CLASSIFIED,LDN,NOT_CLASSIFIED,NOT_CLASSIFIED,NOT_EVALUATED,NOT_EVALUATED,NOT_REACHED,NOT_REACHED,NOT_REACHED,NOT_STARTED,NOT_REACHED,NOT_ATTEMPTED,,,
2026.07.29 08:50:00,NO,0,NOT_EVALUATED,NOT_EVALUATED,,,,NONE,NO,EA_NOT_ATTACHED,NOT_CLASSIFIED,LDN,NOT_CLASSIFIED,NOT_CLASSIFIED,NOT_EVALUATED,NOT_EVALUATED,NOT_REACHED,NOT_REACHED,NOT_REACHED,NOT_STARTED,NOT_REACHED,NOT_ATTEMPTED,,,
2026.07.29 09:00:00,NO,0,NOT_EVALUATED,NOT_EVALUATED,,,,NONE,NO,EA_NOT_ATTACHED,NOT_CLASSIFIED,LDN,NOT_CLASSIFIED,NOT_CLASSIFIED,NOT_EVALUATED,NOT_EVALUATED,NOT_REACHED,NOT_REACHED,NOT_REACHED,NOT_STARTED,NOT_REACHED,NOT_ATTEMPTED,,,
2026.07.29 09:10:00,NO,0,NOT_EVALUATED,NOT_EVALUATED,,,,NONE,NO,EA_NOT_ATTACHED,NOT_CLASSIFIED,LDN,NOT_CLASSIFIED,NOT_CLASSIFIED,NOT_EVALUATED,NOT_EVALUATED,NOT_REACHED,NOT_REACHED,NOT_REACHED,NOT_STARTED,NOT_REACHED,NOT_ATTEMPTED,,,
2026.07.29 09:20:00,NO,0,NOT_EVALUATED,NOT_EVALUATED,,,,NONE,NO,EA_NOT_ATTACHED,NOT_CLASSIFIED,LDN,NOT_CLASSIFIED,NOT_CLASSIFIED,NOT_EVALUATED,NOT_EVALUATED,NOT_REACHED,NOT_REACHED,NOT_REACHED,NOT_STARTED,NOT_REACHED,NOT_ATTEMPTED,,,
2026.07.29 09:30:00,NO,0,NOT_EVALUATED,NOT_EVALUATED,,,,NONE,NO,EA_NOT_ATTACHED,NOT_CLASSIFIED,LDN,NOT_CLASSIFIED,NOT_CLASSIFIED,NOT_EVALUATED,NOT_EVALUATED,NOT_REACHED,NOT_REACHED,NOT_REACHED,NOT_STARTED,NOT_REACHED,NOT_ATTEMPTED,,,
2026.07.29 09:40:00,NO,0,NOT_EVALUATED,NOT_EVALUATED,,,,NONE,NO,EA_NOT_ATTACHED,NOT_CLASSIFIED,LDN,NOT_CLASSIFIED,NOT_CLASSIFIED,NOT_EVALUATED,NOT_EVALUATED,NOT_REACHED,NOT_REACHED,NOT_REACHED,NOT_STARTED,NOT_REACHED,NOT_ATTEMPTED,,,
2026.07.29 09:50:00,NO,0,NOT_EVALUATED,NOT_EVALUATED,,,,NONE,NO,EA_NOT_ATTACHED,NOT_CLASSIFIED,LDN,NOT_CLASSIFIED,NOT_CLASSIFIED,NOT_EVALUATED,NOT_EVALUATED,NOT_REACHED,NOT_REACHED,NOT_REACHED,NOT_STARTED,NOT_REACHED,NOT_ATTEMPTED,,,
2026.07.29 10:00:00,NO,0,NOT_EVALUATED,NOT_EVALUATED,,,,NONE,NO,EA_NOT_ATTACHED,NOT_CLASSIFIED,LDN,NOT_CLASSIFIED,NOT_CLASSIFIED,NOT_EVALUATED,NOT_EVALUATED,NOT_REACHED,NOT_REACHED,NOT_REACHED,NOT_STARTED,NOT_REACHED,NOT_ATTEMPTED,,,
2026.07.29 10:10:00,NO,0,NOT_EVALUATED,NOT_EVALUATED,,,,NONE,NO,EA_NOT_ATTACHED,NOT_CLASSIFIED,LDN,NOT_CLASSIFIED,NOT_CLASSIFIED,NOT_EVALUATED,NOT_EVALUATED,NOT_REACHED,NOT_REACHED,NOT_REACHED,NOT_STARTED,NOT_REACHED,NOT_ATTEMPTED,,,
2026.07.29 10:20:00,NO,0,NOT_EVALUATED,NOT_EVALUATED,,,,NONE,NO,EA_NOT_ATTACHED,NOT_CLASSIFIED,FIX,NOT_CLASSIFIED,NOT_CLASSIFIED,NOT_EVALUATED,NOT_EVALUATED,NOT_REACHED,NOT_REACHED,NOT_REACHED,NOT_STARTED,NOT_REACHED,NOT_ATTEMPTED,,,
2026.07.29 10:30:00,NO,0,NOT_EVALUATED,NOT_EVALUATED,,,,NONE,NO,EA_NOT_ATTACHED,NOT_CLASSIFIED,FIX,NOT_CLASSIFIED,NOT_CLASSIFIED,NOT_EVALUATED,NOT_EVALUATED,NOT_REACHED,NOT_REACHED,NOT_REACHED,NOT_STARTED,NOT_REACHED,NOT_ATTEMPTED,,,
2026.07.29 10:40:00,NO,0,NOT_EVALUATED,NOT_EVALUATED,,,,NONE,NO,EA_NOT_ATTACHED,NOT_CLASSIFIED,FIX,NOT_CLASSIFIED,NOT_CLASSIFIED,NOT_EVALUATED,NOT_EVALUATED,NOT_REACHED,NOT_REACHED,NOT_REACHED,NOT_STARTED,NOT_REACHED,NOT_ATTEMPTED,,,
2026.07.29 10:50:00,NO,0,NOT_EVALUATED,NOT_EVALUATED,,,,NONE,NO,EA_NOT_ATTACHED,NOT_CLASSIFIED,FIX,NOT_CLASSIFIED,NOT_CLASSIFIED,NOT_EVALUATED,NOT_EVALUATED,NOT_REACHED,NOT_REACHED,NOT_REACHED,NOT_STARTED,NOT_REACHED,NOT_ATTEMPTED,,,
2026.07.29 11:00:00,NO,0,NOT_EVALUATED,NOT_EVALUATED,,,,NONE,NO,EA_NOT_ATTACHED,NOT_CLASSIFIED,LDN,NOT_CLASSIFIED,NOT_CLASSIFIED,NOT_EVALUATED,NOT_EVALUATED,NOT_REACHED,NOT_REACHED,NOT_REACHED,NOT_STARTED,NOT_REACHED,NOT_ATTEMPTED,,,
2026.07.29 11:10:00,NO,0,NOT_EVALUATED,NOT_EVALUATED,,,,NONE,NO,EA_NOT_ATTACHED,NOT_CLASSIFIED,LDN,NOT_CLASSIFIED,NOT_CLASSIFIED,NOT_EVALUATED,NOT_EVALUATED,NOT_REACHED,NOT_REACHED,NOT_REACHED,NOT_STARTED,NOT_REACHED,NOT_ATTEMPTED,,,
2026.07.29 11:20:00,NO,0,NOT_EVALUATED,NOT_EVALUATED,,,,NONE,NO,EA_NOT_ATTACHED,NOT_CLASSIFIED,LDN,NOT_CLASSIFIED,NOT_CLASSIFIED,NOT_EVALUATED,NOT_EVALUATED,NOT_REACHED,NOT_REACHED,NOT_REACHED,NOT_STARTED,NOT_REACHED,NOT_ATTEMPTED,,,
2026.07.29 11:30:00,NO,0,NOT_EVALUATED,NOT_EVALUATED,,,,NONE,NO,EA_NOT_ATTACHED,NOT_CLASSIFIED,LDN,NOT_CLASSIFIED,NOT_CLASSIFIED,NOT_EVALUATED,NOT_EVALUATED,NOT_REACHED,NOT_REACHED,NOT_REACHED,NOT_STARTED,NOT_REACHED,NOT_ATTEMPTED,,,
2026.07.29 11:40:00,NO,0,NOT_EVALUATED,NOT_EVALUATED,,,,NONE,NO,EA_NOT_ATTACHED,NOT_CLASSIFIED,LDN,NOT_CLASSIFIED,NOT_CLASSIFIED,NOT_EVALUATED,NOT_EVALUATED,NOT_REACHED,NOT_REACHED,NOT_REACHED,NOT_STARTED,NOT_REACHED,NOT_ATTEMPTED,,,
2026.07.29 11:50:00,NO,0,NOT_EVALUATED,NOT_EVALUATED,,,,NONE,NO,EA_NOT_ATTACHED,NOT_CLASSIFIED,LDN,NOT_CLASSIFIED,NOT_CLASSIFIED,NOT_EVALUATED,NOT_EVALUATED,NOT_REACHED,NOT_REACHED,NOT_REACHED,NOT_STARTED,NOT_REACHED,NOT_ATTEMPTED,,,
2026.07.29 12:00:00,NO,0,NOT_EVALUATED,NOT_EVALUATED,,,,NONE,NO,EA_NOT_ATTACHED,NOT_CLASSIFIED,LDN,NOT_CLASSIFIED,NOT_CLASSIFIED,NOT_EVALUATED,NOT_EVALUATED,NOT_REACHED,NOT_REACHED,NOT_REACHED,NOT_STARTED,NOT_REACHED,NOT_ATTEMPTED,,,
2026.07.29 12:10:00,NO,0,NOT_EVALUATED,NOT_EVALUATED,,,,NONE,NO,EA_NOT_ATTACHED,NOT_CLASSIFIED,LDN,NOT_CLASSIFIED,NOT_CLASSIFIED,NOT_EVALUATED,NOT_EVALUATED,NOT_REACHED,NOT_REACHED,NOT_REACHED,NOT_STARTED,NOT_REACHED,NOT_ATTEMPTED,,,
2026.07.29 12:20:00,NO,0,NOT_EVALUATED,NOT_EVALUATED,,,,NONE,NO,EA_NOT_ATTACHED,NOT_CLASSIFIED,LDN,NOT_CLASSIFIED,NOT_CLASSIFIED,NOT_EVALUATED,NOT_EVALUATED,NOT_REACHED,NOT_REACHED,NOT_REACHED,NOT_STARTED,NOT_REACHED,NOT_ATTEMPTED,,,
2026.07.29 12:30:00,NO,0,NOT_EVALUATED,NOT_EVALUATED,,,,NONE,NO,EA_NOT_ATTACHED,NOT_CLASSIFIED,LDN,NOT_CLASSIFIED,NOT_CLASSIFIED,NOT_EVALUATED,NOT_EVALUATED,NOT_REACHED,NOT_REACHED,NOT_REACHED,NOT_STARTED,NOT_REACHED,NOT_ATTEMPTED,,,
2026.07.29 12:40:00,NO,0,NOT_EVALUATED,NOT_EVALUATED,,,,NONE,NO,EA_NOT_ATTACHED,NOT_CLASSIFIED,LDN,NOT_CLASSIFIED,NOT_CLASSIFIED,NOT_EVALUATED,NOT_EVALUATED,NOT_REACHED,NOT_REACHED,NOT_REACHED,NOT_STARTED,NOT_REACHED,NOT_ATTEMPTED,,,
2026.07.29 12:50:00,NO,0,NOT_EVALUATED,NOT_EVALUATED,,,,NONE,NO,EA_NOT_ATTACHED,NOT_CLASSIFIED,LDN,NOT_CLASSIFIED,NOT_CLASSIFIED,NOT_EVALUATED,NOT_EVALUATED,NOT_REACHED,NOT_REACHED,NOT_REACHED,NOT_STARTED,NOT_REACHED,NOT_ATTEMPTED,,,
2026.07.29 13:00:00,NO,0,NOT_EVALUATED,NOT_EVALUATED,,,,NONE,NO,EA_NOT_ATTACHED,NOT_CLASSIFIED,NY,NOT_CLASSIFIED,NOT_CLASSIFIED,NOT_EVALUATED,NOT_EVALUATED,NOT_REACHED,NOT_REACHED,NOT_REACHED,NOT_STARTED,NOT_REACHED,NOT_ATTEMPTED,,,
2026.07.29 13:10:00,NO,0,NOT_EVALUATED,NOT_EVALUATED,,,,NONE,NO,EA_NOT_ATTACHED,NOT_CLASSIFIED,NY,NOT_CLASSIFIED,NOT_CLASSIFIED,NOT_EVALUATED,NOT_EVALUATED,NOT_REACHED,NOT_REACHED,NOT_REACHED,NOT_STARTED,NOT_REACHED,NOT_ATTEMPTED,,,
2026.07.29 13:20:00,NO,0,NOT_EVALUATED,NOT_EVALUATED,,,,NONE,NO,EA_NOT_ATTACHED,NOT_CLASSIFIED,NY,NOT_CLASSIFIED,NOT_CLASSIFIED,NOT_EVALUATED,NOT_EVALUATED,NOT_REACHED,NOT_REACHED,NOT_REACHED,NOT_STARTED,NOT_REACHED,NOT_ATTEMPTED,,,
2026.07.29 13:30:00,NO,0,NOT_EVALUATED,NOT_EVALUATED,,,,NONE,NO,EA_NOT_ATTACHED,NOT_CLASSIFIED,NY,NOT_CLASSIFIED,NOT_CLASSIFIED,NOT_EVALUATED,NOT_EVALUATED,NOT_REACHED,NOT_REACHED,NOT_REACHED,NOT_STARTED,NOT_REACHED,NOT_ATTEMPTED,,,
2026.07.29 13:40:00,NO,0,NOT_EVALUATED,NOT_EVALUATED,,,,NONE,NO,EA_NOT_ATTACHED,NOT_CLASSIFIED,NY,NOT_CLASSIFIED,NOT_CLASSIFIED,NOT_EVALUATED,NOT_EVALUATED,NOT_REACHED,NOT_REACHED,NOT_REACHED,NOT_STARTED,NOT_REACHED,NOT_ATTEMPTED,,,
2026.07.29 13:50:00,NO,0,NOT_EVALUATED,NOT_EVALUATED,,,,NONE,NO,EA_NOT_ATTACHED,NOT_CLASSIFIED,NY,NOT_CLASSIFIED,NOT_CLASSIFIED,NOT_EVALUATED,NOT_EVALUATED,NOT_REACHED,NOT_REACHED,NOT_REACHED,NOT_STARTED,NOT_REACHED,NOT_ATTEMPTED,,,
2026.07.29 14:00:00,NO,0,NOT_EVALUATED,NOT_EVALUATED,,,,NONE,NO,EA_NOT_ATTACHED,NOT_CLASSIFIED,NY,NOT_CLASSIFIED,NOT_CLASSIFIED,NOT_EVALUATED,NOT_EVALUATED,NOT_REACHED,NOT_REACHED,NOT_REACHED,NOT_STARTED,NOT_REACHED,NOT_ATTEMPTED,,,
2026.07.29 14:10:00,NO,0,NOT_EVALUATED,NOT_EVALUATED,,,,NONE,NO,EA_NOT_ATTACHED,NOT_CLASSIFIED,NY,NOT_CLASSIFIED,NOT_CLASSIFIED,NOT_EVALUATED,NOT_EVALUATED,NOT_REACHED,NOT_REACHED,NOT_REACHED,NOT_STARTED,NOT_REACHED,NOT_ATTEMPTED,,,
2026.07.29 14:20:00,NO,0,NOT_EVALUATED,NOT_EVALUATED,,,,NONE,NO,EA_NOT_ATTACHED,NOT_CLASSIFIED,NY,NOT_CLASSIFIED,NOT_CLASSIFIED,NOT_EVALUATED,NOT_EVALUATED,NOT_REACHED,NOT_REACHED,NOT_REACHED,NOT_STARTED,NOT_REACHED,NOT_ATTEMPTED,,,
2026.07.29 14:30:00,NO,0,NOT_EVALUATED,NOT_EVALUATED,,,,NONE,NO,EA_NOT_ATTACHED,NOT_CLASSIFIED,NY,NOT_CLASSIFIED,NOT_CLASSIFIED,NOT_EVALUATED,NOT_EVALUATED,NOT_REACHED,NOT_REACHED,NOT_REACHED,NOT_STARTED,NOT_REACHED,NOT_ATTEMPTED,,,
2026.07.29 14:40:00,YES,1,COMPLETE;closedShift=1;immutable=true,NOT_LOGGED_BY_LIVE_BUILD,36.64,45.18,NONE,TREND_PULLBACK,NO,M10_CANDIDATE_REJECTED:TRANSITION_WATCH:preferred=NONE:reason=buyCaseScore=36.6 sellCaseScore=45.2,SKIP,NY,TREND_DN,LOCATION_RESET_PENDING,TRANSITION_WATCH,WAITING_FOR_PULLBACK,NOT_REACHED,NOT_REACHED,NOT_REACHED,NOT_STARTED,NOT_REACHED,NOT_ATTEMPTED,1,FRESH,COMPLETE
2026.07.29 14:50:00,YES,1,COMPLETE;closedShift=1;immutable=true,NOT_LOGGED_BY_LIVE_BUILD,47.87,45.23,NONE,TREND_PULLBACK,NO,M10_CANDIDATE_REJECTED:TRANSITION_WATCH:preferred=NONE:reason=buyCaseScore=47.9 sellCaseScore=45.2,SKIP,NY,TREND_DN,LOCATION_RESET_PENDING,TRANSITION_WATCH,WAITING_FOR_PULLBACK,NOT_REACHED,NOT_REACHED,NOT_REACHED,NOT_STARTED,NOT_REACHED,NOT_ATTEMPTED,2,FRESH,COMPLETE
2026.07.29 15:00:00,YES,1,COMPLETE;closedShift=1;immutable=true,NOT_LOGGED_BY_LIVE_BUILD,49.10,46.81,NONE,TREND_PULLBACK,NO,M10_CANDIDATE_REJECTED:TRANSITION_WATCH:preferred=NONE:reason=buyCaseScore=49.1 sellCaseScore=46.8,SKIP,FIX,TREND_DN,LOCATION_RESET_PENDING,TRANSITION_WATCH,WAITING_FOR_PULLBACK,NOT_REACHED,NOT_REACHED,NOT_REACHED,NOT_STARTED,NOT_REACHED,NOT_ATTEMPTED,3,FRESH,COMPLETE
2026.07.29 15:10:00,YES,1,COMPLETE;closedShift=1;immutable=true,NOT_LOGGED_BY_LIVE_BUILD,50.32,69.84,SELL,TREND_PULLBACK,NO,M10_CANDIDATE_REJECTED:TRANSITION_WATCH:preferred=SELL:reason=opposite score cleared 55 (buy=50.3 sell=69.8) but Adaptive Transition has not yet allowed entry; keep watching,SKIP,FIX,TREND_DN,LOCATION_RESET_PENDING,TRANSITION_WATCH,WAITING_FOR_PULLBACK,NOT_REACHED,NOT_REACHED,NOT_REACHED,NOT_STARTED,NOT_REACHED,NOT_ATTEMPTED,4,FRESH,COMPLETE
2026.07.29 15:20:00,YES,1,COMPLETE;closedShift=1;immutable=true,NOT_LOGGED_BY_LIVE_BUILD,43.45,51.63,NONE,TREND_PULLBACK,NO,M10_CANDIDATE_REJECTED:TRANSITION_WATCH:preferred=NONE:reason=buyCaseScore=43.5 sellCaseScore=51.6,SKIP,NY,TREND_DN,LOCATION_EXTREME,TRANSITION_WATCH,TRANSITION_WATCH,NOT_REACHED,NOT_REACHED,NOT_REACHED,NOT_STARTED,NOT_REACHED,NOT_ATTEMPTED,5,FRESH,COMPLETE
2026.07.29 15:30:00,YES,1,COMPLETE;closedShift=1;immutable=true,NOT_LOGGED_BY_LIVE_BUILD,46.73,41.51,NONE,BREAKOUT,NO,M10_CANDIDATE_REJECTED:TRANSITION_WATCH:preferred=NONE:reason=buyCaseScore=46.7 sellCaseScore=41.5,SKIP,NY,BRKT_DN,LOCATION_RESET_PENDING,TRANSITION_WATCH,REVERSAL_WATCH_CREATED,NOT_REACHED,NOT_REACHED,NOT_REACHED,NOT_STARTED,NOT_REACHED,NOT_ATTEMPTED,6,FRESH,COMPLETE
2026.07.29 15:40:00,YES,1,COMPLETE;closedShift=1;immutable=true,NOT_LOGGED_BY_LIVE_BUILD,53.11,45.07,NONE,TREND_PULLBACK,NO,M10_CANDIDATE_REJECTED:TRANSITION_WATCH:preferred=NONE:reason=buyCaseScore=53.1 sellCaseScore=45.1,SKIP,NY,TREND_DN,LOCATION_RESET_PENDING,TRANSITION_WATCH,WAITING_FOR_PULLBACK,NOT_REACHED,NOT_REACHED,NOT_REACHED,NOT_STARTED,NOT_REACHED,NOT_ATTEMPTED,7,FRESH,COMPLETE
2026.07.29 15:50:00,YES,1,COMPLETE;closedShift=1;immutable=true,NOT_LOGGED_BY_LIVE_BUILD,48.75,44.50,NONE,TREND_PULLBACK,NO,M10_CANDIDATE_REJECTED:TRANSITION_WATCH:preferred=NONE:reason=buyCaseScore=48.8 sellCaseScore=44.5,SKIP,NY,TREND_DN,LOCATION_RESET_PENDING,TRANSITION_WATCH,WAITING_FOR_PULLBACK,NOT_REACHED,NOT_REACHED,NOT_REACHED,NOT_STARTED,NOT_REACHED,NOT_ATTEMPTED,8,FRESH,COMPLETE
2026.07.29 16:00:00,YES,1,COMPLETE;closedShift=1;immutable=true,NOT_LOGGED_BY_LIVE_BUILD,58.78,41.57,BUY,TREND_PULLBACK,NO,M10_CANDIDATE_REJECTED:TRANSITION_WATCH:preferred=BUY:reason=opposite score cleared 55 (buy=58.8 sell=41.6) but Adaptive Transition has not yet allowed entry; keep watching,SKIP,NY,TREND_DN,LOCATION_RESET_PENDING,TRANSITION_WATCH,WAITING_FOR_PULLBACK,NOT_REACHED,NOT_REACHED,NOT_REACHED,NOT_STARTED,NOT_REACHED,NOT_ATTEMPTED,9,FRESH,COMPLETE
2026.07.29 16:10:00,YES,1,COMPLETE;closedShift=1;immutable=true,NOT_LOGGED_BY_LIVE_BUILD,54.88,38.51,NONE,TREND_PULLBACK,NO,M10_CANDIDATE_REJECTED:NO_VALID_SIGNAL:preferred=NONE:reason=no executable directional case yet (buy=54.9 sell=38.5 threshold=55.0),SKIP,NY,TREND_DN,LOCATION_RESET_PENDING,NO_VALID_SIGNAL,WAITING_FOR_PULLBACK,NOT_REACHED,NOT_REACHED,NOT_REACHED,NOT_STARTED,NOT_REACHED,NOT_ATTEMPTED,10,FRESH,COMPLETE
2026.07.29 16:20:00,YES,1,COMPLETE;closedShift=1;immutable=true,NOT_LOGGED_BY_LIVE_BUILD,54.28,36.05,NONE,SQUEEZE_RELEASE,NO,M10_CANDIDATE_REJECTED:NO_VALID_SIGNAL:preferred=NONE:reason=no executable directional case yet (buy=54.3 sell=36.0 threshold=55.0),SKIP,NY,TREND_DN,LOCATION_RESET_PENDING,NO_VALID_SIGNAL,WAITING_FOR_PULLBACK,NOT_REACHED,NOT_REACHED,NOT_REACHED,NOT_STARTED,NOT_REACHED,NOT_ATTEMPTED,11,FRESH,COMPLETE
2026.07.29 16:30:00,YES,1,COMPLETE;closedShift=1;immutable=true,NOT_LOGGED_BY_LIVE_BUILD,53.24,34.15,NONE,TREND_PULLBACK,NO,M10_CANDIDATE_REJECTED:NO_VALID_SIGNAL:preferred=NONE:reason=no executable directional case yet (buy=53.2 sell=34.2 threshold=55.0),SKIP,NY,TREND_DN,LOCATION_RESET_PENDING,NO_VALID_SIGNAL,WAITING_FOR_PULLBACK,NOT_REACHED,NOT_REACHED,NOT_REACHED,NOT_STARTED,NOT_REACHED,NOT_ATTEMPTED,12,FRESH,COMPLETE
2026.07.29 16:40:00,YES,1,COMPLETE;closedShift=1;immutable=true,NOT_LOGGED_BY_LIVE_BUILD,55.57,28.76,BUY,SQUEEZE_RELEASE,NO,M10_CANDIDATE_REJECTED:TRANSITION_WATCH:preferred=BUY:reason=opposite score cleared 55 (buy=55.6 sell=28.8) but Adaptive Transition has not yet allowed entry; keep watching,SKIP,NY,TREND_DN,LOCATION_RESET_PENDING,TRANSITION_WATCH,REENTRY_ALLOWED,NOT_REACHED,NOT_REACHED,NOT_REACHED,NOT_STARTED,NOT_REACHED,NOT_ATTEMPTED,13,FRESH,COMPLETE
2026.07.29 16:50:00,YES,1,COMPLETE;closedShift=1;immutable=true,NOT_LOGGED_BY_LIVE_BUILD,56.28,27.36,BUY,TREND_PULLBACK,NO,M10_CANDIDATE_REJECTED:TRANSITION_WATCH:preferred=BUY:reason=opposite score cleared 55 (buy=56.3 sell=27.4) but Adaptive Transition has not yet allowed entry; keep watching,SKIP,NY,TREND_DN,LOCATION_RESET_PENDING,TRANSITION_WATCH,REENTRY_ALLOWED,NOT_REACHED,NOT_REACHED,NOT_REACHED,NOT_STARTED,NOT_REACHED,NOT_ATTEMPTED,14,FRESH,COMPLETE
2026.07.29 17:00:00,YES,1,COMPLETE;closedShift=1;immutable=true,NOT_LOGGED_BY_LIVE_BUILD,57.42,36.09,BUY,TREND_PULLBACK,NO,M10_CANDIDATE_REJECTED:TRANSITION_WATCH:preferred=BUY:reason=opposite score cleared 55 (buy=57.4 sell=36.1) but Adaptive Transition has not yet allowed entry; keep watching,SKIP,LATE,TREND_DN,LOCATION_RESET_PENDING,TRANSITION_WATCH,REENTRY_ALLOWED,NOT_REACHED,NOT_REACHED,NOT_REACHED,NOT_STARTED,NOT_REACHED,NOT_ATTEMPTED,15,FRESH,COMPLETE
2026.07.29 17:10:00,YES,1,COMPLETE;closedShift=1;immutable=true,NOT_LOGGED_BY_LIVE_BUILD,51.77,38.53,NONE,BREAKOUT,NO,M10_CANDIDATE_REJECTED:NO_VALID_SIGNAL:preferred=NONE:reason=no executable directional case yet (buy=51.8 sell=38.5 threshold=55.0),SKIP,LATE,BRKT_DN,LOCATION_RESET_PENDING,NO_VALID_SIGNAL,REENTRY_ALLOWED,NOT_REACHED,NOT_REACHED,NOT_REACHED,NOT_STARTED,NOT_REACHED,NOT_ATTEMPTED,16,FRESH,COMPLETE
2026.07.29 17:20:00,YES,1,COMPLETE;closedShift=1;immutable=true,NOT_LOGGED_BY_LIVE_BUILD,56.22,41.62,BUY,SQUEEZE_RELEASE,NO,M10_CANDIDATE_REJECTED:TRANSITION_WATCH:preferred=BUY:reason=opposite score cleared 55 (buy=56.2 sell=41.6) but Adaptive Transition has not yet allowed entry; keep watching,SKIP,LATE,TREND_DN,LOCATION_RESET_PENDING,TRANSITION_WATCH,REENTRY_ALLOWED,NOT_REACHED,NOT_REACHED,NOT_REACHED,NOT_STARTED,NOT_REACHED,NOT_ATTEMPTED,17,FRESH,COMPLETE
2026.07.29 17:30:00,YES,1,COMPLETE;closedShift=1;immutable=true,NOT_LOGGED_BY_LIVE_BUILD,47.09,40.75,NONE,TREND_PULLBACK,NO,M10_CANDIDATE_REJECTED:TRANSITION_WATCH:preferred=NONE:reason=buyCaseScore=47.1 sellCaseScore=40.7,SKIP,LATE,TREND_DN,LOCATION_RESET_PENDING,TRANSITION_WATCH,REENTRY_ALLOWED,NOT_REACHED,NOT_REACHED,NOT_REACHED,NOT_STARTED,NOT_REACHED,NOT_ATTEMPTED,18,FRESH,COMPLETE
2026.07.29 17:40:00,YES,1,COMPLETE;closedShift=1;immutable=true,NOT_LOGGED_BY_LIVE_BUILD,47.08,40.47,NONE,SQUEEZE_RELEASE,NO,M10_CANDIDATE_REJECTED:TRANSITION_WATCH:preferred=NONE:reason=buyCaseScore=47.1 sellCaseScore=40.5,SKIP,LATE,TREND_DN,LOCATION_RESET_PENDING,TRANSITION_WATCH,REENTRY_ALLOWED,NOT_REACHED,NOT_REACHED,NOT_REACHED,NOT_STARTED,NOT_REACHED,NOT_ATTEMPTED,19,FRESH,COMPLETE
2026.07.29 17:50:00,YES,1,COMPLETE;closedShift=1;immutable=true,NOT_LOGGED_BY_LIVE_BUILD,50.51,39.79,NONE,SQUEEZE_RELEASE,NO,M10_CANDIDATE_REJECTED:NO_VALID_SIGNAL:preferred=NONE:reason=no executable directional case yet (buy=50.5 sell=39.8 threshold=55.0),SKIP,LATE,TREND_DN,LOCATION_RESET_PENDING,NO_VALID_SIGNAL,REENTRY_ALLOWED,NOT_REACHED,NOT_REACHED,NOT_REACHED,NOT_STARTED,NOT_REACHED,NOT_ATTEMPTED,20,FRESH,COMPLETE
2026.07.29 18:00:00,YES,1,COMPLETE;closedShift=1;immutable=true,NOT_LOGGED_BY_LIVE_BUILD,51.74,40.65,NONE,TREND_PULLBACK,NO,M10_CANDIDATE_REJECTED:NO_VALID_SIGNAL:preferred=NONE:reason=no executable directional case yet (buy=51.7 sell=40.7 threshold=55.0),SKIP,LATE,TREND_DN,LOCATION_RESET_PENDING,NO_VALID_SIGNAL,REENTRY_ALLOWED,NOT_REACHED,NOT_REACHED,NOT_REACHED,NOT_STARTED,NOT_REACHED,NOT_ATTEMPTED,21,FRESH,COMPLETE
2026.07.29 18:10:00,YES,1,COMPLETE;closedShift=1;immutable=true,NOT_LOGGED_BY_LIVE_BUILD,67.67,38.37,BUY,TREND_PULLBACK,NO,M10_CANDIDATE_REJECTED:TRANSITION_WATCH:preferred=BUY:reason=opposite score cleared 55 (buy=67.7 sell=38.4) but Adaptive Transition has not yet allowed entry; keep watching,SKIP,LATE,TREND_DN,LOCATION_RESET_PENDING,TRANSITION_WATCH,REENTRY_ALLOWED,NOT_REACHED,NOT_REACHED,NOT_REACHED,NOT_STARTED,NOT_REACHED,NOT_ATTEMPTED,22,FRESH,COMPLETE
2026.07.29 18:20:00,YES,1,COMPLETE;closedShift=1;immutable=true,NOT_LOGGED_BY_LIVE_BUILD,52.79,36.49,NONE,TREND_PULLBACK,NO,M10_CANDIDATE_REJECTED:NO_VALID_SIGNAL:preferred=NONE:reason=no executable directional case yet (buy=52.8 sell=36.5 threshold=55.0),SKIP,LATE,TREND_DN,LOCATION_RESET_PENDING,NO_VALID_SIGNAL,REENTRY_ALLOWED,NOT_REACHED,NOT_REACHED,NOT_REACHED,NOT_STARTED,NOT_REACHED,NOT_ATTEMPTED,23,FRESH,COMPLETE
2026.07.29 18:30:00,YES,1,COMPLETE;closedShift=1;immutable=true,NOT_LOGGED_BY_LIVE_BUILD,67.43,32.31,BUY,TREND_PULLBACK,NO,M10_CANDIDATE_REJECTED:TRANSITION_WATCH:preferred=BUY:reason=opposite score cleared 55 (buy=67.4 sell=32.3) but Adaptive Transition has not yet allowed entry; keep watching,SKIP,LATE,TREND_DN,LOCATION_RESET_PENDING,TRANSITION_WATCH,REENTRY_ALLOWED,NOT_REACHED,NOT_REACHED,NOT_REACHED,NOT_STARTED,NOT_REACHED,NOT_ATTEMPTED,24,FRESH,COMPLETE
2026.07.29 18:40:00,YES,1,COMPLETE;closedShift=1;immutable=true,NOT_LOGGED_BY_LIVE_BUILD,50.08,36.50,NONE,TREND_PULLBACK,NO,M10_CANDIDATE_REJECTED:NO_VALID_SIGNAL:preferred=NONE:reason=no executable directional case yet (buy=50.1 sell=36.5 threshold=55.0),SKIP,LATE,TREND_DN,LOCATION_RESET_PENDING,NO_VALID_SIGNAL,REENTRY_ALLOWED,NOT_REACHED,NOT_REACHED,NOT_REACHED,NOT_STARTED,NOT_REACHED,NOT_ATTEMPTED,25,FRESH,COMPLETE
2026.07.29 18:50:00,YES,1,COMPLETE;closedShift=1;immutable=true,NOT_LOGGED_BY_LIVE_BUILD,59.22,33.46,BUY,TREND_PULLBACK,NO,M10_CANDIDATE_REJECTED:TRANSITION_WATCH:preferred=BUY:reason=opposite score cleared 55 (buy=59.2 sell=33.5) but Adaptive Transition has not yet allowed entry; keep watching,SKIP,LATE,TREND_DN,LOCATION_RESET_PENDING,TRANSITION_WATCH,REENTRY_ALLOWED,NOT_REACHED,NOT_REACHED,NOT_REACHED,NOT_STARTED,NOT_REACHED,NOT_ATTEMPTED,26,FRESH,COMPLETE
2026.07.29 19:00:00,YES,1,COMPLETE;closedShift=1;immutable=true,NOT_LOGGED_BY_LIVE_BUILD,49.36,33.86,NONE,TREND_PULLBACK,NO,M10_CANDIDATE_REJECTED:NO_VALID_SIGNAL:preferred=NONE:reason=no executable directional case yet (buy=49.4 sell=33.9 threshold=55.0),SKIP,LATE,TREND_DN,LOCATION_RESET_PENDING,NO_VALID_SIGNAL,REENTRY_ALLOWED,NOT_REACHED,NOT_REACHED,NOT_REACHED,NOT_STARTED,NOT_REACHED,NOT_ATTEMPTED,27,FRESH,COMPLETE
2026.07.29 19:10:00,YES,1,COMPLETE;closedShift=1;immutable=true,selected=6.06;combined=3.44,70.96,31.04,BUY,TREND_PULLBACK,YES,,B,LATE,TREND_DN,LOCATION_RESET_CONFIRMED,BUY_CANDIDATE,REENTRY_ALLOWED,NOT_REACHED,BLOCKED:OWNER_LATE_SESSION_QUALITY_BLOCK,BLOCKED:OWNER_LATE_SESSION_QUALITY_BLOCK,NOT_STARTED,NOT_REACHED,NOT_ATTEMPTED,28,FRESH,COMPLETE
2026.07.29 19:20:00,YES,1,COMPLETE;closedShift=1;immutable=true,NOT_LOGGED_BY_LIVE_BUILD,54.38,34.51,NONE,TREND_PULLBACK,NO,M10_CANDIDATE_REJECTED:NO_VALID_SIGNAL:preferred=NONE:reason=no executable directional case yet (buy=54.4 sell=34.5 threshold=55.0),SKIP,LATE,TREND_DN,LOCATION_RESET_PENDING,NO_VALID_SIGNAL,REENTRY_ALLOWED,NOT_REACHED,NOT_REACHED,NOT_REACHED,NOT_STARTED,NOT_REACHED,NOT_ATTEMPTED,29,FRESH,COMPLETE
2026.07.29 19:30:00,YES,1,COMPLETE;closedShift=1;immutable=true,NOT_LOGGED_BY_LIVE_BUILD,69.88,36.13,BUY,TREND_PULLBACK,NO,M10_CANDIDATE_REJECTED:TRANSITION_WATCH:preferred=BUY:reason=opposite score cleared 55 (buy=69.9 sell=36.1) but Adaptive Transition has not yet allowed entry; keep watching,SKIP,LATE,TREND_DN,LOCATION_RESET_PENDING,TRANSITION_WATCH,REENTRY_ALLOWED,NOT_REACHED,NOT_REACHED,NOT_REACHED,NOT_STARTED,NOT_REACHED,NOT_ATTEMPTED,30,FRESH,COMPLETE
2026.07.29 19:40:00,YES,1,COMPLETE;closedShift=1;immutable=true,selected=5.90;combined=3.34,68.53,31.15,BUY,TREND_PULLBACK,YES,,B,LATE,TREND_DN,LOCATION_RESET_CONFIRMED,BUY_CANDIDATE,REENTRY_ALLOWED,NOT_REACHED,BLOCKED:OWNER_LATE_SESSION_QUALITY_BLOCK,BLOCKED:OWNER_LATE_SESSION_QUALITY_BLOCK,NOT_STARTED,NOT_REACHED,NOT_ATTEMPTED,31,FRESH,COMPLETE
2026.07.29 19:50:00,YES,1,COMPLETE;closedShift=1;immutable=true,selected=5.93;combined=3.35,68.93,32.97,BUY,M10_ORIGINATED_CANDIDATE,YES,,B,LATE,TREND_DN,LOCATION_RESET_CONFIRMED,BUY_CANDIDATE,REENTRY_ALLOWED,NOT_REACHED,BLOCKED:OWNER_LATE_SESSION_QUALITY_BLOCK,BLOCKED:OWNER_LATE_SESSION_QUALITY_BLOCK,NOT_STARTED,NOT_REACHED,NOT_ATTEMPTED,32,FRESH,COMPLETE
2026.07.29 20:00:00,YES,1,COMPLETE;closedShift=1;immutable=true,NOT_LOGGED_BY_LIVE_BUILD,71.59,31.98,BUY,TREND_PULLBACK,NO,M10_CANDIDATE_REJECTED:TRANSITION_WATCH:preferred=BUY:reason=opposite score cleared 55 (buy=71.6 sell=32.0) but Adaptive Transition has not yet allowed entry; keep watching,SKIP,LATE,TREND_DN,LOCATION_RESET_PENDING,TRANSITION_WATCH,WAITING_FOR_PULLBACK,NOT_REACHED,NOT_REACHED,NOT_REACHED,NOT_STARTED,NOT_REACHED,NOT_ATTEMPTED,33,FRESH,COMPLETE
2026.07.29 20:10:00,YES,1,COMPLETE;closedShift=1;immutable=true,NOT_LOGGED_BY_LIVE_BUILD,34.92,47.63,NONE,BREAKOUT,NO,M10_CANDIDATE_REJECTED:NO_VALID_SIGNAL:preferred=NONE:reason=no executable directional case yet (buy=34.9 sell=47.6 threshold=55.0),SKIP,LATE,BRKT_UP,LOCATION_RESET_PENDING,NO_VALID_SIGNAL,REVERSAL_WATCH_CREATED,NOT_REACHED,NOT_REACHED,NOT_REACHED,NOT_STARTED,NOT_REACHED,NOT_ATTEMPTED,34,FRESH,COMPLETE
2026.07.29 20:20:00,YES,1,COMPLETE;closedShift=1;immutable=true,NOT_LOGGED_BY_LIVE_BUILD,33.58,53.00,NONE,SQUEEZE_RELEASE,NO,M10_CANDIDATE_REJECTED:NO_VALID_SIGNAL:preferred=NONE:reason=no executable directional case yet (buy=33.6 sell=53.0 threshold=55.0),SKIP,LATE,BRKT_UP,LOCATION_RESET_PENDING,NO_VALID_SIGNAL,REVERSAL_WATCH_CREATED,NOT_REACHED,NOT_REACHED,NOT_REACHED,NOT_STARTED,NOT_REACHED,NOT_ATTEMPTED,35,FRESH,COMPLETE
2026.07.29 20:30:00,YES,1,COMPLETE;closedShift=1;immutable=true,NOT_LOGGED_BY_LIVE_BUILD,35.25,61.69,SELL,SQUEEZE_RELEASE,NO,M10_CANDIDATE_REJECTED:TRANSITION_WATCH:preferred=SELL:reason=opposite score cleared 55 (buy=35.2 sell=61.7) but Adaptive Transition has not yet allowed entry; keep watching,SKIP,LATE,TREND_DN,LOCATION_RESET_PENDING,TRANSITION_WATCH,REVERSAL_WATCH_CREATED,NOT_REACHED,NOT_REACHED,NOT_REACHED,NOT_STARTED,NOT_REACHED,NOT_ATTEMPTED,36,FRESH,COMPLETE
2026.07.29 20:40:00,YES,1,COMPLETE;closedShift=1;immutable=true,NOT_LOGGED_BY_LIVE_BUILD,34.46,52.33,NONE,SQUEEZE_RELEASE,NO,M10_CANDIDATE_REJECTED:NO_VALID_SIGNAL:preferred=NONE:reason=no executable directional case yet (buy=34.5 sell=52.3 threshold=55.0),SKIP,LATE,TREND_DN,LOCATION_RESET_PENDING,NO_VALID_SIGNAL,REVERSAL_WATCH_CREATED,NOT_REACHED,NOT_REACHED,NOT_REACHED,NOT_STARTED,NOT_REACHED,NOT_ATTEMPTED,37,FRESH,COMPLETE
2026.07.29 20:50:00,YES,1,COMPLETE;closedShift=1;immutable=true,NOT_LOGGED_BY_LIVE_BUILD,32.35,54.67,NONE,SQUEEZE_RELEASE,NO,M10_CANDIDATE_REJECTED:NO_VALID_SIGNAL:preferred=NONE:reason=no executable directional case yet (buy=32.4 sell=54.7 threshold=55.0),SKIP,LATE,TREND_DN,LOCATION_RESET_PENDING,NO_VALID_SIGNAL,REVERSAL_WATCH_CREATED,NOT_REACHED,NOT_REACHED,NOT_REACHED,NOT_STARTED,NOT_REACHED,NOT_ATTEMPTED,38,FRESH,COMPLETE
2026.07.29 21:00:00,YES,1,COMPLETE;closedShift=1;immutable=true,NOT_LOGGED_BY_LIVE_BUILD,33.02,56.54,SELL,SQUEEZE_RELEASE,NO,M10_CANDIDATE_REJECTED:TRANSITION_WATCH:preferred=SELL:reason=opposite score cleared 55 (buy=33.0 sell=56.5) but Adaptive Transition has not yet allowed entry; keep watching,SKIP,LATE,TREND_DN,LOCATION_RESET_PENDING,TRANSITION_WATCH,REVERSAL_WATCH_CREATED,NOT_REACHED,NOT_REACHED,NOT_REACHED,NOT_STARTED,NOT_REACHED,NOT_ATTEMPTED,39,FRESH,COMPLETE
2026.07.29 21:10:00,YES,1,COMPLETE;closedShift=1;immutable=true,NOT_LOGGED_BY_LIVE_BUILD,33.72,55.01,SELL,BREAKOUT,NO,M10_CANDIDATE_REJECTED:TRANSITION_WATCH:preferred=SELL:reason=opposite score cleared 55 (buy=33.7 sell=55.0) but Adaptive Transition has not yet allowed entry; keep watching,SKIP,LATE,BRKT_UP,LOCATION_RESET_PENDING,TRANSITION_WATCH,WAITING_FOR_PULLBACK,NOT_REACHED,NOT_REACHED,NOT_REACHED,NOT_STARTED,NOT_REACHED,NOT_ATTEMPTED,40,FRESH,COMPLETE
2026.07.29 21:20:00,YES,1,COMPLETE;closedShift=1;immutable=true,NOT_LOGGED_BY_LIVE_BUILD,34.14,57.30,SELL,SQUEEZE_RELEASE,NO,M10_CANDIDATE_REJECTED:TRANSITION_WATCH:preferred=SELL:reason=opposite score cleared 55 (buy=34.1 sell=57.3) but Adaptive Transition has not yet allowed entry; keep watching,SKIP,LATE,BRKT_UP,LOCATION_RESET_PENDING,TRANSITION_WATCH,WAITING_FOR_PULLBACK,NOT_REACHED,NOT_REACHED,NOT_REACHED,NOT_STARTED,NOT_REACHED,NOT_ATTEMPTED,41,FRESH,COMPLETE
2026.07.29 21:30:00,YES,1,COMPLETE;closedShift=1;immutable=true,NOT_LOGGED_BY_LIVE_BUILD,34.79,68.89,SELL,SQUEEZE_RELEASE,NO,M10_CANDIDATE_REJECTED:TRANSITION_WATCH:preferred=SELL:reason=opposite score cleared 55 (buy=34.8 sell=68.9) but Adaptive Transition has not yet allowed entry; keep watching,SKIP,LATE,TREND_DN,LOCATION_RESET_PENDING,TRANSITION_WATCH,WAITING_FOR_PULLBACK,NOT_REACHED,NOT_REACHED,NOT_REACHED,NOT_STARTED,NOT_REACHED,NOT_ATTEMPTED,42,FRESH,COMPLETE
2026.07.29 21:40:00,YES,1,COMPLETE;closedShift=1;immutable=true,NOT_LOGGED_BY_LIVE_BUILD,27.20,62.19,SELL,SQUEEZE_RELEASE,NO,M10_CANDIDATE_REJECTED:TRANSITION_WATCH:preferred=SELL:reason=opposite score cleared 55 (buy=27.2 sell=62.2) but Adaptive Transition has not yet allowed entry; keep watching,SKIP,LATE,TREND_DN,LOCATION_RESET_PENDING,TRANSITION_WATCH,WAITING_FOR_PULLBACK,NOT_REACHED,NOT_REACHED,NOT_REACHED,NOT_STARTED,NOT_REACHED,NOT_ATTEMPTED,43,FRESH,COMPLETE
2026.07.29 21:50:00,YES,1,COMPLETE;closedShift=1;immutable=true,NOT_LOGGED_BY_LIVE_BUILD,30.66,58.62,SELL,BREAKOUT,NO,M10_CANDIDATE_REJECTED:TRANSITION_WATCH:preferred=SELL:reason=opposite score cleared 55 (buy=30.7 sell=58.6) but Adaptive Transition has not yet allowed entry; keep watching,SKIP,LATE,BRKT_UP,LOCATION_RESET_PENDING,TRANSITION_WATCH,WAITING_FOR_PULLBACK,NOT_REACHED,NOT_REACHED,NOT_REACHED,NOT_STARTED,NOT_REACHED,NOT_ATTEMPTED,44,FRESH,COMPLETE
2026.07.29 22:00:00,YES,1,COMPLETE;closedShift=1;immutable=true,NOT_LOGGED_BY_LIVE_BUILD,30.86,56.74,SELL,SQUEEZE_RELEASE,NO,M10_CANDIDATE_REJECTED:TRANSITION_WATCH:preferred=SELL:reason=opposite score cleared 55 (buy=30.9 sell=56.7) but Adaptive Transition has not yet allowed entry; keep watching,SKIP,LATE,BRKT_UP,LOCATION_RESET_PENDING,TRANSITION_WATCH,WAITING_FOR_PULLBACK,NOT_REACHED,NOT_REACHED,NOT_REACHED,NOT_STARTED,NOT_REACHED,NOT_ATTEMPTED,45,FRESH,COMPLETE
2026.07.29 22:10:00,YES,1,COMPLETE;closedShift=1;immutable=true,NOT_LOGGED_BY_LIVE_BUILD,41.55,57.35,SELL,SQUEEZE_RELEASE,NO,M10_CANDIDATE_REJECTED:TRANSITION_WATCH:preferred=SELL:reason=opposite score cleared 55 (buy=41.6 sell=57.4) but Adaptive Transition has not yet allowed entry; keep watching,SKIP,LATE,TREND_UP,LOCATION_RESET_PENDING,TRANSITION_WATCH,WAITING_FOR_PULLBACK,NOT_REACHED,NOT_REACHED,NOT_REACHED,NOT_STARTED,NOT_REACHED,NOT_ATTEMPTED,46,FRESH,COMPLETE
2026.07.29 22:20:00,YES,1,COMPLETE;closedShift=1;immutable=true,NOT_LOGGED_BY_LIVE_BUILD,41.07,51.47,NONE,SQUEEZE_RELEASE,NO,M10_CANDIDATE_REJECTED:NO_VALID_SIGNAL:preferred=NONE:reason=no executable directional case yet (buy=41.1 sell=51.5 threshold=55.0),SKIP,LATE,TREND_UP,LOCATION_RESET_PENDING,NO_VALID_SIGNAL,WAITING_FOR_PULLBACK,NOT_REACHED,NOT_REACHED,NOT_REACHED,NOT_STARTED,NOT_REACHED,NOT_ATTEMPTED,47,FRESH,COMPLETE
2026.07.29 22:30:00,YES,1,COMPLETE;closedShift=1;immutable=true,NOT_LOGGED_BY_LIVE_BUILD,43.02,67.50,SELL,SQUEEZE_RELEASE,NO,M10_CANDIDATE_REJECTED:TRANSITION_WATCH:preferred=SELL:reason=opposite score cleared 55 (buy=43.0 sell=67.5) but Adaptive Transition has not yet allowed entry; keep watching,SKIP,LATE,TREND_UP,LOCATION_RESET_PENDING,TRANSITION_WATCH,REENTRY_ALLOWED,NOT_REACHED,NOT_REACHED,NOT_REACHED,NOT_STARTED,NOT_REACHED,NOT_ATTEMPTED,48,FRESH,COMPLETE
2026.07.29 22:40:00,YES,1,COMPLETE;closedShift=1;immutable=true,NOT_LOGGED_BY_LIVE_BUILD,35.69,66.03,SELL,SQUEEZE_RELEASE,NO,M10_CANDIDATE_REJECTED:TRANSITION_WATCH:preferred=SELL:reason=opposite score cleared 55 (buy=35.7 sell=66.0) but Adaptive Transition has not yet allowed entry; keep watching,SKIP,LATE,TREND_UP,LOCATION_RESET_PENDING,TRANSITION_WATCH,REENTRY_ALLOWED,NOT_REACHED,NOT_REACHED,NOT_REACHED,NOT_STARTED,NOT_REACHED,NOT_ATTEMPTED,49,FRESH,COMPLETE
2026.07.29 22:50:00,YES,1,COMPLETE;closedShift=1;immutable=true,NOT_LOGGED_BY_LIVE_BUILD,38.66,49.63,NONE,TREND_PULLBACK,NO,M10_CANDIDATE_REJECTED:DATA_UNAVAILABLE:preferred=NONE:reason=primary evidence freshnessState=FRESH staleCause= dataState=UNAVAILABLE closeAgeSeconds=7213 evaluatedShift=1,SKIP,LATE,TREND_UP,LOCATION_RESET_PENDING,NO_VALID_SIGNAL,REENTRY_ALLOWED,NOT_REACHED,NOT_REACHED,NOT_REACHED,NOT_STARTED,NOT_REACHED,NOT_ATTEMPTED,50,FRESH,COMPLETE
2026.07.30 01:10:00,YES,1,COMPLETE;closedShift=1;immutable=true,NOT_LOGGED_BY_LIVE_BUILD,38.24,41.80,NONE,TREND_PULLBACK,NO,M10_CANDIDATE_REJECTED:TRANSITION_WATCH:preferred=NONE:reason=buyCaseScore=38.2 sellCaseScore=41.8,SKIP,ASIA,TREND_UP,LOCATION_RESET_PENDING,TRANSITION_WATCH,REENTRY_ALLOWED,NOT_REACHED,NOT_REACHED,NOT_REACHED,NOT_STARTED,NOT_REACHED,NOT_ATTEMPTED,52,FRESH,COMPLETE
2026.07.30 01:20:00,YES,1,COMPLETE;closedShift=1;immutable=true,NOT_LOGGED_BY_LIVE_BUILD,34.21,40.93,NONE,TREND_PULLBACK,NO,M10_CANDIDATE_REJECTED:TRANSITION_WATCH:preferred=NONE:reason=buyCaseScore=34.2 sellCaseScore=40.9,SKIP,ASIA,TREND_UP,LOCATION_RESET_PENDING,TRANSITION_WATCH,REENTRY_ALLOWED,NOT_REACHED,NOT_REACHED,NOT_REACHED,NOT_STARTED,NOT_REACHED,NOT_ATTEMPTED,53,FRESH,COMPLETE
2026.07.30 01:30:00,YES,1,COMPLETE;closedShift=1;immutable=true,NOT_LOGGED_BY_LIVE_BUILD,36.96,38.69,NONE,TREND_PULLBACK,NO,M10_CANDIDATE_REJECTED:TRANSITION_WATCH:preferred=NONE:reason=buyCaseScore=37.0 sellCaseScore=38.7,SKIP,ASIA,TREND_UP,LOCATION_RESET_PENDING,TRANSITION_WATCH,REENTRY_ALLOWED,NOT_REACHED,NOT_REACHED,NOT_REACHED,NOT_STARTED,NOT_REACHED,NOT_ATTEMPTED,54,FRESH,COMPLETE
2026.07.30 01:40:00,YES,1,COMPLETE;closedShift=1;immutable=true,NOT_LOGGED_BY_LIVE_BUILD,37.58,37.90,NONE,TREND_PULLBACK,NO,M10_CANDIDATE_REJECTED:TRANSITION_WATCH:preferred=NONE:reason=buyCaseScore=37.6 sellCaseScore=37.9,SKIP,ASIA,TREND_UP,LOCATION_RESET_PENDING,TRANSITION_WATCH,REENTRY_ALLOWED,NOT_REACHED,NOT_REACHED,NOT_REACHED,NOT_STARTED,NOT_REACHED,NOT_ATTEMPTED,55,FRESH,COMPLETE
2026.07.30 01:50:00,YES,1,COMPLETE;closedShift=1;immutable=true,NOT_LOGGED_BY_LIVE_BUILD,41.50,38.93,NONE,TREND_PULLBACK,NO,M10_CANDIDATE_REJECTED:TRANSITION_WATCH:preferred=NONE:reason=buyCaseScore=41.5 sellCaseScore=38.9,SKIP,ASIA,TREND_UP,LOCATION_RESET_PENDING,TRANSITION_WATCH,REENTRY_ALLOWED,NOT_REACHED,NOT_REACHED,NOT_REACHED,NOT_STARTED,NOT_REACHED,NOT_ATTEMPTED,56,FRESH,COMPLETE
2026.07.30 02:00:00,YES,1,COMPLETE;closedShift=1;immutable=true,NOT_LOGGED_BY_LIVE_BUILD,41.93,37.01,NONE,TREND_PULLBACK,NO,M10_CANDIDATE_REJECTED:TRANSITION_WATCH:preferred=NONE:reason=buyCaseScore=41.9 sellCaseScore=37.0,SKIP,ASIA,TREND_UP,LOCATION_RESET_PENDING,TRANSITION_WATCH,REENTRY_ALLOWED,NOT_REACHED,NOT_REACHED,NOT_REACHED,NOT_STARTED,NOT_REACHED,NOT_ATTEMPTED,57,FRESH,COMPLETE
2026.07.30 02:10:00,YES,1,COMPLETE;closedShift=1;immutable=true,NOT_LOGGED_BY_LIVE_BUILD,41.13,38.86,NONE,TREND_PULLBACK,NO,M10_CANDIDATE_REJECTED:TRANSITION_WATCH:preferred=NONE:reason=buyCaseScore=41.1 sellCaseScore=38.9,SKIP,ASIA,TREND_UP,LOCATION_RESET_PENDING,TRANSITION_WATCH,WAITING_FOR_PULLBACK,NOT_REACHED,NOT_REACHED,NOT_REACHED,NOT_STARTED,NOT_REACHED,NOT_ATTEMPTED,58,FRESH,COMPLETE
2026.07.30 02:20:00,YES,1,COMPLETE;closedShift=1;immutable=true,NOT_LOGGED_BY_LIVE_BUILD,41.71,38.67,NONE,TREND_PULLBACK,NO,M10_CANDIDATE_REJECTED:TRANSITION_WATCH:preferred=NONE:reason=buyCaseScore=41.7 sellCaseScore=38.7,SKIP,ASIA,TREND_UP,LOCATION_RESET_PENDING,TRANSITION_WATCH,REENTRY_ALLOWED,NOT_REACHED,NOT_REACHED,NOT_REACHED,NOT_STARTED,NOT_REACHED,NOT_ATTEMPTED,59,FRESH,COMPLETE
2026.07.30 02:30:00,YES,1,COMPLETE;closedShift=1;immutable=true,NOT_LOGGED_BY_LIVE_BUILD,41.86,53.87,NONE,TREND_PULLBACK,NO,M10_CANDIDATE_REJECTED:NO_VALID_SIGNAL:preferred=NONE:reason=no executable directional case yet (buy=41.9 sell=53.9 threshold=55.0),SKIP,ASIA,TREND_UP,LOCATION_RESET_PENDING,NO_VALID_SIGNAL,REENTRY_ALLOWED,NOT_REACHED,NOT_REACHED,NOT_REACHED,NOT_STARTED,NOT_REACHED,NOT_ATTEMPTED,60,FRESH,COMPLETE
2026.07.30 02:40:00,YES,1,COMPLETE;closedShift=1;immutable=true,NOT_LOGGED_BY_LIVE_BUILD,45.34,55.03,NONE,TREND_PULLBACK,NO,M10_CANDIDATE_REJECTED:TRANSITION_WATCH:preferred=NONE:reason=buyCaseScore=45.3 sellCaseScore=55.0,SKIP,ASIA,TREND_UP,LOCATION_RESET_PENDING,TRANSITION_WATCH,REENTRY_ALLOWED,NOT_REACHED,NOT_REACHED,NOT_REACHED,NOT_STARTED,NOT_REACHED,NOT_ATTEMPTED,61,FRESH,COMPLETE
2026.07.30 02:50:00,YES,1,COMPLETE;closedShift=1;immutable=true,NOT_LOGGED_BY_LIVE_BUILD,43.68,55.36,SELL,TREND_PULLBACK,NO,M10_CANDIDATE_REJECTED:TRANSITION_WATCH:preferred=SELL:reason=opposite score cleared 55 (buy=43.7 sell=55.4) but Adaptive Transition has not yet allowed entry; keep watching,SKIP,ASIA,TREND_UP,LOCATION_RESET_PENDING,TRANSITION_WATCH,REENTRY_ALLOWED,NOT_REACHED,NOT_REACHED,NOT_REACHED,NOT_STARTED,NOT_REACHED,NOT_ATTEMPTED,62,FRESH,COMPLETE
2026.07.30 03:00:00,YES,1,COMPLETE;closedShift=1;immutable=true,NOT_LOGGED_BY_LIVE_BUILD,40.24,57.71,SELL,TREND_PULLBACK,NO,M10_CANDIDATE_REJECTED:TRANSITION_WATCH:preferred=SELL:reason=opposite score cleared 55 (buy=40.2 sell=57.7) but Adaptive Transition has not yet allowed entry; keep watching,SKIP,ASIA,TREND_UP,LOCATION_RESET_PENDING,TRANSITION_WATCH,REENTRY_ALLOWED,NOT_REACHED,NOT_REACHED,NOT_REACHED,NOT_STARTED,NOT_REACHED,NOT_ATTEMPTED,63,FRESH,COMPLETE
2026.07.30 03:10:00,YES,1,COMPLETE;closedShift=1;immutable=true,NOT_LOGGED_BY_LIVE_BUILD,35.01,60.33,SELL,TREND_PULLBACK,NO,M10_CANDIDATE_REJECTED:TRANSITION_WATCH:preferred=SELL:reason=opposite score cleared 55 (buy=35.0 sell=60.3) but Adaptive Transition has not yet allowed entry; keep watching,SKIP,ASIA,TREND_UP,LOCATION_RESET_PENDING,TRANSITION_WATCH,REENTRY_ALLOWED,NOT_REACHED,NOT_REACHED,NOT_REACHED,NOT_STARTED,NOT_REACHED,NOT_ATTEMPTED,64,FRESH,COMPLETE
2026.07.30 03:20:00,YES,1,COMPLETE;closedShift=1;immutable=true,NOT_LOGGED_BY_LIVE_BUILD,27.98,61.41,SELL,TREND_PULLBACK,NO,M10_CANDIDATE_REJECTED:TRANSITION_WATCH:preferred=SELL:reason=opposite score cleared 55 (buy=28.0 sell=61.4) but Adaptive Transition has not yet allowed entry; keep watching,SKIP,ASIA,TREND_UP,LOCATION_RESET_PENDING,TRANSITION_WATCH,REENTRY_ALLOWED,NOT_REACHED,NOT_REACHED,NOT_REACHED,NOT_STARTED,NOT_REACHED,NOT_ATTEMPTED,65,FRESH,COMPLETE
2026.07.30 03:30:00,YES,1,COMPLETE;closedShift=1;immutable=true,NOT_LOGGED_BY_LIVE_BUILD,27.32,62.09,SELL,TREND_PULLBACK,NO,M10_CANDIDATE_REJECTED:TRANSITION_WATCH:preferred=SELL:reason=opposite score cleared 55 (buy=27.3 sell=62.1) but Adaptive Transition has not yet allowed entry; keep watching,SKIP,ASIA,TREND_UP,LOCATION_RESET_PENDING,TRANSITION_WATCH,WAITING_FOR_PULLBACK,NOT_REACHED,NOT_REACHED,NOT_REACHED,NOT_STARTED,NOT_REACHED,NOT_ATTEMPTED,66,FRESH,COMPLETE
2026.07.30 03:40:00,YES,1,COMPLETE;closedShift=1;immutable=true,NOT_LOGGED_BY_LIVE_BUILD,33.41,77.09,SELL,TREND_PULLBACK,NO,M10_CANDIDATE_REJECTED:TRANSITION_WATCH:preferred=SELL:reason=opposite score cleared 55 (buy=33.4 sell=77.1) but Adaptive Transition has not yet allowed entry; keep watching,SKIP,ASIA,TREND_UP,LOCATION_RESET_PENDING,TRANSITION_WATCH,WAITING_FOR_PULLBACK,NOT_REACHED,NOT_REACHED,NOT_REACHED,NOT_STARTED,NOT_REACHED,NOT_ATTEMPTED,67,FRESH,COMPLETE
2026.07.30 03:50:00,YES,1,COMPLETE;closedShift=1;immutable=true,NOT_LOGGED_BY_LIVE_BUILD,33.41,75.59,SELL,TREND_PULLBACK,NO,M10_CANDIDATE_REJECTED:TRANSITION_WATCH:preferred=SELL:reason=opposite score cleared 55 (buy=33.4 sell=75.6) but Adaptive Transition has not yet allowed entry; keep watching,SKIP,ASIA,TREND_UP,LOCATION_RESET_PENDING,TRANSITION_WATCH,WAITING_FOR_PULLBACK,NOT_REACHED,NOT_REACHED,NOT_REACHED,NOT_STARTED,NOT_REACHED,NOT_ATTEMPTED,68,FRESH,COMPLETE
2026.07.30 04:00:00,YES,1,COMPLETE;closedShift=1;immutable=true,NOT_LOGGED_BY_LIVE_BUILD,32.60,72.29,SELL,TREND_PULLBACK,NO,M10_CANDIDATE_REJECTED:TRANSITION_WATCH:preferred=SELL:reason=opposite score cleared 55 (buy=32.6 sell=72.3) but Adaptive Transition has not yet allowed entry; keep watching,SKIP,ASIA,TREND_UP,LOCATION_RESET_PENDING,TRANSITION_WATCH,WAITING_FOR_PULLBACK,NOT_REACHED,NOT_REACHED,NOT_REACHED,NOT_STARTED,NOT_REACHED,NOT_ATTEMPTED,69,FRESH,COMPLETE
2026.07.30 04:10:00,YES,2,COMPLETE;closedShift=1;immutable=true,NOT_LOGGED_BY_LIVE_BUILD,25.53,52.37,NONE,TREND_PULLBACK,NO,M10_CANDIDATE_REJECTED:NO_VALID_SIGNAL:preferred=NONE:reason=no executable directional case yet (buy=25.5 sell=52.4 threshold=55.0),SKIP,ASIA,TREND_UP,LOCATION_RESET_PENDING,NO_VALID_SIGNAL,REENTRY_ALLOWED,NOT_REACHED,NOT_REACHED,NOT_REACHED,NOT_STARTED,NOT_REACHED,NOT_ATTEMPTED,1,FRESH,COMPLETE
2026.07.30 04:20:00,YES,1,COMPLETE;closedShift=1;immutable=true,NOT_LOGGED_BY_LIVE_BUILD,31.07,63.13,SELL,TREND_PULLBACK,NO,M10_CANDIDATE_REJECTED:TRANSITION_WATCH:preferred=SELL:reason=opposite score cleared 55 (buy=31.1 sell=63.1) but Adaptive Transition has not yet allowed entry; keep watching,SKIP,ASIA,TREND_UP,LOCATION_RESET_PENDING,TRANSITION_WATCH,REENTRY_ALLOWED,NOT_REACHED,NOT_REACHED,NOT_REACHED,NOT_STARTED,NOT_REACHED,NOT_ATTEMPTED,2,FRESH,COMPLETE
2026.07.30 04:30:00,YES,1,COMPLETE;closedShift=1;immutable=true,NOT_LOGGED_BY_LIVE_BUILD,47.87,59.91,SELL,TREND_PULLBACK,NO,M10_CANDIDATE_REJECTED:TRANSITION_WATCH:preferred=SELL:reason=opposite score cleared 55 (buy=47.9 sell=59.9) but Adaptive Transition has not yet allowed entry; keep watching,SKIP,ASIA,TREND_UP,LOCATION_RESET_PENDING,TRANSITION_WATCH,REENTRY_ALLOWED,NOT_REACHED,NOT_REACHED,NOT_REACHED,NOT_STARTED,NOT_REACHED,NOT_ATTEMPTED,3,FRESH,COMPLETE
2026.07.30 04:40:00,YES,1,COMPLETE;closedShift=1;immutable=true,NOT_LOGGED_BY_LIVE_BUILD,40.06,56.16,SELL,TREND_PULLBACK,NO,M10_CANDIDATE_REJECTED:TRANSITION_WATCH:preferred=SELL:reason=opposite score cleared 55 (buy=40.1 sell=56.2) but Adaptive Transition has not yet allowed entry; keep watching,SKIP,ASIA,TREND_UP,LOCATION_RESET_PENDING,TRANSITION_WATCH,REENTRY_ALLOWED,NOT_REACHED,NOT_REACHED,NOT_REACHED,NOT_STARTED,NOT_REACHED,NOT_ATTEMPTED,4,FRESH,COMPLETE
2026.07.30 04:50:00,YES,1,COMPLETE;closedShift=1;immutable=true,NOT_LOGGED_BY_LIVE_BUILD,42.86,57.81,SELL,TREND_PULLBACK,NO,M10_CANDIDATE_REJECTED:TRANSITION_WATCH:preferred=SELL:reason=opposite score cleared 55 (buy=42.9 sell=57.8) but Adaptive Transition has not yet allowed entry; keep watching,SKIP,ASIA,TREND_UP,LOCATION_RESET_PENDING,TRANSITION_WATCH,WAITING_FOR_PULLBACK,NOT_REACHED,NOT_REACHED,NOT_REACHED,NOT_STARTED,NOT_REACHED,NOT_ATTEMPTED,5,FRESH,COMPLETE
2026.07.30 05:00:00,YES,1,COMPLETE;closedShift=1;immutable=true,NOT_LOGGED_BY_LIVE_BUILD,44.26,57.55,SELL,TREND_PULLBACK,NO,M10_CANDIDATE_REJECTED:TRANSITION_WATCH:preferred=SELL:reason=opposite score cleared 55 (buy=44.3 sell=57.6) but Adaptive Transition has not yet allowed entry; keep watching,SKIP,ASIA,TREND_UP,LOCATION_RESET_PENDING,TRANSITION_WATCH,REENTRY_ALLOWED,NOT_REACHED,NOT_REACHED,NOT_REACHED,NOT_STARTED,NOT_REACHED,NOT_ATTEMPTED,6,FRESH,COMPLETE
2026.07.30 05:10:00,YES,1,COMPLETE;closedShift=1;immutable=true,NOT_LOGGED_BY_LIVE_BUILD,45.80,57.57,SELL,TREND_PULLBACK,NO,M10_CANDIDATE_REJECTED:TRANSITION_WATCH:preferred=SELL:reason=opposite score cleared 55 (buy=45.8 sell=57.6) but Adaptive Transition has not yet allowed entry; keep watching,SKIP,ASIA,TREND_UP,LOCATION_RESET_PENDING,TRANSITION_WATCH,REENTRY_ALLOWED,NOT_REACHED,NOT_REACHED,NOT_REACHED,NOT_STARTED,NOT_REACHED,NOT_ATTEMPTED,7,FRESH,COMPLETE
2026.07.30 05:20:00,YES,1,COMPLETE;closedShift=1;immutable=true,NOT_LOGGED_BY_LIVE_BUILD,44.14,75.34,SELL,TREND_PULLBACK,NO,M10_CANDIDATE_REJECTED:TRANSITION_WATCH:preferred=SELL:reason=opposite score cleared 55 (buy=44.1 sell=75.3) but Adaptive Transition has not yet allowed entry; keep watching,SKIP,ASIA,TREND_UP,LOCATION_RESET_PENDING,TRANSITION_WATCH,REENTRY_ALLOWED,NOT_REACHED,NOT_REACHED,NOT_REACHED,NOT_STARTED,NOT_REACHED,NOT_ATTEMPTED,8,FRESH,COMPLETE
2026.07.30 05:30:00,YES,1,COMPLETE;closedShift=1;immutable=true,NOT_LOGGED_BY_LIVE_BUILD,41.43,58.26,SELL,TREND_PULLBACK,NO,M10_CANDIDATE_REJECTED:TRANSITION_WATCH:preferred=SELL:reason=opposite score cleared 55 (buy=41.4 sell=58.3) but Adaptive Transition has not yet allowed entry; keep watching,SKIP,ASIA,TREND_UP,LOCATION_RESET_PENDING,TRANSITION_WATCH,REENTRY_ALLOWED,NOT_REACHED,NOT_REACHED,NOT_REACHED,NOT_STARTED,NOT_REACHED,NOT_ATTEMPTED,9,FRESH,COMPLETE
2026.07.30 05:40:00,YES,1,COMPLETE;closedShift=1;immutable=true,NOT_LOGGED_BY_LIVE_BUILD,40.26,75.45,SELL,TREND_PULLBACK,NO,M10_CANDIDATE_REJECTED:TRANSITION_WATCH:preferred=SELL:reason=opposite score cleared 55 (buy=40.3 sell=75.5) but Adaptive Transition has not yet allowed entry; keep watching,SKIP,ASIA,TREND_UP,LOCATION_RESET_PENDING,TRANSITION_WATCH,REENTRY_ALLOWED,NOT_REACHED,NOT_REACHED,NOT_REACHED,NOT_STARTED,NOT_REACHED,NOT_ATTEMPTED,10,FRESH,COMPLETE
2026.07.30 05:50:00,YES,1,COMPLETE;closedShift=1;immutable=true,NOT_LOGGED_BY_LIVE_BUILD,35.58,72.36,SELL,TREND_PULLBACK,NO,M10_CANDIDATE_REJECTED:TRANSITION_WATCH:preferred=SELL:reason=opposite score cleared 55 (buy=35.6 sell=72.4) but Adaptive Transition has not yet allowed entry; keep watching,SKIP,ASIA,TREND_UP,LOCATION_RESET_PENDING,TRANSITION_WATCH,REENTRY_ALLOWED,NOT_REACHED,NOT_REACHED,NOT_REACHED,NOT_STARTED,NOT_REACHED,NOT_ATTEMPTED,11,FRESH,COMPLETE
2026.07.30 06:00:00,YES,1,COMPLETE;closedShift=1;immutable=true,NOT_LOGGED_BY_LIVE_BUILD,32.52,78.82,SELL,TREND_PULLBACK,NO,M10_CANDIDATE_REJECTED:TRANSITION_WATCH:preferred=SELL:reason=opposite score cleared 55 (buy=32.5 sell=78.8) but Adaptive Transition has not yet allowed entry; keep watching,SKIP,ASIA,TREND_UP,LOCATION_RESET_PENDING,TRANSITION_WATCH,WAITING_FOR_PULLBACK,NOT_REACHED,NOT_REACHED,NOT_REACHED,NOT_STARTED,NOT_REACHED,NOT_ATTEMPTED,12,FRESH,COMPLETE
2026.07.30 06:10:00,YES,1,COMPLETE;closedShift=1;immutable=true,NOT_LOGGED_BY_LIVE_BUILD,32.34,73.94,SELL,TREND_PULLBACK,NO,M10_CANDIDATE_REJECTED:TRANSITION_WATCH:preferred=SELL:reason=opposite score cleared 55 (buy=32.3 sell=73.9) but Adaptive Transition has not yet allowed entry; keep watching,SKIP,ASIA,TREND_UP,LOCATION_RESET_PENDING,TRANSITION_WATCH,WAITING_FOR_PULLBACK,NOT_REACHED,NOT_REACHED,NOT_REACHED,NOT_STARTED,NOT_REACHED,NOT_ATTEMPTED,13,FRESH,COMPLETE
2026.07.30 06:20:00,YES,1,COMPLETE;closedShift=1;immutable=true,NOT_LOGGED_BY_LIVE_BUILD,33.61,76.94,SELL,TREND_PULLBACK,NO,M10_CANDIDATE_REJECTED:TRANSITION_WATCH:preferred=SELL:reason=opposite score cleared 55 (buy=33.6 sell=76.9) but Adaptive Transition has not yet allowed entry; keep watching,SKIP,ASIA,TREND_UP,LOCATION_RESET_PENDING,TRANSITION_WATCH,WAITING_FOR_PULLBACK,NOT_REACHED,NOT_REACHED,NOT_REACHED,NOT_STARTED,NOT_REACHED,NOT_ATTEMPTED,14,FRESH,COMPLETE
2026.07.30 06:30:00,YES,1,COMPLETE;closedShift=1;immutable=true,NOT_LOGGED_BY_LIVE_BUILD,29.66,74.37,SELL,BREAKOUT,NO,M10_CANDIDATE_REJECTED:TRANSITION_WATCH:preferred=SELL:reason=opposite score cleared 55 (buy=29.7 sell=74.4) but Adaptive Transition has not yet allowed entry; keep watching,SKIP,ASIA,BRKT_DN,LOCATION_RESET_PENDING,TRANSITION_WATCH,WAITING_FOR_PULLBACK,NOT_REACHED,NOT_REACHED,NOT_REACHED,NOT_STARTED,NOT_REACHED,NOT_ATTEMPTED,15,FRESH,COMPLETE
2026.07.30 06:40:00,YES,1,COMPLETE;closedShift=1;immutable=true,NOT_LOGGED_BY_LIVE_BUILD,29.66,75.06,SELL,BREAKOUT,NO,M10_CANDIDATE_REJECTED:TRANSITION_WATCH:preferred=SELL:reason=opposite score cleared 55 (buy=29.7 sell=75.1) but Adaptive Transition has not yet allowed entry; keep watching,SKIP,ASIA,BRKT_DN,LOCATION_RESET_PENDING,TRANSITION_WATCH,WAITING_FOR_PULLBACK,NOT_REACHED,NOT_REACHED,NOT_REACHED,NOT_STARTED,NOT_REACHED,NOT_ATTEMPTED,16,FRESH,COMPLETE
2026.07.30 06:50:00,YES,1,COMPLETE;closedShift=1;immutable=true,NOT_LOGGED_BY_LIVE_BUILD,32.39,62.93,SELL,TREND_PULLBACK,NO,M10_CANDIDATE_REJECTED:TRANSITION_WATCH:preferred=SELL:reason=opposite score cleared 55 (buy=32.4 sell=62.9) but Adaptive Transition has not yet allowed entry; keep watching,SKIP,ASIA,TREND_UP,LOCATION_RESET_PENDING,TRANSITION_WATCH,WAITING_FOR_PULLBACK,NOT_REACHED,NOT_REACHED,NOT_REACHED,NOT_STARTED,NOT_REACHED,NOT_ATTEMPTED,17,FRESH,COMPLETE
2026.07.30 07:00:00,YES,1,COMPLETE;closedShift=1;immutable=true,NOT_LOGGED_BY_LIVE_BUILD,39.63,68.17,SELL,TREND_PULLBACK,NO,M10_CANDIDATE_REJECTED:TRANSITION_WATCH:preferred=SELL:reason=opposite score cleared 55 (buy=39.6 sell=68.2) but Adaptive Transition has not yet allowed entry; keep watching,SKIP,LDN,TREND_UP,LOCATION_RESET_PENDING,TRANSITION_WATCH,WAITING_FOR_PULLBACK,NOT_REACHED,NOT_REACHED,NOT_REACHED,NOT_STARTED,NOT_REACHED,NOT_ATTEMPTED,18,FRESH,COMPLETE
2026.07.30 07:10:00,YES,1,COMPLETE;closedShift=1;immutable=true,NOT_LOGGED_BY_LIVE_BUILD,54.77,57.85,NONE,TREND_PULLBACK,NO,M10_CANDIDATE_REJECTED:TRANSITION_WATCH:preferred=NONE:reason=buyCaseScore=54.8 sellCaseScore=57.8,SKIP,LDN,TREND_UP,LOCATION_RESET_PENDING,TRANSITION_WATCH,TRANSITION_WATCH,NOT_REACHED,NOT_REACHED,NOT_REACHED,NOT_STARTED,NOT_REACHED,NOT_ATTEMPTED,19,FRESH,COMPLETE
2026.07.30 07:20:00,YES,1,COMPLETE;closedShift=1;immutable=true,selected=5.97;combined=3.38,51.81,62.10,SELL,TREND_PULLBACK,YES,,B,LDN,TREND_UP,LOCATION_EXCELLENT,SELL_CANDIDATE,SELL_CANDIDATE,NOT_REACHED,NOT_REACHED,OWNER_LOCATION_EXCELLENT_BLOCK,NOT_STARTED,NOT_REACHED,NOT_ATTEMPTED,20,FRESH,COMPLETE
2026.07.30 07:30:00,YES,1,COMPLETE;closedShift=1;immutable=true,NOT_LOGGED_BY_LIVE_BUILD,52.81,62.39,NONE,SQUEEZE_RELEASE,NO,M10_CANDIDATE_REJECTED:TRANSITION_WATCH:preferred=NONE:reason=buyCaseScore=52.8 sellCaseScore=62.4,SKIP,LDN,TREND_UP,LOCATION_EXCELLENT,TRANSITION_WATCH,TRANSITION_WATCH,NOT_REACHED,NOT_REACHED,NOT_REACHED,NOT_STARTED,NOT_REACHED,NOT_ATTEMPTED,21,FRESH,COMPLETE
2026.07.30 07:40:00,YES,1,COMPLETE;closedShift=1;immutable=true,selected=6.72;combined=3.87,49.59,73.37,SELL,TREND_PULLBACK,YES,,B,LDN,TREND_UP,LOCATION_EXCELLENT,SELL_CANDIDATE,SELL_CANDIDATE,NOT_REACHED,NOT_REACHED,OWNER_LOCATION_EXCELLENT_BLOCK,NOT_STARTED,NOT_REACHED,NOT_ATTEMPTED,22,FRESH,COMPLETE
2026.07.30 07:50:00,YES,1,COMPLETE;closedShift=1;immutable=true,selected=6.70;combined=3.85,48.94,72.96,SELL,SQUEEZE_RELEASE,YES,,B,LDN,TREND_UP,LOCATION_EXCELLENT,SELL_CANDIDATE,SELL_CANDIDATE,NOT_REACHED,NOT_REACHED,OWNER_LOCATION_EXCELLENT_BLOCK,NOT_STARTED,NOT_REACHED,NOT_ATTEMPTED,23,FRESH,COMPLETE
2026.07.30 08:00:00,YES,1,COMPLETE;closedShift=1;immutable=true,selected=6.68;combined=3.84,48.44,72.64,SELL,ASIA_BREAKOUT,YES,,B,LDN,TREND_UP,LOCATION_EXCELLENT,SELL_CANDIDATE,SELL_CANDIDATE,NOT_REACHED,NOT_REACHED,OWNER_LOCATION_EXCELLENT_BLOCK,NOT_STARTED,NOT_REACHED,NOT_ATTEMPTED,24,FRESH,COMPLETE
2026.07.30 08:10:00,YES,1,COMPLETE;closedShift=1;immutable=true,selected=7.10;combined=4.11,50.03,78.99,SELL,TREND_PULLBACK,YES,,A,LDN,TREND_UP,LOCATION_EXCELLENT,SELL_CANDIDATE,SELL_CANDIDATE,NOT_REACHED,NOT_REACHED,OWNER_LOCATION_EXCELLENT_BLOCK,NOT_STARTED,NOT_REACHED,NOT_ATTEMPTED,25,FRESH,COMPLETE
2026.07.30 08:20:00,YES,1,COMPLETE;closedShift=1;immutable=true,selected=7.20;combined=4.18,50.89,80.47,SELL,TREND_PULLBACK,YES,,A,LDN,TREND_UP,LOCATION_GOOD,SELL_CANDIDATE,SELL_CANDIDATE,NOT_REACHED,NOT_REACHED,CANCEL_TIMER_EXPIRED,EXPIRED,NOT_REACHED,NOT_ATTEMPTED,26,FRESH,COMPLETE
2026.07.30 08:30:00,YES,1,COMPLETE;closedShift=1;immutable=true,selected=8.49;combined=5.02,57.03,77.40,SELL,TREND_PULLBACK,YES,,A,LDN,TREND_UP,LOCATION_EXCELLENT,SELL_CANDIDATE,SELL_CANDIDATE,NOT_REACHED,NOT_REACHED,PENDING_DOWNSTREAM_GATES,NOT_STARTED,NOT_REACHED,NOT_ATTEMPTED,27,FRESH,COMPLETE
2026.07.30 08:40:00,YES,1,COMPLETE;closedShift=1;immutable=true,selected=6.78;combined=3.90,47.45,74.13,SELL,ASIA_BREAKOUT,YES,,B,LDN,TREND_UP,LOCATION_RESET_CONFIRMED,SELL_CANDIDATE,SELL_CANDIDATE,NOT_REACHED,NOT_REACHED,BREAKOUT_MARKET_NOT_ALLOWED,NOT_STARTED,NOT_REACHED,NOT_ATTEMPTED,28,FRESH,COMPLETE
2026.07.30 08:50:00,YES,1,COMPLETE;closedShift=1;immutable=true,selected=6.64;combined=3.81,38.24,72.03,SELL,TREND_PULLBACK,YES,,B,LDN,TREND_UP,LOCATION_RESET_CONFIRMED,SELL_CANDIDATE,SELL_CANDIDATE,NOT_REACHED,NOT_REACHED,CANCEL_TIMER_EXPIRED,EXPIRED,NOT_REACHED,NOT_ATTEMPTED,29,FRESH,COMPLETE
2026.07.30 09:00:00,YES,1,COMPLETE;closedShift=1;immutable=true,selected=6.34;combined=3.62,46.73,67.66,SELL,TREND_PULLBACK,YES,,B,LDN,TREND_UP,LOCATION_RESET_CONFIRMED,SELL_CANDIDATE,SELL_CANDIDATE,NOT_REACHED,NOT_REACHED,CANCEL_TIMER_EXPIRED,EXPIRED,NOT_REACHED,NOT_ATTEMPTED,30,FRESH,COMPLETE
2026.07.30 09:10:00,YES,1,COMPLETE;closedShift=1;immutable=true,NOT_LOGGED_BY_LIVE_BUILD,47.83,51.96,NONE,TREND_PULLBACK,NO,M10_CANDIDATE_REJECTED:TRANSITION_WATCH:preferred=NONE:reason=buyCaseScore=47.8 sellCaseScore=52.0,SKIP,LDN,TREND_UP,LOCATION_RESET_CONFIRMED,TRANSITION_WATCH,TRANSITION_WATCH,NOT_REACHED,NOT_REACHED,NOT_REACHED,NOT_STARTED,NOT_REACHED,NOT_ATTEMPTED,31,FRESH,COMPLETE
2026.07.30 09:20:00,YES,1,COMPLETE;closedShift=1;immutable=true,NOT_LOGGED_BY_LIVE_BUILD,40.13,45.89,NONE,TREND_PULLBACK,NO,M10_CANDIDATE_REJECTED:TRANSITION_WATCH:preferred=NONE:reason=buyCaseScore=40.1 sellCaseScore=45.9,SKIP,LDN,TREND_UP,LOCATION_LATE,TRANSITION_WATCH,TRANSITION_WATCH,NOT_REACHED,NOT_REACHED,NOT_REACHED,NOT_STARTED,NOT_REACHED,NOT_ATTEMPTED,32,FRESH,COMPLETE
2026.07.30 09:30:00,YES,1,COMPLETE;closedShift=1;immutable=true,NOT_LOGGED_BY_LIVE_BUILD,40.60,44.46,NONE,TREND_PULLBACK,NO,M10_CANDIDATE_REJECTED:TRANSITION_WATCH:preferred=NONE:reason=buyCaseScore=40.6 sellCaseScore=44.5,SKIP,LDN,TREND_UP,LOCATION_LATE,TRANSITION_WATCH,TRANSITION_WATCH,NOT_REACHED,NOT_REACHED,NOT_REACHED,NOT_STARTED,NOT_REACHED,NOT_ATTEMPTED,33,FRESH,COMPLETE
2026.07.30 09:40:00,YES,1,COMPLETE;closedShift=1;immutable=true,NOT_LOGGED_BY_LIVE_BUILD,48.27,44.00,NONE,TREND_PULLBACK,NO,M10_CANDIDATE_REJECTED:TRANSITION_WATCH:preferred=NONE:reason=buyCaseScore=48.3 sellCaseScore=44.0,SKIP,LDN,TREND_UP,LOCATION_ACCEPTABLE,TRANSITION_WATCH,TRANSITION_WATCH,NOT_REACHED,NOT_REACHED,NOT_REACHED,NOT_STARTED,NOT_REACHED,NOT_ATTEMPTED,34,FRESH,COMPLETE
2026.07.30 09:50:00,YES,1,COMPLETE;closedShift=1;immutable=true,NOT_LOGGED_BY_LIVE_BUILD,39.50,48.00,NONE,TREND_PULLBACK,NO,M10_CANDIDATE_REJECTED:TRANSITION_WATCH:preferred=NONE:reason=buyCaseScore=39.5 sellCaseScore=48.0,SKIP,LDN,TREND_UP,LOCATION_ACCEPTABLE,TRANSITION_WATCH,TRANSITION_WATCH,NOT_REACHED,NOT_REACHED,NOT_REACHED,NOT_STARTED,NOT_REACHED,NOT_ATTEMPTED,35,FRESH,COMPLETE
2026.07.30 10:00:00,YES,1,COMPLETE;closedShift=1;immutable=true,NOT_LOGGED_BY_LIVE_BUILD,62.66,32.04,BUY,TREND_PULLBACK,NO,M10_CANDIDATE_REJECTED:TRANSITION_WATCH:preferred=BUY:reason=opposite score cleared 55 (buy=62.7 sell=32.0) but Adaptive Transition has not yet allowed entry; keep watching,SKIP,LDN,TREND_UP,LOCATION_RESET_PENDING,TRANSITION_WATCH,WAITING_FOR_PULLBACK,NOT_REACHED,NOT_REACHED,NOT_REACHED,NOT_STARTED,NOT_REACHED,NOT_ATTEMPTED,36,FRESH,COMPLETE
2026.07.30 10:10:00,YES,1,COMPLETE;closedShift=1;immutable=true,NOT_LOGGED_BY_LIVE_BUILD,75.17,33.73,BUY,TREND_PULLBACK,NO,M10_CANDIDATE_REJECTED:TRANSITION_WATCH:preferred=BUY:reason=opposite score cleared 55 (buy=75.2 sell=33.7) but Adaptive Transition has not yet allowed entry; keep watching,SKIP,LDN,TREND_UP,LOCATION_RESET_PENDING,TRANSITION_WATCH,WAITING_FOR_PULLBACK,NOT_REACHED,NOT_REACHED,NOT_REACHED,NOT_STARTED,NOT_REACHED,NOT_ATTEMPTED,37,FRESH,COMPLETE
2026.07.30 10:20:00,YES,1,COMPLETE;closedShift=1;immutable=true,NOT_LOGGED_BY_LIVE_BUILD,67.08,37.48,BUY,TREND_PULLBACK,NO,M10_CANDIDATE_REJECTED:TRANSITION_WATCH:preferred=BUY:reason=opposite score cleared 55 (buy=67.1 sell=37.5) but Adaptive Transition has not yet allowed entry; keep watching,SKIP,FIX,TREND_UP,LOCATION_RESET_PENDING,TRANSITION_WATCH,WAITING_FOR_PULLBACK,NOT_REACHED,NOT_REACHED,NOT_REACHED,NOT_STARTED,NOT_REACHED,NOT_ATTEMPTED,38,FRESH,COMPLETE
2026.07.30 10:30:00,YES,1,COMPLETE;closedShift=1;immutable=true,NOT_LOGGED_BY_LIVE_BUILD,58.51,38.25,BUY,TREND_PULLBACK,NO,M10_CANDIDATE_REJECTED:TRANSITION_WATCH:preferred=BUY:reason=opposite score cleared 55 (buy=58.5 sell=38.3) but Adaptive Transition has not yet allowed entry; keep watching,SKIP,FIX,TREND_UP,LOCATION_RESET_PENDING,TRANSITION_WATCH,WAITING_FOR_PULLBACK,NOT_REACHED,NOT_REACHED,NOT_REACHED,NOT_STARTED,NOT_REACHED,NOT_ATTEMPTED,39,FRESH,COMPLETE
2026.07.30 10:40:00,YES,1,COMPLETE;closedShift=1;immutable=true,NOT_LOGGED_BY_LIVE_BUILD,58.20,37.84,BUY,TREND_PULLBACK,NO,M10_CANDIDATE_REJECTED:TRANSITION_WATCH:preferred=BUY:reason=opposite score cleared 55 (buy=58.2 sell=37.8) but Adaptive Transition has not yet allowed entry; keep watching,SKIP,FIX,TREND_UP,LOCATION_RESET_PENDING,TRANSITION_WATCH,REENTRY_ALLOWED,NOT_REACHED,NOT_REACHED,NOT_REACHED,NOT_STARTED,NOT_REACHED,NOT_ATTEMPTED,40,FRESH,COMPLETE
2026.07.30 10:50:00,YES,1,COMPLETE;closedShift=1;immutable=true,NOT_LOGGED_BY_LIVE_BUILD,61.13,34.25,BUY,TREND_PULLBACK,NO,M10_CANDIDATE_REJECTED:TRANSITION_WATCH:preferred=BUY:reason=opposite score cleared 55 (buy=61.1 sell=34.3) but Adaptive Transition has not yet allowed entry; keep watching,SKIP,FIX,TREND_UP,LOCATION_RESET_PENDING,TRANSITION_WATCH,REENTRY_ALLOWED,NOT_REACHED,NOT_REACHED,NOT_REACHED,NOT_STARTED,NOT_REACHED,NOT_ATTEMPTED,41,FRESH,COMPLETE
2026.07.30 11:00:00,YES,1,COMPLETE;closedShift=1;immutable=true,NOT_LOGGED_BY_LIVE_BUILD,58.90,37.43,BUY,TREND_PULLBACK,NO,M10_CANDIDATE_REJECTED:TRANSITION_WATCH:preferred=BUY:reason=opposite score cleared 55 (buy=58.9 sell=37.4) but Adaptive Transition has not yet allowed entry; keep watching,SKIP,LDN,TREND_UP,LOCATION_RESET_PENDING,TRANSITION_WATCH,REENTRY_ALLOWED,NOT_REACHED,NOT_REACHED,NOT_REACHED,NOT_STARTED,NOT_REACHED,NOT_ATTEMPTED,42,FRESH,COMPLETE
2026.07.30 11:10:00,YES,1,COMPLETE;closedShift=1;immutable=true,NOT_LOGGED_BY_LIVE_BUILD,63.05,36.04,BUY,TREND_PULLBACK,NO,M10_CANDIDATE_REJECTED:TRANSITION_WATCH:preferred=BUY:reason=opposite score cleared 55 (buy=63.1 sell=36.0) but Adaptive Transition has not yet allowed entry; keep watching,SKIP,LDN,TREND_UP,LOCATION_RESET_PENDING,TRANSITION_WATCH,WAITING_FOR_PULLBACK,NOT_REACHED,NOT_REACHED,NOT_REACHED,NOT_STARTED,NOT_REACHED,NOT_ATTEMPTED,43,FRESH,COMPLETE
2026.07.30 11:20:00,YES,1,COMPLETE;closedShift=1;immutable=true,NOT_LOGGED_BY_LIVE_BUILD,81.05,36.40,BUY,TREND_PULLBACK,NO,M10_CANDIDATE_REJECTED:TRANSITION_WATCH:preferred=BUY:reason=opposite score cleared 55 (buy=81.1 sell=36.4) but Adaptive Transition has not yet allowed entry; keep watching,SKIP,LDN,TREND_UP,LOCATION_RESET_PENDING,TRANSITION_WATCH,WAITING_FOR_PULLBACK,NOT_REACHED,NOT_REACHED,NOT_REACHED,NOT_STARTED,NOT_REACHED,NOT_ATTEMPTED,44,FRESH,COMPLETE
2026.07.30 11:30:00,YES,1,COMPLETE;closedShift=1;immutable=true,NOT_LOGGED_BY_LIVE_BUILD,80.06,34.85,BUY,BREAKOUT,NO,M10_CANDIDATE_REJECTED:TRANSITION_WATCH:preferred=BUY:reason=opposite score cleared 55 (buy=80.1 sell=34.9) but Adaptive Transition has not yet allowed entry; keep watching,SKIP,LDN,BRKT_UP,LOCATION_LATE,TRANSITION_WATCH,WAITING_FOR_PULLBACK,NOT_REACHED,NOT_REACHED,NOT_REACHED,NOT_STARTED,NOT_REACHED,NOT_ATTEMPTED,45,FRESH,COMPLETE
2026.07.30 11:40:00,YES,1,COMPLETE;closedShift=1;immutable=true,selected=1.50;combined=2.57,60.37,48.23,BUY,BREAKOUT,NO,,SKIP,LDN,BRKT_UP,LOCATION_LATE,WAIT_FOR_BUY_RETRACE,WAIT_FOR_BUY_RETRACE,NOT_REACHED,NOT_REACHED,NOT_REACHED,NOT_STARTED,NOT_REACHED,NOT_ATTEMPTED,46,FRESH,COMPLETE
2026.07.30 11:50:00,YES,1,COMPLETE;closedShift=1;immutable=true,selected=5.50;combined=5.08,61.34,50.01,BUY,TREND_PULLBACK,YES,,A,LDN,TREND_UP,LOCATION_LATE,WAIT_FOR_BUY_RETRACE,WAIT_FOR_BUY_RETRACE,NOT_REACHED,NOT_REACHED,OWNER_LOCATION_LATE_BLOCK,NOT_STARTED,NOT_REACHED,NOT_ATTEMPTED,47,FRESH,COMPLETE
2026.07.30 12:00:00,YES,1,COMPLETE;closedShift=1;immutable=true,NOT_LOGGED_BY_LIVE_BUILD,63.24,36.59,BUY,TREND_PULLBACK,NO,M10_CANDIDATE_REJECTED:TRANSITION_WATCH:preferred=BUY:reason=opposite score cleared 55 (buy=63.2 sell=36.6) but Adaptive Transition has not yet allowed entry; keep watching,SKIP,LDN,TREND_UP,LOCATION_RESET_PENDING,TRANSITION_WATCH,WAITING_FOR_PULLBACK,NOT_REACHED,NOT_REACHED,NOT_REACHED,NOT_STARTED,NOT_REACHED,NOT_ATTEMPTED,48,FRESH,COMPLETE
2026.07.30 12:10:00,YES,1,COMPLETE;closedShift=1;immutable=true,NOT_LOGGED_BY_LIVE_BUILD,68.51,35.64,BUY,TREND_PULLBACK,NO,M10_CANDIDATE_REJECTED:TRANSITION_WATCH:preferred=BUY:reason=opposite score cleared 55 (buy=68.5 sell=35.6) but Adaptive Transition has not yet allowed entry; keep watching,SKIP,LDN,TREND_UP,LOCATION_LATE,TRANSITION_WATCH,WAITING_FOR_PULLBACK,NOT_REACHED,NOT_REACHED,NOT_REACHED,NOT_STARTED,NOT_REACHED,NOT_ATTEMPTED,49,FRESH,COMPLETE
2026.07.30 12:20:00,YES,1,COMPLETE;closedShift=1;immutable=true,NOT_LOGGED_BY_LIVE_BUILD,63.70,35.04,BUY,SQUEEZE_RELEASE,NO,M10_CANDIDATE_REJECTED:TRANSITION_WATCH:preferred=BUY:reason=opposite score cleared 55 (buy=63.7 sell=35.0) but Adaptive Transition has not yet allowed entry; keep watching,SKIP,LDN,TREND_UP,LOCATION_LATE,TRANSITION_WATCH,WAITING_FOR_PULLBACK,NOT_REACHED,NOT_REACHED,NOT_REACHED,NOT_STARTED,NOT_REACHED,NOT_ATTEMPTED,50,FRESH,COMPLETE
2026.07.30 12:30:00,YES,1,COMPLETE;closedShift=1;immutable=true,NOT_LOGGED_BY_LIVE_BUILD,72.29,34.76,BUY,TREND_PULLBACK,NO,M10_CANDIDATE_REJECTED:TRANSITION_WATCH:preferred=BUY:reason=opposite score cleared 55 (buy=72.3 sell=34.8) but Adaptive Transition has not yet allowed entry; keep watching,SKIP,LDN,TREND_UP,LOCATION_LATE,TRANSITION_WATCH,WAITING_FOR_PULLBACK,NOT_REACHED,NOT_REACHED,NOT_REACHED,NOT_STARTED,NOT_REACHED,NOT_ATTEMPTED,51,FRESH,COMPLETE
2026.07.30 12:40:00,YES,1,COMPLETE;closedShift=1;immutable=true,NOT_LOGGED_BY_LIVE_BUILD,63.69,39.48,BUY,SQUEEZE_RELEASE,NO,M10_CANDIDATE_REJECTED:TRANSITION_WATCH:preferred=BUY:reason=opposite score cleared 55 (buy=63.7 sell=39.5) but Adaptive Transition has not yet allowed entry; keep watching,SKIP,LDN,TREND_UP,LOCATION_LATE,TRANSITION_WATCH,WAITING_FOR_PULLBACK,NOT_REACHED,NOT_REACHED,NOT_REACHED,NOT_STARTED,NOT_REACHED,NOT_ATTEMPTED,52,FRESH,COMPLETE
2026.07.30 12:50:00,YES,1,COMPLETE;closedShift=1;immutable=true,NOT_LOGGED_BY_LIVE_BUILD,63.04,40.72,BUY,TREND_PULLBACK,NO,M10_CANDIDATE_REJECTED:TRANSITION_WATCH:preferred=BUY:reason=opposite score cleared 55 (buy=63.0 sell=40.7) but Adaptive Transition has not yet allowed entry; keep watching,SKIP,LDN,TREND_UP,LOCATION_LATE,TRANSITION_WATCH,WAITING_FOR_PULLBACK,NOT_REACHED,NOT_REACHED,NOT_REACHED,NOT_STARTED,NOT_REACHED,NOT_ATTEMPTED,53,FRESH,COMPLETE
2026.07.30 13:00:00,YES,1,COMPLETE;closedShift=1;immutable=true,NOT_LOGGED_BY_LIVE_BUILD,63.10,46.86,BUY,TREND_PULLBACK,NO,M10_CANDIDATE_REJECTED:TRANSITION_WATCH:preferred=BUY:reason=opposite score cleared 55 (buy=63.1 sell=46.9) but Adaptive Transition has not yet allowed entry; keep watching,SKIP,NY,TREND_UP,LOCATION_LATE,TRANSITION_WATCH,REENTRY_ALLOWED,NOT_REACHED,NOT_REACHED,NOT_REACHED,NOT_STARTED,NOT_REACHED,NOT_ATTEMPTED,54,FRESH,COMPLETE
2026.07.30 13:10:00,YES,1,COMPLETE;closedShift=1;immutable=true,NOT_LOGGED_BY_LIVE_BUILD,69.39,42.70,BUY,TREND_PULLBACK,NO,M10_CANDIDATE_REJECTED:TRANSITION_WATCH:preferred=BUY:reason=opposite score cleared 55 (buy=69.4 sell=42.7) but Adaptive Transition has not yet allowed entry; keep watching,SKIP,NY,TREND_UP,LOCATION_LATE,TRANSITION_WATCH,WAITING_FOR_PULLBACK,NOT_REACHED,NOT_REACHED,NOT_REACHED,NOT_STARTED,NOT_REACHED,NOT_ATTEMPTED,55,FRESH,COMPLETE
2026.07.30 13:20:00,YES,1,COMPLETE;closedShift=1;immutable=true,NOT_LOGGED_BY_LIVE_BUILD,79.89,35.24,BUY,TREND_PULLBACK,NO,M10_CANDIDATE_REJECTED:TRANSITION_WATCH:preferred=BUY:reason=opposite score cleared 55 (buy=79.9 sell=35.2) but Adaptive Transition has not yet allowed entry; keep watching,SKIP,NY,TREND_UP,LOCATION_EXTREME,TRANSITION_WATCH,WAITING_FOR_PULLBACK,NOT_REACHED,NOT_REACHED,NOT_REACHED,NOT_STARTED,NOT_REACHED,NOT_ATTEMPTED,56,FRESH,COMPLETE
2026.07.30 13:30:00,YES,1,COMPLETE;closedShift=1;immutable=true,NOT_LOGGED_BY_LIVE_BUILD,79.35,35.68,BUY,TREND_PULLBACK,NO,M10_CANDIDATE_REJECTED:TRANSITION_WATCH:preferred=BUY:reason=opposite score cleared 55 (buy=79.4 sell=35.7) but Adaptive Transition has not yet allowed entry; keep watching,SKIP,NY,TREND_UP,LOCATION_EXTREME,TRANSITION_WATCH,WAITING_FOR_PULLBACK,NOT_REACHED,NOT_REACHED,NOT_REACHED,NOT_STARTED,NOT_REACHED,NOT_ATTEMPTED,57,FRESH,COMPLETE
2026.07.30 13:40:00,YES,1,COMPLETE;closedShift=1;immutable=true,selected=2.00;combined=2.80,60.56,49.12,BUY,TREND_PULLBACK,NO,,SKIP,NY,TREND_UP,LOCATION_EXTREME,WAIT_FOR_BUY_RETRACE,WAIT_FOR_BUY_RETRACE,NOT_REACHED,NOT_REACHED,NOT_REACHED,NOT_STARTED,NOT_REACHED,NOT_ATTEMPTED,58,FRESH,COMPLETE
2026.07.30 13:50:00,YES,1,COMPLETE;closedShift=1;immutable=true,NOT_LOGGED_BY_LIVE_BUILD,60.19,51.15,NONE,TREND_PULLBACK,NO,M10_CANDIDATE_REJECTED:TRANSITION_WATCH:preferred=NONE:reason=buyCaseScore=60.2 sellCaseScore=51.2,SKIP,NY,TREND_UP,LOCATION_EXTREME,TRANSITION_WATCH,TRANSITION_WATCH,NOT_REACHED,NOT_REACHED,NOT_REACHED,NOT_STARTED,NOT_REACHED,NOT_ATTEMPTED,59,FRESH,COMPLETE
2026.07.30 14:00:00,YES,1,COMPLETE;closedShift=1;immutable=true,NOT_LOGGED_BY_LIVE_BUILD,62.88,54.34,NONE,TREND_PULLBACK,NO,M10_CANDIDATE_REJECTED:TRANSITION_WATCH:preferred=NONE:reason=buyCaseScore=62.9 sellCaseScore=54.3,SKIP,NY,TREND_UP,LOCATION_EXTREME,TRANSITION_WATCH,TRANSITION_WATCH,NOT_REACHED,NOT_REACHED,NOT_REACHED,NOT_STARTED,NOT_REACHED,NOT_ATTEMPTED,60,FRESH,COMPLETE
2026.07.30 14:10:00,YES,1,COMPLETE;closedShift=1;immutable=true,selected=3.00;combined=3.45,61.86,51.04,BUY,TREND_PULLBACK,YES,,B,NY,TREND_UP,LOCATION_EXTREME,WAIT_FOR_BUY_RETRACE,WAIT_FOR_BUY_RETRACE,NOT_REACHED,NOT_REACHED,CANCEL_TIMER_EXPIRED,EXPIRED,NOT_REACHED,NOT_ATTEMPTED,61,FRESH,COMPLETE
2026.07.30 14:20:00,YES,1,COMPLETE;closedShift=1;immutable=true,NOT_LOGGED_BY_LIVE_BUILD,52.83,61.68,NONE,TREND_PULLBACK,NO,M10_CANDIDATE_REJECTED:TRANSITION_WATCH:preferred=NONE:reason=buyCaseScore=52.8 sellCaseScore=61.7,SKIP,NY,TREND_UP,LOCATION_EXTREME,TRANSITION_WATCH,TRANSITION_WATCH,NOT_REACHED,NOT_REACHED,NOT_REACHED,NOT_STARTED,NOT_REACHED,NOT_ATTEMPTED,62,FRESH,COMPLETE
2026.07.30 14:30:00,YES,1,COMPLETE;closedShift=1;immutable=true,NOT_LOGGED_BY_LIVE_BUILD,47.70,64.74,SELL,TREND_PULLBACK,NO,M10_CANDIDATE_REJECTED:TRANSITION_WATCH:preferred=SELL:reason=opposite score cleared 55 (buy=47.7 sell=64.7) but Adaptive Transition has not yet allowed entry; keep watching,SKIP,NY,TREND_UP,LOCATION_EXTREME,TRANSITION_WATCH,TRANSITION_WATCH,NOT_REACHED,NOT_REACHED,NOT_REACHED,NOT_STARTED,NOT_REACHED,NOT_ATTEMPTED,63,FRESH,COMPLETE
2026.07.30 14:40:00,YES,1,COMPLETE;closedShift=1;immutable=true,NOT_LOGGED_BY_LIVE_BUILD,43.30,66.51,SELL,TREND_PULLBACK,NO,M10_CANDIDATE_REJECTED:TRANSITION_WATCH:preferred=SELL:reason=opposite score cleared 55 (buy=43.3 sell=66.5) but Adaptive Transition has not yet allowed entry; keep watching,SKIP,NY,TREND_UP,LOCATION_EXTREME,TRANSITION_WATCH,TRANSITION_WATCH,NOT_REACHED,NOT_REACHED,NOT_REACHED,NOT_STARTED,NOT_REACHED,NOT_ATTEMPTED,64,FRESH,COMPLETE
2026.07.30 14:50:00,NO,0,NOT_EVALUATED,NOT_EVALUATED,,,,NONE,NO,NO_COMPLETED_SCAN_IN_LIVE_LOG,NOT_CLASSIFIED,NY,NOT_CLASSIFIED,NOT_CLASSIFIED,NOT_EVALUATED,NOT_EVALUATED,NOT_REACHED,NOT_REACHED,NOT_REACHED,NOT_STARTED,NOT_REACHED,NOT_ATTEMPTED,,,
2026.07.30 15:00:00,NO,0,NOT_EVALUATED,NOT_EVALUATED,,,,NONE,NO,NO_COMPLETED_SCAN_IN_LIVE_LOG,NOT_CLASSIFIED,FIX,NOT_CLASSIFIED,NOT_CLASSIFIED,NOT_EVALUATED,NOT_EVALUATED,NOT_REACHED,NOT_REACHED,NOT_REACHED,NOT_STARTED,NOT_REACHED,NOT_ATTEMPTED,,,
2026.07.30 15:10:00,NO,0,NOT_EVALUATED,NOT_EVALUATED,,,,NONE,NO,NO_COMPLETED_SCAN_IN_LIVE_LOG,NOT_CLASSIFIED,FIX,NOT_CLASSIFIED,NOT_CLASSIFIED,NOT_EVALUATED,NOT_EVALUATED,NOT_REACHED,NOT_REACHED,NOT_REACHED,NOT_STARTED,NOT_REACHED,NOT_ATTEMPTED,,,
2026.07.30 15:20:00,NO,0,NOT_EVALUATED,NOT_EVALUATED,,,,NONE,NO,NO_COMPLETED_SCAN_IN_LIVE_LOG,NOT_CLASSIFIED,NY,NOT_CLASSIFIED,NOT_CLASSIFIED,NOT_EVALUATED,NOT_EVALUATED,NOT_REACHED,NOT_REACHED,NOT_REACHED,NOT_STARTED,NOT_REACHED,NOT_ATTEMPTED,,,
2026.07.30 15:30:00,NO,0,NOT_EVALUATED,NOT_EVALUATED,,,,NONE,NO,NO_COMPLETED_SCAN_IN_LIVE_LOG,NOT_CLASSIFIED,NY,NOT_CLASSIFIED,NOT_CLASSIFIED,NOT_EVALUATED,NOT_EVALUATED,NOT_REACHED,NOT_REACHED,NOT_REACHED,NOT_STARTED,NOT_REACHED,NOT_ATTEMPTED,,,
2026.07.30 15:40:00,YES,1,COMPLETE;closedShift=1;immutable=true,NOT_LOGGED_BY_LIVE_BUILD,49.74,43.84,NONE,TREND_PULLBACK,NO,M10_CANDIDATE_REJECTED:TRANSITION_WATCH:preferred=NONE:reason=buyCaseScore=49.7 sellCaseScore=43.8,SKIP,NY,TREND_UP,LOCATION_EXTREME,TRANSITION_WATCH,TRANSITION_WATCH,NOT_REACHED,NOT_REACHED,NOT_REACHED,NOT_STARTED,NOT_REACHED,NOT_ATTEMPTED,1,FRESH,COMPLETE
2026.07.30 15:50:00,YES,1,COMPLETE;closedShift=1;immutable=true,NOT_LOGGED_BY_LIVE_BUILD,55.41,49.20,NONE,TREND_PULLBACK,NO,M10_CANDIDATE_REJECTED:TRANSITION_WATCH:preferred=NONE:reason=buyCaseScore=55.4 sellCaseScore=49.2,SKIP,NY,TREND_UP,LOCATION_LATE,TRANSITION_WATCH,TRANSITION_WATCH,NOT_REACHED,NOT_REACHED,NOT_REACHED,NOT_STARTED,NOT_REACHED,NOT_ATTEMPTED,2,FRESH,COMPLETE
2026.07.30 16:00:00,YES,1,COMPLETE;closedShift=1;immutable=true,NOT_LOGGED_BY_LIVE_BUILD,50.75,78.10,SELL,TREND_PULLBACK,NO,M10_CANDIDATE_REJECTED:TRANSITION_WATCH:preferred=SELL:reason=opposite score cleared 55 (buy=50.7 sell=78.1) but Adaptive Transition has not yet allowed entry; keep watching,SKIP,NY,TREND_UP,LOCATION_LATE,TRANSITION_WATCH,TRANSITION_WATCH,NOT_REACHED,NOT_REACHED,NOT_REACHED,NOT_STARTED,NOT_REACHED,NOT_ATTEMPTED,3,FRESH,COMPLETE
2026.07.30 16:10:00,YES,1,COMPLETE;closedShift=1;immutable=true,NOT_LOGGED_BY_LIVE_BUILD,43.23,49.65,NONE,TREND_PULLBACK,NO,M10_CANDIDATE_REJECTED:TRANSITION_WATCH:preferred=NONE:reason=buyCaseScore=43.2 sellCaseScore=49.7,SKIP,NY,TREND_UP,LOCATION_LATE,TRANSITION_WATCH,TRANSITION_WATCH,NOT_REACHED,NOT_REACHED,NOT_REACHED,NOT_STARTED,NOT_REACHED,NOT_ATTEMPTED,4,FRESH,COMPLETE
2026.07.30 16:20:00,YES,1,COMPLETE;closedShift=1;immutable=true,NOT_LOGGED_BY_LIVE_BUILD,38.49,49.54,NONE,TREND_PULLBACK,NO,M10_CANDIDATE_REJECTED:NO_VALID_SIGNAL:preferred=NONE:reason=no executable directional case yet (buy=38.5 sell=49.5 threshold=55.0),SKIP,NY,TREND_UP,LOCATION_LATE,NO_VALID_SIGNAL,NO_VALID_SIGNAL,NOT_REACHED,NOT_REACHED,NOT_REACHED,NOT_STARTED,NOT_REACHED,NOT_ATTEMPTED,5,FRESH,COMPLETE
2026.07.30 16:30:00,YES,1,COMPLETE;closedShift=1;immutable=true,NOT_LOGGED_BY_LIVE_BUILD,34.07,47.86,NONE,TREND_PULLBACK,NO,M10_CANDIDATE_REJECTED:NO_VALID_SIGNAL:preferred=NONE:reason=no executable directional case yet (buy=34.1 sell=47.9 threshold=55.0),SKIP,NY,TREND_UP,LOCATION_EXTREME,NO_VALID_SIGNAL,NO_VALID_SIGNAL,NOT_REACHED,NOT_REACHED,NOT_REACHED,NOT_STARTED,NOT_REACHED,NOT_ATTEMPTED,6,FRESH,COMPLETE
2026.07.30 16:40:00,YES,1,COMPLETE;closedShift=1;immutable=true,NOT_LOGGED_BY_LIVE_BUILD,48.12,44.60,NONE,TREND_PULLBACK,NO,M10_CANDIDATE_REJECTED:TRANSITION_WATCH:preferred=NONE:reason=buyCaseScore=48.1 sellCaseScore=44.6,SKIP,NY,TREND_UP,LOCATION_EXTREME,TRANSITION_WATCH,TRANSITION_WATCH,NOT_REACHED,NOT_REACHED,NOT_REACHED,NOT_STARTED,NOT_REACHED,NOT_ATTEMPTED,7,FRESH,COMPLETE
2026.07.30 16:50:00,YES,1,COMPLETE;closedShift=1;immutable=true,NOT_LOGGED_BY_LIVE_BUILD,46.37,38.75,NONE,BREAKOUT,NO,M10_CANDIDATE_REJECTED:TRANSITION_WATCH:preferred=NONE:reason=buyCaseScore=46.4 sellCaseScore=38.7,SKIP,NY,BRKT_UP,LOCATION_EXTREME,TRANSITION_WATCH,TRANSITION_WATCH,NOT_REACHED,NOT_REACHED,NOT_REACHED,NOT_STARTED,NOT_REACHED,NOT_ATTEMPTED,8,FRESH,COMPLETE
2026.07.30 17:00:00,YES,1,COMPLETE;closedShift=1;immutable=true,NOT_LOGGED_BY_LIVE_BUILD,37.05,44.88,NONE,BREAKOUT,NO,M10_CANDIDATE_REJECTED:TRANSITION_WATCH:preferred=NONE:reason=buyCaseScore=37.1 sellCaseScore=44.9,SKIP,LATE,BRKT_UP,LOCATION_RESET_PENDING,TRANSITION_WATCH,REVERSAL_WATCH_CREATED,NOT_REACHED,NOT_REACHED,NOT_REACHED,NOT_STARTED,NOT_REACHED,NOT_ATTEMPTED,9,FRESH,COMPLETE
2026.07.30 17:10:00,YES,1,COMPLETE;closedShift=1;immutable=true,NOT_LOGGED_BY_LIVE_BUILD,40.19,55.22,SELL,SQUEEZE_RELEASE,NO,M10_CANDIDATE_REJECTED:TRANSITION_WATCH:preferred=SELL:reason=opposite score cleared 55 (buy=40.2 sell=55.2) but Adaptive Transition has not yet allowed entry; keep watching,SKIP,LATE,TREND_UP,LOCATION_RESET_PENDING,TRANSITION_WATCH,WAITING_FOR_PULLBACK,NOT_REACHED,NOT_REACHED,NOT_REACHED,NOT_STARTED,NOT_REACHED,NOT_ATTEMPTED,10,FRESH,COMPLETE
2026.07.30 17:20:00,YES,1,COMPLETE;closedShift=1;immutable=true,NOT_LOGGED_BY_LIVE_BUILD,41.16,64.35,SELL,SQUEEZE_RELEASE,NO,M10_CANDIDATE_REJECTED:TRANSITION_WATCH:preferred=SELL:reason=opposite score cleared 55 (buy=41.2 sell=64.4) but Adaptive Transition has not yet allowed entry; keep watching,SKIP,LATE,TREND_UP,LOCATION_RESET_PENDING,TRANSITION_WATCH,WAITING_FOR_PULLBACK,NOT_REACHED,NOT_REACHED,NOT_REACHED,NOT_STARTED,NOT_REACHED,NOT_ATTEMPTED,11,FRESH,COMPLETE
2026.07.30 17:30:00,YES,1,COMPLETE;closedShift=1;immutable=true,NOT_LOGGED_BY_LIVE_BUILD,40.14,48.80,NONE,TREND_PULLBACK,NO,M10_CANDIDATE_REJECTED:TRANSITION_WATCH:preferred=NONE:reason=buyCaseScore=40.1 sellCaseScore=48.8,SKIP,LATE,TREND_UP,LOCATION_RESET_PENDING,TRANSITION_WATCH,WAITING_FOR_PULLBACK,NOT_REACHED,NOT_REACHED,NOT_REACHED,NOT_STARTED,NOT_REACHED,NOT_ATTEMPTED,12,FRESH,COMPLETE
2026.07.30 17:40:00,YES,1,COMPLETE;closedShift=1;immutable=true,NOT_LOGGED_BY_LIVE_BUILD,38.09,52.04,NONE,SQUEEZE_RELEASE,NO,M10_CANDIDATE_REJECTED:NO_VALID_SIGNAL:preferred=NONE:reason=no executable directional case yet (buy=38.1 sell=52.0 threshold=55.0),SKIP,LATE,TREND_UP,LOCATION_RESET_PENDING,NO_VALID_SIGNAL,WAITING_FOR_PULLBACK,NOT_REACHED,NOT_REACHED,NOT_REACHED,NOT_STARTED,NOT_REACHED,NOT_ATTEMPTED,13,FRESH,COMPLETE
2026.07.30 17:50:00,YES,1,COMPLETE;closedShift=1;immutable=true,NOT_LOGGED_BY_LIVE_BUILD,35.80,52.26,NONE,SQUEEZE_RELEASE,NO,M10_CANDIDATE_REJECTED:NO_VALID_SIGNAL:preferred=NONE:reason=no executable directional case yet (buy=35.8 sell=52.3 threshold=55.0),SKIP,LATE,TREND_UP,LOCATION_RESET_PENDING,NO_VALID_SIGNAL,REENTRY_ALLOWED,NOT_REACHED,NOT_REACHED,NOT_REACHED,NOT_STARTED,NOT_REACHED,NOT_ATTEMPTED,14,FRESH,COMPLETE
2026.07.30 18:00:00,YES,1,COMPLETE;closedShift=1;immutable=true,NOT_LOGGED_BY_LIVE_BUILD,31.31,63.45,SELL,SQUEEZE_RELEASE,NO,M10_CANDIDATE_REJECTED:TRANSITION_WATCH:preferred=SELL:reason=opposite score cleared 55 (buy=31.3 sell=63.4) but Adaptive Transition has not yet allowed entry; keep watching,SKIP,LATE,TREND_UP,LOCATION_RESET_PENDING,TRANSITION_WATCH,ENTRY_ZONE_AVAILABLE,NOT_REACHED,NOT_REACHED,NOT_REACHED,NOT_STARTED,NOT_REACHED,NOT_ATTEMPTED,15,FRESH,COMPLETE
2026.07.30 18:10:00,YES,1,COMPLETE;closedShift=1;immutable=true,NOT_LOGGED_BY_LIVE_BUILD,28.71,70.69,SELL,SQUEEZE_RELEASE,NO,M10_CANDIDATE_REJECTED:TRANSITION_WATCH:preferred=SELL:reason=opposite score cleared 55 (buy=28.7 sell=70.7) but Adaptive Transition has not yet allowed entry; keep watching,SKIP,LATE,TREND_UP,LOCATION_RESET_PENDING,TRANSITION_WATCH,WAITING_FOR_PULLBACK,NOT_REACHED,NOT_REACHED,NOT_REACHED,NOT_STARTED,NOT_REACHED,NOT_ATTEMPTED,16,FRESH,COMPLETE
2026.07.30 18:20:00,YES,1,COMPLETE;closedShift=1;immutable=true,NOT_LOGGED_BY_LIVE_BUILD,25.27,56.01,SELL,TREND_PULLBACK,NO,M10_CANDIDATE_REJECTED:TRANSITION_WATCH:preferred=SELL:reason=opposite score cleared 55 (buy=25.3 sell=56.0) but Adaptive Transition has not yet allowed entry; keep watching,SKIP,LATE,TREND_UP,LOCATION_RESET_PENDING,TRANSITION_WATCH,ENTRY_ZONE_AVAILABLE,NOT_REACHED,NOT_REACHED,NOT_REACHED,NOT_STARTED,NOT_REACHED,NOT_ATTEMPTED,17,FRESH,COMPLETE
2026.07.30 18:30:00,YES,1,COMPLETE;closedShift=1;immutable=true,NOT_LOGGED_BY_LIVE_BUILD,28.97,53.42,NONE,TREND_PULLBACK,NO,M10_CANDIDATE_REJECTED:NO_VALID_SIGNAL:preferred=NONE:reason=no executable directional case yet (buy=29.0 sell=53.4 threshold=55.0),SKIP,LATE,TREND_UP,LOCATION_RESET_PENDING,NO_VALID_SIGNAL,ENTRY_ZONE_AVAILABLE,NOT_REACHED,NOT_REACHED,NOT_REACHED,NOT_STARTED,NOT_REACHED,NOT_ATTEMPTED,18,FRESH,COMPLETE
2026.07.30 18:40:00,YES,1,COMPLETE;closedShift=1;immutable=true,NOT_LOGGED_BY_LIVE_BUILD,33.05,51.67,NONE,TREND_PULLBACK,NO,M10_CANDIDATE_REJECTED:NO_VALID_SIGNAL:preferred=NONE:reason=no executable directional case yet (buy=33.0 sell=51.7 threshold=55.0),SKIP,LATE,TREND_UP,LOCATION_RESET_PENDING,NO_VALID_SIGNAL,ENTRY_ZONE_AVAILABLE,NOT_REACHED,NOT_REACHED,NOT_REACHED,NOT_STARTED,NOT_REACHED,NOT_ATTEMPTED,19,FRESH,COMPLETE
2026.07.30 18:50:00,YES,1,COMPLETE;closedShift=1;immutable=true,NOT_LOGGED_BY_LIVE_BUILD,32.56,52.75,NONE,TREND_PULLBACK,NO,M10_CANDIDATE_REJECTED:NO_VALID_SIGNAL:preferred=NONE:reason=no executable directional case yet (buy=32.6 sell=52.7 threshold=55.0),SKIP,LATE,TREND_UP,LOCATION_RESET_PENDING,NO_VALID_SIGNAL,REENTRY_ALLOWED,NOT_REACHED,NOT_REACHED,NOT_REACHED,NOT_STARTED,NOT_REACHED,NOT_ATTEMPTED,20,FRESH,COMPLETE
2026.07.30 19:00:00,YES,1,COMPLETE;closedShift=1;immutable=true,NOT_LOGGED_BY_LIVE_BUILD,30.48,53.65,NONE,TREND_PULLBACK,NO,M10_CANDIDATE_REJECTED:NO_VALID_SIGNAL:preferred=NONE:reason=no executable directional case yet (buy=30.5 sell=53.6 threshold=55.0),SKIP,LATE,TREND_UP,LOCATION_RESET_PENDING,NO_VALID_SIGNAL,REENTRY_ALLOWED,NOT_REACHED,NOT_REACHED,NOT_REACHED,NOT_STARTED,NOT_REACHED,NOT_ATTEMPTED,21,FRESH,COMPLETE
2026.07.30 19:10:00,YES,1,COMPLETE;closedShift=1;immutable=true,NOT_LOGGED_BY_LIVE_BUILD,35.99,52.96,NONE,TREND_PULLBACK,NO,M10_CANDIDATE_REJECTED:NO_VALID_SIGNAL:preferred=NONE:reason=no executable directional case yet (buy=36.0 sell=53.0 threshold=55.0),SKIP,LATE,TREND_UP,LOCATION_RESET_PENDING,NO_VALID_SIGNAL,REENTRY_ALLOWED,NOT_REACHED,NOT_REACHED,NOT_REACHED,NOT_STARTED,NOT_REACHED,NOT_ATTEMPTED,22,FRESH,COMPLETE
2026.07.30 19:20:00,YES,1,COMPLETE;closedShift=1;immutable=true,NOT_LOGGED_BY_LIVE_BUILD,35.54,52.50,NONE,TREND_PULLBACK,NO,M10_CANDIDATE_REJECTED:NO_VALID_SIGNAL:preferred=NONE:reason=no executable directional case yet (buy=35.5 sell=52.5 threshold=55.0),SKIP,LATE,TREND_UP,LOCATION_RESET_PENDING,NO_VALID_SIGNAL,REENTRY_ALLOWED,NOT_REACHED,NOT_REACHED,NOT_REACHED,NOT_STARTED,NOT_REACHED,NOT_ATTEMPTED,23,FRESH,COMPLETE
2026.07.30 19:30:00,YES,1,COMPLETE;closedShift=1;immutable=true,NOT_LOGGED_BY_LIVE_BUILD,35.22,54.36,NONE,TREND_PULLBACK,NO,M10_CANDIDATE_REJECTED:NO_VALID_SIGNAL:preferred=NONE:reason=no executable directional case yet (buy=35.2 sell=54.4 threshold=55.0),SKIP,LATE,TREND_UP,LOCATION_RESET_PENDING,NO_VALID_SIGNAL,REENTRY_ALLOWED,NOT_REACHED,NOT_REACHED,NOT_REACHED,NOT_STARTED,NOT_REACHED,NOT_ATTEMPTED,24,FRESH,COMPLETE
2026.07.30 19:40:00,YES,1,COMPLETE;closedShift=1;immutable=true,NOT_LOGGED_BY_LIVE_BUILD,40.43,62.62,SELL,TREND_PULLBACK,NO,M10_CANDIDATE_REJECTED:TRANSITION_WATCH:preferred=SELL:reason=opposite score cleared 55 (buy=40.4 sell=62.6) but Adaptive Transition has not yet allowed entry; keep watching,SKIP,LATE,TREND_UP,LOCATION_RESET_PENDING,TRANSITION_WATCH,REENTRY_ALLOWED,NOT_REACHED,NOT_REACHED,NOT_REACHED,NOT_STARTED,NOT_REACHED,NOT_ATTEMPTED,25,FRESH,COMPLETE
2026.07.30 19:50:00,YES,1,COMPLETE;closedShift=1;immutable=true,NOT_LOGGED_BY_LIVE_BUILD,40.90,66.93,SELL,TREND_PULLBACK,NO,M10_CANDIDATE_REJECTED:TRANSITION_WATCH:preferred=SELL:reason=opposite score cleared 55 (buy=40.9 sell=66.9) but Adaptive Transition has not yet allowed entry; keep watching,SKIP,LATE,TREND_UP,LOCATION_RESET_PENDING,TRANSITION_WATCH,REENTRY_ALLOWED,NOT_REACHED,NOT_REACHED,NOT_REACHED,NOT_STARTED,NOT_REACHED,NOT_ATTEMPTED,26,FRESH,COMPLETE
2026.07.30 20:00:00,YES,1,COMPLETE;closedShift=1;immutable=true,NOT_LOGGED_BY_LIVE_BUILD,40.72,59.09,SELL,TREND_PULLBACK,NO,M10_CANDIDATE_REJECTED:TRANSITION_WATCH:preferred=SELL:reason=opposite score cleared 55 (buy=40.7 sell=59.1) but Adaptive Transition has not yet allowed entry; keep watching,SKIP,LATE,TREND_UP,LOCATION_RESET_PENDING,TRANSITION_WATCH,REENTRY_ALLOWED,NOT_REACHED,NOT_REACHED,NOT_REACHED,NOT_STARTED,NOT_REACHED,NOT_ATTEMPTED,27,FRESH,COMPLETE
2026.07.30 20:10:00,YES,1,COMPLETE;closedShift=1;immutable=true,NOT_LOGGED_BY_LIVE_BUILD,33.06,68.39,SELL,TREND_PULLBACK,NO,M10_CANDIDATE_REJECTED:TRANSITION_WATCH:preferred=SELL:reason=opposite score cleared 55 (buy=33.1 sell=68.4) but Adaptive Transition has not yet allowed entry; keep watching,SKIP,LATE,TREND_UP,LOCATION_RESET_PENDING,TRANSITION_WATCH,REENTRY_ALLOWED,NOT_REACHED,NOT_REACHED,NOT_REACHED,NOT_STARTED,NOT_REACHED,NOT_ATTEMPTED,28,FRESH,COMPLETE
2026.07.30 20:20:00,YES,1,COMPLETE;closedShift=1;immutable=true,NOT_LOGGED_BY_LIVE_BUILD,29.18,69.16,SELL,TREND_PULLBACK,NO,M10_CANDIDATE_REJECTED:TRANSITION_WATCH:preferred=SELL:reason=opposite score cleared 55 (buy=29.2 sell=69.2) but Adaptive Transition has not yet allowed entry; keep watching,SKIP,LATE,TREND_UP,LOCATION_RESET_PENDING,TRANSITION_WATCH,REENTRY_ALLOWED,NOT_REACHED,NOT_REACHED,NOT_REACHED,NOT_STARTED,NOT_REACHED,NOT_ATTEMPTED,29,FRESH,COMPLETE
2026.07.30 20:30:00,YES,1,COMPLETE;closedShift=1;immutable=true,NOT_LOGGED_BY_LIVE_BUILD,24.96,76.18,SELL,TREND_PULLBACK,NO,M10_CANDIDATE_REJECTED:TRANSITION_WATCH:preferred=SELL:reason=opposite score cleared 55 (buy=25.0 sell=76.2) but Adaptive Transition has not yet allowed entry; keep watching,SKIP,LATE,TREND_UP,LOCATION_RESET_PENDING,TRANSITION_WATCH,REENTRY_ALLOWED,NOT_REACHED,NOT_REACHED,NOT_REACHED,NOT_STARTED,NOT_REACHED,NOT_ATTEMPTED,30,FRESH,COMPLETE
2026.07.30 20:40:00,YES,1,COMPLETE;closedShift=1;immutable=true,NOT_LOGGED_BY_LIVE_BUILD,27.76,60.63,SELL,TREND_PULLBACK,NO,M10_CANDIDATE_REJECTED:TRANSITION_WATCH:preferred=SELL:reason=opposite score cleared 55 (buy=27.8 sell=60.6) but Adaptive Transition has not yet allowed entry; keep watching,SKIP,LATE,TREND_UP,LOCATION_RESET_PENDING,TRANSITION_WATCH,REENTRY_ALLOWED,NOT_REACHED,NOT_REACHED,NOT_REACHED,NOT_STARTED,NOT_REACHED,NOT_ATTEMPTED,31,FRESH,COMPLETE
2026.07.30 20:50:00,YES,1,COMPLETE;closedShift=1;immutable=true,NOT_LOGGED_BY_LIVE_BUILD,27.29,61.97,SELL,TREND_PULLBACK,NO,M10_CANDIDATE_REJECTED:TRANSITION_WATCH:preferred=SELL:reason=opposite score cleared 55 (buy=27.3 sell=62.0) but Adaptive Transition has not yet allowed entry; keep watching,SKIP,LATE,TREND_UP,LOCATION_RESET_PENDING,TRANSITION_WATCH,REENTRY_ALLOWED,NOT_REACHED,NOT_REACHED,NOT_REACHED,NOT_STARTED,NOT_REACHED,NOT_ATTEMPTED,32,FRESH,COMPLETE
2026.07.30 21:00:00,YES,1,COMPLETE;closedShift=1;immutable=true,NOT_LOGGED_BY_LIVE_BUILD,27.92,69.69,SELL,TREND_PULLBACK,NO,M10_CANDIDATE_REJECTED:TRANSITION_WATCH:preferred=SELL:reason=opposite score cleared 55 (buy=27.9 sell=69.7) but Adaptive Transition has not yet allowed entry; keep watching,SKIP,LATE,TREND_UP,LOCATION_RESET_PENDING,TRANSITION_WATCH,REENTRY_ALLOWED,NOT_REACHED,NOT_REACHED,NOT_REACHED,NOT_STARTED,NOT_REACHED,NOT_ATTEMPTED,33,FRESH,COMPLETE
2026.07.30 21:10:00,YES,1,COMPLETE;closedShift=1;immutable=true,NOT_LOGGED_BY_LIVE_BUILD,29.22,60.98,SELL,TREND_PULLBACK,NO,M10_CANDIDATE_REJECTED:TRANSITION_WATCH:preferred=SELL:reason=opposite score cleared 55 (buy=29.2 sell=61.0) but Adaptive Transition has not yet allowed entry; keep watching,SKIP,LATE,TREND_UP,LOCATION_RESET_PENDING,TRANSITION_WATCH,REENTRY_ALLOWED,NOT_REACHED,NOT_REACHED,NOT_REACHED,NOT_STARTED,NOT_REACHED,NOT_ATTEMPTED,34,FRESH,COMPLETE
2026.07.30 21:20:00,YES,1,COMPLETE;closedShift=1;immutable=true,NOT_LOGGED_BY_LIVE_BUILD,26.92,61.24,SELL,TREND_PULLBACK,NO,M10_CANDIDATE_REJECTED:TRANSITION_WATCH:preferred=SELL:reason=opposite score cleared 55 (buy=26.9 sell=61.2) but Adaptive Transition has not yet allowed entry; keep watching,SKIP,LATE,TREND_UP,LOCATION_RESET_PENDING,TRANSITION_WATCH,REENTRY_ALLOWED,NOT_REACHED,NOT_REACHED,NOT_REACHED,NOT_STARTED,NOT_REACHED,NOT_ATTEMPTED,35,FRESH,COMPLETE
2026.07.30 21:30:00,YES,1,COMPLETE;closedShift=1;immutable=true,NOT_LOGGED_BY_LIVE_BUILD,31.29,69.84,SELL,TREND_PULLBACK,NO,M10_CANDIDATE_REJECTED:TRANSITION_WATCH:preferred=SELL:reason=opposite score cleared 55 (buy=31.3 sell=69.8) but Adaptive Transition has not yet allowed entry; keep watching,SKIP,LATE,TREND_UP,LOCATION_RESET_PENDING,TRANSITION_WATCH,REENTRY_ALLOWED,NOT_REACHED,NOT_REACHED,NOT_REACHED,NOT_STARTED,NOT_REACHED,NOT_ATTEMPTED,36,FRESH,COMPLETE
2026.07.30 21:40:00,YES,1,COMPLETE;closedShift=1;immutable=true,NOT_LOGGED_BY_LIVE_BUILD,35.73,61.47,SELL,TREND_PULLBACK,NO,M10_CANDIDATE_REJECTED:TRANSITION_WATCH:preferred=SELL:reason=opposite score cleared 55 (buy=35.7 sell=61.5) but Adaptive Transition has not yet allowed entry; keep watching,SKIP,LATE,TREND_UP,LOCATION_RESET_PENDING,TRANSITION_WATCH,REENTRY_ALLOWED,NOT_REACHED,NOT_REACHED,NOT_REACHED,NOT_STARTED,NOT_REACHED,NOT_ATTEMPTED,37,FRESH,COMPLETE
2026.07.30 21:50:00,YES,1,COMPLETE;closedShift=1;immutable=true,NOT_LOGGED_BY_LIVE_BUILD,38.27,68.29,SELL,TREND_PULLBACK,NO,M10_CANDIDATE_REJECTED:TRANSITION_WATCH:preferred=SELL:reason=opposite score cleared 55 (buy=38.3 sell=68.3) but Adaptive Transition has not yet allowed entry; keep watching,SKIP,LATE,TREND_UP,LOCATION_RESET_PENDING,TRANSITION_WATCH,REENTRY_ALLOWED,NOT_REACHED,NOT_REACHED,NOT_REACHED,NOT_STARTED,NOT_REACHED,NOT_ATTEMPTED,38,FRESH,COMPLETE
2026.07.30 22:00:00,YES,1,COMPLETE;closedShift=1;immutable=true,NOT_LOGGED_BY_LIVE_BUILD,34.39,70.68,SELL,TREND_PULLBACK,NO,M10_CANDIDATE_REJECTED:TRANSITION_WATCH:preferred=SELL:reason=opposite score cleared 55 (buy=34.4 sell=70.7) but Adaptive Transition has not yet allowed entry; keep watching,SKIP,LATE,TREND_UP,LOCATION_RESET_PENDING,TRANSITION_WATCH,REENTRY_ALLOWED,NOT_REACHED,NOT_REACHED,NOT_REACHED,NOT_STARTED,NOT_REACHED,NOT_ATTEMPTED,39,FRESH,COMPLETE
2026.07.30 22:10:00,YES,1,COMPLETE;closedShift=1;immutable=true,NOT_LOGGED_BY_LIVE_BUILD,30.31,60.61,SELL,TREND_PULLBACK,NO,M10_CANDIDATE_REJECTED:TRANSITION_WATCH:preferred=SELL:reason=opposite score cleared 55 (buy=30.3 sell=60.6) but Adaptive Transition has not yet allowed entry; keep watching,SKIP,LATE,TREND_UP,LOCATION_RESET_PENDING,TRANSITION_WATCH,REENTRY_ALLOWED,NOT_REACHED,NOT_REACHED,NOT_REACHED,NOT_STARTED,NOT_REACHED,NOT_ATTEMPTED,40,FRESH,COMPLETE
2026.07.30 22:20:00,YES,1,COMPLETE;closedShift=1;immutable=true,NOT_LOGGED_BY_LIVE_BUILD,38.50,58.12,SELL,TREND_PULLBACK,NO,M10_CANDIDATE_REJECTED:TRANSITION_WATCH:preferred=SELL:reason=opposite score cleared 55 (buy=38.5 sell=58.1) but Adaptive Transition has not yet allowed entry; keep watching,SKIP,LATE,TREND_UP,LOCATION_RESET_PENDING,TRANSITION_WATCH,REENTRY_ALLOWED,NOT_REACHED,NOT_REACHED,NOT_REACHED,NOT_STARTED,NOT_REACHED,NOT_ATTEMPTED,41,FRESH,COMPLETE
2026.07.30 22:30:00,YES,1,COMPLETE;closedShift=1;immutable=true,NOT_LOGGED_BY_LIVE_BUILD,41.07,61.93,SELL,TREND_PULLBACK,NO,M10_CANDIDATE_REJECTED:TRANSITION_WATCH:preferred=SELL:reason=opposite score cleared 55 (buy=41.1 sell=61.9) but Adaptive Transition has not yet allowed entry; keep watching,SKIP,LATE,TREND_UP,LOCATION_RESET_PENDING,TRANSITION_WATCH,REENTRY_ALLOWED,NOT_REACHED,NOT_REACHED,NOT_REACHED,NOT_STARTED,NOT_REACHED,NOT_ATTEMPTED,42,FRESH,COMPLETE
2026.07.30 22:40:00,YES,1,COMPLETE;closedShift=1;immutable=true,NOT_LOGGED_BY_LIVE_BUILD,41.04,63.78,SELL,TREND_PULLBACK,NO,M10_CANDIDATE_REJECTED:TRANSITION_WATCH:preferred=SELL:reason=opposite score cleared 55 (buy=41.0 sell=63.8) but Adaptive Transition has not yet allowed entry; keep watching,SKIP,LATE,TREND_UP,LOCATION_RESET_PENDING,TRANSITION_WATCH,REENTRY_ALLOWED,NOT_REACHED,NOT_REACHED,NOT_REACHED,NOT_STARTED,NOT_REACHED,NOT_ATTEMPTED,43,FRESH,COMPLETE
2026.07.30 22:50:00,YES,1,COMPLETE;closedShift=1;immutable=true,NOT_LOGGED_BY_LIVE_BUILD,41.28,72.54,SELL,TREND_PULLBACK,NO,M10_CANDIDATE_REJECTED:DATA_UNAVAILABLE:preferred=NONE:reason=primary evidence freshnessState=FRESH staleCause= dataState=UNAVAILABLE closeAgeSeconds=7214 evaluatedShift=1,SKIP,LATE,TREND_UP,LOCATION_RESET_PENDING,TRANSITION_WATCH,REENTRY_ALLOWED,NOT_REACHED,NOT_REACHED,NOT_REACHED,NOT_STARTED,NOT_REACHED,NOT_ATTEMPTED,44,FRESH,COMPLETE
2026.07.31 01:10:00,YES,1,COMPLETE;closedShift=1;immutable=true,NOT_LOGGED_BY_LIVE_BUILD,45.19,62.44,SELL,TREND_PULLBACK,NO,M10_CANDIDATE_REJECTED:TRANSITION_WATCH:preferred=SELL:reason=opposite score cleared 55 (buy=45.2 sell=62.4) but Adaptive Transition has not yet allowed entry; keep watching,SKIP,ASIA,TREND_UP,LOCATION_RESET_PENDING,TRANSITION_WATCH,REENTRY_ALLOWED,NOT_REACHED,NOT_REACHED,NOT_REACHED,NOT_STARTED,NOT_REACHED,NOT_ATTEMPTED,3,FRESH,COMPLETE
2026.07.31 01:20:00,YES,1,COMPLETE;closedShift=1;immutable=true,NOT_LOGGED_BY_LIVE_BUILD,41.82,49.94,NONE,TREND_PULLBACK,NO,M10_CANDIDATE_REJECTED:TRANSITION_WATCH:preferred=NONE:reason=buyCaseScore=41.8 sellCaseScore=49.9,SKIP,ASIA,TREND_UP,LOCATION_RESET_PENDING,TRANSITION_WATCH,REENTRY_ALLOWED,NOT_REACHED,NOT_REACHED,NOT_REACHED,NOT_STARTED,NOT_REACHED,NOT_ATTEMPTED,4,FRESH,COMPLETE
2026.07.31 01:30:00,YES,1,COMPLETE;closedShift=1;immutable=true,NOT_LOGGED_BY_LIVE_BUILD,41.96,53.59,NONE,TREND_PULLBACK,NO,M10_CANDIDATE_REJECTED:NO_VALID_SIGNAL:preferred=NONE:reason=no executable directional case yet (buy=42.0 sell=53.6 threshold=55.0),SKIP,ASIA,TREND_UP,LOCATION_RESET_PENDING,NO_VALID_SIGNAL,REENTRY_ALLOWED,NOT_REACHED,NOT_REACHED,NOT_REACHED,NOT_STARTED,NOT_REACHED,NOT_ATTEMPTED,5,FRESH,COMPLETE
2026.07.31 01:40:00,YES,1,COMPLETE;closedShift=1;immutable=true,NOT_LOGGED_BY_LIVE_BUILD,41.32,54.66,NONE,TREND_PULLBACK,NO,M10_CANDIDATE_REJECTED:NO_VALID_SIGNAL:preferred=NONE:reason=no executable directional case yet (buy=41.3 sell=54.7 threshold=55.0),SKIP,ASIA,TREND_UP,LOCATION_RESET_PENDING,NO_VALID_SIGNAL,REENTRY_ALLOWED,NOT_REACHED,NOT_REACHED,NOT_REACHED,NOT_STARTED,NOT_REACHED,NOT_ATTEMPTED,6,FRESH,COMPLETE
2026.07.31 01:50:00,YES,1,COMPLETE;closedShift=1;immutable=true,NOT_LOGGED_BY_LIVE_BUILD,40.81,54.81,NONE,TREND_PULLBACK,NO,M10_CANDIDATE_REJECTED:NO_VALID_SIGNAL:preferred=NONE:reason=no executable directional case yet (buy=40.8 sell=54.8 threshold=55.0),SKIP,ASIA,TREND_UP,LOCATION_RESET_PENDING,NO_VALID_SIGNAL,REENTRY_ALLOWED,NOT_REACHED,NOT_REACHED,NOT_REACHED,NOT_STARTED,NOT_REACHED,NOT_ATTEMPTED,7,FRESH,COMPLETE
2026.07.31 02:00:00,YES,1,COMPLETE;closedShift=1;immutable=true,NOT_LOGGED_BY_LIVE_BUILD,37.95,56.90,SELL,TREND_PULLBACK,NO,M10_CANDIDATE_REJECTED:TRANSITION_WATCH:preferred=SELL:reason=opposite score cleared 55 (buy=37.9 sell=56.9) but Adaptive Transition has not yet allowed entry; keep watching,SKIP,ASIA,TREND_UP,LOCATION_RESET_PENDING,TRANSITION_WATCH,REENTRY_ALLOWED,NOT_REACHED,NOT_REACHED,NOT_REACHED,NOT_STARTED,NOT_REACHED,NOT_ATTEMPTED,8,FRESH,COMPLETE
2026.07.31 02:10:00,YES,1,COMPLETE;closedShift=1;immutable=true,NOT_LOGGED_BY_LIVE_BUILD,41.66,60.90,SELL,TREND_PULLBACK,NO,M10_CANDIDATE_REJECTED:TRANSITION_WATCH:preferred=SELL:reason=opposite score cleared 55 (buy=41.7 sell=60.9) but Adaptive Transition has not yet allowed entry; keep watching,SKIP,ASIA,TREND_UP,LOCATION_RESET_PENDING,TRANSITION_WATCH,REENTRY_ALLOWED,NOT_REACHED,NOT_REACHED,NOT_REACHED,NOT_STARTED,NOT_REACHED,NOT_ATTEMPTED,9,FRESH,COMPLETE
2026.07.31 02:20:00,YES,1,COMPLETE;closedShift=1;immutable=true,NOT_LOGGED_BY_LIVE_BUILD,42.76,69.75,SELL,TREND_PULLBACK,NO,M10_CANDIDATE_REJECTED:TRANSITION_WATCH:preferred=SELL:reason=opposite score cleared 55 (buy=42.8 sell=69.8) but Adaptive Transition has not yet allowed entry; keep watching,SKIP,ASIA,TREND_UP,LOCATION_RESET_PENDING,TRANSITION_WATCH,REENTRY_ALLOWED,NOT_REACHED,NOT_REACHED,NOT_REACHED,NOT_STARTED,NOT_REACHED,NOT_ATTEMPTED,10,FRESH,COMPLETE
2026.07.31 02:30:00,YES,1,COMPLETE;closedShift=1;immutable=true,NOT_LOGGED_BY_LIVE_BUILD,35.05,70.00,SELL,TREND_PULLBACK,NO,M10_CANDIDATE_REJECTED:TRANSITION_WATCH:preferred=SELL:reason=opposite score cleared 55 (buy=35.0 sell=70.0) but Adaptive Transition has not yet allowed entry; keep watching,SKIP,ASIA,TREND_UP,LOCATION_RESET_PENDING,TRANSITION_WATCH,REENTRY_ALLOWED,NOT_REACHED,NOT_REACHED,NOT_REACHED,NOT_STARTED,NOT_REACHED,NOT_ATTEMPTED,11,FRESH,COMPLETE
2026.07.31 02:40:00,YES,1,COMPLETE;closedShift=1;immutable=true,NOT_LOGGED_BY_LIVE_BUILD,33.53,61.80,SELL,TREND_PULLBACK,NO,M10_CANDIDATE_REJECTED:TRANSITION_WATCH:preferred=SELL:reason=opposite score cleared 55 (buy=33.5 sell=61.8) but Adaptive Transition has not yet allowed entry; keep watching,SKIP,ASIA,TREND_UP,LOCATION_RESET_PENDING,TRANSITION_WATCH,REENTRY_ALLOWED,NOT_REACHED,NOT_REACHED,NOT_REACHED,NOT_STARTED,NOT_REACHED,NOT_ATTEMPTED,12,FRESH,COMPLETE
2026.07.31 02:50:00,YES,1,COMPLETE;closedShift=1;immutable=true,NOT_LOGGED_BY_LIVE_BUILD,38.07,63.38,SELL,TREND_PULLBACK,NO,M10_CANDIDATE_REJECTED:TRANSITION_WATCH:preferred=SELL:reason=opposite score cleared 55 (buy=38.1 sell=63.4) but Adaptive Transition has not yet allowed entry; keep watching,SKIP,ASIA,TREND_UP,LOCATION_RESET_PENDING,TRANSITION_WATCH,REENTRY_ALLOWED,NOT_REACHED,NOT_REACHED,NOT_REACHED,NOT_STARTED,NOT_REACHED,NOT_ATTEMPTED,13,FRESH,COMPLETE
2026.07.31 03:00:00,YES,1,COMPLETE;closedShift=1;immutable=true,selected=9.28;combined=5.53,40.73,66.76,SELL,M10_ORIGINATED_CANDIDATE,YES,,A+,ASIA,TREND_UP,LOCATION_RESET_PENDING,SELL_CANDIDATE,SELL_CANDIDATE,BLOCKED:PERM_BLOCK_A_PLUS_RESET_PENDING,NOT_REACHED,BLOCKED_BY_PERMANENT_POLICY,NOT_STARTED,NOT_REACHED,NOT_ATTEMPTED,14,FRESH,COMPLETE
2026.07.31 03:10:00,YES,1,COMPLETE;closedShift=1;immutable=true,NOT_LOGGED_BY_LIVE_BUILD,29.58,54.99,NONE,TREND_PULLBACK,NO,M10_CANDIDATE_REJECTED:NO_VALID_SIGNAL:preferred=NONE:reason=no executable directional case yet (buy=29.6 sell=55.0 threshold=55.0),SKIP,ASIA,TREND_UP,LOCATION_RESET_PENDING,NO_VALID_SIGNAL,NO_VALID_SIGNAL,NOT_REACHED,NOT_REACHED,NOT_REACHED,NOT_STARTED,NOT_REACHED,NOT_ATTEMPTED,15,FRESH,COMPLETE
2026.07.31 03:20:00,YES,1,COMPLETE;closedShift=1;immutable=true,NOT_LOGGED_BY_LIVE_BUILD,29.57,74.07,SELL,TREND_PULLBACK,NO,M10_CANDIDATE_REJECTED:TRANSITION_WATCH:preferred=SELL:reason=opposite score cleared 55 (buy=29.6 sell=74.1) but Adaptive Transition has not yet allowed entry; keep watching,SKIP,ASIA,TREND_UP,LOCATION_RESET_PENDING,TRANSITION_WATCH,REENTRY_ALLOWED,NOT_REACHED,NOT_REACHED,NOT_REACHED,NOT_STARTED,NOT_REACHED,NOT_ATTEMPTED,16,FRESH,COMPLETE
2026.07.31 03:30:00,YES,1,COMPLETE;closedShift=1;immutable=true,selected=5.92;combined=3.35,37.08,68.82,SELL,TREND_PULLBACK,YES,,B,ASIA,TREND_UP,LOCATION_RESET_PENDING,SELL_CANDIDATE,SELL_CANDIDATE,BLOCKED:PERM_BLOCK_ASIA_NON_A_PLUS,NOT_REACHED,BLOCKED_BY_PERMANENT_POLICY,NOT_STARTED,NOT_REACHED,NOT_ATTEMPTED,17,FRESH,COMPLETE
2026.07.31 03:40:00,YES,1,COMPLETE;closedShift=1;immutable=true,selected=6.13;combined=5.49,46.94,72.02,SELL,BREAKOUT,YES,,A,ASIA,BRKT_DN,LOCATION_RESET_CONFIRMED,SELL_CANDIDATE,SELL_CANDIDATE,BLOCKED:PERM_BLOCK_ASIA_NON_A_PLUS,NOT_REACHED,BLOCKED_BY_PERMANENT_POLICY,NOT_STARTED,NOT_REACHED,NOT_ATTEMPTED,18,FRESH,COMPLETE
2026.07.31 03:50:00,YES,1,COMPLETE;closedShift=1;immutable=true,selected=5.84;combined=5.30,45.27,67.65,SELL,SQUEEZE_RELEASE,YES,,A,ASIA,BRKT_DN,LOCATION_RESET_CONFIRMED,SELL_CANDIDATE,SELL_CANDIDATE,BLOCKED:PERM_BLOCK_ASIA_NON_A_PLUS,NOT_REACHED,BLOCKED_BY_PERMANENT_POLICY,NOT_STARTED,NOT_REACHED,NOT_ATTEMPTED,19,FRESH,COMPLETE
2026.07.31 04:00:00,YES,1,COMPLETE;closedShift=1;immutable=true,NOT_LOGGED_BY_LIVE_BUILD,56.01,65.09,NONE,TREND_PULLBACK,NO,M10_CANDIDATE_REJECTED:TRANSITION_WATCH:preferred=NONE:reason=buyCaseScore=56.0 sellCaseScore=65.1,SKIP,ASIA,TREND_UP,LOCATION_ACCEPTABLE,TRANSITION_WATCH,TRANSITION_WATCH,NOT_REACHED,NOT_REACHED,NOT_REACHED,NOT_STARTED,NOT_REACHED,NOT_ATTEMPTED,20,FRESH,COMPLETE
2026.07.31 04:10:00,YES,1,COMPLETE;closedShift=1;immutable=true,NOT_LOGGED_BY_LIVE_BUILD,34.85,57.27,SELL,TREND_PULLBACK,NO,M10_CANDIDATE_REJECTED:TRANSITION_WATCH:preferred=SELL:reason=opposite score cleared 55 (buy=34.9 sell=57.3) but Adaptive Transition has not yet allowed entry; keep watching,SKIP,ASIA,TREND_UP,LOCATION_RESET_PENDING,TRANSITION_WATCH,REENTRY_ALLOWED,NOT_REACHED,NOT_REACHED,NOT_REACHED,NOT_STARTED,NOT_REACHED,NOT_ATTEMPTED,21,FRESH,COMPLETE
2026.07.31 04:20:00,YES,1,COMPLETE;closedShift=1;immutable=true,selected=5.91;combined=3.34,47.91,68.64,SELL,TREND_PULLBACK,YES,,B,ASIA,TREND_UP,LOCATION_GOOD,SELL_CANDIDATE,SELL_CANDIDATE,BLOCKED:PERM_BLOCK_ASIA_NON_A_PLUS,NOT_REACHED,BLOCKED_BY_PERMANENT_POLICY,NOT_STARTED,NOT_REACHED,NOT_ATTEMPTED,22,FRESH,COMPLETE
2026.07.31 04:30:00,YES,1,COMPLETE;closedShift=1;immutable=true,selected=5.90;combined=3.34,46.12,68.50,SELL,TREND_PULLBACK,YES,,B,ASIA,TREND_UP,LOCATION_GOOD,SELL_CANDIDATE,SELL_CANDIDATE,BLOCKED:PERM_BLOCK_ASIA_NON_A_PLUS,NOT_REACHED,BLOCKED_BY_PERMANENT_POLICY,NOT_STARTED,NOT_REACHED,NOT_ATTEMPTED,23,FRESH,COMPLETE
2026.07.31 04:40:00,YES,1,COMPLETE;closedShift=1;immutable=true,selected=5.89;combined=3.33,43.02,68.29,SELL,TREND_PULLBACK,YES,,B,ASIA,TREND_UP,LOCATION_RESET_CONFIRMED,SELL_CANDIDATE,SELL_CANDIDATE,BLOCKED:PERM_BLOCK_ASIA_NON_A_PLUS,NOT_REACHED,BLOCKED_BY_PERMANENT_POLICY,NOT_STARTED,NOT_REACHED,NOT_ATTEMPTED,24,FRESH,COMPLETE
2026.07.31 04:50:00,YES,1,COMPLETE;closedShift=1;immutable=true,selected=5.81;combined=3.27,47.67,67.08,SELL,SQUEEZE_RELEASE,YES,,B,ASIA,TREND_UP,LOCATION_RESET_CONFIRMED,SELL_CANDIDATE,SELL_CANDIDATE,BLOCKED:PERM_BLOCK_ASIA_NON_A_PLUS,NOT_REACHED,BLOCKED_BY_PERMANENT_POLICY,NOT_STARTED,NOT_REACHED,NOT_ATTEMPTED,25,FRESH,COMPLETE
2026.07.31 05:00:00,YES,1,COMPLETE;closedShift=1;immutable=true,selected=5.48;combined=3.06,48.54,62.16,SELL,SQUEEZE_RELEASE,YES,,B,ASIA,TREND_UP,LOCATION_RESET_CONFIRMED,SELL_CANDIDATE,SELL_CANDIDATE,BLOCKED:PERM_BLOCK_ASIA_NON_A_PLUS,NOT_REACHED,BLOCKED_BY_PERMANENT_POLICY,NOT_STARTED,NOT_REACHED,NOT_ATTEMPTED,26,FRESH,COMPLETE
2026.07.31 05:10:00,YES,1,COMPLETE;closedShift=1;immutable=true,NOT_LOGGED_BY_LIVE_BUILD,57.88,62.17,NONE,SQUEEZE_RELEASE,NO,M10_CANDIDATE_REJECTED:TRANSITION_WATCH:preferred=NONE:reason=buyCaseScore=57.9 sellCaseScore=62.2,SKIP,ASIA,TREND_UP,LOCATION_GOOD,TRANSITION_WATCH,TRANSITION_WATCH,NOT_REACHED,NOT_REACHED,NOT_REACHED,NOT_STARTED,NOT_REACHED,NOT_ATTEMPTED,27,FRESH,COMPLETE
2026.07.31 05:20:00,YES,1,COMPLETE;closedShift=1;immutable=true,NOT_LOGGED_BY_LIVE_BUILD,50.26,59.86,NONE,TREND_PULLBACK,NO,M10_CANDIDATE_REJECTED:TRANSITION_WATCH:preferred=NONE:reason=buyCaseScore=50.3 sellCaseScore=59.9,SKIP,ASIA,TREND_UP,LOCATION_LATE,TRANSITION_WATCH,TRANSITION_WATCH,NOT_REACHED,NOT_REACHED,NOT_REACHED,NOT_STARTED,NOT_REACHED,NOT_ATTEMPTED,28,FRESH,COMPLETE
2026.07.31 05:30:00,NO,0,NOT_EVALUATED,NOT_EVALUATED,,,,NONE,NO,NO_COMPLETED_SCAN_IN_LIVE_LOG,NOT_CLASSIFIED,ASIA,NOT_CLASSIFIED,NOT_CLASSIFIED,NOT_EVALUATED,NOT_EVALUATED,NOT_REACHED,NOT_REACHED,NOT_REACHED,NOT_STARTED,NOT_REACHED,NOT_ATTEMPTED,,,
2026.07.31 05:40:00,NO,0,NOT_EVALUATED,NOT_EVALUATED,,,,NONE,NO,NO_COMPLETED_SCAN_IN_LIVE_LOG,NOT_CLASSIFIED,ASIA,NOT_CLASSIFIED,NOT_CLASSIFIED,NOT_EVALUATED,NOT_EVALUATED,NOT_REACHED,NOT_REACHED,NOT_REACHED,NOT_STARTED,NOT_REACHED,NOT_ATTEMPTED,,,
2026.07.31 05:50:00,YES,1,COMPLETE;closedShift=1;immutable=true,selected=1.50;combined=0.48,39.53,60.31,SELL,TREND_PULLBACK,NO,,SKIP,ASIA,TREND_UP,LOCATION_LATE,WAIT_FOR_SELL_RETRACE,WAIT_FOR_SELL_RETRACE,NOT_REACHED,NOT_REACHED,NOT_REACHED,NOT_STARTED,NOT_REACHED,NOT_ATTEMPTED,29,FRESH,COMPLETE
2026.07.31 06:00:00,YES,1,COMPLETE;closedShift=1;immutable=true,NOT_LOGGED_BY_LIVE_BUILD,41.87,59.11,SELL,MULTI_EXTREME,NO,M10_CANDIDATE_REJECTED:WAIT_FOR_SELL_RETRACE:preferred=SELL:reason=dominant case wins (score=59.1) but location=LOCATION_LATE,SKIP,ASIA,TREND_UP,LOCATION_LATE,WAIT_FOR_SELL_RETRACE,WAIT_FOR_SELL_RETRACE,NOT_REACHED,NOT_REACHED,NOT_REACHED,NOT_STARTED,NOT_REACHED,NOT_ATTEMPTED,30,FRESH,COMPLETE
2026.07.31 06:10:00,YES,1,COMPLETE;closedShift=1;immutable=true,NOT_LOGGED_BY_LIVE_BUILD,35.08,57.17,SELL,MULTI_EXTREME,NO,M10_CANDIDATE_REJECTED:WAIT_FOR_SELL_RETRACE:preferred=SELL:reason=dominant case wins (score=57.2) but location=LOCATION_EXTREME,SKIP,ASIA,TREND_UP,LOCATION_EXTREME,WAIT_FOR_SELL_RETRACE,WAIT_FOR_SELL_RETRACE,NOT_REACHED,NOT_REACHED,NOT_REACHED,NOT_STARTED,NOT_REACHED,NOT_ATTEMPTED,31,FRESH,COMPLETE
2026.07.31 06:20:00,YES,1,COMPLETE;closedShift=1;immutable=true,NOT_LOGGED_BY_LIVE_BUILD,34.77,60.95,SELL,MULTI_EXTREME,NO,M10_CANDIDATE_REJECTED:WAIT_FOR_SELL_RETRACE:preferred=SELL:reason=dominant case wins (score=60.9) but location=LOCATION_EXTREME,SKIP,ASIA,TREND_UP,LOCATION_EXTREME,WAIT_FOR_SELL_RETRACE,WAIT_FOR_SELL_RETRACE,NOT_REACHED,NOT_REACHED,NOT_REACHED,NOT_STARTED,NOT_REACHED,NOT_ATTEMPTED,32,FRESH,COMPLETE
2026.07.31 06:30:00,YES,1,COMPLETE;closedShift=1;immutable=true,selected=0.50;combined=0.00,34.66,65.57,SELL,TREND_PULLBACK,NO,,SKIP,ASIA,TREND_UP,LOCATION_LATE,WAIT_FOR_SELL_RETRACE,WAIT_FOR_SELL_RETRACE,NOT_REACHED,NOT_REACHED,NOT_REACHED,NOT_STARTED,NOT_REACHED,NOT_ATTEMPTED,33,FRESH,COMPLETE
2026.07.31 06:40:00,YES,1,COMPLETE;closedShift=1;immutable=true,NOT_LOGGED_BY_LIVE_BUILD,53.42,58.88,NONE,TREND_PULLBACK,NO,M10_CANDIDATE_REJECTED:TRANSITION_WATCH:preferred=NONE:reason=buyCaseScore=53.4 sellCaseScore=58.9,SKIP,ASIA,TREND_UP,LOCATION_LATE,TRANSITION_WATCH,TRANSITION_WATCH,NOT_REACHED,NOT_REACHED,NOT_REACHED,NOT_STARTED,NOT_REACHED,NOT_ATTEMPTED,34,FRESH,COMPLETE
2026.07.31 06:50:00,YES,1,COMPLETE;closedShift=1;immutable=true,NOT_LOGGED_BY_LIVE_BUILD,37.95,49.11,SELL,TREND_PULLBACK,NO,M10_CANDIDATE_REJECTED:TREND_CONTINUATION_NO_ENTRY_YET:preferred=SELL:reason=no executable directional case yet (buy=37.9 sell=49.1 threshold=55.0),SKIP,ASIA,TREND_UP,LOCATION_LATE,TREND_CONTINUATION_NO_ENTRY_YET,TREND_CONTINUATION_NO_ENTRY_YET,NOT_REACHED,NOT_REACHED,NOT_REACHED,NOT_STARTED,NOT_REACHED,NOT_ATTEMPTED,35,FRESH,COMPLETE
2026.07.31 07:00:00,YES,1,COMPLETE;closedShift=1;immutable=true,selected=2.00;combined=0.80,39.53,56.57,SELL,TREND_PULLBACK,NO,,SKIP,LDN,TREND_UP,LOCATION_LATE,WAIT_FOR_SELL_RETRACE,WAIT_FOR_SELL_RETRACE,NOT_REACHED,NOT_REACHED,NOT_REACHED,NOT_STARTED,NOT_REACHED,NOT_ATTEMPTED,36,FRESH,COMPLETE
2026.07.31 07:10:00,YES,1,COMPLETE;closedShift=1;immutable=true,NOT_LOGGED_BY_LIVE_BUILD,40.47,51.28,SELL,TREND_PULLBACK,NO,M10_CANDIDATE_REJECTED:TREND_CONTINUATION_NO_ENTRY_YET:preferred=SELL:reason=no executable directional case yet (buy=40.5 sell=51.3 threshold=55.0),SKIP,LDN,TREND_UP,LOCATION_LATE,TREND_CONTINUATION_NO_ENTRY_YET,TREND_CONTINUATION_NO_ENTRY_YET,NOT_REACHED,NOT_REACHED,NOT_REACHED,NOT_STARTED,NOT_REACHED,NOT_ATTEMPTED,37,FRESH,COMPLETE
2026.07.31 07:20:00,YES,1,COMPLETE;closedShift=1;immutable=true,NOT_LOGGED_BY_LIVE_BUILD,43.92,46.35,NONE,TREND_PULLBACK,NO,M10_CANDIDATE_REJECTED:TRANSITION_WATCH:preferred=NONE:reason=buyCaseScore=43.9 sellCaseScore=46.4,SKIP,LDN,TREND_UP,LOCATION_LATE,TRANSITION_WATCH,TRANSITION_WATCH,NOT_REACHED,NOT_REACHED,NOT_REACHED,NOT_STARTED,NOT_REACHED,NOT_ATTEMPTED,38,FRESH,COMPLETE
2026.07.31 07:30:00,YES,1,COMPLETE;closedShift=1;immutable=true,NOT_LOGGED_BY_LIVE_BUILD,79.40,41.64,BUY,TREND_PULLBACK,NO,M10_CANDIDATE_REJECTED:TRANSITION_WATCH:preferred=BUY:reason=opposite score cleared 55 (buy=79.4 sell=41.6) but Adaptive Transition has not yet allowed entry; keep watching,SKIP,LDN,TREND_UP,LOCATION_RESET_PENDING,TRANSITION_WATCH,WAITING_FOR_PULLBACK,NOT_REACHED,NOT_REACHED,NOT_REACHED,NOT_STARTED,NOT_REACHED,NOT_ATTEMPTED,39,FRESH,COMPLETE
2026.07.31 07:40:00,YES,1,COMPLETE;closedShift=1;immutable=true,NOT_LOGGED_BY_LIVE_BUILD,73.26,40.95,BUY,TREND_PULLBACK,NO,M10_CANDIDATE_REJECTED:TRANSITION_WATCH:preferred=BUY:reason=opposite score cleared 55 (buy=73.3 sell=41.0) but Adaptive Transition has not yet allowed entry; keep watching,SKIP,LDN,TREND_UP,LOCATION_RESET_PENDING,TRANSITION_WATCH,WAITING_FOR_PULLBACK,NOT_REACHED,NOT_REACHED,NOT_REACHED,NOT_STARTED,NOT_REACHED,NOT_ATTEMPTED,40,FRESH,COMPLETE
2026.07.31 07:50:00,YES,1,COMPLETE;closedShift=1;immutable=true,NOT_LOGGED_BY_LIVE_BUILD,62.13,44.55,BUY,TREND_PULLBACK,NO,M10_CANDIDATE_REJECTED:TRANSITION_WATCH:preferred=BUY:reason=opposite score cleared 55 (buy=62.1 sell=44.6) but Adaptive Transition has not yet allowed entry; keep watching,SKIP,LDN,TREND_UP,LOCATION_RESET_PENDING,TRANSITION_WATCH,REENTRY_ALLOWED,NOT_REACHED,NOT_REACHED,NOT_REACHED,NOT_STARTED,NOT_REACHED,NOT_ATTEMPTED,41,FRESH,COMPLETE
2026.07.31 08:00:00,YES,1,COMPLETE;closedShift=1;immutable=true,NOT_LOGGED_BY_LIVE_BUILD,69.93,44.44,BUY,TREND_PULLBACK,NO,M10_CANDIDATE_REJECTED:TRANSITION_WATCH:preferred=BUY:reason=opposite score cleared 55 (buy=69.9 sell=44.4) but Adaptive Transition has not yet allowed entry; keep watching,SKIP,LDN,TREND_UP,LOCATION_RESET_PENDING,TRANSITION_WATCH,WAITING_FOR_PULLBACK,NOT_REACHED,NOT_REACHED,NOT_REACHED,NOT_STARTED,NOT_REACHED,NOT_ATTEMPTED,42,FRESH,COMPLETE
2026.07.31 08:10:00,YES,1,COMPLETE;closedShift=1;immutable=true,NOT_LOGGED_BY_LIVE_BUILD,87.29,42.02,BUY,TREND_PULLBACK,NO,M10_CANDIDATE_REJECTED:TRANSITION_WATCH:preferred=BUY:reason=opposite score cleared 55 (buy=87.3 sell=42.0) but Adaptive Transition has not yet allowed entry; keep watching,SKIP,LDN,TREND_UP,LOCATION_RESET_PENDING,TRANSITION_WATCH,WAITING_FOR_PULLBACK,NOT_REACHED,NOT_REACHED,NOT_REACHED,NOT_STARTED,NOT_REACHED,NOT_ATTEMPTED,43,FRESH,COMPLETE
2026.07.31 08:20:00,YES,1,COMPLETE;closedShift=1;immutable=true,NOT_LOGGED_BY_LIVE_BUILD,87.39,38.69,BUY,TREND_PULLBACK,NO,M10_CANDIDATE_REJECTED:TRANSITION_WATCH:preferred=BUY:reason=opposite score cleared 55 (buy=87.4 sell=38.7) but Adaptive Transition has not yet allowed entry; keep watching,SKIP,LDN,TREND_UP,LOCATION_RESET_PENDING,TRANSITION_WATCH,WAITING_FOR_PULLBACK,NOT_REACHED,NOT_REACHED,NOT_REACHED,NOT_STARTED,NOT_REACHED,NOT_ATTEMPTED,44,FRESH,COMPLETE
2026.07.31 08:30:00,YES,1,COMPLETE;closedShift=1;immutable=true,NOT_LOGGED_BY_LIVE_BUILD,68.18,42.18,BUY,TREND_PULLBACK,NO,M10_CANDIDATE_REJECTED:TRANSITION_WATCH:preferred=BUY:reason=opposite score cleared 55 (buy=68.2 sell=42.2) but Adaptive Transition has not yet allowed entry; keep watching,SKIP,LDN,TREND_UP,LOCATION_RESET_PENDING,TRANSITION_WATCH,WAITING_FOR_PULLBACK,NOT_REACHED,NOT_REACHED,NOT_REACHED,NOT_STARTED,NOT_REACHED,NOT_ATTEMPTED,45,FRESH,COMPLETE
2026.07.31 08:40:00,YES,1,COMPLETE;closedShift=1;immutable=true,NOT_LOGGED_BY_LIVE_BUILD,67.91,46.38,BUY,TREND_PULLBACK,NO,M10_CANDIDATE_REJECTED:TRANSITION_WATCH:preferred=BUY:reason=opposite score cleared 55 (buy=67.9 sell=46.4) but Adaptive Transition has not yet allowed entry; keep watching,SKIP,LDN,TREND_UP,LOCATION_RESET_PENDING,TRANSITION_WATCH,WAITING_FOR_PULLBACK,NOT_REACHED,NOT_REACHED,NOT_REACHED,NOT_STARTED,NOT_REACHED,NOT_ATTEMPTED,46,FRESH,COMPLETE
2026.07.31 08:50:00,YES,1,COMPLETE;closedShift=1;immutable=true,NOT_LOGGED_BY_LIVE_BUILD,64.58,55.20,NONE,TREND_PULLBACK,NO,M10_CANDIDATE_REJECTED:TRANSITION_WATCH:preferred=NONE:reason=buyCaseScore=64.6 sellCaseScore=55.2,SKIP,LDN,TREND_UP,LOCATION_RESET_PENDING,TRANSITION_WATCH,REENTRY_ALLOWED,NOT_REACHED,NOT_REACHED,NOT_REACHED,NOT_STARTED,NOT_REACHED,NOT_ATTEMPTED,47,FRESH,COMPLETE
2026.07.31 09:00:00,YES,1,COMPLETE;closedShift=1;immutable=true,NOT_LOGGED_BY_LIVE_BUILD,64.27,55.20,NONE,TREND_PULLBACK,NO,M10_CANDIDATE_REJECTED:TRANSITION_WATCH:preferred=NONE:reason=buyCaseScore=64.3 sellCaseScore=55.2,SKIP,LDN,TREND_UP,LOCATION_RESET_PENDING,TRANSITION_WATCH,REENTRY_ALLOWED,NOT_REACHED,NOT_REACHED,NOT_REACHED,NOT_STARTED,NOT_REACHED,NOT_ATTEMPTED,48,FRESH,COMPLETE
2026.07.31 09:10:00,YES,1,COMPLETE;closedShift=1;immutable=true,NOT_LOGGED_BY_LIVE_BUILD,75.70,55.20,BUY,TREND_PULLBACK,NO,M10_CANDIDATE_REJECTED:TRANSITION_WATCH:preferred=BUY:reason=opposite score cleared 55 (buy=75.7 sell=55.2) but Adaptive Transition has not yet allowed entry; keep watching,SKIP,LDN,TREND_UP,LOCATION_RESET_PENDING,TRANSITION_WATCH,REENTRY_ALLOWED,NOT_REACHED,NOT_REACHED,NOT_REACHED,NOT_STARTED,NOT_REACHED,NOT_ATTEMPTED,49,FRESH,COMPLETE
2026.07.31 09:20:00,YES,1,COMPLETE;closedShift=1;immutable=true,NOT_LOGGED_BY_LIVE_BUILD,88.41,55.20,BUY,TREND_PULLBACK,NO,M10_CANDIDATE_REJECTED:TRANSITION_WATCH:preferred=BUY:reason=opposite score cleared 55 (buy=88.4 sell=55.2) but Adaptive Transition has not yet allowed entry; keep watching,SKIP,LDN,TREND_UP,LOCATION_RESET_PENDING,TRANSITION_WATCH,WAITING_FOR_PULLBACK,NOT_REACHED,NOT_REACHED,NOT_REACHED,NOT_STARTED,NOT_REACHED,NOT_ATTEMPTED,50,FRESH,COMPLETE
2026.07.31 09:30:00,NO,0,NOT_EVALUATED,NOT_EVALUATED,,,,NONE,NO,NO_COMPLETED_SCAN_IN_LIVE_LOG,NOT_CLASSIFIED,LDN,NOT_CLASSIFIED,NOT_CLASSIFIED,NOT_EVALUATED,NOT_EVALUATED,NOT_REACHED,NOT_REACHED,NOT_REACHED,NOT_STARTED,NOT_REACHED,NOT_ATTEMPTED,,,
2026.07.31 09:40:00,NO,0,NOT_EVALUATED,NOT_EVALUATED,,,,NONE,NO,NO_COMPLETED_SCAN_IN_LIVE_LOG,NOT_CLASSIFIED,LDN,NOT_CLASSIFIED,NOT_CLASSIFIED,NOT_EVALUATED,NOT_EVALUATED,NOT_REACHED,NOT_REACHED,NOT_REACHED,NOT_STARTED,NOT_REACHED,NOT_ATTEMPTED,,,
2026.07.31 09:50:00,NO,0,NOT_EVALUATED,NOT_EVALUATED,,,,NONE,NO,NO_COMPLETED_SCAN_IN_LIVE_LOG,NOT_CLASSIFIED,LDN,NOT_CLASSIFIED,NOT_CLASSIFIED,NOT_EVALUATED,NOT_EVALUATED,NOT_REACHED,NOT_REACHED,NOT_REACHED,NOT_STARTED,NOT_REACHED,NOT_ATTEMPTED,,,
2026.07.31 10:00:00,NO,0,NOT_EVALUATED,NOT_EVALUATED,,,,NONE,NO,NO_COMPLETED_SCAN_IN_LIVE_LOG,NOT_CLASSIFIED,LDN,NOT_CLASSIFIED,NOT_CLASSIFIED,NOT_EVALUATED,NOT_EVALUATED,NOT_REACHED,NOT_REACHED,NOT_REACHED,NOT_STARTED,NOT_REACHED,NOT_ATTEMPTED,,,
2026.07.31 10:10:00,NO,0,NOT_EVALUATED,NOT_EVALUATED,,,,NONE,NO,NO_COMPLETED_SCAN_IN_LIVE_LOG,NOT_CLASSIFIED,LDN,NOT_CLASSIFIED,NOT_CLASSIFIED,NOT_EVALUATED,NOT_EVALUATED,NOT_REACHED,NOT_REACHED,NOT_REACHED,NOT_STARTED,NOT_REACHED,NOT_ATTEMPTED,,,
2026.07.31 10:20:00,NO,0,NOT_EVALUATED,NOT_EVALUATED,,,,NONE,NO,NO_COMPLETED_SCAN_IN_LIVE_LOG,NOT_CLASSIFIED,FIX,NOT_CLASSIFIED,NOT_CLASSIFIED,NOT_EVALUATED,NOT_EVALUATED,NOT_REACHED,NOT_REACHED,NOT_REACHED,NOT_STARTED,NOT_REACHED,NOT_ATTEMPTED,,,
2026.07.31 10:30:00,NO,0,NOT_EVALUATED,NOT_EVALUATED,,,,NONE,NO,NO_COMPLETED_SCAN_IN_LIVE_LOG,NOT_CLASSIFIED,FIX,NOT_CLASSIFIED,NOT_CLASSIFIED,NOT_EVALUATED,NOT_EVALUATED,NOT_REACHED,NOT_REACHED,NOT_REACHED,NOT_STARTED,NOT_REACHED,NOT_ATTEMPTED,,,
2026.07.31 10:40:00,NO,0,NOT_EVALUATED,NOT_EVALUATED,,,,NONE,NO,NO_COMPLETED_SCAN_IN_LIVE_LOG,NOT_CLASSIFIED,FIX,NOT_CLASSIFIED,NOT_CLASSIFIED,NOT_EVALUATED,NOT_EVALUATED,NOT_REACHED,NOT_REACHED,NOT_REACHED,NOT_STARTED,NOT_REACHED,NOT_ATTEMPTED,,,
2026.07.31 10:50:00,NO,0,NOT_EVALUATED,NOT_EVALUATED,,,,NONE,NO,NO_COMPLETED_SCAN_IN_LIVE_LOG,NOT_CLASSIFIED,FIX,NOT_CLASSIFIED,NOT_CLASSIFIED,NOT_EVALUATED,NOT_EVALUATED,NOT_REACHED,NOT_REACHED,NOT_REACHED,NOT_STARTED,NOT_REACHED,NOT_ATTEMPTED,,,
2026.07.31 11:00:00,NO,0,NOT_EVALUATED,NOT_EVALUATED,,,,NONE,NO,NO_COMPLETED_SCAN_IN_LIVE_LOG,NOT_CLASSIFIED,LDN,NOT_CLASSIFIED,NOT_CLASSIFIED,NOT_EVALUATED,NOT_EVALUATED,NOT_REACHED,NOT_REACHED,NOT_REACHED,NOT_STARTED,NOT_REACHED,NOT_ATTEMPTED,,,
2026.07.31 11:10:00,NO,0,NOT_EVALUATED,NOT_EVALUATED,,,,NONE,NO,NO_COMPLETED_SCAN_IN_LIVE_LOG,NOT_CLASSIFIED,LDN,NOT_CLASSIFIED,NOT_CLASSIFIED,NOT_EVALUATED,NOT_EVALUATED,NOT_REACHED,NOT_REACHED,NOT_REACHED,NOT_STARTED,NOT_REACHED,NOT_ATTEMPTED,,,
2026.07.31 11:20:00,NO,0,NOT_EVALUATED,NOT_EVALUATED,,,,NONE,NO,NO_COMPLETED_SCAN_IN_LIVE_LOG,NOT_CLASSIFIED,LDN,NOT_CLASSIFIED,NOT_CLASSIFIED,NOT_EVALUATED,NOT_EVALUATED,NOT_REACHED,NOT_REACHED,NOT_REACHED,NOT_STARTED,NOT_REACHED,NOT_ATTEMPTED,,,
2026.07.31 11:30:00,NO,0,NOT_EVALUATED,NOT_EVALUATED,,,,NONE,NO,NO_COMPLETED_SCAN_IN_LIVE_LOG,NOT_CLASSIFIED,LDN,NOT_CLASSIFIED,NOT_CLASSIFIED,NOT_EVALUATED,NOT_EVALUATED,NOT_REACHED,NOT_REACHED,NOT_REACHED,NOT_STARTED,NOT_REACHED,NOT_ATTEMPTED,,,
2026.07.31 11:40:00,NO,0,NOT_EVALUATED,NOT_EVALUATED,,,,NONE,NO,NO_COMPLETED_SCAN_IN_LIVE_LOG,NOT_CLASSIFIED,LDN,NOT_CLASSIFIED,NOT_CLASSIFIED,NOT_EVALUATED,NOT_EVALUATED,NOT_REACHED,NOT_REACHED,NOT_REACHED,NOT_STARTED,NOT_REACHED,NOT_ATTEMPTED,,,
2026.07.31 11:50:00,NO,0,NOT_EVALUATED,NOT_EVALUATED,,,,NONE,NO,NO_COMPLETED_SCAN_IN_LIVE_LOG,NOT_CLASSIFIED,LDN,NOT_CLASSIFIED,NOT_CLASSIFIED,NOT_EVALUATED,NOT_EVALUATED,NOT_REACHED,NOT_REACHED,NOT_REACHED,NOT_STARTED,NOT_REACHED,NOT_ATTEMPTED,,,
2026.07.31 12:00:00,NO,0,NOT_EVALUATED,NOT_EVALUATED,,,,NONE,NO,NO_COMPLETED_SCAN_IN_LIVE_LOG,NOT_CLASSIFIED,LDN,NOT_CLASSIFIED,NOT_CLASSIFIED,NOT_EVALUATED,NOT_EVALUATED,NOT_REACHED,NOT_REACHED,NOT_REACHED,NOT_STARTED,NOT_REACHED,NOT_ATTEMPTED,,,
2026.07.31 12:10:00,NO,0,NOT_EVALUATED,NOT_EVALUATED,,,,NONE,NO,NO_COMPLETED_SCAN_IN_LIVE_LOG,NOT_CLASSIFIED,LDN,NOT_CLASSIFIED,NOT_CLASSIFIED,NOT_EVALUATED,NOT_EVALUATED,NOT_REACHED,NOT_REACHED,NOT_REACHED,NOT_STARTED,NOT_REACHED,NOT_ATTEMPTED,,,
2026.07.31 12:20:00,NO,0,NOT_EVALUATED,NOT_EVALUATED,,,,NONE,NO,NO_COMPLETED_SCAN_IN_LIVE_LOG,NOT_CLASSIFIED,LDN,NOT_CLASSIFIED,NOT_CLASSIFIED,NOT_EVALUATED,NOT_EVALUATED,NOT_REACHED,NOT_REACHED,NOT_REACHED,NOT_STARTED,NOT_REACHED,NOT_ATTEMPTED,,,
2026.07.31 12:30:00,NO,0,NOT_EVALUATED,NOT_EVALUATED,,,,NONE,NO,NO_COMPLETED_SCAN_IN_LIVE_LOG,NOT_CLASSIFIED,LDN,NOT_CLASSIFIED,NOT_CLASSIFIED,NOT_EVALUATED,NOT_EVALUATED,NOT_REACHED,NOT_REACHED,NOT_REACHED,NOT_STARTED,NOT_REACHED,NOT_ATTEMPTED,,,
2026.07.31 12:40:00,NO,0,NOT_EVALUATED,NOT_EVALUATED,,,,NONE,NO,NO_COMPLETED_SCAN_IN_LIVE_LOG,NOT_CLASSIFIED,LDN,NOT_CLASSIFIED,NOT_CLASSIFIED,NOT_EVALUATED,NOT_EVALUATED,NOT_REACHED,NOT_REACHED,NOT_REACHED,NOT_STARTED,NOT_REACHED,NOT_ATTEMPTED,,,
2026.07.31 12:50:00,NO,0,NOT_EVALUATED,NOT_EVALUATED,,,,NONE,NO,NO_COMPLETED_SCAN_IN_LIVE_LOG,NOT_CLASSIFIED,LDN,NOT_CLASSIFIED,NOT_CLASSIFIED,NOT_EVALUATED,NOT_EVALUATED,NOT_REACHED,NOT_REACHED,NOT_REACHED,NOT_STARTED,NOT_REACHED,NOT_ATTEMPTED,,,
2026.07.31 13:00:00,YES,1,COMPLETE;closedShift=1;immutable=true,selected=3.50;combined=3.77,41.25,56.16,SELL,TREND_PULLBACK,YES,,B,NY,TREND_DN,LOCATION_EXTREME,WAIT_FOR_SELL_RETRACE,WAIT_FOR_SELL_RETRACE,NOT_REACHED,NOT_REACHED,CANCEL_TIMER_EXPIRED,EXPIRED,NOT_REACHED,NOT_ATTEMPTED,1,FRESH,COMPLETE
2026.07.31 13:10:00,YES,1,COMPLETE;closedShift=1;immutable=true,NOT_LOGGED_BY_LIVE_BUILD,58.34,40.83,BUY,TREND_PULLBACK,NO,M10_CANDIDATE_REJECTED:TRANSITION_WATCH:preferred=BUY:reason=opposite score cleared 55 (buy=58.3 sell=40.8) but Adaptive Transition has not yet allowed entry; keep watching,SKIP,NY,TREND_DN,LOCATION_RESET_PENDING,TRANSITION_WATCH,ENTRY_ZONE_AVAILABLE,NOT_REACHED,NOT_REACHED,NOT_REACHED,NOT_STARTED,NOT_REACHED,NOT_ATTEMPTED,2,FRESH,COMPLETE
2026.07.31 13:20:00,YES,1,COMPLETE;closedShift=1;immutable=true,NOT_LOGGED_BY_LIVE_BUILD,47.57,40.14,NONE,TREND_PULLBACK,NO,M10_CANDIDATE_REJECTED:TRANSITION_WATCH:preferred=NONE:reason=buyCaseScore=47.6 sellCaseScore=40.1,SKIP,NY,TREND_DN,LOCATION_RESET_PENDING,TRANSITION_WATCH,REENTRY_ALLOWED,NOT_REACHED,NOT_REACHED,NOT_REACHED,NOT_STARTED,NOT_REACHED,NOT_ATTEMPTED,3,FRESH,COMPLETE
2026.07.31 13:30:00,YES,1,COMPLETE;closedShift=1;immutable=true,NOT_LOGGED_BY_LIVE_BUILD,47.71,39.63,NONE,TREND_PULLBACK,NO,M10_CANDIDATE_REJECTED:TRANSITION_WATCH:preferred=NONE:reason=buyCaseScore=47.7 sellCaseScore=39.6,SKIP,NY,TREND_DN,LOCATION_RESET_PENDING,TRANSITION_WATCH,REENTRY_ALLOWED,NOT_REACHED,NOT_REACHED,NOT_REACHED,NOT_STARTED,NOT_REACHED,NOT_ATTEMPTED,4,FRESH,COMPLETE
2026.07.31 13:40:00,YES,1,COMPLETE;closedShift=1;immutable=true,NOT_LOGGED_BY_LIVE_BUILD,55.31,34.82,BUY,TREND_PULLBACK,NO,M10_CANDIDATE_REJECTED:TRANSITION_WATCH:preferred=BUY:reason=opposite score cleared 55 (buy=55.3 sell=34.8) but Adaptive Transition has not yet allowed entry; keep watching,SKIP,NY,TREND_DN,LOCATION_RESET_PENDING,TRANSITION_WATCH,REENTRY_ALLOWED,NOT_REACHED,NOT_REACHED,NOT_REACHED,NOT_STARTED,NOT_REACHED,NOT_ATTEMPTED,5,FRESH,COMPLETE
2026.07.31 13:50:00,YES,1,COMPLETE;closedShift=1;immutable=true,NOT_LOGGED_BY_LIVE_BUILD,58.07,30.30,BUY,TREND_PULLBACK,NO,M10_CANDIDATE_REJECTED:TRANSITION_WATCH:preferred=BUY:reason=opposite score cleared 55 (buy=58.1 sell=30.3) but Adaptive Transition has not yet allowed entry; keep watching,SKIP,NY,TREND_DN,LOCATION_RESET_PENDING,TRANSITION_WATCH,ENTRY_ZONE_AVAILABLE,NOT_REACHED,NOT_REACHED,NOT_REACHED,NOT_STARTED,NOT_REACHED,NOT_ATTEMPTED,6,FRESH,COMPLETE
2026.07.31 14:00:00,YES,1,COMPLETE;closedShift=1;immutable=true,NOT_LOGGED_BY_LIVE_BUILD,50.69,30.78,NONE,TREND_PULLBACK,NO,M10_CANDIDATE_REJECTED:NO_VALID_SIGNAL:preferred=NONE:reason=no executable directional case yet (buy=50.7 sell=30.8 threshold=55.0),SKIP,NY,TREND_DN,LOCATION_RESET_PENDING,NO_VALID_SIGNAL,ENTRY_ZONE_AVAILABLE,NOT_REACHED,NOT_REACHED,NOT_REACHED,NOT_STARTED,NOT_REACHED,NOT_ATTEMPTED,7,FRESH,COMPLETE
2026.07.31 14:10:00,YES,1,COMPLETE;closedShift=1;immutable=true,NOT_LOGGED_BY_LIVE_BUILD,62.92,32.98,BUY,TREND_PULLBACK,NO,M10_CANDIDATE_REJECTED:TRANSITION_WATCH:preferred=BUY:reason=opposite score cleared 55 (buy=62.9 sell=33.0) but Adaptive Transition has not yet allowed entry; keep watching,SKIP,NY,TREND_DN,LOCATION_RESET_PENDING,TRANSITION_WATCH,REENTRY_ALLOWED,NOT_REACHED,NOT_REACHED,NOT_REACHED,NOT_STARTED,NOT_REACHED,NOT_ATTEMPTED,8,FRESH,COMPLETE
2026.07.31 14:20:00,YES,1,COMPLETE;closedShift=1;immutable=true,NOT_LOGGED_BY_LIVE_BUILD,56.30,31.93,BUY,TREND_PULLBACK,NO,M10_CANDIDATE_REJECTED:TRANSITION_WATCH:preferred=BUY:reason=opposite score cleared 55 (buy=56.3 sell=31.9) but Adaptive Transition has not yet allowed entry; keep watching,SKIP,NY,TREND_DN,LOCATION_RESET_PENDING,TRANSITION_WATCH,ENTRY_ZONE_AVAILABLE,NOT_REACHED,NOT_REACHED,NOT_REACHED,NOT_STARTED,NOT_REACHED,NOT_ATTEMPTED,9,FRESH,COMPLETE
2026.07.31 14:30:00,YES,1,COMPLETE;closedShift=1;immutable=true,selected=6.86;combined=3.96,75.37,32.83,BUY,M10_ORIGINATED_CANDIDATE,YES,,B,NY,TREND_DN,LOCATION_RESET_PENDING,BUY_CANDIDATE,REENTRY_ALLOWED,NOT_REACHED,NOT_REACHED,STRUCTURAL_SL_BLOCK:NO_VALID_CLOSED_M10_SWING_INVALIDATION,COMPLETED,NOT_CONFIRMED,NOT_ATTEMPTED,10,FRESH,COMPLETE
2026.07.31 14:40:00,YES,1,COMPLETE;closedShift=1;immutable=true,selected=5.87;combined=3.32,60.62,30.56,BUY,M10_ORIGINATED_CANDIDATE,YES,,B,NY,TREND_DN,LOCATION_RESET_PENDING,BUY_CANDIDATE,REENTRY_ALLOWED,NOT_REACHED,NOT_REACHED,STRUCTURAL_SL_BLOCK:NO_VALID_CLOSED_M10_SWING_INVALIDATION,COMPLETED,NOT_CONFIRMED,NOT_ATTEMPTED,11,FRESH,COMPLETE
2026.07.31 14:50:00,YES,1,COMPLETE;closedShift=1;immutable=true,selected=5.73;combined=3.23,58.49,39.11,BUY,M10_ORIGINATED_CANDIDATE,YES,,B,NY,TREND_DN,LOCATION_RESET_CONFIRMED,BUY_CANDIDATE,REENTRY_ALLOWED,BLOCKED:PERM_BLOCK_GRADE_B_REVERSAL,NOT_REACHED,BLOCKED_BY_PERMANENT_POLICY,NOT_STARTED,NOT_REACHED,NOT_ATTEMPTED,12,FRESH,COMPLETE
2026.07.31 15:00:00,YES,1,COMPLETE;closedShift=1;immutable=true,selected=5.74;combined=3.23,58.55,39.86,BUY,LONDON_FIX_PIN,YES,,B,FIX,TREND_DN,LOCATION_RESET_CONFIRMED,BUY_CANDIDATE,REENTRY_ALLOWED,BLOCKED:PERM_BLOCK_GRADE_B_REVERSAL,NOT_REACHED,BLOCKED_BY_PERMANENT_POLICY,NOT_STARTED,NOT_REACHED,NOT_ATTEMPTED,13,FRESH,COMPLETE
2026.07.31 15:10:00,YES,1,COMPLETE;closedShift=1;immutable=true,selected=6.86;combined=3.96,75.41,41.68,BUY,M10_ORIGINATED_CANDIDATE,YES,,B,FIX,TREND_DN,LOCATION_RESET_PENDING,BUY_CANDIDATE,ENTRY_ZONE_AVAILABLE,NOT_REACHED,NOT_REACHED,PERM_BLOCK_GRADE_B_REVERSAL,NOT_STARTED,NOT_REACHED,NOT_ATTEMPTED,14,FRESH,COMPLETE
2026.07.31 15:20:00,YES,1,COMPLETE;closedShift=1;immutable=true,selected=5.89;combined=3.33,60.80,31.60,BUY,M10_ORIGINATED_CANDIDATE,YES,,B,NY,TREND_DN,LOCATION_RESET_PENDING,BUY_CANDIDATE,ENTRY_ZONE_AVAILABLE,NOT_REACHED,NOT_REACHED,PENDING_DOWNSTREAM_GATES,NOT_STARTED,NOT_REACHED,NOT_ATTEMPTED,15,FRESH,COMPLETE
2026.07.31 15:30:00,YES,2,COMPLETE;closedShift=1;immutable=true,NOT_LOGGED_BY_LIVE_BUILD,52.37,38.19,NONE,TREND_PULLBACK,NO,M10_CANDIDATE_REJECTED:NO_VALID_SIGNAL:preferred=NONE:reason=no executable directional case yet (buy=52.4 sell=38.2 threshold=55.0),SKIP,NY,TREND_DN,LOCATION_RESET_PENDING,NO_VALID_SIGNAL,ENTRY_ZONE_AVAILABLE,NOT_REACHED,NOT_REACHED,NOT_REACHED,NOT_STARTED,NOT_REACHED,NOT_ATTEMPTED,1,FRESH,COMPLETE
2026.07.31 15:40:00,YES,1,COMPLETE;closedShift=1;immutable=true,NOT_LOGGED_BY_LIVE_BUILD,50.21,38.29,NONE,TREND_PULLBACK,NO,M10_CANDIDATE_REJECTED:NO_VALID_SIGNAL:preferred=NONE:reason=no executable directional case yet (buy=50.2 sell=38.3 threshold=55.0),SKIP,NY,TREND_DN,LOCATION_RESET_PENDING,NO_VALID_SIGNAL,ENTRY_ZONE_AVAILABLE,NOT_REACHED,NOT_REACHED,NOT_REACHED,NOT_STARTED,NOT_REACHED,NOT_ATTEMPTED,2,FRESH,COMPLETE
2026.07.31 15:50:00,YES,1,COMPLETE;closedShift=1;immutable=true,NOT_LOGGED_BY_LIVE_BUILD,49.96,38.12,NONE,BREAKOUT,NO,M10_CANDIDATE_REJECTED:NO_VALID_SIGNAL:preferred=NONE:reason=no executable directional case yet (buy=50.0 sell=38.1 threshold=55.0),SKIP,NY,BRKT_DN,LOCATION_RESET_PENDING,NO_VALID_SIGNAL,ENTRY_ZONE_AVAILABLE,NOT_REACHED,NOT_REACHED,NOT_REACHED,NOT_STARTED,NOT_REACHED,NOT_ATTEMPTED,3,FRESH,COMPLETE
2026.07.31 16:00:00,YES,1,COMPLETE;closedShift=1;immutable=true,NOT_LOGGED_BY_LIVE_BUILD,46.33,34.45,NONE,SQUEEZE_RELEASE,NO,M10_CANDIDATE_REJECTED:NO_VALID_SIGNAL:preferred=NONE:reason=no executable directional case yet (buy=46.3 sell=34.4 threshold=55.0),SKIP,NY,BRKT_DN,LOCATION_RESET_PENDING,NO_VALID_SIGNAL,ENTRY_ZONE_AVAILABLE,NOT_REACHED,NOT_REACHED,NOT_REACHED,NOT_STARTED,NOT_REACHED,NOT_ATTEMPTED,4,FRESH,COMPLETE
2026.07.31 16:10:00,YES,1,COMPLETE;closedShift=1;immutable=true,NOT_LOGGED_BY_LIVE_BUILD,41.75,38.58,NONE,BREAKOUT,NO,M10_CANDIDATE_REJECTED:TRANSITION_WATCH:preferred=NONE:reason=buyCaseScore=41.7 sellCaseScore=38.6,SKIP,NY,BRKT_DN,LOCATION_RESET_PENDING,TRANSITION_WATCH,WAITING_FOR_PULLBACK,NOT_REACHED,NOT_REACHED,NOT_REACHED,NOT_STARTED,NOT_REACHED,NOT_ATTEMPTED,5,FRESH,COMPLETE
2026.07.31 16:20:00,YES,1,COMPLETE;closedShift=1;immutable=true,NOT_LOGGED_BY_LIVE_BUILD,43.81,39.40,NONE,MULTI_EXTREME,NO,M10_CANDIDATE_REJECTED:TRANSITION_WATCH:preferred=NONE:reason=buyCaseScore=43.8 sellCaseScore=39.4,SKIP,NY,TREND_DN,LOCATION_RESET_PENDING,TRANSITION_WATCH,WAITING_FOR_PULLBACK,NOT_REACHED,NOT_REACHED,NOT_REACHED,NOT_STARTED,NOT_REACHED,NOT_ATTEMPTED,6,FRESH,COMPLETE
2026.07.31 16:30:00,YES,1,COMPLETE;closedShift=1;immutable=true,NOT_LOGGED_BY_LIVE_BUILD,68.89,41.28,BUY,SQUEEZE_RELEASE,NO,M10_CANDIDATE_REJECTED:TRANSITION_WATCH:preferred=BUY:reason=opposite score cleared 55 (buy=68.9 sell=41.3) but Adaptive Transition has not yet allowed entry; keep watching,SKIP,NY,TREND_DN,LOCATION_RESET_PENDING,TRANSITION_WATCH,REENTRY_ALLOWED,NOT_REACHED,NOT_REACHED,NOT_REACHED,NOT_STARTED,NOT_REACHED,NOT_ATTEMPTED,7,FRESH,COMPLETE
2026.07.31 16:40:00,YES,1,COMPLETE;closedShift=1;immutable=true,NOT_LOGGED_BY_LIVE_BUILD,53.00,38.36,NONE,BREAKOUT,NO,M10_CANDIDATE_REJECTED:NO_VALID_SIGNAL:preferred=NONE:reason=no executable directional case yet (buy=53.0 sell=38.4 threshold=55.0),SKIP,NY,BRKT_DN,LOCATION_RESET_PENDING,NO_VALID_SIGNAL,WAITING_FOR_PULLBACK,NOT_REACHED,NOT_REACHED,NOT_REACHED,NOT_STARTED,NOT_REACHED,NOT_ATTEMPTED,8,FRESH,COMPLETE
2026.07.31 16:50:00,YES,1,COMPLETE;closedShift=1;immutable=true,NOT_LOGGED_BY_LIVE_BUILD,50.98,38.50,NONE,BREAKOUT,NO,M10_CANDIDATE_REJECTED:NO_VALID_SIGNAL:preferred=NONE:reason=no executable directional case yet (buy=51.0 sell=38.5 threshold=55.0),SKIP,NY,BRKT_DN,LOCATION_RESET_PENDING,NO_VALID_SIGNAL,WAITING_FOR_PULLBACK,NOT_REACHED,NOT_REACHED,NOT_REACHED,NOT_STARTED,NOT_REACHED,NOT_ATTEMPTED,9,FRESH,COMPLETE
2026.07.31 17:00:00,YES,1,COMPLETE;closedShift=1;immutable=true,NOT_LOGGED_BY_LIVE_BUILD,51.16,39.17,NONE,MULTI_EXTREME,NO,M10_CANDIDATE_REJECTED:NO_VALID_SIGNAL:preferred=NONE:reason=no executable directional case yet (buy=51.2 sell=39.2 threshold=55.0),SKIP,LATE,TREND_DN,LOCATION_RESET_PENDING,NO_VALID_SIGNAL,WAITING_FOR_PULLBACK,NOT_REACHED,NOT_REACHED,NOT_REACHED,NOT_STARTED,NOT_REACHED,NOT_ATTEMPTED,10,FRESH,COMPLETE
2026.07.31 17:10:00,YES,1,COMPLETE;closedShift=1;immutable=true,NOT_LOGGED_BY_LIVE_BUILD,53.41,39.93,NONE,SQUEEZE_RELEASE,NO,M10_CANDIDATE_REJECTED:NO_VALID_SIGNAL:preferred=NONE:reason=no executable directional case yet (buy=53.4 sell=39.9 threshold=55.0),SKIP,LATE,TREND_DN,LOCATION_RESET_PENDING,NO_VALID_SIGNAL,WAITING_FOR_PULLBACK,NOT_REACHED,NOT_REACHED,NOT_REACHED,NOT_STARTED,NOT_REACHED,NOT_ATTEMPTED,11,FRESH,COMPLETE
2026.07.31 17:20:00,YES,1,COMPLETE;closedShift=1;immutable=true,NOT_LOGGED_BY_LIVE_BUILD,71.50,41.60,BUY,SQUEEZE_RELEASE,NO,M10_CANDIDATE_REJECTED:TRANSITION_WATCH:preferred=BUY:reason=opposite score cleared 55 (buy=71.5 sell=41.6) but Adaptive Transition has not yet allowed entry; keep watching,SKIP,LATE,TREND_DN,LOCATION_RESET_PENDING,TRANSITION_WATCH,REENTRY_ALLOWED,NOT_REACHED,NOT_REACHED,NOT_REACHED,NOT_STARTED,NOT_REACHED,NOT_ATTEMPTED,12,FRESH,COMPLETE
2026.07.31 17:30:00,YES,1,COMPLETE;closedShift=1;immutable=true,NOT_LOGGED_BY_LIVE_BUILD,69.39,38.56,BUY,SQUEEZE_RELEASE,NO,M10_CANDIDATE_REJECTED:TRANSITION_WATCH:preferred=BUY:reason=opposite score cleared 55 (buy=69.4 sell=38.6) but Adaptive Transition has not yet allowed entry; keep watching,SKIP,LATE,TREND_DN,LOCATION_RESET_PENDING,TRANSITION_WATCH,REENTRY_ALLOWED,NOT_REACHED,NOT_REACHED,NOT_REACHED,NOT_STARTED,NOT_REACHED,NOT_ATTEMPTED,13,FRESH,COMPLETE
2026.07.31 17:40:00,YES,1,COMPLETE;closedShift=1;immutable=true,NOT_LOGGED_BY_LIVE_BUILD,61.52,27.52,BUY,SQUEEZE_RELEASE,NO,M10_CANDIDATE_REJECTED:TRANSITION_WATCH:preferred=BUY:reason=opposite score cleared 55 (buy=61.5 sell=27.5) but Adaptive Transition has not yet allowed entry; keep watching,SKIP,LATE,TREND_DN,LOCATION_RESET_PENDING,TRANSITION_WATCH,REENTRY_ALLOWED,NOT_REACHED,NOT_REACHED,NOT_REACHED,NOT_STARTED,NOT_REACHED,NOT_ATTEMPTED,14,FRESH,COMPLETE
2026.07.31 17:50:00,YES,1,COMPLETE;closedShift=1;immutable=true,NOT_LOGGED_BY_LIVE_BUILD,59.84,28.67,BUY,TREND_PULLBACK,NO,M10_CANDIDATE_REJECTED:TRANSITION_WATCH:preferred=BUY:reason=opposite score cleared 55 (buy=59.8 sell=28.7) but Adaptive Transition has not yet allowed entry; keep watching,SKIP,LATE,TREND_DN,LOCATION_RESET_PENDING,TRANSITION_WATCH,WAITING_FOR_PULLBACK,NOT_REACHED,NOT_REACHED,NOT_REACHED,NOT_STARTED,NOT_REACHED,NOT_ATTEMPTED,15,FRESH,COMPLETE
2026.07.31 18:00:00,YES,1,COMPLETE;closedShift=1;immutable=true,NOT_LOGGED_BY_LIVE_BUILD,70.97,25.66,BUY,TREND_PULLBACK,NO,M10_CANDIDATE_REJECTED:TRANSITION_WATCH:preferred=BUY:reason=opposite score cleared 55 (buy=71.0 sell=25.7) but Adaptive Transition has not yet allowed entry; keep watching,SKIP,LATE,TREND_DN,LOCATION_RESET_PENDING,TRANSITION_WATCH,WAITING_FOR_PULLBACK,NOT_REACHED,NOT_REACHED,NOT_REACHED,NOT_STARTED,NOT_REACHED,NOT_ATTEMPTED,16,FRESH,COMPLETE
2026.07.31 18:10:00,YES,1,COMPLETE;closedShift=1;immutable=true,NOT_LOGGED_BY_LIVE_BUILD,56.03,24.68,BUY,TREND_PULLBACK,NO,M10_CANDIDATE_REJECTED:TRANSITION_WATCH:preferred=BUY:reason=opposite score cleared 55 (buy=56.0 sell=24.7) but Adaptive Transition has not yet allowed entry; keep watching,SKIP,LATE,TREND_DN,LOCATION_RESET_PENDING,TRANSITION_WATCH,WAITING_FOR_PULLBACK,NOT_REACHED,NOT_REACHED,NOT_REACHED,NOT_STARTED,NOT_REACHED,NOT_ATTEMPTED,17,FRESH,COMPLETE
2026.07.31 18:20:00,YES,1,COMPLETE;closedShift=1;immutable=true,NOT_LOGGED_BY_LIVE_BUILD,55.78,24.66,BUY,TREND_PULLBACK,NO,M10_CANDIDATE_REJECTED:TRANSITION_WATCH:preferred=BUY:reason=opposite score cleared 55 (buy=55.8 sell=24.7) but Adaptive Transition has not yet allowed entry; keep watching,SKIP,LATE,TREND_DN,LOCATION_RESET_PENDING,TRANSITION_WATCH,WAITING_FOR_PULLBACK,NOT_REACHED,NOT_REACHED,NOT_REACHED,NOT_STARTED,NOT_REACHED,NOT_ATTEMPTED,18,FRESH,COMPLETE
2026.07.31 18:30:00,YES,1,COMPLETE;closedShift=1;immutable=true,NOT_LOGGED_BY_LIVE_BUILD,52.93,28.61,NONE,TREND_PULLBACK,NO,M10_CANDIDATE_REJECTED:NO_VALID_SIGNAL:preferred=NONE:reason=no executable directional case yet (buy=52.9 sell=28.6 threshold=55.0),SKIP,LATE,TREND_DN,LOCATION_RESET_PENDING,NO_VALID_SIGNAL,REENTRY_ALLOWED,NOT_REACHED,NOT_REACHED,NOT_REACHED,NOT_STARTED,NOT_REACHED,NOT_ATTEMPTED,19,FRESH,COMPLETE
2026.07.31 18:40:00,YES,1,COMPLETE;closedShift=1;immutable=true,NOT_LOGGED_BY_LIVE_BUILD,54.66,29.76,NONE,TREND_PULLBACK,NO,M10_CANDIDATE_REJECTED:NO_VALID_SIGNAL:preferred=NONE:reason=no executable directional case yet (buy=54.7 sell=29.8 threshold=55.0),SKIP,LATE,TREND_DN,LOCATION_RESET_PENDING,NO_VALID_SIGNAL,REENTRY_ALLOWED,NOT_REACHED,NOT_REACHED,NOT_REACHED,NOT_STARTED,NOT_REACHED,NOT_ATTEMPTED,20,FRESH,COMPLETE
2026.07.31 18:50:00,YES,1,COMPLETE;closedShift=1;immutable=true,NOT_LOGGED_BY_LIVE_BUILD,51.98,33.89,NONE,TREND_PULLBACK,NO,M10_CANDIDATE_REJECTED:NO_VALID_SIGNAL:preferred=NONE:reason=no executable directional case yet (buy=52.0 sell=33.9 threshold=55.0),SKIP,LATE,TREND_DN,LOCATION_RESET_PENDING,NO_VALID_SIGNAL,REENTRY_ALLOWED,NOT_REACHED,NOT_REACHED,NOT_REACHED,NOT_STARTED,NOT_REACHED,NOT_ATTEMPTED,21,FRESH,COMPLETE
2026.07.31 19:00:00,YES,1,COMPLETE;closedShift=1;immutable=true,selected=5.77;combined=3.25,66.51,35.01,BUY,M10_ORIGINATED_CANDIDATE,YES,,B,LATE,TREND_DN,LOCATION_RESET_CONFIRMED,BUY_CANDIDATE,REENTRY_ALLOWED,NOT_REACHED,BLOCKED:OWNER_LATE_SESSION_QUALITY_BLOCK,BLOCKED:OWNER_LATE_SESSION_QUALITY_BLOCK,NOT_STARTED,NOT_REACHED,NOT_ATTEMPTED,22,FRESH,COMPLETE
2026.07.31 19:10:00,YES,1,COMPLETE;closedShift=1;immutable=true,NOT_LOGGED_BY_LIVE_BUILD,52.61,39.73,NONE,TREND_PULLBACK,NO,M10_CANDIDATE_REJECTED:NO_VALID_SIGNAL:preferred=NONE:reason=no executable directional case yet (buy=52.6 sell=39.7 threshold=55.0),SKIP,LATE,TREND_DN,LOCATION_RESET_PENDING,NO_VALID_SIGNAL,REENTRY_ALLOWED,NOT_REACHED,NOT_REACHED,NOT_REACHED,NOT_STARTED,NOT_REACHED,NOT_ATTEMPTED,23,FRESH,COMPLETE
2026.07.31 19:20:00,YES,1,COMPLETE;closedShift=1;immutable=true,selected=5.44;combined=3.03,61.54,41.31,BUY,M10_ORIGINATED_CANDIDATE,YES,,B,LATE,TREND_DN,LOCATION_RESET_CONFIRMED,BUY_CANDIDATE,REENTRY_ALLOWED,BLOCKED:PERM_BLOCK_GRADE_B_REVERSAL,NOT_REACHED,BLOCKED_BY_PERMANENT_POLICY,NOT_STARTED,NOT_REACHED,NOT_ATTEMPTED,24,FRESH,COMPLETE
2026.07.31 19:30:00,YES,1,COMPLETE;closedShift=1;immutable=true,NOT_LOGGED_BY_LIVE_BUILD,60.77,37.32,BUY,TREND_PULLBACK,NO,M10_CANDIDATE_REJECTED:TRANSITION_WATCH:preferred=BUY:reason=opposite score cleared 55 (buy=60.8 sell=37.3) but Adaptive Transition has not yet allowed entry; keep watching,SKIP,LATE,TREND_DN,LOCATION_RESET_PENDING,TRANSITION_WATCH,REENTRY_ALLOWED,NOT_REACHED,NOT_REACHED,NOT_REACHED,NOT_STARTED,NOT_REACHED,NOT_ATTEMPTED,25,FRESH,COMPLETE
2026.07.31 19:40:00,YES,1,COMPLETE;closedShift=1;immutable=true,NOT_LOGGED_BY_LIVE_BUILD,52.11,37.76,NONE,TREND_PULLBACK,NO,M10_CANDIDATE_REJECTED:NO_VALID_SIGNAL:preferred=NONE:reason=no executable directional case yet (buy=52.1 sell=37.8 threshold=55.0),SKIP,LATE,TREND_DN,LOCATION_RESET_PENDING,NO_VALID_SIGNAL,REENTRY_ALLOWED,NOT_REACHED,NOT_REACHED,NOT_REACHED,NOT_STARTED,NOT_REACHED,NOT_ATTEMPTED,26,FRESH,COMPLETE
2026.07.31 19:50:00,YES,1,COMPLETE;closedShift=1;immutable=true,NOT_LOGGED_BY_LIVE_BUILD,53.81,36.76,NONE,TREND_PULLBACK,NO,M10_CANDIDATE_REJECTED:NO_VALID_SIGNAL:preferred=NONE:reason=no executable directional case yet (buy=53.8 sell=36.8 threshold=55.0),SKIP,LATE,TREND_DN,LOCATION_RESET_PENDING,NO_VALID_SIGNAL,REENTRY_ALLOWED,NOT_REACHED,NOT_REACHED,NOT_REACHED,NOT_STARTED,NOT_REACHED,NOT_ATTEMPTED,27,FRESH,COMPLETE
