position_id,entry_time,close_time,split,learning_eligible,trade_role,campaign_id,candidate_id,symbol,direction,setup,grade,regime,session,entry_hour,signature,entry_price,lots,original_structural_sl,original_one_r_distance,risk_usd,spread_points,spread_atr,news_phase,bias_direction,bos_direction,thesis_location,thesis_exhaustion,thesis_timing,thesis_htf,thesis_structure,thesis_pressure,thesis_action,exit_price,final_pnl_usd,peak_profit_usd,worst_floating_usd,peak_r,realized_r,outcome,exit_reason,result_class,ea_version,build_hash,collection_run_id,data_status
2,2026-04-22 13:12:33,2026-04-22 16:01:52,TRAIN_60D,Y,CORE,1,CORE|BAR=1776862800|GEN=75,XAUUSD,SELL,TREND_PULLBACK,A+,1,NY,13,TB2|ROLE=CORE|EXEC=SELL|DECISION=SELL|ORIG=SELL|INV=N|REGIME=REGIME_TRENDING_DOWN|SETUP=TREND_PULLBACK|GRADE=A+|SESSION=NY|BIAS=ALIGNED|BOS=ALIGNED|LOC=LOCATION_EXTREME|EXH=EXHAUSTION_MODERATE|TIM=TIMING_WAIT_PULLBACK|HTF=HTF_TRANSITIONING|STRUCT=STRUCTURE_SUPPORTS|PRESS=PRESSURE_TRANSITIONING|ACTION=TRANSITION_WATCH,4748.50000,0.56,4766.20000,17.69606,990.98,7.0,0.01369,ANP_NONE,-1,-1,LOCATION_EXTREME,EXHAUSTION_MODERATE,TIMING_WAIT_PULLBACK,HTF_TRANSITIONING,STRUCTURE_SUPPORTS,PRESSURE_TRANSITIONING,TRANSITION_WATCH,4743.31000,290.64,356.72,-701.12,0.359966901451,0.293285434620,WEAK_RECOVERY_WIN,PROFIT_CLOSE | EA_MARKET_CLOSE | bestFloating=356.72 shieldArmed=N,WIN,v6.25.24,v62524-replay-consolidated-root-repair-20260722,V62524_M10_90D_20260422_20260721_RUN1,ENTRY_DATA_PRESENT
4,2026-04-23 01:52:31,2026-04-23 02:12:20,TRAIN_60D,Y,CORE,2,CORE|BAR=1776908400|GEN=139,XAUUSD,SELL,TREND_PULLBACK,A+,1,ASIA,1,TB2|ROLE=CORE|EXEC=SELL|DECISION=SELL|ORIG=SELL|INV=N|REGIME=REGIME_TRENDING_DOWN|SETUP=TREND_PULLBACK|GRADE=A+|SESSION=ASIA|BIAS=ALIGNED|BOS=ALIGNED|LOC=LOCATION_GOOD|EXH=EXHAUSTION_MODERATE|TIM=TIMING_READY|HTF=HTF_NEUTRAL|STRUCT=STRUCTURE_SUPPORTS|PRESS=SELL_PRESSURE_STRONG|ACTION=ALLOW_CORE,4730.70000,0.53,4749.79000,19.08750,1011.64,25.0,0.04184,ANP_NONE,-1,-1,LOCATION_GOOD,EXHAUSTION_MODERATE,TIMING_READY,HTF_NEUTRAL,STRUCTURE_SUPPORTS,SELL_PRESSURE_STRONG,ALLOW_CORE,4727.76000,155.82,367.82,-49.82,0.363587837571,0.154027124273,WIN,PROFIT_CLOSE | EA_MARKET_CLOSE | bestFloating=367.82 shieldArmed=N,WIN,v6.25.24,v62524-replay-consolidated-root-repair-20260722,V62524_M10_90D_20260422_20260721_RUN1,ENTRY_DATA_PRESENT
6,2026-04-23 02:32:33,2026-04-23 03:00:33,TRAIN_60D,Y,CORE,3,CORE|BAR=1776910800|GEN=143,XAUUSD,SELL,TREND_PULLBACK,A+,1,ASIA,2,TB2|ROLE=CORE|EXEC=SELL|DECISION=SELL|ORIG=SELL|INV=N|REGIME=REGIME_TRENDING_DOWN|SETUP=TREND_PULLBACK|GRADE=A+|SESSION=ASIA|BIAS=ALIGNED|BOS=ALIGNED|LOC=LOCATION_GOOD|EXH=EXHAUSTION_MODERATE|TIM=TIMING_READY|HTF=HTF_NEUTRAL|STRUCT=STRUCTURE_STRONGLY_SUPPORTS|PRESS=SELL_PRESSURE_STRONG|ACTION=ALLOW_CORE,4726.53000,1.43,4733.80000,7.27226,1039.94,27.0,0.05623,ANP_NONE,-1,-1,LOCATION_GOOD,EXHAUSTION_MODERATE,TIMING_READY,HTF_NEUTRAL,STRUCTURE_STRONGLY_SUPPORTS,SELL_PRESSURE_STRONG,ALLOW_CORE,4726.34000,27.17,353.21,-417.56,0.339644594880,0.026126507298,WEAK_RECOVERY_WIN,PROFIT_CLOSE | EA_MARKET_CLOSE | bestFloating=353.21 shieldArmed=N,WIN,v6.25.24,v62524-replay-consolidated-root-repair-20260722,V62524_M10_90D_20260422_20260721_RUN1,ENTRY_DATA_PRESENT
8,2026-04-23 08:12:33,2026-04-23 08:30:45,TRAIN_60D,Y,CORE,4,CORE|BAR=1776931200|GEN=177,XAUUSD,BUY,TREND_PULLBACK,A,1,LDN,8,TB2|ROLE=CORE|EXEC=BUY|DECISION=BUY|ORIG=BUY|INV=N|REGIME=REGIME_TRENDING_DOWN|SETUP=TREND_PULLBACK|GRADE=A|SESSION=LDN|BIAS=OPPOSED|BOS=OPPOSED|LOC=LOCATION_RESET_PENDING|EXH=EXHAUSTION_RESET_CONFIRMED|TIM=TIMING_WAIT_CONFIRMATION|HTF=HTF_TRANSITIONING|STRUCT=STRUCTURE_OPPOSES|PRESS=PRESSURE_TRANSITIONING|ACTION=TRANSITION_WATCH,4710.35000,0.69,4695.34000,15.01131,1035.78,17.0,0.03002,ANP_NONE,-1,-1,LOCATION_RESET_PENDING,EXHAUSTION_RESET_CONFIRMED,TIMING_WAIT_CONFIRMATION,HTF_TRANSITIONING,STRUCTURE_OPPOSES,PRESSURE_TRANSITIONING,TRANSITION_WATCH,4695.26000,-1041.21,-0.69,-1033.62,-0.000666164630,-1.005242425998,LOSS,BROKER_SL | bestFloating=-0.69 shieldArmed=N,LOSS,v6.25.24,v62524-replay-consolidated-root-repair-20260722,V62524_M10_90D_20260422_20260721_RUN1,ENTRY_DATA_PRESENT
10,2026-04-23 08:52:33,2026-04-23 10:04:58,TRAIN_60D,Y,CORE,5,CORE|BAR=1776933600|GEN=181,XAUUSD,BUY,M10_ORIGINATED_CANDIDATE,A,1,LDN,8,TB2|ROLE=CORE|EXEC=BUY|DECISION=BUY|ORIG=BUY|INV=N|REGIME=REGIME_TRENDING_DOWN|SETUP=M10_ORIGINATED_CANDIDATE|GRADE=A|SESSION=LDN|BIAS=OPPOSED|BOS=OPPOSED|LOC=LOCATION_RESET_PENDING|EXH=EXHAUSTION_RESET_CONFIRMED|TIM=TIMING_WAIT_CONFIRMATION|HTF=HTF_NEUTRAL|STRUCT=STRUCTURE_OPPOSES|PRESS=BUY_PRESSURE_STRONG|ACTION=OPPOSITE_DISCOVERY,4713.09000,0.36,4687.48000,25.61156,922.02,17.0,0.02990,ANP_NONE,-1,-1,LOCATION_RESET_PENDING,EXHAUSTION_RESET_CONFIRMED,TIMING_WAIT_CONFIRMATION,HTF_NEUTRAL,STRUCTURE_OPPOSES,BUY_PRESSURE_STRONG,OPPOSITE_DISCOVERY,4713.24000,5.40,291.24,-194.04,0.315871673066,0.005856705928,WEAK_RECOVERY_WIN,PROFIT_CLOSE | EA_MARKET_CLOSE | bestFloating=291.24 shieldArmed=N,WIN,v6.25.24,v62524-replay-consolidated-root-repair-20260722,V62524_M10_90D_20260422_20260721_RUN1,ENTRY_DATA_PRESENT
12,2026-04-23 11:02:33,2026-04-23 12:03:56,TRAIN_60D,Y,CORE,6,CORE|BAR=1776941400|GEN=194,XAUUSD,BUY,M10_ORIGINATED_CANDIDATE,B,1,LDN,11,TB2|ROLE=CORE|EXEC=BUY|DECISION=BUY|ORIG=BUY|INV=N|REGIME=REGIME_TRENDING_DOWN|SETUP=M10_ORIGINATED_CANDIDATE|GRADE=B|SESSION=LDN|BIAS=OPPOSED|BOS=OPPOSED|LOC=LOCATION_RESET_PENDING|EXH=EXHAUSTION_RESET_CONFIRMED|TIM=TIMING_WAIT_CONFIRMATION|HTF=HTF_NEUTRAL|STRUCT=STRUCTURE_OPPOSES|PRESS=BUY_PRESSURE_STRONG|ACTION=OPPOSITE_DISCOVERY,4720.96000,0.41,4698.02000,22.93804,940.46,17.0,0.02227,ANP_NONE,-1,-1,LOCATION_RESET_PENDING,EXHAUSTION_RESET_CONFIRMED,TIMING_WAIT_CONFIRMATION,HTF_NEUTRAL,STRUCTURE_OPPOSES,BUY_PRESSURE_STRONG,OPPOSITE_DISCOVERY,4697.70000,-953.66,90.20,-934.39,0.095910511877,-1.014035684665,LOSS,BROKER_SL | bestFloating=90.20 shieldArmed=N,LOSS,v6.25.24,v62524-replay-consolidated-root-repair-20260722,V62524_M10_90D_20260422_20260721_RUN1,ENTRY_DATA_PRESENT
14,2026-04-23 19:12:30,2026-04-23 20:20:52,TRAIN_60D,Y,CORE,7,CORE|BAR=1776970800|GEN=243,XAUUSD,SELL,TREND_PULLBACK,A+,1,LATE,19,TB2|ROLE=CORE|EXEC=SELL|DECISION=SELL|ORIG=SELL|INV=N|REGIME=REGIME_TRENDING_DOWN|SETUP=TREND_PULLBACK|GRADE=A+|SESSION=LATE|BIAS=ALIGNED|BOS=ALIGNED|LOC=LOCATION_GOOD|EXH=EXHAUSTION_MODERATE|TIM=TIMING_READY|HTF=HTF_NEUTRAL|STRUCT=STRUCTURE_SUPPORTS|PRESS=SELL_PRESSURE_MODERATE|ACTION=ALLOW_CORE,4722.30000,0.35,4746.33000,24.02944,841.03,4.0,0.00418,ANP_NONE,-1,-1,LOCATION_GOOD,EXHAUSTION_MODERATE,TIMING_READY,HTF_NEUTRAL,STRUCTURE_SUPPORTS,SELL_PRESSURE_MODERATE,ALLOW_CORE,4710.47000,414.05,616.00,-525.70,0.732435228232,0.492312997158,WIN,SL_MOD:GENERAL_10M_EXTENSION_RESTORE_ORIGINAL_SL | sl=4746.33 | spread=17 avgSpread=15.4 | trade=TREND_PULLBACK [A+] | EA_MARKET_CLOSE | bestFloating=616.00 shieldArmed=N,WIN,v6.25.24,v62524-replay-consolidated-root-repair-20260722,V62524_M10_90D_20260422_20260721_RUN1,ENTRY_DATA_PRESENT
16,2026-04-24 10:12:33,2026-04-24 10:50:00,TRAIN_60D,Y,CORE,8,CORE|BAR=1777024800|GEN=321,XAUUSD,BUY,M10_ORIGINATED_CANDIDATE,A,1,LDN,10,TB2|ROLE=CORE|EXEC=BUY|DECISION=BUY|ORIG=BUY|INV=N|REGIME=REGIME_TRENDING_DOWN|SETUP=M10_ORIGINATED_CANDIDATE|GRADE=A|SESSION=LDN|BIAS=OPPOSED|BOS=OPPOSED|LOC=LOCATION_RESET_PENDING|EXH=EXHAUSTION_RESET_CONFIRMED|TIM=TIMING_WAIT_RECLAIM|HTF=HTF_TRANSITIONING|STRUCT=STRUCTURE_OPPOSES|PRESS=PRESSURE_TRANSITIONING|ACTION=TRANSITION_WATCH,4680.20000,0.51,4662.88000,17.32269,883.46,17.0,0.02561,ANP_NONE,-1,-1,LOCATION_RESET_PENDING,EXHAUSTION_RESET_CONFIRMED,TIMING_WAIT_RECLAIM,HTF_TRANSITIONING,STRUCTURE_OPPOSES,PRESSURE_TRANSITIONING,TRANSITION_WATCH,4691.03000,552.33,599.25,-96.90,0.678298960904,0.625189595454,WIN,PROFIT_CLOSE | EA_MARKET_CLOSE | bestFloating=599.25 shieldArmed=N,WIN,v6.25.24,v62524-replay-consolidated-root-repair-20260722,V62524_M10_90D_20260422_20260721_RUN1,ENTRY_DATA_PRESENT
18,2026-04-27 11:42:33,2026-04-27 12:21:24,TRAIN_60D,Y,CORE,9,CORE|BAR=1777289400|GEN=444,XAUUSD,SELL,M10_ORIGINATED_CANDIDATE,B,0,LDN,11,TB2|ROLE=CORE|EXEC=SELL|DECISION=SELL|ORIG=SELL|INV=N|REGIME=REGIME_TRENDING_UP|SETUP=M10_ORIGINATED_CANDIDATE|GRADE=B|SESSION=LDN|BIAS=OPPOSED|BOS=OPPOSED|LOC=LOCATION_RESET_PENDING|EXH=EXHAUSTION_RESET_CONFIRMED|TIM=TIMING_WAIT_CONFIRMATION|HTF=HTF_TRANSITIONING|STRUCT=STRUCTURE_OPPOSES|PRESS=PRESSURE_TRANSITIONING|ACTION=TRANSITION_WATCH,4707.98000,0.71,4721.28000,13.29831,944.18,14.0,0.03173,ANP_NONE,1,1,LOCATION_RESET_PENDING,EXHAUSTION_RESET_CONFIRMED,TIMING_WAIT_CONFIRMATION,HTF_TRANSITIONING,STRUCTURE_OPPOSES,PRESSURE_TRANSITIONING,TRANSITION_WATCH,4705.20000,197.38,379.85,-494.16,0.402306763541,0.209049121989,WEAK_RECOVERY_WIN,SL_MOD:GENERAL_10M_EXTENSION_RESTORE_ORIGINAL_SL | sl=4721.28 | spread=17 avgSpread=13.7 | trade=M10_ORIGINATED_CANDIDATE [B] | EA_MARKET_CLOSE | bestFloating=379.85 shieldArmed=N,WIN,v6.25.24,v62524-replay-consolidated-root-repair-20260722,V62524_M10_90D_20260422_20260721_RUN1,ENTRY_DATA_PRESENT
20,2026-04-27 21:02:33,2026-04-28 01:16:09,TRAIN_60D,Y,CORE,10,CORE|BAR=1777323000|GEN=500,XAUUSD,BUY,M10_ORIGINATED_CANDIDATE,A,1,LATE,21,TB2|ROLE=CORE|EXEC=BUY|DECISION=BUY|ORIG=BUY|INV=N|REGIME=REGIME_TRENDING_DOWN|SETUP=M10_ORIGINATED_CANDIDATE|GRADE=A|SESSION=LATE|BIAS=OPPOSED|BOS=OPPOSED|LOC=LOCATION_RESET_PENDING|EXH=EXHAUSTION_RESET_CONFIRMED|TIM=TIMING_WAIT_CONFIRMATION|HTF=HTF_TRANSITIONING|STRUCT=STRUCTURE_OPPOSES|PRESS=PRESSURE_TRANSITIONING|ACTION=TRANSITION_WATCH,4681.73000,0.55,4664.50000,17.22900,947.60,17.0,0.03119,ANP_NONE,-1,-1,LOCATION_RESET_PENDING,EXHAUSTION_RESET_CONFIRMED,TIMING_WAIT_CONFIRMATION,HTF_TRANSITIONING,STRUCTURE_OPPOSES,PRESSURE_TRANSITIONING,TRANSITION_WATCH,4688.52000,366.52,514.47,-278.30,0.542918953145,0.386787674124,WIN,PROFIT_CLOSE | EA_MARKET_CLOSE | bestFloating=514.47 shieldArmed=N,WIN,v6.25.24,v62524-replay-consolidated-root-repair-20260722,V62524_M10_90D_20260422_20260721_RUN1,ENTRY_DATA_PRESENT
22,2026-04-28 20:22:33,2026-04-28 20:34:45,TRAIN_60D,Y,CORE,11,CORE|BAR=1777407000|GEN=628,XAUUSD,BUY,M10_ORIGINATED_CANDIDATE,A,1,LATE,20,TB2|ROLE=CORE|EXEC=BUY|DECISION=BUY|ORIG=BUY|INV=N|REGIME=REGIME_TRENDING_DOWN|SETUP=M10_ORIGINATED_CANDIDATE|GRADE=A|SESSION=LATE|BIAS=OPPOSED|BOS=OPPOSED|LOC=LOCATION_RESET_PENDING|EXH=EXHAUSTION_RESET_CONFIRMED|TIM=TIMING_WAIT_CONFIRMATION|HTF=HTF_NEUTRAL|STRUCT=STRUCTURE_OPPOSES|PRESS=BUY_PRESSURE_STRONG|ACTION=OPPOSITE_DISCOVERY,4589.76000,0.81,4577.41000,12.35421,1000.69,17.0,0.02372,ANP_NONE,-1,-1,LOCATION_RESET_PENDING,EXHAUSTION_RESET_CONFIRMED,TIMING_WAIT_CONFIRMATION,HTF_NEUTRAL,STRUCTURE_OPPOSES,BUY_PRESSURE_STRONG,OPPOSITE_DISCOVERY,4595.84000,492.48,599.40,-33.21,0.598986699178,0.492140423108,WIN,SL_MOD:GENERAL_10M_EXTENSION_RESTORE_ORIGINAL_SL | sl=4577.41 | spread=4 avgSpread=4.9 | trade=M10_ORIGINATED_CANDIDATE [A] | EA_MARKET_CLOSE | bestFloating=599.40 shieldArmed=N,WIN,v6.25.24,v62524-replay-consolidated-root-repair-20260722,V62524_M10_90D_20260422_20260721_RUN1,ENTRY_DATA_PRESENT
24,2026-04-30 09:12:30,2026-04-30 09:31:35,TRAIN_60D,Y,CORE,12,CORE|BAR=1777539600|GEN=825,XAUUSD,BUY,TREND_PULLBACK,B,1,LDN,9,TB2|ROLE=CORE|EXEC=BUY|DECISION=BUY|ORIG=BUY|INV=N|REGIME=REGIME_TRENDING_DOWN|SETUP=TREND_PULLBACK|GRADE=B|SESSION=LDN|BIAS=OPPOSED|BOS=OPPOSED|LOC=LOCATION_ACCEPTABLE|EXH=EXHAUSTION_MODERATE|TIM=TIMING_READY|HTF=HTF_NEUTRAL|STRUCT=STRUCTURE_OPPOSES|PRESS=BUY_PRESSURE_MODERATE|ACTION=ALLOW_CORE,4564.47000,0.37,4536.23000,28.23801,1044.81,17.0,0.02472,ANP_NONE,-1,-1,LOCATION_ACCEPTABLE,EXHAUSTION_MODERATE,TIMING_READY,HTF_NEUTRAL,STRUCTURE_OPPOSES,BUY_PRESSURE_MODERATE,ALLOW_CORE,4573.99000,352.24,344.84,-29.60,0.330050439793,0.337133067256,WIN,SL_MOD:BASKET_050R_RESTORE_ORIGINAL_SL | sl=4556.82 | spread=17 avgSpread=14.2 | trade=TREND_PULLBACK [B] | EA_MARKET_CLOSE | EA_MARKET_CLOSE | bestFloating=344.84 shieldArmed=N,WIN,v6.25.24,v62524-replay-consolidated-root-repair-20260722,V62524_M10_90D_20260422_20260721_RUN1,ENTRY_DATA_PRESENT
25,2026-04-30 09:30:34,2026-04-30 09:31:35,TRAIN_60D,Y,PYRAMID,12,CAMP-12|BUY|ADD1|BAR1777540800,XAUUSD,BUY,PYRAMID_TWO_GATE,PYRAMID,1,LDN,9,TB2|ROLE=PYRAMID|DIR=BUY|REGIME=TREND_DN|SESSION=LDN|ADD=1|TIM=TIMING_READY|MOVE=MOVE_065_109|EXH=EXH_MODERATE|HTF=HTF_NEUTRAL|STRUCT=STRUCTURE_OPPOSES|PRESS=BUY_PRESSURE_STRONG,4571.48000,0.71,4556.82000,14.66426,1041.17,17.0,0.02428,ANP_NONE,0,-1,LOCATION_ACCEPTABLE,EXH_MODERATE,TIMING_READY,HTF_NEUTRAL,STRUCTURE_OPPOSES,BUY_PRESSURE_STRONG,PYRAMID_TIMING_PLUS_EXHAUSTION_APPROVED,4573.99000,178.21,164.01,-29.82,0.157524707781,0.171163210619,WIN,SL_MOD:BASKET_050R_RESTORE_ORIGINAL_SL | sl=4556.82 | spread=17 avgSpread=14.2 | trade=TREND_PULLBACK [B] | EA_MARKET_CLOSE | bestFloating=164.01 shieldArmed=N,WIN,v6.25.24,v62524-replay-consolidated-root-repair-20260722,V62524_M10_90D_20260422_20260721_RUN1,ENTRY_DATA_PRESENT
28,2026-04-30 09:42:33,2026-04-30 09:54:47,TRAIN_60D,Y,CORE,13,CORE|BAR=1777541400|GEN=828,XAUUSD,BUY,TREND_PULLBACK,B,1,LDN,9,TB2|ROLE=CORE|EXEC=BUY|DECISION=BUY|ORIG=BUY|INV=N|REGIME=REGIME_TRENDING_DOWN|SETUP=TREND_PULLBACK|GRADE=B|SESSION=LDN|BIAS=OPPOSED|BOS=OPPOSED|LOC=LOCATION_ACCEPTABLE|EXH=EXHAUSTION_MODERATE|TIM=TIMING_READY|HTF=HTF_NEUTRAL|STRUCT=STRUCTURE_OPPOSES|PRESS=BUY_PRESSURE_STRONG|ACTION=ALLOW_CORE,4575.15000,0.57,4556.03000,19.11763,1089.70,17.0,0.02337,ANP_NONE,-1,-1,LOCATION_ACCEPTABLE,EXHAUSTION_MODERATE,TIMING_READY,HTF_NEUTRAL,STRUCTURE_OPPOSES,BUY_PRESSURE_STRONG,ALLOW_CORE,4583.86000,496.47,491.34,-75.24,0.450894741672,0.455602459392,WIN,SL_MOD:BASKET_050R_RESTORE_ORIGINAL_SL | sl=4554.57 | spread=16 avgSpread=15.2 | trade=TREND_PULLBACK [B] | EA_MARKET_CLOSE | EA_MARKET_CLOSE | bestFloating=491.34 shieldArmed=N,WIN,v6.25.24,v62524-replay-consolidated-root-repair-20260722,V62524_M10_90D_20260422_20260721_RUN1,ENTRY_DATA_PRESENT
29,2026-04-30 09:52:57,2026-04-30 09:54:47,TRAIN_60D,Y,PYRAMID,13,CAMP-13|BUY|ADD1|BAR1777542000,XAUUSD,BUY,PYRAMID_TWO_GATE,PYRAMID,1,LDN,9,TB2|ROLE=PYRAMID|DIR=BUY|REGIME=TREND_DN|SESSION=LDN|ADD=1|TIM=TIMING_READY|MOVE=MOVE_065_109|EXH=EXH_MODERATE|HTF=HTF_NEUTRAL|STRUCT=STRUCTURE_OPPOSES|PRESS=BUY_PRESSURE_STRONG,4582.47000,0.39,4554.57000,27.89919,1088.07,16.0,0.02203,ANP_NONE,0,-1,LOCATION_GOOD,EXH_MODERATE,TIMING_READY,HTF_NEUTRAL,STRUCTURE_OPPOSES,BUY_PRESSURE_STRONG,PYRAMID_TIMING_PLUS_EXHAUSTION_APPROVED,4583.86000,54.21,50.70,-82.68,0.046596266784,0.049822162177,WIN,SL_MOD:BASKET_050R_RESTORE_ORIGINAL_SL | sl=4554.57 | spread=16 avgSpread=15.2 | trade=TREND_PULLBACK [B] | EA_MARKET_CLOSE | bestFloating=50.70 shieldArmed=N,WIN,v6.25.24,v62524-replay-consolidated-root-repair-20260722,V62524_M10_90D_20260422_20260721_RUN1,ENTRY_DATA_PRESENT
32,2026-04-30 16:42:33,2026-04-30 17:11:00,TRAIN_60D,Y,CORE,14,CORE|BAR=1777566600|GEN=870,XAUUSD,SELL,M10_ORIGINATED_CANDIDATE,B,0,NY,16,TB2|ROLE=CORE|EXEC=SELL|DECISION=SELL|ORIG=SELL|INV=N|REGIME=REGIME_TRENDING_UP|SETUP=M10_ORIGINATED_CANDIDATE|GRADE=B|SESSION=NY|BIAS=OPPOSED|BOS=OPPOSED|LOC=LOCATION_RESET_PENDING|EXH=EXHAUSTION_RESET_CONFIRMED|TIM=TIMING_WAIT_CONFIRMATION|HTF=HTF_TRANSITIONING|STRUCT=STRUCTURE_OPPOSES|PRESS=PRESSURE_TRANSITIONING|ACTION=TRANSITION_WATCH,4621.85000,0.37,4652.68000,30.82646,1140.58,17.0,0.01772,ANP_NONE,1,1,LOCATION_RESET_PENDING,EXHAUSTION_RESET_CONFIRMED,TIMING_WAIT_CONFIRMATION,HTF_TRANSITIONING,STRUCTURE_OPPOSES,PRESSURE_TRANSITIONING,TRANSITION_WATCH,4617.53000,159.84,453.62,-152.81,0.397709937050,0.140139227411,WIN,PROFIT_CLOSE | EA_MARKET_CLOSE | bestFloating=453.62 shieldArmed=N,WIN,v6.25.24,v62524-replay-consolidated-root-repair-20260722,V62524_M10_90D_20260422_20260721_RUN1,ENTRY_DATA_PRESENT
34,2026-05-01 04:02:33,2026-05-01 05:11:13,TRAIN_60D,Y,CORE,15,CORE|BAR=1777607400|GEN=926,XAUUSD,SELL,M10_ORIGINATED_CANDIDATE,B,0,ASIA,4,TB2|ROLE=CORE|EXEC=SELL|DECISION=SELL|ORIG=SELL|INV=N|REGIME=REGIME_TRENDING_UP|SETUP=M10_ORIGINATED_CANDIDATE|GRADE=B|SESSION=ASIA|BIAS=OPPOSED|BOS=OPPOSED|LOC=LOCATION_RESET_PENDING|EXH=EXHAUSTION_MODERATE|TIM=TIMING_WAIT_PULLBACK|HTF=HTF_TRANSITIONING|STRUCT=STRUCTURE_OPPOSES|PRESS=PRESSURE_TRANSITIONING|ACTION=TRANSITION_WATCH,4617.24000,0.82,4631.49000,14.24696,1168.25,20.0,0.04332,ANP_NONE,1,1,LOCATION_RESET_PENDING,EXHAUSTION_MODERATE,TIMING_WAIT_PULLBACK,HTF_TRANSITIONING,STRUCTURE_OPPOSES,PRESSURE_TRANSITIONING,TRANSITION_WATCH,4631.56000,-1174.24,262.40,-1167.68,0.224609458592,-1.005127327199,APLUS_GIVEBACK_LOSS,BROKER_SL | bestFloating=262.40 shieldArmed=N,LOSS,v6.25.24,v62524-replay-consolidated-root-repair-20260722,V62524_M10_90D_20260422_20260721_RUN1,ENTRY_DATA_PRESENT
36,2026-05-01 09:42:30,2026-05-01 10:51:56,TRAIN_60D,Y,CORE,16,CORE|BAR=1777627800|GEN=960,XAUUSD,SELL,M10_ORIGINATED_CANDIDATE,A,0,LDN,9,TB2|ROLE=CORE|EXEC=SELL|DECISION=SELL|ORIG=SELL|INV=N|REGIME=REGIME_TRENDING_UP|SETUP=M10_ORIGINATED_CANDIDATE|GRADE=A|SESSION=LDN|BIAS=OPPOSED|BOS=ALIGNED|LOC=LOCATION_RESET_PENDING|EXH=EXHAUSTION_HIGH|TIM=TIMING_WAIT_PULLBACK|HTF=HTF_TRANSITIONING|STRUCT=STRUCTURE_SUPPORTS|PRESS=PRESSURE_TRANSITIONING|ACTION=TRANSITION_WATCH,4592.31000,0.35,4622.01000,29.69910,1039.47,17.0,0.02934,ANP_NONE,1,-1,LOCATION_RESET_PENDING,EXHAUSTION_HIGH,TIMING_WAIT_PULLBACK,HTF_TRANSITIONING,STRUCTURE_SUPPORTS,PRESSURE_TRANSITIONING,TRANSITION_WATCH,4581.40000,381.85,380.80,-207.55,0.366340538928,0.367350669091,WIN,SL_MOD:BASKET_050R_RESTORE_ORIGINAL_SL | sl=4623.23 | spread=17 avgSpread=17.7 | trade=M10_ORIGINATED_CANDIDATE [A] | EA_MARKET_CLOSE | EA_MARKET_CLOSE | bestFloating=380.80 shieldArmed=N,WIN,v6.25.24,v62524-replay-consolidated-root-repair-20260722,V62524_M10_90D_20260422_20260721_RUN1,ENTRY_DATA_PRESENT
37,2026-05-01 10:22:50,2026-05-01 10:51:56,TRAIN_60D,Y,PYRAMID,16,CAMP-16|SELL|ADD1|BAR1777630200,XAUUSD,SELL,PYRAMID_TWO_GATE,PYRAMID,0,FIX,10,TB2|ROLE=PYRAMID|DIR=SELL|REGIME=TREND_UP|SESSION=FIX|ADD=1|TIM=TIMING_READY|MOVE=MOVE_065_109|EXH=EXH_HIGH|HTF=HTF_NEUTRAL|STRUCT=STRUCTURE_STRONGLY_SUPPORTS|PRESS=SELL_PRESSURE_MODERATE,4586.33000,0.28,4623.23000,36.89580,1033.08,17.0,0.02876,ANP_NONE,0,-1,LOCATION_GOOD,EXH_HIGH,TIMING_READY,HTF_NEUTRAL,STRUCTURE_STRONGLY_SUPPORTS,SELL_PRESSURE_MODERATE,PYRAMID_TIMING_PLUS_EXHAUSTION_APPROVED,4581.40000,138.04,137.20,-197.68,0.132806752623,0.133619855190,WIN,SL_MOD:BASKET_050R_RESTORE_ORIGINAL_SL | sl=4623.23 | spread=17 avgSpread=17.7 | trade=M10_ORIGINATED_CANDIDATE [A] | EA_MARKET_CLOSE | bestFloating=137.20 shieldArmed=N,WIN,v6.25.24,v62524-replay-consolidated-root-repair-20260722,V62524_M10_90D_20260422_20260721_RUN1,ENTRY_DATA_PRESENT
40,2026-05-01 11:12:33,2026-05-01 11:42:32,TRAIN_60D,Y,CORE,17,CORE|BAR=1777633200|GEN=969,XAUUSD,SELL,M10_ORIGINATED_CANDIDATE,B,0,LDN,11,TB2|ROLE=CORE|EXEC=SELL|DECISION=SELL|ORIG=SELL|INV=N|REGIME=REGIME_TRENDING_UP|SETUP=M10_ORIGINATED_CANDIDATE|GRADE=B|SESSION=LDN|BIAS=OPPOSED|BOS=ALIGNED|LOC=LOCATION_GOOD|EXH=EXHAUSTION_MODERATE|TIM=TIMING_READY|HTF=HTF_NEUTRAL|STRUCT=STRUCTURE_SUPPORTS|PRESS=SELL_PRESSURE_STRONG|ACTION=ALLOW_CORE,4576.71000,0.41,4603.59000,26.87811,1102.00,17.0,0.02456,ANP_NONE,1,-1,LOCATION_GOOD,EXHAUSTION_MODERATE,TIMING_READY,HTF_NEUTRAL,STRUCTURE_SUPPORTS,SELL_PRESSURE_STRONG,ALLOW_CORE,4570.59000,250.92,427.63,-18.04,0.388049001815,0.227695099819,WIN,PROFIT_CLOSE | EA_MARKET_CLOSE | bestFloating=427.63 shieldArmed=N,WIN,v6.25.24,v62524-replay-consolidated-root-repair-20260722,V62524_M10_90D_20260422_20260721_RUN1,ENTRY_DATA_PRESENT
42,2026-05-04 03:02:33,2026-05-04 03:37:07,TRAIN_60D,Y,CORE,18,CORE|BAR=1777863000|GEN=1034,XAUUSD,SELL,TREND_PULLBACK,B,0,ASIA,3,TB2|ROLE=CORE|EXEC=SELL|DECISION=SELL|ORIG=SELL|INV=N|REGIME=REGIME_TRENDING_UP|SETUP=TREND_PULLBACK|GRADE=B|SESSION=ASIA|BIAS=OPPOSED|BOS=ALIGNED|LOC=LOCATION_LATE|EXH=EXHAUSTION_HIGH|TIM=TIMING_WAIT_PULLBACK|HTF=HTF_TRANSITIONING|STRUCT=STRUCTURE_STRONGLY_SUPPORTS|PRESS=PRESSURE_TRANSITIONING|ACTION=TRANSITION_WATCH,4607.34000,0.77,4622.06000,14.72130,1133.54,21.0,0.03006,ANP_NONE,1,-1,LOCATION_LATE,EXHAUSTION_HIGH,TIMING_WAIT_PULLBACK,HTF_TRANSITIONING,STRUCTURE_STRONGLY_SUPPORTS,PRESSURE_TRANSITIONING,TRANSITION_WATCH,4607.21000,10.01,399.63,-725.34,0.352550417277,0.008830742629,WEAK_RECOVERY_WIN,PROFIT_CLOSE | EA_MARKET_CLOSE | bestFloating=399.63 shieldArmed=N,WIN,v6.25.24,v62524-replay-consolidated-root-repair-20260722,V62524_M10_90D_20260422_20260721_RUN1,ENTRY_DATA_PRESENT
44,2026-05-05 03:42:33,2026-05-05 03:54:40,TRAIN_60D,Y,CORE,19,CORE|BAR=1777951800|GEN=1170,XAUUSD,BUY,M10_ORIGINATED_CANDIDATE,B,1,ASIA,3,TB2|ROLE=CORE|EXEC=BUY|DECISION=BUY|ORIG=BUY|INV=N|REGIME=REGIME_TRENDING_DOWN|SETUP=M10_ORIGINATED_CANDIDATE|GRADE=B|SESSION=ASIA|BIAS=OPPOSED|BOS=OPPOSED|LOC=LOCATION_RESET_PENDING|EXH=EXHAUSTION_RESET_CONFIRMED|TIM=TIMING_WAIT_RECLAIM|HTF=HTF_TRANSITIONING|STRUCT=STRUCTURE_OPPOSES|PRESS=PRESSURE_TRANSITIONING|ACTION=TRANSITION_WATCH,4520.51000,1.25,4511.45000,9.05893,1132.36,22.0,0.05163,ANP_NONE,-1,-1,LOCATION_RESET_PENDING,EXHAUSTION_RESET_CONFIRMED,TIMING_WAIT_RECLAIM,HTF_TRANSITIONING,STRUCTURE_OPPOSES,PRESSURE_TRANSITIONING,TRANSITION_WATCH,4529.21000,1087.50,1132.50,-40.00,1.000123635593,0.960383623583,WIN,SL_MOD:GENERAL_10M_EXTENSION_RESTORE_ORIGINAL_SL | sl=4511.45 | spread=21 avgSpread=19.3 | trade=M10_ORIGINATED_CANDIDATE [B] | EA_MARKET_CLOSE | bestFloating=1132.50 shieldArmed=N,WIN,v6.25.24,v62524-replay-consolidated-root-repair-20260722,V62524_M10_90D_20260422_20260721_RUN1,ENTRY_DATA_PRESENT
46,2026-05-06 18:52:30,2026-05-06 19:10:36,TRAIN_60D,Y,CORE,20,CORE|BAR=1778092800|GEN=1393,XAUUSD,SELL,M10_ORIGINATED_CANDIDATE,A,0,LATE,18,TB2|ROLE=CORE|EXEC=SELL|DECISION=SELL|ORIG=SELL|INV=N|REGIME=REGIME_TRENDING_UP|SETUP=M10_ORIGINATED_CANDIDATE|GRADE=A|SESSION=LATE|BIAS=OPPOSED|BOS=OPPOSED|LOC=LOCATION_RESET_PENDING|EXH=EXHAUSTION_RESET_CONFIRMED|TIM=TIMING_WAIT_CONFIRMATION|HTF=HTF_TRANSITIONING|STRUCT=STRUCTURE_OPPOSES|PRESS=PRESSURE_TRANSITIONING|ACTION=TRANSITION_WATCH,4691.49000,0.78,4707.32000,15.83499,1235.13,17.0,0.01776,ANP_NONE,1,1,LOCATION_RESET_PENDING,EXHAUSTION_RESET_CONFIRMED,TIMING_WAIT_CONFIRMATION,HTF_TRANSITIONING,STRUCTURE_OPPOSES,PRESSURE_TRANSITIONING,TRANSITION_WATCH,4685.19000,491.40,783.90,-203.58,0.634670034733,0.397852857594,WIN,SL_MOD:GENERAL_10M_EXTENSION_RESTORE_ORIGINAL_SL | sl=4707.32 | spread=16 avgSpread=11.9 | trade=M10_ORIGINATED_CANDIDATE [A] | EA_MARKET_CLOSE | bestFloating=783.90 shieldArmed=N,WIN,v6.25.24,v62524-replay-consolidated-root-repair-20260722,V62524_M10_90D_20260422_20260721_RUN1,ENTRY_DATA_PRESENT
48,2026-05-07 07:12:30,2026-05-07 07:45:26,TRAIN_60D,Y,CORE,21,CORE|BAR=1778137200|GEN=1455,XAUUSD,SELL,M10_ORIGINATED_CANDIDATE,B,0,LDN,7,TB2|ROLE=CORE|EXEC=SELL|DECISION=SELL|ORIG=SELL|INV=N|REGIME=REGIME_TRENDING_UP|SETUP=M10_ORIGINATED_CANDIDATE|GRADE=B|SESSION=LDN|BIAS=OPPOSED|BOS=OPPOSED|LOC=LOCATION_RESET_PENDING|EXH=EXHAUSTION_RESET_CONFIRMED|TIM=TIMING_WAIT_CONFIRMATION|HTF=HTF_TRANSITIONING|STRUCT=STRUCTURE_OPPOSES|PRESS=PRESSURE_TRANSITIONING|ACTION=TRANSITION_WATCH,4697.90000,1.37,4707.27000,9.37303,1284.10,21.0,0.03885,ANP_NONE,1,1,LOCATION_RESET_PENDING,EXHAUSTION_RESET_CONFIRMED,TIMING_WAIT_CONFIRMATION,HTF_TRANSITIONING,STRUCTURE_OPPOSES,PRESSURE_TRANSITIONING,TRANSITION_WATCH,4697.72000,24.66,731.58,-191.80,0.569721984269,0.019204111829,WEAK_RECOVERY_WIN,SL_MOD:GENERAL_10M_EXTENSION_RESTORE_ORIGINAL_SL | sl=4707.27 | spread=21 avgSpread=19.1 | trade=M10_ORIGINATED_CANDIDATE [B] | EA_MARKET_CLOSE | bestFloating=731.58 shieldArmed=N,WIN,v6.25.24,v62524-replay-consolidated-root-repair-20260722,V62524_M10_90D_20260422_20260721_RUN1,ENTRY_DATA_PRESENT
50,2026-05-07 12:02:33,2026-05-07 17:50:51,TRAIN_60D,Y,CORE,22,CORE|BAR=1778154600|GEN=1484,XAUUSD,SELL,TREND_PULLBACK,B,0,LDN,12,TB2|ROLE=CORE|EXEC=SELL|DECISION=SELL|ORIG=SELL|INV=N|REGIME=REGIME_TRENDING_UP|SETUP=TREND_PULLBACK|GRADE=B|SESSION=LDN|BIAS=OPPOSED|BOS=OPPOSED|LOC=LOCATION_RESET_PENDING|EXH=EXHAUSTION_RESET_CONFIRMED|TIM=TIMING_WAIT_CONFIRMATION|HTF=HTF_TRANSITIONING|STRUCT=STRUCTURE_OPPOSES|PRESS=PRESSURE_TRANSITIONING|ACTION=TRANSITION_WATCH,4725.98000,0.37,4760.47000,34.49027,1276.14,17.0,0.02053,ANP_NONE,1,1,LOCATION_RESET_PENDING,EXHAUSTION_RESET_CONFIRMED,TIMING_WAIT_CONFIRMATION,HTF_TRANSITIONING,STRUCTURE_OPPOSES,PRESSURE_TRANSITIONING,TRANSITION_WATCH,4760.58000,-1280.20,148.00,-1260.22,0.115974736314,-1.003181469118,LOSS,BROKER_SL | bestFloating=148.00 shieldArmed=N,LOSS,v6.25.24,v62524-replay-consolidated-root-repair-20260722,V62524_M10_90D_20260422_20260721_RUN1,ENTRY_DATA_PRESENT
52,2026-05-08 03:02:30,2026-05-08 04:11:59,TRAIN_60D,Y,CORE,23,CORE|BAR=1778208600|GEN=1562,XAUUSD,BUY,TREND_PULLBACK,A+,0,ASIA,3,TB2|ROLE=CORE|EXEC=BUY|DECISION=BUY|ORIG=BUY|INV=N|REGIME=REGIME_TRENDING_UP|SETUP=TREND_PULLBACK|GRADE=A+|SESSION=ASIA|BIAS=ALIGNED|BOS=ALIGNED|LOC=LOCATION_RESET_PENDING|EXH=EXHAUSTION_RESET_CONFIRMED|TIM=TIMING_WAIT_CONFIRMATION|HTF=HTF_TRANSITIONING|STRUCT=STRUCTURE_SUPPORTS|PRESS=PRESSURE_TRANSITIONING|ACTION=TRANSITION_WATCH,4702.93000,0.43,4676.22000,26.71097,1148.57,21.0,0.02627,ANP_NONE,1,1,LOCATION_RESET_PENDING,EXHAUSTION_RESET_CONFIRMED,TIMING_WAIT_CONFIRMATION,HTF_TRANSITIONING,STRUCTURE_SUPPORTS,PRESSURE_TRANSITIONING,TRANSITION_WATCH,4716.55000,585.66,702.62,-386.57,0.611734591710,0.509903619283,WIN,SL_MOD:GENERAL_10M_EXTENSION_RESTORE_ORIGINAL_SL | sl=4676.22 | spread=21 avgSpread=19.9 | trade=TREND_PULLBACK [A+] | EA_MARKET_CLOSE | bestFloating=702.62 shieldArmed=N,WIN,v6.25.24,v62524-replay-consolidated-root-repair-20260722,V62524_M10_90D_20260422_20260721_RUN1,ENTRY_DATA_PRESENT
54,2026-05-08 04:42:33,2026-05-08 05:00:09,TRAIN_60D,Y,CORE,24,CORE|BAR=1778214600|GEN=1572,XAUUSD,BUY,TREND_PULLBACK,A+,0,ASIA,4,TB2|ROLE=CORE|EXEC=BUY|DECISION=BUY|ORIG=BUY|INV=N|REGIME=REGIME_TRENDING_UP|SETUP=TREND_PULLBACK|GRADE=A+|SESSION=ASIA|BIAS=ALIGNED|BOS=ALIGNED|LOC=LOCATION_RESET_PENDING|EXH=EXHAUSTION_RESET_CONFIRMED|TIM=TIMING_WAIT_CONFIRMATION|HTF=HTF_TRANSITIONING|STRUCT=STRUCTURE_STRONGLY_SUPPORTS|PRESS=PRESSURE_TRANSITIONING|ACTION=TRANSITION_WATCH,4707.39000,0.87,4693.39000,13.99989,1217.99,21.0,0.02448,ANP_NONE,1,1,LOCATION_RESET_PENDING,EXHAUSTION_RESET_CONFIRMED,TIMING_WAIT_CONFIRMATION,HTF_TRANSITIONING,STRUCTURE_STRONGLY_SUPPORTS,PRESSURE_TRANSITIONING,TRANSITION_WATCH,4722.55000,1318.92,1568.61,-37.41,1.287867716484,1.082866033383,WIN,SL_MOD:GENERAL_10M_EXTENSION_RESTORE_ORIGINAL_SL | sl=4693.39 | spread=17 avgSpread=19.4 | trade=TREND_PULLBACK [A+] | EA_MARKET_CLOSE | bestFloating=1568.61 shieldArmed=N,WIN,v6.25.24,v62524-replay-consolidated-root-repair-20260722,V62524_M10_90D_20260422_20260721_RUN1,ENTRY_DATA_PRESENT
56,2026-05-08 07:42:33,2026-05-08 08:32:43,TRAIN_60D,Y,CORE,25,CORE|BAR=1778225400|GEN=1590,XAUUSD,SELL,M10_ORIGINATED_CANDIDATE,B,0,LDN,7,TB2|ROLE=CORE|EXEC=SELL|DECISION=SELL|ORIG=SELL|INV=N|REGIME=REGIME_TRENDING_UP|SETUP=M10_ORIGINATED_CANDIDATE|GRADE=B|SESSION=LDN|BIAS=OPPOSED|BOS=OPPOSED|LOC=LOCATION_GOOD|EXH=EXHAUSTION_MODERATE|TIM=TIMING_READY|HTF=HTF_NEUTRAL|STRUCT=STRUCTURE_OPPOSES|PRESS=SELL_PRESSURE_STRONG|ACTION=ALLOW_CORE,4711.20000,0.86,4726.88000,15.68074,1348.54,21.0,0.03159,ANP_NONE,1,1,LOCATION_GOOD,EXHAUSTION_MODERATE,TIMING_READY,HTF_NEUTRAL,STRUCTURE_OPPOSES,SELL_PRESSURE_STRONG,ALLOW_CORE,4726.88000,-1348.48,168.56,-1347.62,0.124994438430,-0.999955507438,LOSS,BROKER_SL | bestFloating=168.56 shieldArmed=N,LOSS,v6.25.24,v62524-replay-consolidated-root-repair-20260722,V62524_M10_90D_20260422_20260721_RUN1,ENTRY_DATA_PRESENT
58,2026-05-08 08:42:33,2026-05-08 09:03:43,TRAIN_60D,Y,CORE,26,CORE|BAR=1778229000|GEN=1596,XAUUSD,BUY,TREND_PULLBACK,A+,0,LDN,8,TB2|ROLE=CORE|EXEC=BUY|DECISION=BUY|ORIG=BUY|INV=N|REGIME=REGIME_TRENDING_UP|SETUP=TREND_PULLBACK|GRADE=A+|SESSION=LDN|BIAS=ALIGNED|BOS=ALIGNED|LOC=LOCATION_RESET_PENDING|EXH=EXHAUSTION_HIGH|TIM=TIMING_WAIT_CONFIRMATION|HTF=HTF_TRANSITIONING|STRUCT=STRUCTURE_STRONGLY_SUPPORTS|PRESS=PRESSURE_TRANSITIONING|ACTION=TRANSITION_WATCH,4724.12000,0.66,4705.73000,18.38794,1213.60,16.0,0.02628,ANP_NONE,1,1,LOCATION_RESET_PENDING,EXHAUSTION_HIGH,TIMING_WAIT_CONFIRMATION,HTF_TRANSITIONING,STRUCTURE_STRONGLY_SUPPORTS,PRESSURE_TRANSITIONING,TRANSITION_WATCH,4724.64000,34.32,477.84,-755.70,0.393737640079,0.028279499011,WEAK_RECOVERY_WIN,PROFIT_CLOSE | EA_MARKET_CLOSE | bestFloating=477.84 shieldArmed=N,WIN,v6.25.24,v62524-replay-consolidated-root-repair-20260722,V62524_M10_90D_20260422_20260721_RUN1,ENTRY_DATA_PRESENT
60,2026-05-11 04:32:33,2026-05-11 08:43:20,TRAIN_60D,Y,CORE,27,CORE|BAR=1778473200|GEN=1685,XAUUSD,BUY,M10_ORIGINATED_CANDIDATE,B,1,ASIA,4,TB2|ROLE=CORE|EXEC=BUY|DECISION=BUY|ORIG=BUY|INV=N|REGIME=REGIME_TRENDING_DOWN|SETUP=M10_ORIGINATED_CANDIDATE|GRADE=B|SESSION=ASIA|BIAS=OPPOSED|BOS=OPPOSED|LOC=LOCATION_RESET_PENDING|EXH=EXHAUSTION_RESET_CONFIRMED|TIM=TIMING_WAIT_CONFIRMATION|HTF=HTF_TRANSITIONING|STRUCT=STRUCTURE_OPPOSES|PRESS=PRESSURE_TRANSITIONING|ACTION=TRANSITION_WATCH,4696.10000,0.37,4663.22000,32.87687,1216.45,21.0,0.02010,ANP_NONE,-1,-1,LOCATION_RESET_PENDING,EXHAUSTION_RESET_CONFIRMED,TIMING_WAIT_CONFIRMATION,HTF_TRANSITIONING,STRUCTURE_OPPOSES,PRESSURE_TRANSITIONING,TRANSITION_WATCH,4663.21000,-1216.93,211.27,-1216.19,0.173677504213,-1.000394590818,APLUS_GIVEBACK_LOSS,BROKER_SL | bestFloating=211.27 shieldArmed=N,LOSS,v6.25.24,v62524-replay-consolidated-root-repair-20260722,V62524_M10_90D_20260422_20260721_RUN1,ENTRY_DATA_PRESENT
62,2026-05-12 04:32:33,2026-05-12 04:53:01,TRAIN_60D,Y,CORE,28,CORE|BAR=1778559600|GEN=1817,XAUUSD,SELL,TREND_PULLBACK,B,0,ASIA,4,TB2|ROLE=CORE|EXEC=SELL|DECISION=SELL|ORIG=SELL|INV=N|REGIME=REGIME_TRENDING_UP|SETUP=TREND_PULLBACK|GRADE=B|SESSION=ASIA|BIAS=OPPOSED|BOS=OPPOSED|LOC=LOCATION_RESET_PENDING|EXH=EXHAUSTION_MODERATE|TIM=TIMING_WAIT_PULLBACK|HTF=HTF_TRANSITIONING|STRUCT=STRUCTURE_OPPOSES|PRESS=PRESSURE_TRANSITIONING|ACTION=TRANSITION_WATCH,4738.43000,0.25,4782.16000,43.73336,1093.34,21.0,0.02166,ANP_NONE,1,1,LOCATION_RESET_PENDING,EXHAUSTION_MODERATE,TIMING_WAIT_PULLBACK,HTF_TRANSITIONING,STRUCTURE_OPPOSES,PRESSURE_TRANSITIONING,TRANSITION_WATCH,4729.12000,232.75,448.50,-13.00,0.410210913348,0.212879799513,WIN,SL_MOD:GENERAL_10M_EXTENSION_RESTORE_ORIGINAL_SL | sl=4782.16 | spread=21 avgSpread=18.5 | trade=TREND_PULLBACK [B] | EA_MARKET_CLOSE | bestFloating=448.50 shieldArmed=N,WIN,v6.25.24,v62524-replay-consolidated-root-repair-20260722,V62524_M10_90D_20260422_20260721_RUN1,ENTRY_DATA_PRESENT
64,2026-05-12 20:32:30,2026-05-12 21:40:00,TRAIN_60D,Y,CORE,29,CORE|BAR=1778617200|GEN=1913,XAUUSD,BUY,TREND_PULLBACK,A,1,LATE,20,TB2|ROLE=CORE|EXEC=BUY|DECISION=BUY|ORIG=BUY|INV=N|REGIME=REGIME_TRENDING_DOWN|SETUP=TREND_PULLBACK|GRADE=A|SESSION=LATE|BIAS=OPPOSED|BOS=OPPOSED|LOC=LOCATION_RESET_PENDING|EXH=EXHAUSTION_RESET_CONFIRMED|TIM=TIMING_WAIT_CONFIRMATION|HTF=HTF_TRANSITIONING|STRUCT=STRUCTURE_OPPOSES|PRESS=PRESSURE_TRANSITIONING|ACTION=TRANSITION_WATCH,4678.67000,0.63,4660.89000,17.77543,1119.85,17.0,0.02003,ANP_NONE,-1,-1,LOCATION_RESET_PENDING,EXHAUSTION_RESET_CONFIRMED,TIMING_WAIT_CONFIRMATION,HTF_TRANSITIONING,STRUCTURE_OPPOSES,PRESSURE_TRANSITIONING,TRANSITION_WATCH,4691.32000,796.95,909.09,-156.24,0.811796222708,0.711657811314,WIN,SL_MOD:GENERAL_10M_EXTENSION_RESTORE_ORIGINAL_SL | sl=4660.89 | spread=4 avgSpread=10.6 | trade=TREND_PULLBACK [A] | EA_MARKET_CLOSE | bestFloating=909.09 shieldArmed=N,WIN,v6.25.24,v62524-replay-consolidated-root-repair-20260722,V62524_M10_90D_20260422_20260721_RUN1,ENTRY_DATA_PRESENT
66,2026-05-14 01:22:34,2026-05-14 01:54:54,TRAIN_60D,Y,CORE,30,CORE|BAR=1778721000|GEN=2062,XAUUSD,BUY,TREND_PULLBACK,B,1,ASIA,1,TB2|ROLE=CORE|EXEC=BUY|DECISION=BUY|ORIG=BUY|INV=N|REGIME=REGIME_TRENDING_DOWN|SETUP=TREND_PULLBACK|GRADE=B|SESSION=ASIA|BIAS=OPPOSED|BOS=ALIGNED|LOC=LOCATION_RESET_PENDING|EXH=EXHAUSTION_MODERATE|TIM=TIMING_WAIT_PULLBACK|HTF=HTF_TRANSITIONING|STRUCT=STRUCTURE_SUPPORTS|PRESS=PRESSURE_TRANSITIONING|ACTION=TRANSITION_WATCH,4694.60000,0.86,4680.65000,13.95446,1200.09,25.0,0.04471,ANP_NONE,-1,1,LOCATION_RESET_PENDING,EXHAUSTION_MODERATE,TIMING_WAIT_PULLBACK,HTF_TRANSITIONING,STRUCTURE_SUPPORTS,PRESSURE_TRANSITIONING,TRANSITION_WATCH,4700.11000,473.86,516.00,-26.66,0.429967752419,0.394853719304,WIN,SL_MOD:GENERAL_10M_EXTENSION_RESTORE_ORIGINAL_SL | sl=4680.65 | spread=25 avgSpread=21.6 | trade=TREND_PULLBACK [B] | EA_MARKET_CLOSE | bestFloating=516.00 shieldArmed=N,WIN,v6.25.24,v62524-replay-consolidated-root-repair-20260722,V62524_M10_90D_20260422_20260721_RUN1,ENTRY_DATA_PRESENT
68,2026-05-14 02:42:34,2026-05-14 03:29:06,TRAIN_60D,Y,CORE,31,CORE|BAR=1778725800|GEN=2070,XAUUSD,BUY,TREND_PULLBACK,A,1,ASIA,2,TB2|ROLE=CORE|EXEC=BUY|DECISION=BUY|ORIG=BUY|INV=N|REGIME=REGIME_TRENDING_DOWN|SETUP=TREND_PULLBACK|GRADE=A|SESSION=ASIA|BIAS=OPPOSED|BOS=ALIGNED|LOC=LOCATION_EXCELLENT|EXH=EXHAUSTION_MODERATE|TIM=TIMING_READY|HTF=HTF_NEUTRAL|STRUCT=STRUCTURE_STRONGLY_SUPPORTS|PRESS=PRESSURE_BALANCED|ACTION=ALLOW_CORE,4696.91000,1.21,4686.61000,10.30423,1246.81,4.0,0.01040,ANP_NONE,-1,1,LOCATION_EXCELLENT,EXHAUSTION_MODERATE,TIMING_READY,HTF_NEUTRAL,STRUCTURE_STRONGLY_SUPPORTS,PRESSURE_BALANCED,ALLOW_CORE,4699.73000,341.22,1029.71,-901.45,0.825875634620,0.273674417112,WEAK_RECOVERY_WIN,SL_MOD:GENERAL_10M_EXTENSION_RESTORE_ORIGINAL_SL | sl=4686.61 | spread=11 avgSpread=19.7 | trade=TREND_PULLBACK [A] | EA_MARKET_CLOSE | bestFloating=1029.71 shieldArmed=N,WIN,v6.25.24,v62524-replay-consolidated-root-repair-20260722,V62524_M10_90D_20260422_20260721_RUN1,ENTRY_DATA_PRESENT
70,2026-05-15 14:12:30,2026-05-15 15:42:48,TRAIN_60D,Y,CORE,32,CORE|BAR=1778853600|GEN=2271,XAUUSD,BUY,M10_ORIGINATED_CANDIDATE,B,1,NY,14,TB2|ROLE=CORE|EXEC=BUY|DECISION=BUY|ORIG=BUY|INV=N|REGIME=REGIME_TRENDING_DOWN|SETUP=M10_ORIGINATED_CANDIDATE|GRADE=B|SESSION=NY|BIAS=OPPOSED|BOS=OPPOSED|LOC=LOCATION_RESET_PENDING|EXH=EXHAUSTION_RESET_CONFIRMED|TIM=TIMING_WAIT_CONFIRMATION|HTF=HTF_TRANSITIONING|STRUCT=STRUCTURE_OPPOSES|PRESS=PRESSURE_TRANSITIONING|ACTION=TRANSITION_WATCH,4568.46000,0.52,4543.85000,24.60574,1279.50,12.0,0.01026,ANP_NONE,-1,-1,LOCATION_RESET_PENDING,EXHAUSTION_RESET_CONFIRMED,TIMING_WAIT_CONFIRMATION,HTF_TRANSITIONING,STRUCTURE_OPPOSES,PRESSURE_TRANSITIONING,TRANSITION_WATCH,4543.84000,-1280.24,11.44,-1279.20,0.008940992575,-1.000578350918,LOSS,BROKER_SL | bestFloating=11.44 shieldArmed=N,LOSS,v6.25.24,v62524-replay-consolidated-root-repair-20260722,V62524_M10_90D_20260422_20260721_RUN1,ENTRY_DATA_PRESENT
72,2026-05-15 15:52:33,2026-05-15 16:01:18,TRAIN_60D,Y,CORE,33,CORE|BAR=1778859600|GEN=2281,XAUUSD,BUY,M10_ORIGINATED_CANDIDATE,A,1,NY,15,TB2|ROLE=CORE|EXEC=BUY|DECISION=BUY|ORIG=BUY|INV=N|REGIME=REGIME_TRENDING_DOWN|SETUP=M10_ORIGINATED_CANDIDATE|GRADE=A|SESSION=NY|BIAS=OPPOSED|BOS=OPPOSED|LOC=LOCATION_RESET_PENDING|EXH=EXHAUSTION_RESET_CONFIRMED|TIM=TIMING_WAIT_CONFIRMATION|HTF=HTF_NEUTRAL|STRUCT=STRUCTURE_OPPOSES|PRESS=BUY_PRESSURE_MODERATE|ACTION=OPPOSITE_DISCOVERY,4555.35000,0.82,4541.22000,14.12520,1158.27,4.0,0.00447,ANP_NONE,-1,-1,LOCATION_RESET_PENDING,EXHAUSTION_RESET_CONFIRMED,TIMING_WAIT_CONFIRMATION,HTF_NEUTRAL,STRUCTURE_OPPOSES,BUY_PRESSURE_MODERATE,OPPOSITE_DISCOVERY,4541.21000,-1159.48,18.04,-1153.74,0.015574952300,-1.001044661435,LOSS,BROKER_SL | bestFloating=18.04 shieldArmed=N,LOSS,v6.25.24,v62524-replay-consolidated-root-repair-20260722,V62524_M10_90D_20260422_20260721_RUN1,ENTRY_DATA_PRESENT
74,2026-05-18 03:02:33,2026-05-18 03:21:43,TRAIN_60D,Y,CORE,34,CORE|BAR=1779072600|GEN=2318,XAUUSD,SELL,TREND_PULLBACK,A,1,ASIA,3,TB2|ROLE=CORE|EXEC=SELL|DECISION=SELL|ORIG=SELL|INV=N|REGIME=REGIME_TRENDING_DOWN|SETUP=TREND_PULLBACK|GRADE=A|SESSION=ASIA|BIAS=ALIGNED|BOS=ALIGNED|LOC=LOCATION_LATE|EXH=EXHAUSTION_MODERATE|TIM=TIMING_READY|HTF=HTF_NEUTRAL|STRUCT=STRUCTURE_SUPPORTS|PRESS=SELL_PRESSURE_MODERATE|ACTION=ALLOW_SCALP,4533.24000,0.37,4560.91000,27.67311,1023.90,21.0,0.01897,ANP_NONE,-1,-1,LOCATION_LATE,EXHAUSTION_MODERATE,TIMING_READY,HTF_NEUTRAL,STRUCTURE_SUPPORTS,SELL_PRESSURE_MODERATE,ALLOW_SCALP,4530.60000,97.68,373.70,-247.53,0.364977048540,0.095399941401,WEAK_RECOVERY_WIN,PROFIT_CLOSE | EA_MARKET_CLOSE | bestFloating=373.70 shieldArmed=N,WIN,v6.25.24,v62524-replay-consolidated-root-repair-20260722,V62524_M10_90D_20260422_20260721_RUN1,ENTRY_DATA_PRESENT
76,2026-05-18 09:02:33,2026-05-18 10:30:52,TRAIN_60D,Y,CORE,35,CORE|BAR=1779094200|GEN=2354,XAUUSD,SELL,TREND_PULLBACK,A+,1,LDN,9,TB2|ROLE=CORE|EXEC=SELL|DECISION=SELL|ORIG=SELL|INV=N|REGIME=REGIME_TRENDING_DOWN|SETUP=TREND_PULLBACK|GRADE=A+|SESSION=LDN|BIAS=ALIGNED|BOS=ALIGNED|LOC=LOCATION_RESET_PENDING|EXH=EXHAUSTION_HIGH|TIM=TIMING_WAIT_PULLBACK|HTF=HTF_TRANSITIONING|STRUCT=STRUCTURE_SUPPORTS|PRESS=PRESSURE_TRANSITIONING|ACTION=TRANSITION_WATCH,4534.60000,0.46,4557.38000,22.77621,1047.71,14.0,0.01391,ANP_NONE,-1,-1,LOCATION_RESET_PENDING,EXHAUSTION_HIGH,TIMING_WAIT_PULLBACK,HTF_TRANSITIONING,STRUCTURE_SUPPORTS,PRESSURE_TRANSITIONING,TRANSITION_WATCH,4557.46000,-1051.56,97.52,-1043.74,0.093079191761,-1.003674680971,LOSS,BROKER_SL | bestFloating=97.52 shieldArmed=N,LOSS,v6.25.24,v62524-replay-consolidated-root-repair-20260722,V62524_M10_90D_20260422_20260721_RUN1,ENTRY_DATA_PRESENT
78,2026-05-19 09:52:33,2026-05-19 10:18:02,TRAIN_60D,Y,CORE,36,CORE|BAR=1779183600|GEN=2491,XAUUSD,BUY,M10_ORIGINATED_CANDIDATE,A+,1,LDN,9,TB2|ROLE=CORE|EXEC=BUY|DECISION=BUY|ORIG=BUY|INV=N|REGIME=REGIME_TRENDING_DOWN|SETUP=M10_ORIGINATED_CANDIDATE|GRADE=A+|SESSION=LDN|BIAS=OPPOSED|BOS=ALIGNED|LOC=LOCATION_RESET_PENDING|EXH=EXHAUSTION_RESET_CONFIRMED|TIM=TIMING_WAIT_CONFIRMATION|HTF=HTF_TRANSITIONING|STRUCT=STRUCTURE_STRONGLY_SUPPORTS|PRESS=PRESSURE_TRANSITIONING|ACTION=TRANSITION_WATCH,4545.33000,0.50,4526.59000,18.73599,936.80,17.0,0.02173,ANP_NONE,-1,1,LOCATION_RESET_PENDING,EXHAUSTION_RESET_CONFIRMED,TIMING_WAIT_CONFIRMATION,HTF_TRANSITIONING,STRUCTURE_STRONGLY_SUPPORTS,PRESSURE_TRANSITIONING,TRANSITION_WATCH,4549.19000,193.00,498.00,-56.00,0.531596925705,0.206020495303,WIN,SL_MOD:GENERAL_10M_EXTENSION_RESTORE_ORIGINAL_SL | sl=4526.59 | spread=6 avgSpread=16.3 | trade=M10_ORIGINATED_CANDIDATE [A+] | EA_MARKET_CLOSE | bestFloating=498.00 shieldArmed=N,WIN,v6.25.24,v62524-replay-consolidated-root-repair-20260722,V62524_M10_90D_20260422_20260721_RUN1,ENTRY_DATA_PRESENT
80,2026-05-19 11:02:33,2026-05-19 11:28:26,TRAIN_60D,Y,CORE,37,CORE|BAR=1779187800|GEN=2498,XAUUSD,BUY,TREND_PULLBACK,A,1,LDN,11,TB2|ROLE=CORE|EXEC=BUY|DECISION=BUY|ORIG=BUY|INV=N|REGIME=REGIME_TRENDING_DOWN|SETUP=TREND_PULLBACK|GRADE=A|SESSION=LDN|BIAS=OPPOSED|BOS=ALIGNED|LOC=LOCATION_RESET_PENDING|EXH=EXHAUSTION_RESET_CONFIRMED|TIM=TIMING_READY|HTF=HTF_NEUTRAL|STRUCT=STRUCTURE_SUPPORTS|PRESS=BUY_PRESSURE_STRONG|ACTION=ALLOW_CORE,4553.61000,0.59,4537.29000,16.31991,962.87,17.0,0.01822,ANP_NONE,-1,1,LOCATION_RESET_PENDING,EXHAUSTION_RESET_CONFIRMED,TIMING_READY,HTF_NEUTRAL,STRUCTURE_SUPPORTS,BUY_PRESSURE_STRONG,ALLOW_CORE,4537.27000,-964.06,92.63,-961.70,0.096201979499,-1.001235888542,LOSS,BROKER_SL | bestFloating=92.63 shieldArmed=N,LOSS,v6.25.24,v62524-replay-consolidated-root-repair-20260722,V62524_M10_90D_20260422_20260721_RUN1,ENTRY_DATA_PRESENT
82,2026-05-20 08:22:33,2026-05-20 08:44:05,TRAIN_60D,Y,CORE,38,CORE|BAR=1779264600|GEN=2614,XAUUSD,BUY,M10_ORIGINATED_CANDIDATE,A,1,LDN,8,TB2|ROLE=CORE|EXEC=BUY|DECISION=BUY|ORIG=BUY|INV=N|REGIME=REGIME_TRENDING_DOWN|SETUP=M10_ORIGINATED_CANDIDATE|GRADE=A|SESSION=LDN|BIAS=OPPOSED|BOS=OPPOSED|LOC=LOCATION_RESET_PENDING|EXH=EXHAUSTION_RESET_CONFIRMED|TIM=TIMING_WAIT_CONFIRMATION|HTF=HTF_TRANSITIONING|STRUCT=STRUCTURE_OPPOSES|PRESS=PRESSURE_TRANSITIONING|ACTION=TRANSITION_WATCH,4472.43000,0.43,4452.19000,20.23911,870.28,17.0,0.02370,ANP_NONE,-1,-1,LOCATION_RESET_PENDING,EXHAUSTION_RESET_CONFIRMED,TIMING_WAIT_CONFIRMATION,HTF_TRANSITIONING,STRUCTURE_OPPOSES,PRESSURE_TRANSITIONING,TRANSITION_WATCH,4473.91000,63.64,291.54,-230.48,0.334995633589,0.073125890518,WEAK_RECOVERY_WIN,PROFIT_CLOSE | EA_MARKET_CLOSE | bestFloating=291.54 shieldArmed=N,WIN,v6.25.24,v62524-replay-consolidated-root-repair-20260722,V62524_M10_90D_20260422_20260721_RUN1,ENTRY_DATA_PRESENT
84,2026-05-20 09:02:33,2026-05-20 09:49:52,TRAIN_60D,Y,CORE,39,CORE|BAR=1779267000|GEN=2618,XAUUSD,BUY,M10_ORIGINATED_CANDIDATE,B,1,LDN,9,TB2|ROLE=CORE|EXEC=BUY|DECISION=BUY|ORIG=BUY|INV=N|REGIME=REGIME_TRENDING_DOWN|SETUP=M10_ORIGINATED_CANDIDATE|GRADE=B|SESSION=LDN|BIAS=OPPOSED|BOS=OPPOSED|LOC=LOCATION_RESET_PENDING|EXH=EXHAUSTION_RESET_CONFIRMED|TIM=TIMING_WAIT_RECLAIM|HTF=HTF_NEUTRAL|STRUCT=STRUCTURE_OPPOSES|PRESS=BUY_PRESSURE_STRONG|ACTION=OPPOSITE_DISCOVERY,4473.84000,0.62,4459.78000,14.06019,871.73,17.0,0.02149,ANP_NONE,-1,-1,LOCATION_RESET_PENDING,EXHAUSTION_RESET_CONFIRMED,TIMING_WAIT_RECLAIM,HTF_NEUTRAL,STRUCTURE_OPPOSES,BUY_PRESSURE_STRONG,OPPOSITE_DISCOVERY,4474.66000,50.84,288.92,-771.90,0.331432897801,0.058320810343,WEAK_RECOVERY_WIN,PROFIT_CLOSE | EA_MARKET_CLOSE | bestFloating=288.92 shieldArmed=N,WIN,v6.25.24,v62524-replay-consolidated-root-repair-20260722,V62524_M10_90D_20260422_20260721_RUN1,ENTRY_DATA_PRESENT
86,2026-05-20 10:02:33,2026-05-20 10:23:01,TRAIN_60D,Y,CORE,40,CORE|BAR=1779270600|GEN=2624,XAUUSD,BUY,M10_ORIGINATED_CANDIDATE,B,1,LDN,10,TB2|ROLE=CORE|EXEC=BUY|DECISION=BUY|ORIG=BUY|INV=N|REGIME=REGIME_TRENDING_DOWN|SETUP=M10_ORIGINATED_CANDIDATE|GRADE=B|SESSION=LDN|BIAS=OPPOSED|BOS=OPPOSED|LOC=LOCATION_RESET_PENDING|EXH=EXHAUSTION_RESET_CONFIRMED|TIM=TIMING_WAIT_CONFIRMATION|HTF=HTF_NEUTRAL|STRUCT=STRUCTURE_OPPOSES|PRESS=BUY_PRESSURE_STRONG|ACTION=OPPOSITE_DISCOVERY,4478.41000,0.39,4456.28000,22.13336,863.20,17.0,0.01790,ANP_NONE,-1,-1,LOCATION_RESET_PENDING,EXHAUSTION_RESET_CONFIRMED,TIMING_WAIT_CONFIRMATION,HTF_NEUTRAL,STRUCTURE_OPPOSES,BUY_PRESSURE_STRONG,OPPOSITE_DISCOVERY,4478.51000,3.90,267.15,-118.56,0.309487951807,0.004518072289,WEAK_RECOVERY_WIN,PROFIT_CLOSE | EA_MARKET_CLOSE | bestFloating=267.15 shieldArmed=N,WIN,v6.25.24,v62524-replay-consolidated-root-repair-20260722,V62524_M10_90D_20260422_20260721_RUN1,ENTRY_DATA_PRESENT
88,2026-05-21 05:52:33,2026-05-21 08:40:57,TRAIN_60D,Y,CORE,41,CORE|BAR=1779342000|GEN=2731,XAUUSD,SELL,TREND_PULLBACK,B,0,ASIA,5,TB2|ROLE=CORE|EXEC=SELL|DECISION=SELL|ORIG=SELL|INV=N|REGIME=REGIME_TRENDING_UP|SETUP=TREND_PULLBACK|GRADE=B|SESSION=ASIA|BIAS=OPPOSED|BOS=OPPOSED|LOC=LOCATION_RESET_PENDING|EXH=EXHAUSTION_LOW|TIM=TIMING_WAIT_PULLBACK|HTF=HTF_TRANSITIONING|STRUCT=STRUCTURE_OPPOSES|PRESS=PRESSURE_TRANSITIONING|ACTION=TRANSITION_WATCH,4533.93000,0.19,4579.79000,45.85727,871.29,21.0,0.02615,ANP_NONE,1,1,LOCATION_RESET_PENDING,EXHAUSTION_LOW,TIMING_WAIT_PULLBACK,HTF_TRANSITIONING,STRUCTURE_OPPOSES,PRESSURE_TRANSITIONING,TRANSITION_WATCH,4526.09000,148.96,289.94,-129.39,0.332770948823,0.170964891138,WIN,PROFIT_CLOSE | EA_MARKET_CLOSE | bestFloating=289.94 shieldArmed=N,WIN,v6.25.24,v62524-replay-consolidated-root-repair-20260722,V62524_M10_90D_20260422_20260721_RUN1,ENTRY_DATA_PRESENT
90,2026-05-22 04:32:33,2026-05-22 04:59:01,TRAIN_60D,Y,CORE,42,CORE|BAR=1779423600|GEN=2855,XAUUSD,SELL,TREND_PULLBACK,B,0,ASIA,4,TB2|ROLE=CORE|EXEC=SELL|DECISION=SELL|ORIG=SELL|INV=N|REGIME=REGIME_TRENDING_UP|SETUP=TREND_PULLBACK|GRADE=B|SESSION=ASIA|BIAS=OPPOSED|BOS=OPPOSED|LOC=LOCATION_RESET_PENDING|EXH=EXHAUSTION_RESET_CONFIRMED|TIM=TIMING_WAIT_CONFIRMATION|HTF=HTF_NEUTRAL|STRUCT=STRUCTURE_OPPOSES|PRESS=SELL_PRESSURE_STRONG|ACTION=OPPOSITE_DISCOVERY,4526.02000,0.66,4539.49000,13.47133,889.11,21.0,0.03365,ANP_NONE,1,1,LOCATION_RESET_PENDING,EXHAUSTION_RESET_CONFIRMED,TIMING_WAIT_CONFIRMATION,HTF_NEUTRAL,STRUCTURE_OPPOSES,SELL_PRESSURE_STRONG,OPPOSITE_DISCOVERY,4525.79000,15.18,312.84,-407.22,0.351857475453,0.017073253028,WEAK_RECOVERY_WIN,PROFIT_CLOSE | EA_MARKET_CLOSE | bestFloating=312.84 shieldArmed=N,WIN,v6.25.24,v62524-replay-consolidated-root-repair-20260722,V62524_M10_90D_20260422_20260721_RUN1,ENTRY_DATA_PRESENT
92,2026-05-25 04:52:33,2026-05-25 05:29:15,TRAIN_60D,Y,CORE,43,CORE|BAR=1779684000|GEN=2971,XAUUSD,SELL,M10_ORIGINATED_CANDIDATE,B,0,ASIA,4,TB2|ROLE=CORE|EXEC=SELL|DECISION=SELL|ORIG=SELL|INV=N|REGIME=REGIME_TRENDING_UP|SETUP=M10_ORIGINATED_CANDIDATE|GRADE=B|SESSION=ASIA|BIAS=OPPOSED|BOS=OPPOSED|LOC=LOCATION_RESET_PENDING|EXH=EXHAUSTION_RESET_CONFIRMED|TIM=TIMING_WAIT_RECLAIM|HTF=HTF_NEUTRAL|STRUCT=STRUCTURE_OPPOSES|PRESS=SELL_PRESSURE_STRONG|ACTION=OPPOSITE_DISCOVERY,4564.72000,0.63,4578.92000,14.19849,894.51,21.0,0.02642,ANP_NONE,1,1,LOCATION_RESET_PENDING,EXHAUSTION_RESET_CONFIRMED,TIMING_WAIT_RECLAIM,HTF_NEUTRAL,STRUCTURE_OPPOSES,SELL_PRESSURE_STRONG,OPPOSITE_DISCOVERY,4562.02000,170.10,349.65,-239.40,0.390884394808,0.190159975853,WIN,PROFIT_CLOSE | EA_MARKET_CLOSE | bestFloating=349.65 shieldArmed=N,WIN,v6.25.24,v62524-replay-consolidated-root-repair-20260722,V62524_M10_90D_20260422_20260721_RUN1,ENTRY_DATA_PRESENT
94,2026-05-25 08:42:32,2026-05-25 09:01:17,TRAIN_60D,Y,CORE,44,CORE|BAR=1779697800|GEN=2994,XAUUSD,SELL,M10_ORIGINATED_CANDIDATE,B,0,LDN,8,TB2|ROLE=CORE|EXEC=SELL|DECISION=SELL|ORIG=SELL|INV=N|REGIME=REGIME_TRENDING_UP|SETUP=M10_ORIGINATED_CANDIDATE|GRADE=B|SESSION=LDN|BIAS=OPPOSED|BOS=OPPOSED|LOC=LOCATION_RESET_PENDING|EXH=EXHAUSTION_RESET_CONFIRMED|TIM=TIMING_WAIT_CONFIRMATION|HTF=HTF_NEUTRAL|STRUCT=STRUCTURE_OPPOSES|PRESS=SELL_PRESSURE_STRONG|ACTION=OPPOSITE_DISCOVERY,4557.75000,0.84,4568.60000,10.84659,911.11,17.0,0.03702,ANP_NONE,1,1,LOCATION_RESET_PENDING,EXHAUSTION_RESET_CONFIRMED,TIMING_WAIT_CONFIRMATION,HTF_NEUTRAL,STRUCTURE_OPPOSES,SELL_PRESSURE_STRONG,OPPOSITE_DISCOVERY,4555.42000,195.72,473.76,-40.32,0.519981121928,0.214814896116,WIN,SL_MOD:GENERAL_10M_EXTENSION_RESTORE_ORIGINAL_SL | sl=4568.60 | spread=17 avgSpread=15.8 | trade=M10_ORIGINATED_CANDIDATE [B] | EA_MARKET_CLOSE | bestFloating=473.76 shieldArmed=N,WIN,v6.25.24,v62524-replay-consolidated-root-repair-20260722,V62524_M10_90D_20260422_20260721_RUN1,ENTRY_DATA_PRESENT
96,2026-05-25 12:52:30,2026-05-25 13:18:47,TRAIN_60D,Y,CORE,45,CORE|BAR=1779712800|GEN=3019,XAUUSD,BUY,TREND_PULLBACK,A+,0,LDN,12,TB2|ROLE=CORE|EXEC=BUY|DECISION=BUY|ORIG=BUY|INV=N|REGIME=REGIME_TRENDING_UP|SETUP=TREND_PULLBACK|GRADE=A+|SESSION=LDN|BIAS=ALIGNED|BOS=ALIGNED|LOC=LOCATION_RESET_PENDING|EXH=EXHAUSTION_MODERATE|TIM=TIMING_WAIT_PULLBACK|HTF=HTF_TRANSITIONING|STRUCT=STRUCTURE_SUPPORTS|PRESS=PRESSURE_TRANSITIONING|ACTION=TRANSITION_WATCH,4566.75000,0.56,4550.01000,16.74090,937.49,17.0,0.04043,ANP_NONE,1,1,LOCATION_RESET_PENDING,EXHAUSTION_MODERATE,TIMING_WAIT_PULLBACK,HTF_TRANSITIONING,STRUCTURE_SUPPORTS,PRESSURE_TRANSITIONING,TRANSITION_WATCH,4573.30000,366.80,359.52,-11.20,0.383492090582,0.391257506747,WIN,SL_MOD:BASKET_050R_RESTORE_ORIGINAL_SL | sl=4549.28 | spread=4 avgSpread=16.0 | trade=TREND_PULLBACK [A+] | EA_MARKET_CLOSE | EA_MARKET_CLOSE | bestFloating=359.52 shieldArmed=N,WIN,v6.25.24,v62524-replay-consolidated-root-repair-20260722,V62524_M10_90D_20260422_20260721_RUN1,ENTRY_DATA_PRESENT
97,2026-05-25 13:08:14,2026-05-25 13:18:47,TRAIN_60D,Y,PYRAMID,45,CAMP-45|BUY|ADD1|BAR1779713400,XAUUSD,BUY,PYRAMID_TWO_GATE,PYRAMID,0,NY,13,TB2|ROLE=PYRAMID|DIR=BUY|REGIME=TREND_UP|SESSION=NY|ADD=1|TIM=TIMING_READY|MOVE=MOVE_065_109|EXH=EXH_MODERATE|HTF=HTF_NEUTRAL|STRUCT=STRUCTURE_SUPPORTS|PRESS=BUY_PRESSURE_STRONG,4570.70000,0.43,4549.28000,21.41970,921.05,4.0,0.01035,ANP_NONE,0,1,LOCATION_ACCEPTABLE,EXH_MODERATE,TIMING_READY,HTF_NEUTRAL,STRUCTURE_SUPPORTS,BUY_PRESSURE_STRONG,PYRAMID_TIMING_PLUS_EXHAUSTION_APPROVED,4573.30000,111.80,106.21,-30.96,0.115314043754,0.121383203952,WIN,SL_MOD:BASKET_050R_RESTORE_ORIGINAL_SL | sl=4549.28 | spread=4 avgSpread=16.0 | trade=TREND_PULLBACK [A+] | EA_MARKET_CLOSE | bestFloating=106.21 shieldArmed=N,WIN,v6.25.24,v62524-replay-consolidated-root-repair-20260722,V62524_M10_90D_20260422_20260721_RUN1,ENTRY_DATA_PRESENT
100,2026-05-25 13:32:34,2026-05-25 20:24:00,TRAIN_60D,Y,CORE,46,CORE|BAR=1779715200|GEN=3023,XAUUSD,BUY,TREND_PULLBACK,A+,0,NY,13,TB2|ROLE=CORE|EXEC=BUY|DECISION=BUY|ORIG=BUY|INV=N|REGIME=REGIME_TRENDING_UP|SETUP=TREND_PULLBACK|GRADE=A+|SESSION=NY|BIAS=ALIGNED|BOS=ALIGNED|LOC=LOCATION_ACCEPTABLE|EXH=EXHAUSTION_HIGH|TIM=TIMING_READY|HTF=HTF_NEUTRAL|STRUCT=STRUCTURE_STRONGLY_SUPPORTS|PRESS=BUY_PRESSURE_STRONG|ACTION=ALLOW_CORE,4571.14000,0.44,4549.22000,21.91980,964.47,17.0,0.04582,ANP_NONE,1,1,LOCATION_ACCEPTABLE,EXHAUSTION_HIGH,TIMING_READY,HTF_NEUTRAL,STRUCTURE_STRONGLY_SUPPORTS,BUY_PRESSURE_STRONG,ALLOW_CORE,4572.14000,44.00,300.96,-804.32,0.312047031012,0.045620910967,WEAK_RECOVERY_WIN,PROFIT_CLOSE | EA_MARKET_CLOSE | bestFloating=300.96 shieldArmed=N,WIN,v6.25.24,v62524-replay-consolidated-root-repair-20260722,V62524_M10_90D_20260422_20260721_RUN1,ENTRY_DATA_PRESENT
102,2026-05-26 13:02:33,2026-05-26 13:20:46,TRAIN_60D,Y,CORE,47,CORE|BAR=1779799800|GEN=3143,XAUUSD,BUY,M10_ORIGINATED_CANDIDATE,B,1,NY,13,TB2|ROLE=CORE|EXEC=BUY|DECISION=BUY|ORIG=BUY|INV=N|REGIME=REGIME_TRENDING_DOWN|SETUP=M10_ORIGINATED_CANDIDATE|GRADE=B|SESSION=NY|BIAS=OPPOSED|BOS=OPPOSED|LOC=LOCATION_RESET_PENDING|EXH=EXHAUSTION_RESET_CONFIRMED|TIM=TIMING_WAIT_CONFIRMATION|HTF=HTF_TRANSITIONING|STRUCT=STRUCTURE_OPPOSES|PRESS=PRESSURE_TRANSITIONING|ACTION=TRANSITION_WATCH,4521.75000,0.77,4508.94000,12.81193,986.52,17.0,0.02533,ANP_NONE,-1,-1,LOCATION_RESET_PENDING,EXHAUSTION_RESET_CONFIRMED,TIMING_WAIT_CONFIRMATION,HTF_TRANSITIONING,STRUCTURE_OPPOSES,PRESSURE_TRANSITIONING,TRANSITION_WATCH,4528.74000,538.23,867.02,-177.87,0.878867128898,0.545584478774,WIN,SL_MOD:GENERAL_10M_EXTENSION_RESTORE_ORIGINAL_SL | sl=4508.94 | spread=16 avgSpread=16.0 | trade=M10_ORIGINATED_CANDIDATE [B] | EA_MARKET_CLOSE | bestFloating=867.02 shieldArmed=N,WIN,v6.25.24,v62524-replay-consolidated-root-repair-20260722,V62524_M10_90D_20260422_20260721_RUN1,ENTRY_DATA_PRESENT
104,2026-05-27 03:02:30,2026-05-27 05:42:29,TRAIN_60D,Y,CORE,48,CORE|BAR=1779850200|GEN=3215,XAUUSD,BUY,TREND_PULLBACK,B,1,ASIA,3,TB2|ROLE=CORE|EXEC=BUY|DECISION=BUY|ORIG=BUY|INV=N|REGIME=REGIME_TRENDING_DOWN|SETUP=TREND_PULLBACK|GRADE=B|SESSION=ASIA|BIAS=OPPOSED|BOS=OPPOSED|LOC=LOCATION_RESET_PENDING|EXH=EXHAUSTION_MODERATE|TIM=TIMING_WAIT_PULLBACK|HTF=HTF_TRANSITIONING|STRUCT=STRUCTURE_OPPOSES|PRESS=PRESSURE_TRANSITIONING|ACTION=TRANSITION_WATCH,4523.92000,0.41,4499.01000,24.90964,1021.29,21.0,0.02427,ANP_NONE,-1,-1,LOCATION_RESET_PENDING,EXHAUSTION_MODERATE,TIMING_WAIT_PULLBACK,HTF_TRANSITIONING,STRUCTURE_OPPOSES,PRESSURE_TRANSITIONING,TRANSITION_WATCH,4498.98000,-1022.54,9.43,-1018.44,0.009233420478,-1.001223942269,LOSS,BROKER_SL | bestFloating=9.43 shieldArmed=N,LOSS,v6.25.24,v62524-replay-consolidated-root-repair-20260722,V62524_M10_90D_20260422_20260721_RUN1,ENTRY_DATA_PRESENT
106,2026-05-27 20:22:33,2026-05-27 20:49:57,TRAIN_60D,Y,CORE,49,CORE|BAR=1779912600|GEN=3319,XAUUSD,BUY,M10_ORIGINATED_CANDIDATE,A,1,LATE,20,TB2|ROLE=CORE|EXEC=BUY|DECISION=BUY|ORIG=BUY|INV=N|REGIME=REGIME_TRENDING_DOWN|SETUP=M10_ORIGINATED_CANDIDATE|GRADE=A|SESSION=LATE|BIAS=OPPOSED|BOS=OPPOSED|LOC=LOCATION_RESET_PENDING|EXH=EXHAUSTION_RESET_CONFIRMED|TIM=TIMING_WAIT_RECLAIM|HTF=HTF_TRANSITIONING|STRUCT=STRUCTURE_OPPOSES|PRESS=PRESSURE_TRANSITIONING|ACTION=TRANSITION_WATCH,4447.13000,0.45,4426.60000,20.53363,924.01,17.0,0.02625,ANP_NONE,-1,-1,LOCATION_RESET_PENDING,EXHAUSTION_RESET_CONFIRMED,TIMING_WAIT_RECLAIM,HTF_TRANSITIONING,STRUCTURE_OPPOSES,PRESSURE_TRANSITIONING,TRANSITION_WATCH,4450.43000,148.50,323.10,-72.00,0.349671540351,0.160712546401,WIN,PROFIT_CLOSE | EA_MARKET_CLOSE | bestFloating=323.10 shieldArmed=N,WIN,v6.25.24,v62524-replay-consolidated-root-repair-20260722,V62524_M10_90D_20260422_20260721_RUN1,ENTRY_DATA_PRESENT
108,2026-05-28 09:12:30,2026-05-28 09:31:27,TRAIN_60D,Y,CORE,50,CORE|BAR=1779958800|GEN=3384,XAUUSD,BUY,M10_ORIGINATED_CANDIDATE,A,1,LDN,9,TB2|ROLE=CORE|EXEC=BUY|DECISION=BUY|ORIG=BUY|INV=N|REGIME=REGIME_TRENDING_DOWN|SETUP=M10_ORIGINATED_CANDIDATE|GRADE=A|SESSION=LDN|BIAS=OPPOSED|BOS=OPPOSED|LOC=LOCATION_RESET_PENDING|EXH=EXHAUSTION_RESET_CONFIRMED|TIM=TIMING_WAIT_CONFIRMATION|HTF=HTF_TRANSITIONING|STRUCT=STRUCTURE_OPPOSES|PRESS=PRESSURE_TRANSITIONING|ACTION=TRANSITION_WATCH,4376.97000,0.71,4363.63000,13.34027,947.16,17.0,0.01982,ANP_NONE,-1,-1,LOCATION_RESET_PENDING,EXHAUSTION_RESET_CONFIRMED,TIMING_WAIT_CONFIRMATION,HTF_TRANSITIONING,STRUCTURE_OPPOSES,PRESSURE_TRANSITIONING,TRANSITION_WATCH,4380.00000,215.13,557.35,-191.70,0.588443346425,0.227131635627,WIN,PROFIT_CLOSE | EA_MARKET_CLOSE | bestFloating=557.35 shieldArmed=N,WIN,v6.25.24,v62524-replay-consolidated-root-repair-20260722,V62524_M10_90D_20260422_20260721_RUN1,ENTRY_DATA_PRESENT
110,2026-05-28 09:42:33,2026-05-28 10:10:24,TRAIN_60D,Y,CORE,51,CORE|BAR=1779960600|GEN=3387,XAUUSD,BUY,M10_ORIGINATED_CANDIDATE,A,1,LDN,9,TB2|ROLE=CORE|EXEC=BUY|DECISION=BUY|ORIG=BUY|INV=N|REGIME=REGIME_TRENDING_DOWN|SETUP=M10_ORIGINATED_CANDIDATE|GRADE=A|SESSION=LDN|BIAS=OPPOSED|BOS=OPPOSED|LOC=LOCATION_RESET_PENDING|EXH=EXHAUSTION_RESET_CONFIRMED|TIM=TIMING_WAIT_CONFIRMATION|HTF=HTF_NEUTRAL|STRUCT=STRUCTURE_OPPOSES|PRESS=BUY_PRESSURE_STRONG|ACTION=OPPOSITE_DISCOVERY,4383.19000,0.81,4371.13000,12.05541,976.49,17.0,0.02264,ANP_NONE,-1,-1,LOCATION_RESET_PENDING,EXHAUSTION_RESET_CONFIRMED,TIMING_WAIT_CONFIRMATION,HTF_NEUTRAL,STRUCTURE_OPPOSES,BUY_PRESSURE_STRONG,OPPOSITE_DISCOVERY,4389.45000,507.06,749.25,-505.44,0.767288963533,0.519267990456,WIN,SL_MOD:GENERAL_10M_EXTENSION_RESTORE_ORIGINAL_SL | sl=4371.13 | spread=4 avgSpread=14.6 | trade=M10_ORIGINATED_CANDIDATE [A] | EA_MARKET_CLOSE | bestFloating=749.25 shieldArmed=N,WIN,v6.25.24,v62524-replay-consolidated-root-repair-20260722,V62524_M10_90D_20260422_20260721_RUN1,ENTRY_DATA_PRESENT
112,2026-05-28 10:32:33,2026-05-28 12:33:24,TRAIN_60D,Y,CORE,52,CORE|BAR=1779963600|GEN=3392,XAUUSD,BUY,M10_ORIGINATED_CANDIDATE,B,1,FIX,10,TB2|ROLE=CORE|EXEC=BUY|DECISION=BUY|ORIG=BUY|INV=N|REGIME=REGIME_TRENDING_DOWN|SETUP=M10_ORIGINATED_CANDIDATE|GRADE=B|SESSION=FIX|BIAS=OPPOSED|BOS=OPPOSED|LOC=LOCATION_RESET_PENDING|EXH=EXHAUSTION_RESET_CONFIRMED|TIM=TIMING_WAIT_CONFIRMATION|HTF=HTF_NEUTRAL|STRUCT=STRUCTURE_OPPOSES|PRESS=BUY_PRESSURE_STRONG|ACTION=OPPOSITE_DISCOVERY,4391.68000,0.53,4372.62000,19.05917,1010.14,4.0,0.00521,ANP_NONE,-1,-1,LOCATION_RESET_PENDING,EXHAUSTION_RESET_CONFIRMED,TIMING_WAIT_CONFIRMATION,HTF_NEUTRAL,STRUCTURE_OPPOSES,BUY_PRESSURE_STRONG,OPPOSITE_DISCOVERY,4393.80000,112.36,383.19,-467.46,0.379343457343,0.111232106441,WEAK_RECOVERY_WIN,PROFIT_CLOSE | EA_MARKET_CLOSE | bestFloating=383.19 shieldArmed=N,WIN,v6.25.24,v62524-replay-consolidated-root-repair-20260722,V62524_M10_90D_20260422_20260721_RUN1,ENTRY_DATA_PRESENT
114,2026-05-28 15:12:33,2026-05-28 15:46:47,TRAIN_60D,Y,CORE,53,CORE|BAR=1779980400|GEN=3420,XAUUSD,BUY,M10_ORIGINATED_CANDIDATE,B,1,NY,15,TB2|ROLE=CORE|EXEC=BUY|DECISION=BUY|ORIG=BUY|INV=N|REGIME=REGIME_TRENDING_DOWN|SETUP=M10_ORIGINATED_CANDIDATE|GRADE=B|SESSION=NY|BIAS=OPPOSED|BOS=OPPOSED|LOC=LOCATION_EXCELLENT|EXH=EXHAUSTION_MODERATE|TIM=TIMING_READY|HTF=HTF_NEUTRAL|STRUCT=STRUCTURE_OPPOSES|PRESS=PRESSURE_BALANCED|ACTION=ALLOW_CORE,4391.89000,0.72,4377.49000,14.40030,1036.82,17.0,0.02142,ANP_NONE,-1,-1,LOCATION_EXCELLENT,EXHAUSTION_MODERATE,TIMING_READY,HTF_NEUTRAL,STRUCTURE_OPPOSES,PRESSURE_BALANCED,ALLOW_CORE,4405.40000,972.72,1029.60,-884.88,0.993036399761,0.938176346907,WIN,SL_MOD:GENERAL_10M_EXTENSION_RESTORE_ORIGINAL_SL | sl=4377.49 | spread=5 avgSpread=15.0 | trade=M10_ORIGINATED_CANDIDATE [B] | EA_MARKET_CLOSE | bestFloating=1029.60 shieldArmed=N,WIN,v6.25.24,v62524-replay-consolidated-root-repair-20260722,V62524_M10_90D_20260422_20260721_RUN1,ENTRY_DATA_PRESENT
116,2026-05-29 02:42:35,2026-05-29 03:16:46,TRAIN_60D,Y,CORE,54,CORE|BAR=1780021800|GEN=3477,XAUUSD,SELL,M10_ORIGINATED_CANDIDATE,B,0,ASIA,2,TB2|ROLE=CORE|EXEC=SELL|DECISION=SELL|ORIG=SELL|INV=N|REGIME=REGIME_TRENDING_UP|SETUP=M10_ORIGINATED_CANDIDATE|GRADE=B|SESSION=ASIA|BIAS=OPPOSED|BOS=OPPOSED|LOC=LOCATION_RESET_PENDING|EXH=EXHAUSTION_RESET_CONFIRMED|TIM=TIMING_WAIT_CONFIRMATION|HTF=HTF_NEUTRAL|STRUCT=STRUCTURE_OPPOSES|PRESS=SELL_PRESSURE_STRONG|ACTION=OPPOSITE_DISCOVERY,4490.31000,1.29,4499.06000,8.75481,1129.37,25.0,0.06514,ANP_NONE,1,1,LOCATION_RESET_PENDING,EXHAUSTION_RESET_CONFIRMED,TIMING_WAIT_CONFIRMATION,HTF_NEUTRAL,STRUCTURE_OPPOSES,SELL_PRESSURE_STRONG,OPPOSITE_DISCOVERY,4499.12000,-1136.49,132.87,-1110.69,0.117649663086,-1.006304399798,LOSS,BROKER_SL | bestFloating=132.87 shieldArmed=N,LOSS,v6.25.24,v62524-replay-consolidated-root-repair-20260722,V62524_M10_90D_20260422_20260721_RUN1,ENTRY_DATA_PRESENT
118,2026-05-29 07:32:33,2026-05-29 08:10:53,TRAIN_60D,Y,CORE,55,CORE|BAR=1780039200|GEN=3506,XAUUSD,BUY,TREND_PULLBACK,A+,0,LDN,7,TB2|ROLE=CORE|EXEC=BUY|DECISION=BUY|ORIG=BUY|INV=N|REGIME=REGIME_TRENDING_UP|SETUP=TREND_PULLBACK|GRADE=A+|SESSION=LDN|BIAS=ALIGNED|BOS=ALIGNED|LOC=LOCATION_RESET_PENDING|EXH=EXHAUSTION_MODERATE|TIM=TIMING_WAIT_PULLBACK|HTF=HTF_TRANSITIONING|STRUCT=STRUCTURE_SUPPORTS|PRESS=PRESSURE_TRANSITIONING|ACTION=TRANSITION_WATCH,4509.43000,0.55,4491.11000,18.32134,1007.67,21.0,0.04450,ANP_NONE,1,1,LOCATION_RESET_PENDING,EXHAUSTION_MODERATE,TIMING_WAIT_PULLBACK,HTF_TRANSITIONING,STRUCTURE_SUPPORTS,PRESSURE_TRANSITIONING,TRANSITION_WATCH,4510.23000,44.00,331.65,-67.10,0.329125606597,0.043665088769,WIN,PROFIT_CLOSE | EA_MARKET_CLOSE | bestFloating=331.65 shieldArmed=N,WIN,v6.25.24,v62524-replay-consolidated-root-repair-20260722,V62524_M10_90D_20260422_20260721_RUN1,ENTRY_DATA_PRESENT
120,2026-05-29 16:02:30,2026-05-29 17:01:49,TRAIN_60D,Y,CORE,56,CORE|BAR=1780069800|GEN=3557,XAUUSD,SELL,M10_ORIGINATED_CANDIDATE,B,0,NY,16,TB2|ROLE=CORE|EXEC=SELL|DECISION=SELL|ORIG=SELL|INV=N|REGIME=REGIME_TRENDING_UP|SETUP=M10_ORIGINATED_CANDIDATE|GRADE=B|SESSION=NY|BIAS=OPPOSED|BOS=OPPOSED|LOC=LOCATION_LATE|EXH=EXHAUSTION_RESET_CONFIRMED|TIM=TIMING_WAIT_CONFIRMATION|HTF=HTF_TRANSITIONING|STRUCT=STRUCTURE_OPPOSES|PRESS=PRESSURE_TRANSITIONING|ACTION=TRANSITION_WATCH,4520.59000,0.44,4543.87000,23.28317,1024.46,12.0,0.01694,ANP_NONE,1,1,LOCATION_LATE,EXHAUSTION_RESET_CONFIRMED,TIMING_WAIT_CONFIRMATION,HTF_TRANSITIONING,STRUCTURE_OPPOSES,PRESSURE_TRANSITIONING,TRANSITION_WATCH,4543.91000,-1026.08,17.60,-1015.08,0.017179782520,-1.001581320891,LOSS,BROKER_SL | bestFloating=17.60 shieldArmed=N,LOSS,v6.25.24,v62524-replay-consolidated-root-repair-20260722,V62524_M10_90D_20260422_20260721_RUN1,ENTRY_DATA_PRESENT
122,2026-06-01 08:42:30,2026-06-01 09:03:16,TRAIN_60D,Y,CORE,57,CORE|BAR=1780302600|GEN=3627,XAUUSD,BUY,M10_ORIGINATED_CANDIDATE,A+,0,LDN,8,TB2|ROLE=CORE|EXEC=BUY|DECISION=BUY|ORIG=BUY|INV=N|REGIME=REGIME_TRENDING_UP|SETUP=M10_ORIGINATED_CANDIDATE|GRADE=A+|SESSION=LDN|BIAS=ALIGNED|BOS=ALIGNED|LOC=LOCATION_RESET_PENDING|EXH=EXHAUSTION_RESET_CONFIRMED|TIM=TIMING_WAIT_CONFIRMATION|HTF=HTF_TRANSITIONING|STRUCT=STRUCTURE_SUPPORTS|PRESS=PRESSURE_TRANSITIONING|ACTION=TRANSITION_WATCH,4518.23000,0.73,4505.64000,12.59091,919.14,16.0,0.02815,ANP_NONE,1,1,LOCATION_RESET_PENDING,EXHAUSTION_RESET_CONFIRMED,TIMING_WAIT_CONFIRMATION,HTF_TRANSITIONING,STRUCTURE_SUPPORTS,PRESSURE_TRANSITIONING,TRANSITION_WATCH,4518.30000,5.11,507.35,-293.46,0.551983375764,0.005559544792,WEAK_RECOVERY_WIN,PROFIT_CLOSE | EA_MARKET_CLOSE | bestFloating=507.35 shieldArmed=N,WIN,v6.25.24,v62524-replay-consolidated-root-repair-20260722,V62524_M10_90D_20260422_20260721_RUN1,ENTRY_DATA_PRESENT
124,2026-06-01 14:12:33,2026-06-01 14:29:51,TRAIN_60D,Y,CORE,58,CORE|BAR=1780322400|GEN=3660,XAUUSD,BUY,M10_ORIGINATED_CANDIDATE,B,1,NY,14,TB2|ROLE=CORE|EXEC=BUY|DECISION=BUY|ORIG=BUY|INV=N|REGIME=REGIME_TRENDING_DOWN|SETUP=M10_ORIGINATED_CANDIDATE|GRADE=B|SESSION=NY|BIAS=OPPOSED|BOS=OPPOSED|LOC=LOCATION_RESET_PENDING|EXH=EXHAUSTION_RESET_CONFIRMED|TIM=TIMING_WAIT_CONFIRMATION|HTF=HTF_TRANSITIONING|STRUCT=STRUCTURE_OPPOSES|PRESS=PRESSURE_TRANSITIONING|ACTION=TRANSITION_WATCH,4505.00000,0.79,4493.30000,11.70043,924.33,17.0,0.02683,ANP_NONE,-1,-1,LOCATION_RESET_PENDING,EXHAUSTION_RESET_CONFIRMED,TIMING_WAIT_CONFIRMATION,HTF_TRANSITIONING,STRUCTURE_OPPOSES,PRESSURE_TRANSITIONING,TRANSITION_WATCH,4511.03000,476.37,625.68,-100.33,0.676901106748,0.515367888092,WIN,SL_MOD:GENERAL_10M_EXTENSION_RESTORE_ORIGINAL_SL | sl=4493.30 | spread=17 avgSpread=16.5 | trade=M10_ORIGINATED_CANDIDATE [B] | EA_MARKET_CLOSE | bestFloating=625.68 shieldArmed=N,WIN,v6.25.24,v62524-replay-consolidated-root-repair-20260722,V62524_M10_90D_20260422_20260721_RUN1,ENTRY_DATA_PRESENT
126,2026-06-01 15:32:33,2026-06-01 16:13:51,TRAIN_60D,Y,CORE,59,CORE|BAR=1780327200|GEN=3668,XAUUSD,SELL,TREND_PULLBACK,A+,1,NY,15,TB2|ROLE=CORE|EXEC=SELL|DECISION=SELL|ORIG=SELL|INV=N|REGIME=REGIME_TRENDING_DOWN|SETUP=TREND_PULLBACK|GRADE=A+|SESSION=NY|BIAS=ALIGNED|BOS=ALIGNED|LOC=LOCATION_GOOD|EXH=EXHAUSTION_HIGH|TIM=TIMING_READY|HTF=HTF_NEUTRAL|STRUCT=STRUCTURE_SUPPORTS|PRESS=PRESSURE_BALANCED|ACTION=ALLOW_CORE,4501.69000,0.90,4512.40000,10.71167,964.05,17.0,0.02694,ANP_NONE,-1,-1,LOCATION_GOOD,EXHAUSTION_HIGH,TIMING_READY,HTF_NEUTRAL,STRUCTURE_SUPPORTS,PRESSURE_BALANCED,ALLOW_CORE,4482.30000,1745.10,2621.70,-803.70,2.719464758052,1.810175820756,WIN,SL_MOD:GENERAL_10M_EXTENSION_RESTORE_ORIGINAL_SL | sl=4512.40 | spread=17 avgSpread=15.9 | trade=TREND_PULLBACK [A+] | EA_MARKET_CLOSE | bestFloating=2621.70 shieldArmed=N,WIN,v6.25.24,v62524-replay-consolidated-root-repair-20260722,V62524_M10_90D_20260422_20260721_RUN1,ENTRY_DATA_PRESENT
128,2026-06-01 18:52:30,2026-06-01 19:30:03,TRAIN_60D,Y,CORE,60,CORE|BAR=1780339200|GEN=3688,XAUUSD,BUY,M10_ORIGINATED_CANDIDATE,A,1,LATE,18,TB2|ROLE=CORE|EXEC=BUY|DECISION=BUY|ORIG=BUY|INV=N|REGIME=REGIME_TRENDING_DOWN|SETUP=M10_ORIGINATED_CANDIDATE|GRADE=A|SESSION=LATE|BIAS=OPPOSED|BOS=OPPOSED|LOC=LOCATION_RESET_PENDING|EXH=EXHAUSTION_RESET_CONFIRMED|TIM=TIMING_WAIT_CONFIRMATION|HTF=HTF_TRANSITIONING|STRUCT=STRUCTURE_OPPOSES|PRESS=PRESSURE_TRANSITIONING|ACTION=TRANSITION_WATCH,4471.02000,0.46,4446.54000,24.47794,1125.98,17.0,0.01606,ANP_NONE,-1,-1,LOCATION_RESET_PENDING,EXHAUSTION_RESET_CONFIRMED,TIMING_WAIT_CONFIRMATION,HTF_TRANSITIONING,STRUCTURE_OPPOSES,PRESSURE_TRANSITIONING,TRANSITION_WATCH,4471.03000,0.46,340.40,-364.78,0.302314428320,0.000408533011,WEAK_RECOVERY_WIN,PROFIT_CLOSE | EA_MARKET_CLOSE | bestFloating=340.40 shieldArmed=N,WIN,v6.25.24,v62524-replay-consolidated-root-repair-20260722,V62524_M10_90D_20260422_20260721_RUN1,ENTRY_DATA_PRESENT
130,2026-06-01 22:52:30,2026-06-02 01:00:00,TRAIN_60D,N,CORE,61,CORE|BAR=1780353600|GEN=3712,XAUUSD,SELL,TREND_PULLBACK,A+,1,LATE,22,TB2|ROLE=CORE|EXEC=SELL|DECISION=SELL|ORIG=SELL|INV=N|REGIME=REGIME_TRENDING_DOWN|SETUP=TREND_PULLBACK|GRADE=A+|SESSION=LATE|BIAS=ALIGNED|BOS=ALIGNED|LOC=LOCATION_EXCELLENT|EXH=EXHAUSTION_MODERATE|TIM=TIMING_READY|HTF=HTF_NEUTRAL|STRUCT=STRUCTURE_SUPPORTS|PRESS=SELL_PRESSURE_STRONG|ACTION=ALLOW_CORE,4481.11000,1.18,4490.84000,9.72553,1147.61,10.0,0.02610,ANP_NONE,-1,-1,LOCATION_EXCELLENT,EXHAUSTION_MODERATE,TIMING_READY,HTF_NEUTRAL,STRUCTURE_SUPPORTS,SELL_PRESSURE_STRONG,ALLOW_CORE,4535.29000,-6398.67,208.86,-34.93,0.181995625692,-5.575648521710,APLUS_GIVEBACK_LOSS,BROKER_SL | bestFloating=208.86 shieldArmed=N,LOSS,v6.25.24,v62524-replay-consolidated-root-repair-20260722,V62524_M10_90D_20260422_20260721_RUN1,ENTRY_DATA_PRESENT
132,2026-06-02 12:12:30,2026-06-02 12:38:05,TRAIN_60D,Y,CORE,62,CORE|BAR=1780401600|GEN=3780,XAUUSD,SELL,M10_ORIGINATED_CANDIDATE,B,0,LDN,12,TB2|ROLE=CORE|EXEC=SELL|DECISION=SELL|ORIG=SELL|INV=N|REGIME=REGIME_TRENDING_UP|SETUP=M10_ORIGINATED_CANDIDATE|GRADE=B|SESSION=LDN|BIAS=OPPOSED|BOS=OPPOSED|LOC=LOCATION_RESET_PENDING|EXH=EXHAUSTION_RESET_CONFIRMED|TIM=TIMING_WAIT_CONFIRMATION|HTF=HTF_TRANSITIONING|STRUCT=STRUCTURE_OPPOSES|PRESS=PRESSURE_TRANSITIONING|ACTION=TRANSITION_WATCH,4531.68000,0.51,4541.50000,9.81750,500.69,17.0,0.03487,ANP_NONE,1,1,LOCATION_RESET_PENDING,EXHAUSTION_RESET_CONFIRMED,TIMING_WAIT_CONFIRMATION,HTF_TRANSITIONING,STRUCTURE_OPPOSES,PRESSURE_TRANSITIONING,TRANSITION_WATCH,4525.51000,314.67,487.56,-216.24,0.973776188859,0.628472707663,WIN,SL_MOD:GENERAL_10M_EXTENSION_RESTORE_ORIGINAL_SL | sl=4541.50 | spread=4 avgSpread=14.8 | trade=M10_ORIGINATED_CANDIDATE [B] | EA_MARKET_CLOSE | bestFloating=487.56 shieldArmed=N,WIN,v6.25.24,v62524-replay-consolidated-root-repair-20260722,V62524_M10_90D_20260422_20260721_RUN1,ENTRY_DATA_PRESENT
134,2026-06-02 13:22:33,2026-06-02 13:58:42,TRAIN_60D,Y,CORE,63,CORE|BAR=1780405800|GEN=3787,XAUUSD,SELL,M10_ORIGINATED_CANDIDATE,B,0,NY,13,TB2|ROLE=CORE|EXEC=SELL|DECISION=SELL|ORIG=SELL|INV=N|REGIME=REGIME_TRENDING_UP|SETUP=M10_ORIGINATED_CANDIDATE|GRADE=B|SESSION=NY|BIAS=OPPOSED|BOS=OPPOSED|LOC=LOCATION_RESET_PENDING|EXH=EXHAUSTION_RESET_CONFIRMED|TIM=TIMING_WAIT_CONFIRMATION|HTF=HTF_NEUTRAL|STRUCT=STRUCTURE_OPPOSES|PRESS=SELL_PRESSURE_STRONG|ACTION=OPPOSITE_DISCOVERY,4525.34000,0.64,4533.70000,8.36014,535.05,17.0,0.03283,ANP_NONE,1,1,LOCATION_RESET_PENDING,EXHAUSTION_RESET_CONFIRMED,TIMING_WAIT_CONFIRMATION,HTF_NEUTRAL,STRUCTURE_OPPOSES,SELL_PRESSURE_STRONG,OPPOSITE_DISCOVERY,4533.88000,-546.56,33.28,-524.16,0.062199794412,-1.021512008224,LOSS,BROKER_SL | bestFloating=33.28 shieldArmed=N,LOSS,v6.25.24,v62524-replay-consolidated-root-repair-20260722,V62524_M10_90D_20260422_20260721_RUN1,ENTRY_DATA_PRESENT
136,2026-06-02 14:22:33,2026-06-02 15:17:55,TRAIN_60D,Y,CORE,64,CORE|BAR=1780409400|GEN=3793,XAUUSD,SELL,M10_ORIGINATED_CANDIDATE,B,0,NY,14,TB2|ROLE=CORE|EXEC=SELL|DECISION=SELL|ORIG=SELL|INV=N|REGIME=REGIME_TRENDING_UP|SETUP=M10_ORIGINATED_CANDIDATE|GRADE=B|SESSION=NY|BIAS=OPPOSED|BOS=OPPOSED|LOC=LOCATION_RESET_PENDING|EXH=EXHAUSTION_RESET_CONFIRMED|TIM=TIMING_WAIT_CONFIRMATION|HTF=HTF_NEUTRAL|STRUCT=STRUCTURE_OPPOSES|PRESS=SELL_PRESSURE_STRONG|ACTION=OPPOSITE_DISCOVERY,4528.22000,0.55,4536.92000,8.69683,478.32,17.0,0.03198,ANP_NONE,1,1,LOCATION_RESET_PENDING,EXHAUSTION_RESET_CONFIRMED,TIMING_WAIT_CONFIRMATION,HTF_NEUTRAL,STRUCTURE_OPPOSES,SELL_PRESSURE_STRONG,OPPOSITE_DISCOVERY,4527.47000,41.25,220.55,-149.60,0.461092992139,0.086239337682,WEAK_RECOVERY_WIN,PROFIT_CLOSE | EA_MARKET_CLOSE | bestFloating=220.55 shieldArmed=N,WIN,v6.25.24,v62524-replay-consolidated-root-repair-20260722,V62524_M10_90D_20260422_20260721_RUN1,ENTRY_DATA_PRESENT
138,2026-06-02 15:42:33,2026-06-02 15:57:37,TRAIN_60D,Y,CORE,65,CORE|BAR=1780414200|GEN=3801,XAUUSD,SELL,M10_ORIGINATED_CANDIDATE,B,0,NY,15,TB2|ROLE=CORE|EXEC=SELL|DECISION=SELL|ORIG=SELL|INV=N|REGIME=REGIME_TRENDING_UP|SETUP=M10_ORIGINATED_CANDIDATE|GRADE=B|SESSION=NY|BIAS=OPPOSED|BOS=OPPOSED|LOC=LOCATION_RESET_PENDING|EXH=EXHAUSTION_RESET_CONFIRMED|TIM=TIMING_WAIT_CONFIRMATION|HTF=HTF_TRANSITIONING|STRUCT=STRUCTURE_OPPOSES|PRESS=PRESSURE_TRANSITIONING|ACTION=TRANSITION_WATCH,4526.22000,0.47,4536.52000,10.29874,484.04,17.0,0.03302,ANP_NONE,1,1,LOCATION_RESET_PENDING,EXHAUSTION_RESET_CONFIRMED,TIMING_WAIT_CONFIRMATION,HTF_TRANSITIONING,STRUCTURE_OPPOSES,PRESSURE_TRANSITIONING,TRANSITION_WATCH,4516.76000,444.62,558.83,-49.82,1.154512023800,0.918560449550,WIN,SL_MOD:GENERAL_10M_EXTENSION_RESTORE_ORIGINAL_SL | sl=4536.52 | spread=17 avgSpread=15.6 | trade=M10_ORIGINATED_CANDIDATE [B] | EA_MARKET_CLOSE | bestFloating=558.83 shieldArmed=N,WIN,v6.25.24,v62524-replay-consolidated-root-repair-20260722,V62524_M10_90D_20260422_20260721_RUN1,ENTRY_DATA_PRESENT
140,2026-06-03 04:12:33,2026-06-03 05:21:09,TRAIN_60D,Y,CORE,66,CORE|BAR=1780459200|GEN=3864,XAUUSD,BUY,M10_ORIGINATED_CANDIDATE,B,1,ASIA,4,TB2|ROLE=CORE|EXEC=BUY|DECISION=BUY|ORIG=BUY|INV=N|REGIME=REGIME_TRENDING_DOWN|SETUP=M10_ORIGINATED_CANDIDATE|GRADE=B|SESSION=ASIA|BIAS=OPPOSED|BOS=ALIGNED|LOC=LOCATION_RESET_PENDING|EXH=EXHAUSTION_RESET_CONFIRMED|TIM=TIMING_WAIT_CONFIRMATION|HTF=HTF_TRANSITIONING|STRUCT=STRUCTURE_SUPPORTS|PRESS=PRESSURE_TRANSITIONING|ACTION=TRANSITION_WATCH,4473.66000,0.34,4458.37000,15.28744,519.77,21.0,0.02424,ANP_NONE,-1,1,LOCATION_RESET_PENDING,EXHAUSTION_RESET_CONFIRMED,TIMING_WAIT_CONFIRMATION,HTF_TRANSITIONING,STRUCTURE_SUPPORTS,PRESSURE_TRANSITIONING,TRANSITION_WATCH,4475.46000,61.20,263.16,-351.22,0.506300863844,0.117744386940,WEAK_RECOVERY_WIN,PROFIT_CLOSE | EA_MARKET_CLOSE | bestFloating=263.16 shieldArmed=N,WIN,v6.25.24,v62524-replay-consolidated-root-repair-20260722,V62524_M10_90D_20260422_20260721_RUN1,ENTRY_DATA_PRESENT
142,2026-06-03 13:32:33,2026-06-03 16:43:02,TRAIN_60D,Y,CORE,67,CORE|BAR=1780492800|GEN=3920,XAUUSD,BUY,M10_ORIGINATED_CANDIDATE,B,1,NY,13,TB2|ROLE=CORE|EXEC=BUY|DECISION=BUY|ORIG=BUY|INV=N|REGIME=REGIME_TRENDING_DOWN|SETUP=M10_ORIGINATED_CANDIDATE|GRADE=B|SESSION=NY|BIAS=OPPOSED|BOS=OPPOSED|LOC=LOCATION_RESET_PENDING|EXH=EXHAUSTION_RESET_CONFIRMED|TIM=TIMING_WAIT_CONFIRMATION|HTF=HTF_TRANSITIONING|STRUCT=STRUCTURE_OPPOSES|PRESS=PRESSURE_TRANSITIONING|ACTION=TRANSITION_WATCH,4461.42000,0.20,4435.02000,26.40411,528.08,17.0,0.01731,ANP_NONE,-1,-1,LOCATION_RESET_PENDING,EXHAUSTION_RESET_CONFIRMED,TIMING_WAIT_CONFIRMATION,HTF_TRANSITIONING,STRUCTURE_OPPOSES,PRESSURE_TRANSITIONING,TRANSITION_WATCH,4434.96000,-529.20,132.40,-526.20,0.250719587941,-1.002120890774,APLUS_GIVEBACK_LOSS,BROKER_SL | bestFloating=132.40 shieldArmed=N,LOSS,v6.25.24,v62524-replay-consolidated-root-repair-20260722,V62524_M10_90D_20260422_20260721_RUN1,ENTRY_DATA_PRESENT
144,2026-06-04 10:12:33,2026-06-04 11:09:03,TRAIN_60D,Y,CORE,68,CORE|BAR=1780567200|GEN=4032,XAUUSD,SELL,M10_ORIGINATED_CANDIDATE,A+,1,LDN,10,TB2|ROLE=CORE|EXEC=SELL|DECISION=SELL|ORIG=SELL|INV=N|REGIME=REGIME_TRENDING_DOWN|SETUP=M10_ORIGINATED_CANDIDATE|GRADE=A+|SESSION=LDN|BIAS=ALIGNED|BOS=OPPOSED|LOC=LOCATION_RESET_PENDING|EXH=EXHAUSTION_RESET_CONFIRMED|TIM=TIMING_WAIT_CONFIRMATION|HTF=HTF_TRANSITIONING|STRUCT=STRUCTURE_OPPOSES|PRESS=PRESSURE_TRANSITIONING|ACTION=TRANSITION_WATCH,4465.46000,0.32,4480.41000,14.95440,478.54,17.0,0.02545,ANP_NONE,-1,1,LOCATION_RESET_PENDING,EXHAUSTION_RESET_CONFIRMED,TIMING_WAIT_CONFIRMATION,HTF_TRANSITIONING,STRUCTURE_OPPOSES,PRESSURE_TRANSITIONING,TRANSITION_WATCH,4465.20000,8.32,180.48,-165.44,0.377147155933,0.017386216408,WEAK_RECOVERY_WIN,PROFIT_CLOSE | EA_MARKET_CLOSE | bestFloating=180.48 shieldArmed=N,WIN,v6.25.24,v62524-replay-consolidated-root-repair-20260722,V62524_M10_90D_20260422_20260721_RUN1,ENTRY_DATA_PRESENT
146,2026-06-04 19:32:33,2026-06-05 02:02:19,TRAIN_60D,Y,CORE,69,CORE|BAR=1780600800|GEN=4088,XAUUSD,BUY,TREND_PULLBACK,A+,0,LATE,19,TB2|ROLE=CORE|EXEC=BUY|DECISION=BUY|ORIG=BUY|INV=N|REGIME=REGIME_TRENDING_UP|SETUP=TREND_PULLBACK|GRADE=A+|SESSION=LATE|BIAS=ALIGNED|BOS=ALIGNED|LOC=LOCATION_GOOD|EXH=EXHAUSTION_MODERATE|TIM=TIMING_READY|HTF=HTF_NEUTRAL|STRUCT=STRUCTURE_SUPPORTS|PRESS=BUY_PRESSURE_STRONG|ACTION=ALLOW_CORE,4480.40000,0.32,4465.51000,14.89337,476.59,17.0,0.02215,ANP_NONE,1,1,LOCATION_GOOD,EXHAUSTION_MODERATE,TIMING_READY,HTF_NEUTRAL,STRUCTURE_SUPPORTS,BUY_PRESSURE_STRONG,ALLOW_CORE,4465.29000,-487.55,115.20,-474.11,0.241717199270,-1.022996705764,APLUS_GIVEBACK_LOSS,BROKER_SL | bestFloating=115.20 shieldArmed=N,LOSS,v6.25.24,v62524-replay-consolidated-root-repair-20260722,V62524_M10_90D_20260422_20260721_RUN1,ENTRY_DATA_PRESENT
148,2026-06-05 08:02:33,2026-06-05 08:14:05,TRAIN_60D,Y,CORE,70,CORE|BAR=1780645800|GEN=4151,XAUUSD,BUY,M10_ORIGINATED_CANDIDATE,A,1,LDN,8,TB2|ROLE=CORE|EXEC=BUY|DECISION=BUY|ORIG=BUY|INV=N|REGIME=REGIME_TRENDING_DOWN|SETUP=M10_ORIGINATED_CANDIDATE|GRADE=A|SESSION=LDN|BIAS=OPPOSED|BOS=OPPOSED|LOC=LOCATION_RESET_PENDING|EXH=EXHAUSTION_RESET_CONFIRMED|TIM=TIMING_WAIT_CONFIRMATION|HTF=HTF_TRANSITIONING|STRUCT=STRUCTURE_OPPOSES|PRESS=PRESSURE_TRANSITIONING|ACTION=TRANSITION_WATCH,4445.82000,0.39,4434.79000,11.03113,430.21,17.0,0.03177,ANP_NONE,-1,-1,LOCATION_RESET_PENDING,EXHAUSTION_RESET_CONFIRMED,TIMING_WAIT_CONFIRMATION,HTF_TRANSITIONING,STRUCTURE_OPPOSES,PRESSURE_TRANSITIONING,TRANSITION_WATCH,4448.88000,119.34,162.24,-8.58,0.377118151600,0.277399409591,WIN,PROFIT_CLOSE | EA_MARKET_CLOSE | bestFloating=162.24 shieldArmed=N,WIN,v6.25.24,v62524-replay-consolidated-root-repair-20260722,V62524_M10_90D_20260422_20260721_RUN1,ENTRY_DATA_PRESENT
150,2026-06-05 08:22:33,2026-06-05 08:47:07,TRAIN_60D,Y,CORE,71,CORE|BAR=1780647000|GEN=4153,XAUUSD,BUY,M10_ORIGINATED_CANDIDATE,B,1,LDN,8,TB2|ROLE=CORE|EXEC=BUY|DECISION=BUY|ORIG=BUY|INV=N|REGIME=REGIME_TRENDING_DOWN|SETUP=M10_ORIGINATED_CANDIDATE|GRADE=B|SESSION=LDN|BIAS=OPPOSED|BOS=OPPOSED|LOC=LOCATION_RESET_PENDING|EXH=EXHAUSTION_RESET_CONFIRMED|TIM=TIMING_WAIT_CONFIRMATION|HTF=HTF_NEUTRAL|STRUCT=STRUCTURE_OPPOSES|PRESS=BUY_PRESSURE_STRONG|ACTION=OPPOSITE_DISCOVERY,4443.68000,0.53,4435.30000,8.37866,444.07,17.0,0.03483,ANP_NONE,-1,-1,LOCATION_RESET_PENDING,EXHAUSTION_RESET_CONFIRMED,TIMING_WAIT_CONFIRMATION,HTF_NEUTRAL,STRUCTURE_OPPOSES,BUY_PRESSURE_STRONG,OPPOSITE_DISCOVERY,4444.16000,25.44,230.02,-217.30,0.517981399329,0.057288265364,WEAK_RECOVERY_WIN,PROFIT_CLOSE | EA_MARKET_CLOSE | bestFloating=230.02 shieldArmed=N,WIN,v6.25.24,v62524-replay-consolidated-root-repair-20260722,V62524_M10_90D_20260422_20260721_RUN1,ENTRY_DATA_PRESENT
152,2026-06-05 09:32:30,2026-06-05 09:57:06,TRAIN_60D,Y,CORE,72,CORE|BAR=1780651200|GEN=4160,XAUUSD,BUY,M10_ORIGINATED_CANDIDATE,B,1,LDN,9,TB2|ROLE=CORE|EXEC=BUY|DECISION=BUY|ORIG=BUY|INV=N|REGIME=REGIME_TRENDING_DOWN|SETUP=M10_ORIGINATED_CANDIDATE|GRADE=B|SESSION=LDN|BIAS=OPPOSED|BOS=OPPOSED|LOC=LOCATION_RESET_PENDING|EXH=EXHAUSTION_RESET_CONFIRMED|TIM=TIMING_WAIT_RECLAIM|HTF=HTF_NEUTRAL|STRUCT=STRUCTURE_OPPOSES|PRESS=BUY_PRESSURE_STRONG|ACTION=OPPOSITE_DISCOVERY,4445.23000,0.21,4424.28000,20.95256,440.00,17.0,0.02451,ANP_NONE,-1,-1,LOCATION_RESET_PENDING,EXHAUSTION_RESET_CONFIRMED,TIMING_WAIT_RECLAIM,HTF_NEUTRAL,STRUCTURE_OPPOSES,BUY_PRESSURE_STRONG,OPPOSITE_DISCOVERY,4451.23000,126.00,230.79,-16.59,0.524522727273,0.286363636364,WIN,SL_MOD:GENERAL_10M_EXTENSION_RESTORE_ORIGINAL_SL | sl=4424.28 | spread=4 avgSpread=16.1 | trade=M10_ORIGINATED_CANDIDATE [B] | EA_MARKET_CLOSE | bestFloating=230.79 shieldArmed=N,WIN,v6.25.24,v62524-replay-consolidated-root-repair-20260722,V62524_M10_90D_20260422_20260721_RUN1,ENTRY_DATA_PRESENT
154,2026-06-08 13:02:30,2026-06-08 13:17:11,TRAIN_60D,Y,CORE,73,CORE|BAR=1780923000|GEN=4295,XAUUSD,BUY,M10_ORIGINATED_CANDIDATE,B,1,NY,13,TB2|ROLE=CORE|EXEC=BUY|DECISION=BUY|ORIG=BUY|INV=N|REGIME=REGIME_TRENDING_DOWN|SETUP=M10_ORIGINATED_CANDIDATE|GRADE=B|SESSION=NY|BIAS=OPPOSED|BOS=OPPOSED|LOC=LOCATION_LATE|EXH=EXHAUSTION_RESET_CONFIRMED|TIM=TIMING_WAIT_CONFIRMATION|HTF=HTF_TRANSITIONING|STRUCT=STRUCTURE_OPPOSES|PRESS=PRESSURE_TRANSITIONING|ACTION=TRANSITION_WATCH,4288.73000,0.22,4268.23000,20.50371,451.08,17.0,0.01839,ANP_NONE,-1,-1,LOCATION_LATE,EXHAUSTION_RESET_CONFIRMED,TIMING_WAIT_CONFIRMATION,HTF_TRANSITIONING,STRUCTURE_OPPOSES,PRESSURE_TRANSITIONING,TRANSITION_WATCH,4291.36000,57.86,198.00,-16.28,0.438946528332,0.128269929946,WIN,SL_MOD:GENERAL_10M_EXTENSION_RESTORE_ORIGINAL_SL | sl=4268.23 | spread=10 avgSpread=11.1 | trade=M10_ORIGINATED_CANDIDATE [B] | EA_MARKET_CLOSE | bestFloating=198.00 shieldArmed=N,WIN,v6.25.24,v62524-replay-consolidated-root-repair-20260722,V62524_M10_90D_20260422_20260721_RUN1,ENTRY_DATA_PRESENT
156,2026-06-09 01:42:34,2026-06-09 02:44:21,TRAIN_60D,Y,CORE,74,CORE|BAR=1780968600|GEN=4359,XAUUSD,SELL,TREND_PULLBACK,A,1,ASIA,1,TB2|ROLE=CORE|EXEC=SELL|DECISION=SELL|ORIG=SELL|INV=N|REGIME=REGIME_TRENDING_DOWN|SETUP=TREND_PULLBACK|GRADE=A|SESSION=ASIA|BIAS=ALIGNED|BOS=ALIGNED|LOC=LOCATION_LATE|EXH=EXHAUSTION_MODERATE|TIM=TIMING_READY|HTF=HTF_NEUTRAL|STRUCT=STRUCTURE_SUPPORTS|PRESS=SELL_PRESSURE_MODERATE|ACTION=ALLOW_SCALP,4325.98000,0.57,4334.18000,8.20487,467.68,25.0,0.05155,ANP_NONE,-1,-1,LOCATION_LATE,EXHAUSTION_MODERATE,TIMING_READY,HTF_NEUTRAL,STRUCTURE_SUPPORTS,SELL_PRESSURE_MODERATE,ALLOW_SCALP,4319.72000,356.82,591.66,-181.83,1.265095791995,0.762957577831,WIN,SL_MOD:GENERAL_10M_EXTENSION_RESTORE_ORIGINAL_SL | sl=4334.18 | spread=25 avgSpread=24.8 | trade=TREND_PULLBACK [A] | EA_MARKET_CLOSE | bestFloating=591.66 shieldArmed=N,WIN,v6.25.24,v62524-replay-consolidated-root-repair-20260722,V62524_M10_90D_20260422_20260721_RUN1,ENTRY_DATA_PRESENT
158,2026-06-09 07:22:34,2026-06-09 07:45:14,TRAIN_60D,Y,CORE,75,CORE|BAR=1780989000|GEN=4393,XAUUSD,SELL,TREND_PULLBACK,A+,1,LDN,7,TB2|ROLE=CORE|EXEC=SELL|DECISION=SELL|ORIG=SELL|INV=N|REGIME=REGIME_TRENDING_DOWN|SETUP=TREND_PULLBACK|GRADE=A+|SESSION=LDN|BIAS=ALIGNED|BOS=ALIGNED|LOC=LOCATION_RESET_PENDING|EXH=EXHAUSTION_MODERATE|TIM=TIMING_WAIT_PULLBACK|HTF=HTF_TRANSITIONING|STRUCT=STRUCTURE_SUPPORTS|PRESS=PRESSURE_TRANSITIONING|ACTION=TRANSITION_WATCH,4330.21000,0.33,4345.47000,15.26263,503.67,21.0,0.03122,ANP_NONE,-1,-1,LOCATION_RESET_PENDING,EXHAUSTION_MODERATE,TIMING_WAIT_PULLBACK,HTF_TRANSITIONING,STRUCTURE_SUPPORTS,PRESSURE_TRANSITIONING,TRANSITION_WATCH,4327.77000,80.52,192.39,-58.41,0.381976294002,0.159866579308,WIN,PROFIT_CLOSE | EA_MARKET_CLOSE | bestFloating=192.39 shieldArmed=N,WIN,v6.25.24,v62524-replay-consolidated-root-repair-20260722,V62524_M10_90D_20260422_20260721_RUN1,ENTRY_DATA_PRESENT
160,2026-06-09 10:02:33,2026-06-09 10:26:34,TRAIN_60D,Y,CORE,76,CORE|BAR=1780998600|GEN=4409,XAUUSD,SELL,TREND_PULLBACK,A+,1,LDN,10,TB2|ROLE=CORE|EXEC=SELL|DECISION=SELL|ORIG=SELL|INV=N|REGIME=REGIME_TRENDING_DOWN|SETUP=TREND_PULLBACK|GRADE=A+|SESSION=LDN|BIAS=ALIGNED|BOS=ALIGNED|LOC=LOCATION_RESET_PENDING|EXH=EXHAUSTION_MODERATE|TIM=TIMING_WAIT_PULLBACK|HTF=HTF_TRANSITIONING|STRUCT=STRUCTURE_STRONGLY_SUPPORTS|PRESS=PRESSURE_TRANSITIONING|ACTION=TRANSITION_WATCH,4331.26000,0.43,4343.21000,11.95046,513.87,16.0,0.02503,ANP_NONE,-1,-1,LOCATION_RESET_PENDING,EXHAUSTION_MODERATE,TIMING_WAIT_PULLBACK,HTF_TRANSITIONING,STRUCTURE_STRONGLY_SUPPORTS,PRESSURE_TRANSITIONING,TRANSITION_WATCH,4330.53000,31.39,345.72,-161.25,0.672777161539,0.061085488548,WEAK_RECOVERY_WIN,SL_MOD:GENERAL_10M_EXTENSION_RESTORE_ORIGINAL_SL | sl=4343.21 | spread=16 avgSpread=10.4 | trade=TREND_PULLBACK [A+] | EA_MARKET_CLOSE | bestFloating=345.72 shieldArmed=N,WIN,v6.25.24,v62524-replay-consolidated-root-repair-20260722,V62524_M10_90D_20260422_20260721_RUN1,ENTRY_DATA_PRESENT
162,2026-06-09 12:42:33,2026-06-09 13:06:57,TRAIN_60D,Y,CORE,77,CORE|BAR=1781008200|GEN=4425,XAUUSD,SELL,TREND_PULLBACK,A+,1,LDN,12,TB2|ROLE=CORE|EXEC=SELL|DECISION=SELL|ORIG=SELL|INV=N|REGIME=REGIME_TRENDING_DOWN|SETUP=TREND_PULLBACK|GRADE=A+|SESSION=LDN|BIAS=ALIGNED|BOS=ALIGNED|LOC=LOCATION_RESET_PENDING|EXH=EXHAUSTION_MODERATE|TIM=TIMING_WAIT_PULLBACK|HTF=HTF_TRANSITIONING|STRUCT=STRUCTURE_SUPPORTS|PRESS=PRESSURE_TRANSITIONING|ACTION=TRANSITION_WATCH,4328.92000,0.52,4338.75000,9.83091,511.21,17.0,0.02622,ANP_NONE,-1,-1,LOCATION_RESET_PENDING,EXHAUSTION_MODERATE,TIMING_WAIT_PULLBACK,HTF_TRANSITIONING,STRUCTURE_SUPPORTS,PRESSURE_TRANSITIONING,TRANSITION_WATCH,4327.70000,63.44,189.28,-255.32,0.370258797754,0.124097728918,WEAK_RECOVERY_WIN,PROFIT_CLOSE | EA_MARKET_CLOSE | bestFloating=189.28 shieldArmed=N,WIN,v6.25.24,v62524-replay-consolidated-root-repair-20260722,V62524_M10_90D_20260422_20260721_RUN1,ENTRY_DATA_PRESENT
164,2026-06-10 09:52:33,2026-06-10 11:04:02,TRAIN_60D,Y,CORE,78,CORE|BAR=1781084400|GEN=4540,XAUUSD,BUY,M10_ORIGINATED_CANDIDATE,A,1,LDN,9,TB2|ROLE=CORE|EXEC=BUY|DECISION=BUY|ORIG=BUY|INV=N|REGIME=REGIME_TRENDING_DOWN|SETUP=M10_ORIGINATED_CANDIDATE|GRADE=A|SESSION=LDN|BIAS=OPPOSED|BOS=OPPOSED|LOC=LOCATION_LATE|EXH=EXHAUSTION_RESET_CONFIRMED|TIM=TIMING_WAIT_CONFIRMATION|HTF=HTF_TRANSITIONING|STRUCT=STRUCTURE_OPPOSES|PRESS=PRESSURE_TRANSITIONING|ACTION=TRANSITION_WATCH,4205.84000,0.13,4165.57000,40.26549,523.45,17.0,0.02209,ANP_NONE,-1,-1,LOCATION_LATE,EXHAUSTION_RESET_CONFIRMED,TIMING_WAIT_CONFIRMATION,HTF_TRANSITIONING,STRUCTURE_OPPOSES,PRESSURE_TRANSITIONING,TRANSITION_WATCH,4165.26000,-527.54,27.82,-521.56,0.053147387525,-1.007813544751,LOSS,BROKER_SL | bestFloating=27.82 shieldArmed=N,LOSS,v6.25.24,v62524-replay-consolidated-root-repair-20260722,V62524_M10_90D_20260422_20260721_RUN1,ENTRY_DATA_PRESENT
166,2026-06-11 12:12:30,2026-06-11 15:23:55,TRAIN_60D,Y,CORE,79,CORE|BAR=1781179200|GEN=4686,XAUUSD,SELL,TREND_PULLBACK,A+,1,LDN,12,TB2|ROLE=CORE|EXEC=SELL|DECISION=SELL|ORIG=SELL|INV=N|REGIME=REGIME_TRENDING_DOWN|SETUP=TREND_PULLBACK|GRADE=A+|SESSION=LDN|BIAS=ALIGNED|BOS=ALIGNED|LOC=LOCATION_LATE|EXH=EXHAUSTION_MODERATE|TIM=TIMING_WAIT_PULLBACK|HTF=HTF_TRANSITIONING|STRUCT=STRUCTURE_SUPPORTS|PRESS=PRESSURE_TRANSITIONING|ACTION=TRANSITION_WATCH,4084.36000,0.13,4119.71000,35.34669,459.51,17.0,0.02169,ANP_NONE,-1,-1,LOCATION_LATE,EXHAUSTION_MODERATE,TIMING_WAIT_PULLBACK,HTF_TRANSITIONING,STRUCTURE_SUPPORTS,PRESSURE_TRANSITIONING,TRANSITION_WATCH,4066.99000,225.81,295.75,-160.55,0.643620378229,0.491414767905,WIN,PROFIT_CLOSE | EA_MARKET_CLOSE | bestFloating=295.75 shieldArmed=N,WIN,v6.25.24,v62524-replay-consolidated-root-repair-20260722,V62524_M10_90D_20260422_20260721_RUN1,ENTRY_DATA_PRESENT
168,2026-06-12 04:52:30,2026-06-12 08:40:45,TRAIN_60D,Y,CORE,80,CORE|BAR=1781239200|GEN=4774,XAUUSD,SELL,M10_ORIGINATED_CANDIDATE,A,0,ASIA,4,TB2|ROLE=CORE|EXEC=SELL|DECISION=SELL|ORIG=SELL|INV=N|REGIME=REGIME_TRENDING_UP|SETUP=M10_ORIGINATED_CANDIDATE|GRADE=A|SESSION=ASIA|BIAS=OPPOSED|BOS=OPPOSED|LOC=LOCATION_RESET_PENDING|EXH=EXHAUSTION_RESET_CONFIRMED|TIM=TIMING_WAIT_CONFIRMATION|HTF=HTF_TRANSITIONING|STRUCT=STRUCTURE_OPPOSES|PRESS=PRESSURE_TRANSITIONING|ACTION=TRANSITION_WATCH,4189.96000,0.17,4217.51000,27.55080,468.36,21.0,0.01608,ANP_NONE,1,1,LOCATION_RESET_PENDING,EXHAUSTION_RESET_CONFIRMED,TIMING_WAIT_CONFIRMATION,HTF_TRANSITIONING,STRUCTURE_OPPOSES,PRESSURE_TRANSITIONING,TRANSITION_WATCH,4178.10000,201.62,292.91,-258.40,0.625394995303,0.430480826714,WIN,SL_MOD:OWNER_R_EXIT_FLOOR | sl=4178.07 | spread=17 avgSpread=16.5 | trade=M10_ORIGINATED_CANDIDATE [A] | BROKER_SL | bestFloating=292.91 shieldArmed=N,WIN,v6.25.24,v62524-replay-consolidated-root-repair-20260722,V62524_M10_90D_20260422_20260721_RUN1,ENTRY_DATA_PRESENT
170,2026-06-12 15:42:30,2026-06-12 16:12:11,TRAIN_60D,Y,CORE,81,CORE|BAR=1781278200|GEN=4839,XAUUSD,SELL,TREND_PULLBACK,B,0,NY,15,TB2|ROLE=CORE|EXEC=SELL|DECISION=SELL|ORIG=SELL|INV=N|REGIME=REGIME_TRENDING_UP|SETUP=TREND_PULLBACK|GRADE=B|SESSION=NY|BIAS=OPPOSED|BOS=OPPOSED|LOC=LOCATION_RESET_PENDING|EXH=EXHAUSTION_MODERATE|TIM=TIMING_WAIT_PULLBACK|HTF=HTF_TRANSITIONING|STRUCT=STRUCTURE_OPPOSES|PRESS=PRESSURE_TRANSITIONING|ACTION=TRANSITION_WATCH,4196.89000,0.21,4220.62000,23.72606,498.25,17.0,0.02021,ANP_NONE,1,1,LOCATION_RESET_PENDING,EXHAUSTION_MODERATE,TIMING_WAIT_PULLBACK,HTF_TRANSITIONING,STRUCTURE_OPPOSES,PRESSURE_TRANSITIONING,TRANSITION_WATCH,4196.58000,6.51,214.20,-94.08,0.429904666332,0.013065730055,WEAK_RECOVERY_WIN,PROFIT_CLOSE | EA_MARKET_CLOSE | bestFloating=214.20 shieldArmed=N,WIN,v6.25.24,v62524-replay-consolidated-root-repair-20260722,V62524_M10_90D_20260422_20260721_RUN1,ENTRY_DATA_PRESENT
172,2026-06-12 18:12:33,2026-06-12 18:38:36,TRAIN_60D,Y,CORE,82,CORE|BAR=1781287200|GEN=4854,XAUUSD,BUY,TREND_PULLBACK,A,0,LATE,18,TB2|ROLE=CORE|EXEC=BUY|DECISION=BUY|ORIG=BUY|INV=N|REGIME=REGIME_TRENDING_UP|SETUP=TREND_PULLBACK|GRADE=A|SESSION=LATE|BIAS=ALIGNED|BOS=ALIGNED|LOC=LOCATION_GOOD|EXH=EXHAUSTION_HIGH|TIM=TIMING_READY|HTF=HTF_NEUTRAL|STRUCT=STRUCTURE_SUPPORTS|PRESS=PRESSURE_BALANCED|ACTION=ALLOW_CORE,4210.27000,0.12,4168.07000,42.19941,506.39,17.0,0.01240,ANP_NONE,1,1,LOCATION_GOOD,EXHAUSTION_HIGH,TIMING_READY,HTF_NEUTRAL,STRUCTURE_SUPPORTS,PRESSURE_BALANCED,ALLOW_CORE,4219.36000,109.08,303.84,-16.32,0.600011848575,0.215407097297,WIN,SL_MOD:GENERAL_10M_EXTENSION_RESTORE_ORIGINAL_SL | sl=4168.07 | spread=14 avgSpread=17.5 | trade=TREND_PULLBACK [A] | EA_MARKET_CLOSE | bestFloating=303.84 shieldArmed=N,WIN,v6.25.24,v62524-replay-consolidated-root-repair-20260722,V62524_M10_90D_20260422_20260721_RUN1,ENTRY_DATA_PRESENT
174,2026-06-15 10:42:33,2026-06-15 10:54:59,TRAIN_60D,Y,CORE,83,CORE|BAR=1781519400|GEN=4923,XAUUSD,BUY,TREND_PULLBACK,A,0,FIX,10,TB2|ROLE=CORE|EXEC=BUY|DECISION=BUY|ORIG=BUY|INV=N|REGIME=REGIME_TRENDING_UP|SETUP=TREND_PULLBACK|GRADE=A|SESSION=FIX|BIAS=ALIGNED|BOS=ALIGNED|LOC=LOCATION_LATE|EXH=EXHAUSTION_MODERATE|TIM=TIMING_READY|HTF=HTF_NEUTRAL|STRUCT=STRUCTURE_SUPPORTS|PRESS=BUY_PRESSURE_MODERATE|ACTION=ALLOW_SCALP,4314.90000,0.28,4296.71000,18.19106,509.35,17.0,0.02407,ANP_NONE,1,1,LOCATION_LATE,EXHAUSTION_MODERATE,TIMING_READY,HTF_NEUTRAL,STRUCTURE_SUPPORTS,BUY_PRESSURE_MODERATE,ALLOW_SCALP,4322.91000,224.28,218.68,-62.72,0.429331500933,0.440325905566,WIN,SL_MOD:BASKET_050R_RESTORE_ORIGINAL_SL | sl=4308.66 | spread=4 avgSpread=15.4 | trade=TREND_PULLBACK [A] | EA_MARKET_CLOSE | EA_MARKET_CLOSE | bestFloating=218.68 shieldArmed=N,WIN,v6.25.24,v62524-replay-consolidated-root-repair-20260722,V62524_M10_90D_20260422_20260721_RUN1,ENTRY_DATA_PRESENT
175,2026-06-15 10:54:48,2026-06-15 10:54:59,TRAIN_60D,Y,PYRAMID,83,CAMP-83|BUY|ADD1|BAR1781520000,XAUUSD,BUY,PYRAMID_TWO_GATE,PYRAMID,0,FIX,10,TB2|ROLE=PYRAMID|DIR=BUY|REGIME=TREND_UP|SESSION=FIX|ADD=1|TIM=TIMING_READY|MOVE=MOVE_065_109|EXH=EXH_MODERATE|HTF=HTF_NEUTRAL|STRUCT=STRUCTURE_STRONGLY_SUPPORTS|PRESS=PRESSURE_BALANCED,4322.00000,0.39,4308.66000,13.34087,520.30,4.0,0.00567,ANP_NONE,0,1,LOCATION_LATE,EXH_MODERATE,TIMING_READY,HTF_NEUTRAL,STRUCTURE_STRONGLY_SUPPORTS,PRESSURE_BALANCED,PYRAMID_TIMING_PLUS_EXHAUSTION_APPROVED,4322.91000,35.49,27.69,0.00,0.053219296560,0.068210647703,WIN,SL_MOD:BASKET_050R_RESTORE_ORIGINAL_SL | sl=4308.66 | spread=4 avgSpread=15.4 | trade=TREND_PULLBACK [A] | EA_MARKET_CLOSE | bestFloating=27.69 shieldArmed=N,WIN,v6.25.24,v62524-replay-consolidated-root-repair-20260722,V62524_M10_90D_20260422_20260721_RUN1,ENTRY_DATA_PRESENT
178,2026-06-16 04:22:33,2026-06-16 04:48:27,TRAIN_60D,Y,CORE,84,CORE|BAR=1781583000|GEN=5017,XAUUSD,BUY,M10_ORIGINATED_CANDIDATE,A+,0,ASIA,4,TB2|ROLE=CORE|EXEC=BUY|DECISION=BUY|ORIG=BUY|INV=N|REGIME=REGIME_TRENDING_UP|SETUP=M10_ORIGINATED_CANDIDATE|GRADE=A+|SESSION=ASIA|BIAS=ALIGNED|BOS=ALIGNED|LOC=LOCATION_LATE|EXH=EXHAUSTION_RESET_CONFIRMED|TIM=TIMING_WAIT_CONFIRMATION|HTF=HTF_TRANSITIONING|STRUCT=STRUCTURE_SUPPORTS|PRESS=PRESSURE_TRANSITIONING|ACTION=TRANSITION_WATCH,4319.12000,0.35,4303.41000,15.71156,549.91,17.0,0.03099,ANP_NONE,1,1,LOCATION_LATE,EXHAUSTION_RESET_CONFIRMED,TIMING_WAIT_CONFIRMATION,HTF_TRANSITIONING,STRUCTURE_SUPPORTS,PRESSURE_TRANSITIONING,TRANSITION_WATCH,4319.27000,5.25,171.15,-201.95,0.311232747177,0.009547016785,WEAK_RECOVERY_WIN,PROFIT_CLOSE | EA_MARKET_CLOSE | bestFloating=171.15 shieldArmed=N,WIN,v6.25.24,v62524-replay-consolidated-root-repair-20260722,V62524_M10_90D_20260422_20260721_RUN1,ENTRY_DATA_PRESENT
180,2026-06-16 06:02:33,2026-06-16 06:47:13,TRAIN_60D,Y,CORE,85,CORE|BAR=1781589000|GEN=5027,XAUUSD,BUY,M10_ORIGINATED_CANDIDATE,A+,0,ASIA,6,TB2|ROLE=CORE|EXEC=BUY|DECISION=BUY|ORIG=BUY|INV=N|REGIME=REGIME_TRENDING_UP|SETUP=M10_ORIGINATED_CANDIDATE|GRADE=A+|SESSION=ASIA|BIAS=ALIGNED|BOS=ALIGNED|LOC=LOCATION_LATE|EXH=EXHAUSTION_RESET_CONFIRMED|TIM=TIMING_WAIT_RECLAIM|HTF=HTF_TRANSITIONING|STRUCT=STRUCTURE_SUPPORTS|PRESS=PRESSURE_TRANSITIONING|ACTION=TRANSITION_WATCH,4319.19000,0.44,4306.64000,12.54857,552.14,17.0,0.02780,ANP_NONE,1,1,LOCATION_LATE,EXHAUSTION_RESET_CONFIRMED,TIMING_WAIT_RECLAIM,HTF_TRANSITIONING,STRUCTURE_SUPPORTS,PRESSURE_TRANSITIONING,TRANSITION_WATCH,4332.69000,594.00,605.44,-166.76,1.096533487884,1.075814105118,WIN,SL_MOD:GENERAL_10M_EXTENSION_RESTORE_ORIGINAL_SL | sl=4306.64 | spread=17 avgSpread=17.0 | trade=M10_ORIGINATED_CANDIDATE [A+] | EA_MARKET_CLOSE | bestFloating=605.44 shieldArmed=N,WIN,v6.25.24,v62524-replay-consolidated-root-repair-20260722,V62524_M10_90D_20260422_20260721_RUN1,ENTRY_DATA_PRESENT
182,2026-06-16 10:02:33,2026-06-16 10:17:11,TRAIN_60D,Y,CORE,86,CORE|BAR=1781603400|GEN=5051,XAUUSD,BUY,TREND_PULLBACK,A+,0,LDN,10,TB2|ROLE=CORE|EXEC=BUY|DECISION=BUY|ORIG=BUY|INV=N|REGIME=REGIME_TRENDING_UP|SETUP=TREND_PULLBACK|GRADE=A+|SESSION=LDN|BIAS=ALIGNED|BOS=ALIGNED|LOC=LOCATION_LATE|EXH=EXHAUSTION_MODERATE|TIM=TIMING_READY|HTF=HTF_NEUTRAL|STRUCT=STRUCTURE_STRONGLY_SUPPORTS|PRESS=BUY_PRESSURE_MODERATE|ACTION=ALLOW_SCALP,4323.15000,0.52,4311.39000,11.76099,611.57,12.0,0.02276,ANP_NONE,1,1,LOCATION_LATE,EXHAUSTION_MODERATE,TIMING_READY,HTF_NEUTRAL,STRUCTURE_STRONGLY_SUPPORTS,BUY_PRESSURE_MODERATE,ALLOW_SCALP,4327.64000,233.48,278.72,-27.04,0.455745049626,0.381771506124,WIN,SL_MOD:GENERAL_10M_EXTENSION_RESTORE_ORIGINAL_SL | sl=4311.39 | spread=13 avgSpread=12.8 | trade=TREND_PULLBACK [A+] | EA_MARKET_CLOSE | bestFloating=278.72 shieldArmed=N,WIN,v6.25.24,v62524-replay-consolidated-root-repair-20260722,V62524_M10_90D_20260422_20260721_RUN1,ENTRY_DATA_PRESENT
184,2026-06-16 10:22:33,2026-06-16 10:31:06,TRAIN_60D,Y,CORE,87,CORE|BAR=1781604600|GEN=5053,XAUUSD,BUY,TREND_PULLBACK,A+,0,FIX,10,TB2|ROLE=CORE|EXEC=BUY|DECISION=BUY|ORIG=BUY|INV=N|REGIME=REGIME_TRENDING_UP|SETUP=TREND_PULLBACK|GRADE=A+|SESSION=FIX|BIAS=ALIGNED|BOS=ALIGNED|LOC=LOCATION_ACCEPTABLE|EXH=EXHAUSTION_MODERATE|TIM=TIMING_READY|HTF=HTF_NEUTRAL|STRUCT=STRUCTURE_STRONGLY_SUPPORTS|PRESS=BUY_PRESSURE_STRONG|ACTION=ALLOW_CORE,4325.25000,0.44,4310.93000,14.31583,629.90,12.0,0.02196,ANP_NONE,1,1,LOCATION_ACCEPTABLE,EXHAUSTION_MODERATE,TIMING_READY,HTF_NEUTRAL,STRUCTURE_STRONGLY_SUPPORTS,BUY_PRESSURE_STRONG,ALLOW_CORE,4331.92000,293.48,284.68,-44.44,0.451944753135,0.465915224639,WIN,SL_MOD:BASKET_050R_RESTORE_ORIGINAL_SL | sl=4309.83 | spread=13 avgSpread=11.7 | trade=TREND_PULLBACK [A+] | EA_MARKET_CLOSE | EA_MARKET_CLOSE | bestFloating=284.68 shieldArmed=N,WIN,v6.25.24,v62524-replay-consolidated-root-repair-20260722,V62524_M10_90D_20260422_20260721_RUN1,ENTRY_DATA_PRESENT
185,2026-06-16 10:31:05,2026-06-16 10:31:06,TRAIN_60D,Y,PYRAMID,87,CAMP-87|BUY|ADD1|BAR1781605200,XAUUSD,BUY,PYRAMID_TWO_GATE,PYRAMID,0,FIX,10,TB2|ROLE=PYRAMID|DIR=BUY|REGIME=TREND_UP|SESSION=FIX|ADD=1|TIM=TIMING_READY|MOVE=MOVE_065_109|EXH=EXH_MODERATE|HTF=HTF_NEUTRAL|STRUCT=STRUCTURE_SUPPORTS|PRESS=BUY_PRESSURE_STRONG,4330.85000,0.30,4309.83000,21.01590,630.48,13.0,0.02428,ANP_NONE,0,1,LOCATION_ACCEPTABLE,EXH_MODERATE,TIMING_READY,HTF_NEUTRAL,STRUCTURE_SUPPORTS,BUY_PRESSURE_STRONG,PYRAMID_TIMING_PLUS_EXHAUSTION_APPROVED,4331.92000,32.10,26.10,-5.70,0.041397030834,0.050913589646,WIN,SL_MOD:BASKET_050R_RESTORE_ORIGINAL_SL | sl=4309.83 | spread=13 avgSpread=11.7 | trade=TREND_PULLBACK [A+] | EA_MARKET_CLOSE | bestFloating=26.10 shieldArmed=N,WIN,v6.25.24,v62524-replay-consolidated-root-repair-20260722,V62524_M10_90D_20260422_20260721_RUN1,ENTRY_DATA_PRESENT
188,2026-06-16 10:52:33,2026-06-16 11:09:57,TRAIN_60D,Y,CORE,88,CORE|BAR=1781606400|GEN=5056,XAUUSD,BUY,TREND_PULLBACK,A+,0,FIX,10,TB2|ROLE=CORE|EXEC=BUY|DECISION=BUY|ORIG=BUY|INV=N|REGIME=REGIME_TRENDING_UP|SETUP=TREND_PULLBACK|GRADE=A+|SESSION=FIX|BIAS=ALIGNED|BOS=ALIGNED|LOC=LOCATION_GOOD|EXH=EXHAUSTION_MODERATE|TIM=TIMING_READY|HTF=HTF_NEUTRAL|STRUCT=STRUCTURE_SUPPORTS|PRESS=BUY_PRESSURE_STRONG|ACTION=ALLOW_CORE,4332.93000,0.58,4321.47000,11.46197,664.80,13.0,0.02263,ANP_NONE,1,1,LOCATION_GOOD,EXHAUSTION_MODERATE,TIMING_READY,HTF_NEUTRAL,STRUCTURE_SUPPORTS,BUY_PRESSURE_STRONG,ALLOW_CORE,4338.57000,327.12,323.64,-101.50,0.486823104693,0.492057761733,WIN,SL_MOD:BASKET_050R_RESTORE_ORIGINAL_SL | sl=4321.47 | spread=13 avgSpread=11.3 | trade=TREND_PULLBACK [A+] | EA_MARKET_CLOSE | bestFloating=323.64 shieldArmed=N,WIN,v6.25.24,v62524-replay-consolidated-root-repair-20260722,V62524_M10_90D_20260422_20260721_RUN1,ENTRY_DATA_PRESENT
189,2026-06-16 11:09:55,2026-06-16 11:09:57,TRAIN_60D,Y,PYRAMID,88,CAMP-88|BUY|ADD1|BAR1781607000,XAUUSD,BUY,PYRAMID_TWO_GATE,PYRAMID,0,LDN,11,TB2|ROLE=PYRAMID|DIR=BUY|REGIME=TREND_UP|SESSION=LDN|ADD=1|TIM=TIMING_READY|MOVE=MOVE_065_109|EXH=EXH_MODERATE|HTF=HTF_NEUTRAL|STRUCT=STRUCTURE_SUPPORTS|PRESS=BUY_PRESSURE_STRONG,4338.31000,0.37,4320.47000,17.83620,659.94,13.0,0.02457,ANP_NONE,0,1,LOCATION_ACCEPTABLE,EXH_MODERATE,TIMING_READY,HTF_NEUTRAL,STRUCTURE_SUPPORTS,BUY_PRESSURE_STRONG,PYRAMID_TIMING_PLUS_EXHAUSTION_APPROVED,4338.57000,9.62,7.40,0.00,0.011213140589,0.014577082765,WIN,SL_MOD:BASKET_050R_RESTORE_ORIGINAL_SL | sl=4320.47 | spread=13 avgSpread=11.3 | trade=TREND_PULLBACK [A+] | EA_MARKET_CLOSE | bestFloating=7.40 shieldArmed=N,WIN,v6.25.24,v62524-replay-consolidated-root-repair-20260722,V62524_M10_90D_20260422_20260721_RUN1,ENTRY_DATA_PRESENT
192,2026-06-16 11:22:33,2026-06-16 11:59:23,TRAIN_60D,Y,CORE,89,CORE|BAR=1781608200|GEN=5059,XAUUSD,BUY,TREND_PULLBACK,A+,0,LDN,11,TB2|ROLE=CORE|EXEC=BUY|DECISION=BUY|ORIG=BUY|INV=N|REGIME=REGIME_TRENDING_UP|SETUP=TREND_PULLBACK|GRADE=A+|SESSION=LDN|BIAS=ALIGNED|BOS=ALIGNED|LOC=LOCATION_ACCEPTABLE|EXH=EXHAUSTION_MODERATE|TIM=TIMING_READY|HTF=HTF_NEUTRAL|STRUCT=STRUCTURE_SUPPORTS|PRESS=BUY_PRESSURE_STRONG|ACTION=ALLOW_CORE,4338.53000,0.38,4320.42000,18.10894,688.14,11.0,0.02060,ANP_NONE,1,1,LOCATION_ACCEPTABLE,EXHAUSTION_MODERATE,TIMING_READY,HTF_NEUTRAL,STRUCTURE_SUPPORTS,BUY_PRESSURE_STRONG,ALLOW_CORE,4346.27000,294.12,292.60,-21.66,0.425204173569,0.427413026419,WIN,SL_MOD:BASKET_050R_RESTORE_ORIGINAL_SL | sl=4319.25 | spread=13 avgSpread=11.4 | trade=TREND_PULLBACK [A+] | EA_MARKET_CLOSE | EA_MARKET_CLOSE | bestFloating=292.60 shieldArmed=N,WIN,v6.25.24,v62524-replay-consolidated-root-repair-20260722,V62524_M10_90D_20260422_20260721_RUN1,ENTRY_DATA_PRESENT
193,2026-06-16 11:42:54,2026-06-16 11:59:23,TRAIN_60D,Y,PYRAMID,89,CAMP-89|BUY|ADD1|BAR1781609400,XAUUSD,BUY,PYRAMID_TWO_GATE,PYRAMID,0,LDN,11,TB2|ROLE=PYRAMID|DIR=BUY|REGIME=TREND_UP|SESSION=LDN|ADD=1|TIM=TIMING_READY|MOVE=MOVE_065_109|EXH=EXH_MODERATE|HTF=HTF_NEUTRAL|STRUCT=STRUCTURE_SUPPORTS|PRESS=BUY_PRESSURE_STRONG,4344.36000,0.27,4319.25000,25.11266,678.04,13.0,0.02416,ANP_NONE,0,1,LOCATION_GOOD,EXH_MODERATE,TIMING_READY,HTF_NEUTRAL,STRUCTURE_SUPPORTS,BUY_PRESSURE_STRONG,PYRAMID_TIMING_PLUS_EXHAUSTION_APPROVED,4346.27000,51.57,50.49,-93.42,0.074464633355,0.076057459737,WEAK_RECOVERY_WIN,SL_MOD:BASKET_050R_RESTORE_ORIGINAL_SL | sl=4319.25 | spread=13 avgSpread=11.4 | trade=TREND_PULLBACK [A+] | EA_MARKET_CLOSE | bestFloating=50.49 shieldArmed=N,WIN,v6.25.24,v62524-replay-consolidated-root-repair-20260722,V62524_M10_90D_20260422_20260721_RUN1,ENTRY_DATA_PRESENT
196,2026-06-16 12:12:33,2026-06-16 17:27:54,TRAIN_60D,Y,CORE,90,CORE|BAR=1781611200|GEN=5064,XAUUSD,BUY,SQUEEZE_RELEASE,A+,0,LDN,12,TB2|ROLE=CORE|EXEC=BUY|DECISION=BUY|ORIG=BUY|INV=N|REGIME=REGIME_TRENDING_UP|SETUP=SQUEEZE_RELEASE|GRADE=A+|SESSION=LDN|BIAS=ALIGNED|BOS=ALIGNED|LOC=LOCATION_GOOD|EXH=EXHAUSTION_MODERATE|TIM=TIMING_READY|HTF=HTF_NEUTRAL|STRUCT=STRUCTURE_SUPPORTS|PRESS=BUY_PRESSURE_STRONG|ACTION=ALLOW_CORE,4347.45000,0.25,4318.59000,28.85884,721.47,13.0,0.02324,ANP_NONE,1,1,LOCATION_GOOD,EXHAUSTION_MODERATE,TIMING_READY,HTF_NEUTRAL,STRUCTURE_SUPPORTS,BUY_PRESSURE_STRONG,ALLOW_CORE,4318.55000,-722.50,187.50,-714.50,0.259886065949,-1.001427640789,APLUS_GIVEBACK_LOSS,BROKER_SL | bestFloating=187.50 shieldArmed=N,LOSS,v6.25.24,v62524-replay-consolidated-root-repair-20260722,V62524_M10_90D_20260422_20260721_RUN1,ENTRY_DATA_PRESENT
198,2026-06-17 03:12:33,2026-06-17 04:14:14,TRAIN_60D,Y,CORE,91,CORE|BAR=1781665200|GEN=5142,XAUUSD,BUY,TREND_PULLBACK,A,0,ASIA,3,TB2|ROLE=CORE|EXEC=BUY|DECISION=BUY|ORIG=BUY|INV=N|REGIME=REGIME_TRENDING_UP|SETUP=TREND_PULLBACK|GRADE=A|SESSION=ASIA|BIAS=ALIGNED|BOS=ALIGNED|LOC=LOCATION_LATE|EXH=EXHAUSTION_HIGH|TIM=TIMING_WAIT_PULLBACK|HTF=HTF_TRANSITIONING|STRUCT=STRUCTURE_SUPPORTS|PRESS=PRESSURE_TRANSITIONING|ACTION=TRANSITION_WATCH,4338.65000,0.53,4326.22000,12.43256,658.93,8.0,0.01845,ANP_NONE,1,1,LOCATION_LATE,EXHAUSTION_HIGH,TIMING_WAIT_PULLBACK,HTF_TRANSITIONING,STRUCTURE_SUPPORTS,PRESSURE_TRANSITIONING,TRANSITION_WATCH,4348.09000,500.32,595.19,-334.96,0.903267418390,0.759291578772,WIN,SL_MOD:GENERAL_10M_EXTENSION_RESTORE_ORIGINAL_SL | sl=4326.22 | spread=17 avgSpread=13.5 | trade=TREND_PULLBACK [A] | EA_MARKET_CLOSE | bestFloating=595.19 shieldArmed=N,WIN,v6.25.24,v62524-replay-consolidated-root-repair-20260722,V62524_M10_90D_20260422_20260721_RUN1,ENTRY_DATA_PRESENT
200,2026-06-17 12:52:30,2026-06-17 13:59:02,TRAIN_60D,Y,CORE,92,CORE|BAR=1781700000|GEN=5200,XAUUSD,BUY,M10_ORIGINATED_CANDIDATE,A+,0,LDN,12,TB2|ROLE=CORE|EXEC=BUY|DECISION=BUY|ORIG=BUY|INV=N|REGIME=REGIME_TRENDING_UP|SETUP=M10_ORIGINATED_CANDIDATE|GRADE=A+|SESSION=LDN|BIAS=ALIGNED|BOS=ALIGNED|LOC=LOCATION_RESET_PENDING|EXH=EXHAUSTION_RESET_CONFIRMED|TIM=TIMING_WAIT_CONFIRMATION|HTF=HTF_TRANSITIONING|STRUCT=STRUCTURE_STRONGLY_SUPPORTS|PRESS=PRESSURE_TRANSITIONING|ACTION=TRANSITION_WATCH,4328.20000,0.52,4314.48000,13.72324,713.61,13.0,0.02419,ANP_NONE,1,1,LOCATION_RESET_PENDING,EXHAUSTION_RESET_CONFIRMED,TIMING_WAIT_CONFIRMATION,HTF_TRANSITIONING,STRUCTURE_STRONGLY_SUPPORTS,PRESSURE_TRANSITIONING,TRANSITION_WATCH,4331.32000,162.24,362.96,-98.80,0.508625159401,0.227351074116,WIN,SL_MOD:GENERAL_10M_EXTENSION_RESTORE_ORIGINAL_SL | sl=4314.48 | spread=13 avgSpread=12.0 | trade=M10_ORIGINATED_CANDIDATE [A+] | EA_MARKET_CLOSE | bestFloating=362.96 shieldArmed=N,WIN,v6.25.24,v62524-replay-consolidated-root-repair-20260722,V62524_M10_90D_20260422_20260721_RUN1,ENTRY_DATA_PRESENT
202,2026-06-18 03:02:33,2026-06-18 03:15:18,TRAIN_60D,Y,CORE,93,CORE|BAR=1781751000|GEN=5273,XAUUSD,BUY,M10_ORIGINATED_CANDIDATE,B,1,ASIA,3,TB2|ROLE=CORE|EXEC=BUY|DECISION=BUY|ORIG=BUY|INV=N|REGIME=REGIME_TRENDING_DOWN|SETUP=M10_ORIGINATED_CANDIDATE|GRADE=B|SESSION=ASIA|BIAS=OPPOSED|BOS=OPPOSED|LOC=LOCATION_RESET_PENDING|EXH=EXHAUSTION_RESET_CONFIRMED|TIM=TIMING_WAIT_CONFIRMATION|HTF=HTF_TRANSITIONING|STRUCT=STRUCTURE_OPPOSES|PRESS=PRESSURE_TRANSITIONING|ACTION=TRANSITION_WATCH,4284.03000,0.34,4262.74000,21.29181,723.92,17.0,0.01533,ANP_NONE,-1,-1,LOCATION_RESET_PENDING,EXHAUSTION_RESET_CONFIRMED,TIMING_WAIT_CONFIRMATION,HTF_TRANSITIONING,STRUCTURE_OPPOSES,PRESSURE_TRANSITIONING,TRANSITION_WATCH,4299.26000,517.82,521.56,-8.16,0.720466349873,0.715300033153,WIN,SL_MOD:GENERAL_10M_EXTENSION_RESTORE_ORIGINAL_SL | sl=4262.74 | spread=17 avgSpread=16.2 | trade=M10_ORIGINATED_CANDIDATE [B] | EA_MARKET_CLOSE | bestFloating=521.56 shieldArmed=N,WIN,v6.25.24,v62524-replay-consolidated-root-repair-20260722,V62524_M10_90D_20260422_20260721_RUN1,ENTRY_DATA_PRESENT
204,2026-06-18 05:12:33,2026-06-18 05:57:15,TRAIN_60D,Y,CORE,94,CORE|BAR=1781758800|GEN=5286,XAUUSD,BUY,TREND_PULLBACK,B,1,ASIA,5,TB2|ROLE=CORE|EXEC=BUY|DECISION=BUY|ORIG=BUY|INV=N|REGIME=REGIME_TRENDING_DOWN|SETUP=TREND_PULLBACK|GRADE=B|SESSION=ASIA|BIAS=OPPOSED|BOS=OPPOSED|LOC=LOCATION_RESET_PENDING|EXH=EXHAUSTION_RESET_CONFIRMED|TIM=TIMING_WAIT_RECLAIM|HTF=HTF_NEUTRAL|STRUCT=STRUCTURE_OPPOSES|PRESS=BUY_PRESSURE_STRONG|ACTION=OPPOSITE_DISCOVERY,4326.43000,0.51,4311.16000,15.27116,778.83,11.0,0.01110,ANP_NONE,-1,-1,LOCATION_RESET_PENDING,EXHAUSTION_RESET_CONFIRMED,TIMING_WAIT_RECLAIM,HTF_NEUTRAL,STRUCTURE_OPPOSES,BUY_PRESSURE_STRONG,OPPOSITE_DISCOVERY,4311.15000,-779.28,177.48,-776.73,0.227880281961,-1.000577789762,APLUS_GIVEBACK_LOSS,BROKER_SL | bestFloating=177.48 shieldArmed=N,LOSS,v6.25.24,v62524-replay-consolidated-root-repair-20260722,V62524_M10_90D_20260422_20260721_RUN1,ENTRY_DATA_PRESENT
206,2026-06-18 11:12:30,2026-06-18 11:46:39,TRAIN_60D,Y,CORE,95,CORE|BAR=1781780400|GEN=5322,XAUUSD,SELL,TREND_PULLBACK,B,1,LDN,11,TB2|ROLE=CORE|EXEC=SELL|DECISION=SELL|ORIG=SELL|INV=N|REGIME=REGIME_TRENDING_DOWN|SETUP=TREND_PULLBACK|GRADE=B|SESSION=LDN|BIAS=ALIGNED|BOS=ALIGNED|LOC=LOCATION_EXTREME|EXH=EXHAUSTION_MODERATE|TIM=TIMING_WAIT_PULLBACK|HTF=HTF_TRANSITIONING|STRUCT=STRUCTURE_SUPPORTS|PRESS=PRESSURE_TRANSITIONING|ACTION=TRANSITION_WATCH,4289.23000,0.27,4314.85000,25.61507,691.61,13.0,0.01702,ANP_NONE,-1,-1,LOCATION_EXTREME,EXHAUSTION_MODERATE,TIMING_WAIT_PULLBACK,HTF_TRANSITIONING,STRUCTURE_SUPPORTS,PRESSURE_TRANSITIONING,TRANSITION_WATCH,4279.20000,270.81,316.44,-24.30,0.457541099753,0.391564610113,WIN,PROFIT_CLOSE | EA_MARKET_CLOSE | bestFloating=316.44 shieldArmed=N,WIN,v6.25.24,v62524-replay-consolidated-root-repair-20260722,V62524_M10_90D_20260422_20260721_RUN1,ENTRY_DATA_PRESENT
208,2026-06-19 10:32:30,2026-06-19 11:08:05,TRAIN_60D,Y,CORE,96,CORE|BAR=1781864400|GEN=5450,XAUUSD,BUY,M10_ORIGINATED_CANDIDATE,B,1,FIX,10,TB2|ROLE=CORE|EXEC=BUY|DECISION=BUY|ORIG=BUY|INV=N|REGIME=REGIME_TRENDING_DOWN|SETUP=M10_ORIGINATED_CANDIDATE|GRADE=B|SESSION=FIX|BIAS=OPPOSED|BOS=OPPOSED|LOC=LOCATION_RESET_PENDING|EXH=EXHAUSTION_RESET_CONFIRMED|TIM=TIMING_WAIT_CONFIRMATION|HTF=HTF_TRANSITIONING|STRUCT=STRUCTURE_OPPOSES|PRESS=PRESSURE_TRANSITIONING|ACTION=TRANSITION_WATCH,4152.69000,0.28,4127.36000,25.33491,709.38,0.0,0.00000,ANP_NONE,-1,-1,LOCATION_RESET_PENDING,EXHAUSTION_RESET_CONFIRMED,TIMING_WAIT_CONFIRMATION,HTF_TRANSITIONING,STRUCTURE_OPPOSES,PRESSURE_TRANSITIONING,TRANSITION_WATCH,4161.07000,234.64,297.64,-42.56,0.419577659365,0.330767712650,WIN,SL_MOD:GENERAL_10M_EXTENSION_RESTORE_ORIGINAL_SL | sl=4127.36 | spread=13 avgSpread=12.0 | trade=M10_ORIGINATED_CANDIDATE [B] | EA_MARKET_CLOSE | bestFloating=297.64 shieldArmed=N,WIN,v6.25.24,v62524-replay-consolidated-root-repair-20260722,V62524_M10_90D_20260422_20260721_RUN1,ENTRY_DATA_PRESENT
210,2026-06-19 12:02:33,2026-06-19 14:01:22,TRAIN_60D,Y,CORE,97,CORE|BAR=1781869800|GEN=5459,XAUUSD,BUY,M10_ORIGINATED_CANDIDATE,B,1,LDN,12,TB2|ROLE=CORE|EXEC=BUY|DECISION=BUY|ORIG=BUY|INV=N|REGIME=REGIME_TRENDING_DOWN|SETUP=M10_ORIGINATED_CANDIDATE|GRADE=B|SESSION=LDN|BIAS=OPPOSED|BOS=OPPOSED|LOC=LOCATION_RESET_PENDING|EXH=EXHAUSTION_RESET_CONFIRMED|TIM=TIMING_WAIT_CONFIRMATION|HTF=HTF_TRANSITIONING|STRUCT=STRUCTURE_OPPOSES|PRESS=PRESSURE_TRANSITIONING|ACTION=TRANSITION_WATCH,4167.98000,0.35,4146.88000,21.09801,738.43,13.0,0.01609,ANP_NONE,-1,-1,LOCATION_RESET_PENDING,EXHAUSTION_RESET_CONFIRMED,TIMING_WAIT_CONFIRMATION,HTF_TRANSITIONING,STRUCTURE_OPPOSES,PRESSURE_TRANSITIONING,TRANSITION_WATCH,4146.88000,-738.50,9.10,-737.45,0.012323442980,-1.000094795715,LOSS,BROKER_SL | bestFloating=9.10 shieldArmed=N,LOSS,v6.25.24,v62524-replay-consolidated-root-repair-20260722,V62524_M10_90D_20260422_20260721_RUN1,ENTRY_DATA_PRESENT
212,2026-06-19 14:12:33,2026-06-19 15:01:37,TRAIN_60D,Y,CORE,98,CORE|BAR=1781877600|GEN=5472,XAUUSD,SELL,TREND_PULLBACK,A+,1,NY,14,TB2|ROLE=CORE|EXEC=SELL|DECISION=SELL|ORIG=SELL|INV=N|REGIME=REGIME_TRENDING_DOWN|SETUP=TREND_PULLBACK|GRADE=A+|SESSION=NY|BIAS=ALIGNED|BOS=ALIGNED|LOC=LOCATION_ACCEPTABLE|EXH=EXHAUSTION_HIGH|TIM=TIMING_READY|HTF=HTF_NEUTRAL|STRUCT=STRUCTURE_SUPPORTS|PRESS=SELL_PRESSURE_STRONG|ACTION=ALLOW_CORE,4146.63000,0.64,4157.23000,10.59951,678.37,3.0,0.00560,ANP_NONE,-1,-1,LOCATION_ACCEPTABLE,EXHAUSTION_HIGH,TIMING_READY,HTF_NEUTRAL,STRUCTURE_SUPPORTS,SELL_PRESSURE_STRONG,ALLOW_CORE,4157.35000,-686.08,295.04,-673.92,0.434924893495,-1.011365479016,APLUS_GIVEBACK_LOSS,BROKER_SL | bestFloating=295.04 shieldArmed=N,LOSS,v6.25.24,v62524-replay-consolidated-root-repair-20260722,V62524_M10_90D_20260422_20260721_RUN1,ENTRY_DATA_PRESENT
214,2026-06-19 18:52:33,2026-06-22 01:00:00,TRAIN_60D,Y,CORE,99,CORE|BAR=1781894400|GEN=5500,XAUUSD,BUY,M10_ORIGINATED_CANDIDATE,A,1,LATE,18,TB2|ROLE=CORE|EXEC=BUY|DECISION=BUY|ORIG=BUY|INV=N|REGIME=REGIME_TRENDING_DOWN|SETUP=M10_ORIGINATED_CANDIDATE|GRADE=A|SESSION=LATE|BIAS=OPPOSED|BOS=ALIGNED|LOC=LOCATION_EXCELLENT|EXH=EXHAUSTION_MODERATE|TIM=TIMING_READY|HTF=HTF_NEUTRAL|STRUCT=STRUCTURE_SUPPORTS|PRESS=BUY_PRESSURE_MODERATE|ACTION=ALLOW_CORE,4153.22000,0.43,4139.27000,13.94614,599.68,13.0,0.02071,ANP_NONE,-1,1,LOCATION_EXCELLENT,EXHAUSTION_MODERATE,TIMING_READY,HTF_NEUTRAL,STRUCTURE_SUPPORTS,BUY_PRESSURE_MODERATE,ALLOW_CORE,4138.90000,-621.18,200.81,-380.98,0.334861926361,-1.035852454642,APLUS_GIVEBACK_LOSS,WEEKEND_CLOSE | BROKER_SL | bestFloating=200.81 shieldArmed=N,LOSS,v6.25.24,v62524-replay-consolidated-root-repair-20260722,V62524_M10_90D_20260422_20260721_RUN1,ENTRY_DATA_PRESENT
216,2026-06-22 03:22:33,2026-06-22 04:05:38,HOLDOUT_30D,Y,CORE,100,CORE|BAR=1782097800|GEN=5521,XAUUSD,BUY,TREND_PULLBACK,B,1,ASIA,3,TB2|ROLE=CORE|EXEC=BUY|DECISION=BUY|ORIG=BUY|INV=N|REGIME=REGIME_TRENDING_DOWN|SETUP=TREND_PULLBACK|GRADE=B|SESSION=ASIA|BIAS=OPPOSED|BOS=ALIGNED|LOC=LOCATION_RESET_PENDING|EXH=EXHAUSTION_MODERATE|TIM=TIMING_WAIT_PULLBACK|HTF=HTF_TRANSITIONING|STRUCT=STRUCTURE_SUPPORTS|PRESS=PRESSURE_TRANSITIONING|ACTION=TRANSITION_WATCH,4162.37000,0.16,4129.56000,32.81310,525.01,17.0,0.01684,ANP_NONE,-1,1,LOCATION_RESET_PENDING,EXHAUSTION_MODERATE,TIMING_WAIT_PULLBACK,HTF_TRANSITIONING,STRUCTURE_SUPPORTS,PRESSURE_TRANSITIONING,TRANSITION_WATCH,4204.73000,677.76,936.64,-7.68,1.784042208720,1.290946839108,WIN,SL_MOD:GENERAL_10M_EXTENSION_RESTORE_ORIGINAL_SL | sl=4129.56 | spread=17 avgSpread=15.0 | trade=TREND_PULLBACK [B] | EA_MARKET_CLOSE | bestFloating=936.64 shieldArmed=N,WIN,v6.25.24,v62524-replay-consolidated-root-repair-20260722,V62524_M10_90D_20260422_20260721_RUN1,ENTRY_DATA_PRESENT
218,2026-06-22 06:12:33,2026-06-22 06:33:10,HOLDOUT_30D,Y,CORE,101,CORE|BAR=1782108000|GEN=5538,XAUUSD,SELL,M10_ORIGINATED_CANDIDATE,A+,1,ASIA,6,TB2|ROLE=CORE|EXEC=SELL|DECISION=SELL|ORIG=SELL|INV=N|REGIME=REGIME_TRENDING_DOWN|SETUP=M10_ORIGINATED_CANDIDATE|GRADE=A+|SESSION=ASIA|BIAS=ALIGNED|BOS=OPPOSED|LOC=LOCATION_RESET_PENDING|EXH=EXHAUSTION_RESET_CONFIRMED|TIM=TIMING_WAIT_CONFIRMATION|HTF=HTF_TRANSITIONING|STRUCT=STRUCTURE_OPPOSES|PRESS=PRESSURE_TRANSITIONING|ACTION=TRANSITION_WATCH,4182.79000,0.26,4205.75000,22.95904,596.93,22.0,0.02139,ANP_NONE,-1,1,LOCATION_RESET_PENDING,EXHAUSTION_RESET_CONFIRMED,TIMING_WAIT_CONFIRMATION,HTF_TRANSITIONING,STRUCTURE_OPPOSES,PRESSURE_TRANSITIONING,TRANSITION_WATCH,4178.43000,113.36,232.96,-8.58,0.390263514985,0.189905013988,WIN,PROFIT_CLOSE | EA_MARKET_CLOSE | bestFloating=232.96 shieldArmed=N,WIN,v6.25.24,v62524-replay-consolidated-root-repair-20260722,V62524_M10_90D_20260422_20260721_RUN1,ENTRY_DATA_PRESENT
220,2026-06-22 07:42:33,2026-06-22 09:51:21,HOLDOUT_30D,Y,CORE,102,CORE|BAR=1782113400|GEN=5547,XAUUSD,SELL,M10_ORIGINATED_CANDIDATE,A,1,LDN,7,TB2|ROLE=CORE|EXEC=SELL|DECISION=SELL|ORIG=SELL|INV=N|REGIME=REGIME_TRENDING_DOWN|SETUP=M10_ORIGINATED_CANDIDATE|GRADE=A|SESSION=LDN|BIAS=ALIGNED|BOS=OPPOSED|LOC=LOCATION_RESET_PENDING|EXH=EXHAUSTION_RESET_CONFIRMED|TIM=TIMING_WAIT_CONFIRMATION|HTF=HTF_TRANSITIONING|STRUCT=STRUCTURE_OPPOSES|PRESS=PRESSURE_TRANSITIONING|ACTION=TRANSITION_WATCH,4175.78000,0.20,4206.51000,30.72973,614.59,14.0,0.02083,ANP_NONE,-1,1,LOCATION_RESET_PENDING,EXHAUSTION_RESET_CONFIRMED,TIMING_WAIT_CONFIRMATION,HTF_TRANSITIONING,STRUCTURE_OPPOSES,PRESSURE_TRANSITIONING,TRANSITION_WATCH,4206.56000,-615.60,3.80,-613.80,0.006182983778,-1.001643372004,LOSS,BROKER_SL | bestFloating=3.80 shieldArmed=N,LOSS,v6.25.24,v62524-replay-consolidated-root-repair-20260722,V62524_M10_90D_20260422_20260721_RUN1,ENTRY_DATA_PRESENT
222,2026-06-22 22:12:33,2026-06-23 04:19:03,HOLDOUT_30D,Y,CORE,103,CORE|BAR=1782165600|GEN=5634,XAUUSD,BUY,TREND_PULLBACK,A,1,LATE,22,TB2|ROLE=CORE|EXEC=BUY|DECISION=BUY|ORIG=BUY|INV=N|REGIME=REGIME_TRENDING_DOWN|SETUP=TREND_PULLBACK|GRADE=A|SESSION=LATE|BIAS=OPPOSED|BOS=ALIGNED|LOC=LOCATION_LATE|EXH=EXHAUSTION_RESET_CONFIRMED|TIM=TIMING_WAIT_CONFIRMATION|HTF=HTF_TRANSITIONING|STRUCT=STRUCTURE_SUPPORTS|PRESS=PRESSURE_TRANSITIONING|ACTION=TRANSITION_WATCH,4192.01000,0.30,4173.34000,18.67136,560.14,10.0,0.02176,ANP_NONE,-1,1,LOCATION_LATE,EXHAUSTION_RESET_CONFIRMED,TIMING_WAIT_CONFIRMATION,HTF_TRANSITIONING,STRUCTURE_SUPPORTS,PRESSURE_TRANSITIONING,TRANSITION_WATCH,4173.34000,-563.88,193.02,-561.48,0.344592423323,-1.006676902203,APLUS_GIVEBACK_LOSS,BROKER_SL | bestFloating=193.02 shieldArmed=N,LOSS,v6.25.24,v62524-replay-consolidated-root-repair-20260722,V62524_M10_90D_20260422_20260721_RUN1,ENTRY_DATA_PRESENT
224,2026-06-23 14:22:33,2026-06-23 15:14:16,HOLDOUT_30D,Y,CORE,104,CORE|BAR=1782223800|GEN=5719,XAUUSD,BUY,M10_ORIGINATED_CANDIDATE,A,1,NY,14,TB2|ROLE=CORE|EXEC=BUY|DECISION=BUY|ORIG=BUY|INV=N|REGIME=REGIME_TRENDING_DOWN|SETUP=M10_ORIGINATED_CANDIDATE|GRADE=A|SESSION=NY|BIAS=OPPOSED|BOS=OPPOSED|LOC=LOCATION_RESET_PENDING|EXH=EXHAUSTION_RESET_CONFIRMED|TIM=TIMING_WAIT_CONFIRMATION|HTF=HTF_TRANSITIONING|STRUCT=STRUCTURE_OPPOSES|PRESS=PRESSURE_TRANSITIONING|ACTION=TRANSITION_WATCH,4129.94000,0.31,4113.63000,16.31417,505.74,13.0,0.01960,ANP_NONE,-1,-1,LOCATION_RESET_PENDING,EXHAUSTION_RESET_CONFIRMED,TIMING_WAIT_CONFIRMATION,HTF_TRANSITIONING,STRUCTURE_OPPOSES,PRESSURE_TRANSITIONING,TRANSITION_WATCH,4113.52000,-509.02,47.43,-500.65,0.093783366947,-1.006485545933,LOSS,BROKER_SL | bestFloating=47.43 shieldArmed=N,LOSS,v6.25.24,v62524-replay-consolidated-root-repair-20260722,V62524_M10_90D_20260422_20260721_RUN1,ENTRY_DATA_PRESENT
226,2026-06-23 20:42:33,2026-06-23 21:20:00,HOLDOUT_30D,Y,CORE,105,CORE|BAR=1782246600|GEN=5757,XAUUSD,SELL,TREND_PULLBACK,A+,1,LATE,20,TB2|ROLE=CORE|EXEC=SELL|DECISION=SELL|ORIG=SELL|INV=N|REGIME=REGIME_TRENDING_DOWN|SETUP=TREND_PULLBACK|GRADE=A+|SESSION=LATE|BIAS=ALIGNED|BOS=ALIGNED|LOC=LOCATION_LATE|EXH=EXHAUSTION_RESET_CONFIRMED|TIM=TIMING_WAIT_CONFIRMATION|HTF=HTF_TRANSITIONING|STRUCT=STRUCTURE_SUPPORTS|PRESS=PRESSURE_TRANSITIONING|ACTION=TRANSITION_WATCH,4129.88000,0.35,4142.92000,13.03603,456.26,15.0,0.02360,ANP_NONE,-1,-1,LOCATION_LATE,EXHAUSTION_RESET_CONFIRMED,TIMING_WAIT_CONFIRMATION,HTF_TRANSITIONING,STRUCTURE_SUPPORTS,PRESSURE_TRANSITIONING,TRANSITION_WATCH,4124.68000,182.00,209.65,-119.70,0.459496778153,0.398895366677,WIN,SL_MOD:GENERAL_10M_EXTENSION_RESTORE_ORIGINAL_SL | sl=4142.92 | spread=13 avgSpread=13.5 | trade=TREND_PULLBACK [A+] | EA_MARKET_CLOSE | bestFloating=209.65 shieldArmed=N,WIN,v6.25.24,v62524-replay-consolidated-root-repair-20260722,V62524_M10_90D_20260422_20260721_RUN1,ENTRY_DATA_PRESENT
228,2026-06-24 11:32:33,2026-06-24 12:29:44,HOLDOUT_30D,Y,CORE,106,CORE|BAR=1782300000|GEN=5834,XAUUSD,BUY,M10_ORIGINATED_CANDIDATE,B,1,LDN,11,TB2|ROLE=CORE|EXEC=BUY|DECISION=BUY|ORIG=BUY|INV=N|REGIME=REGIME_TRENDING_DOWN|SETUP=M10_ORIGINATED_CANDIDATE|GRADE=B|SESSION=LDN|BIAS=OPPOSED|BOS=OPPOSED|LOC=LOCATION_RESET_PENDING|EXH=EXHAUSTION_RESET_CONFIRMED|TIM=TIMING_WAIT_RECLAIM|HTF=HTF_NEUTRAL|STRUCT=STRUCTURE_OPPOSES|PRESS=BUY_PRESSURE_STRONG|ACTION=OPPOSITE_DISCOVERY,4086.35000,0.27,4069.12000,17.23307,465.29,13.0,0.01821,ANP_NONE,-1,-1,LOCATION_RESET_PENDING,EXHAUSTION_RESET_CONFIRMED,TIMING_WAIT_RECLAIM,HTF_NEUTRAL,STRUCTURE_OPPOSES,BUY_PRESSURE_STRONG,OPPOSITE_DISCOVERY,4069.09000,-466.02,19.17,-464.94,0.041200111758,-1.001568914011,LOSS,BROKER_SL | bestFloating=19.17 shieldArmed=N,LOSS,v6.25.24,v62524-replay-consolidated-root-repair-20260722,V62524_M10_90D_20260422_20260721_RUN1,ENTRY_DATA_PRESENT
230,2026-06-25 08:52:33,2026-06-25 09:13:53,HOLDOUT_30D,Y,CORE,107,CORE|BAR=1782376800|GEN=5950,XAUUSD,SELL,TREND_PULLBACK,A+,1,LDN,8,TB2|ROLE=CORE|EXEC=SELL|DECISION=SELL|ORIG=SELL|INV=N|REGIME=REGIME_TRENDING_DOWN|SETUP=TREND_PULLBACK|GRADE=A+|SESSION=LDN|BIAS=ALIGNED|BOS=ALIGNED|LOC=LOCATION_GOOD|EXH=EXHAUSTION_HIGH|TIM=TIMING_READY|HTF=HTF_NEUTRAL|STRUCT=STRUCTURE_SUPPORTS|PRESS=SELL_PRESSURE_STRONG|ACTION=ALLOW_CORE,3988.25000,0.27,4004.14000,15.89460,429.15,13.0,0.01387,ANP_NONE,-1,-1,LOCATION_GOOD,EXHAUSTION_HIGH,TIMING_READY,HTF_NEUTRAL,STRUCTURE_SUPPORTS,SELL_PRESSURE_STRONG,ALLOW_CORE,3981.61000,179.28,192.24,-99.09,0.447955260398,0.417756029360,WIN,PROFIT_CLOSE | EA_MARKET_CLOSE | bestFloating=192.24 shieldArmed=N,WIN,v6.25.24,v62524-replay-consolidated-root-repair-20260722,V62524_M10_90D_20260422_20260721_RUN1,ENTRY_DATA_PRESENT
232,2026-06-25 14:02:33,2026-06-25 14:27:56,HOLDOUT_30D,Y,CORE,108,CORE|BAR=1782395400|GEN=5981,XAUUSD,SELL,TREND_PULLBACK,A+,1,NY,14,TB2|ROLE=CORE|EXEC=SELL|DECISION=SELL|ORIG=SELL|INV=N|REGIME=REGIME_TRENDING_DOWN|SETUP=TREND_PULLBACK|GRADE=A+|SESSION=NY|BIAS=ALIGNED|BOS=ALIGNED|LOC=LOCATION_GOOD|EXH=EXHAUSTION_MODERATE|TIM=TIMING_READY|HTF=HTF_NEUTRAL|STRUCT=STRUCTURE_SUPPORTS|PRESS=SELL_PRESSURE_STRONG|ACTION=ALLOW_CORE,3982.41000,0.47,3991.92000,9.51240,447.08,10.0,0.01672,ANP_NONE,-1,-1,LOCATION_GOOD,EXHAUSTION_MODERATE,TIMING_READY,HTF_NEUTRAL,STRUCTURE_SUPPORTS,SELL_PRESSURE_STRONG,ALLOW_CORE,3978.17000,199.28,287.17,-175.78,0.642323521517,0.445736780889,WIN,SL_MOD:GENERAL_10M_EXTENSION_RESTORE_ORIGINAL_SL | sl=3991.92 | spread=10 avgSpread=11.8 | trade=TREND_PULLBACK [A+] | EA_MARKET_CLOSE | bestFloating=287.17 shieldArmed=N,WIN,v6.25.24,v62524-replay-consolidated-root-repair-20260722,V62524_M10_90D_20260422_20260721_RUN1,ENTRY_DATA_PRESENT
234,2026-06-26 09:52:30,2026-06-26 10:13:05,HOLDOUT_30D,Y,CORE,109,CORE|BAR=1782466800|GEN=6088,XAUUSD,BUY,TREND_PULLBACK,B,1,LDN,9,TB2|ROLE=CORE|EXEC=BUY|DECISION=BUY|ORIG=BUY|INV=N|REGIME=REGIME_TRENDING_DOWN|SETUP=TREND_PULLBACK|GRADE=B|SESSION=LDN|BIAS=OPPOSED|BOS=ALIGNED|LOC=LOCATION_EXCELLENT|EXH=EXHAUSTION_MODERATE|TIM=TIMING_READY|HTF=HTF_NEUTRAL|STRUCT=STRUCTURE_SUPPORTS|PRESS=BUY_PRESSURE_MODERATE|ACTION=ALLOW_CORE,4024.41000,0.19,4000.56000,23.85141,453.18,13.0,0.01644,ANP_NONE,-1,1,LOCATION_EXCELLENT,EXHAUSTION_MODERATE,TIMING_READY,HTF_NEUTRAL,STRUCTURE_SUPPORTS,BUY_PRESSURE_MODERATE,ALLOW_CORE,4027.78000,64.03,180.69,-25.84,0.398715742089,0.141290436471,WIN,PROFIT_CLOSE | EA_MARKET_CLOSE | bestFloating=180.69 shieldArmed=N,WIN,v6.25.24,v62524-replay-consolidated-root-repair-20260722,V62524_M10_90D_20260422_20260721_RUN1,ENTRY_DATA_PRESENT
236,2026-06-29 01:52:33,2026-06-29 02:44:31,HOLDOUT_30D,Y,CORE,110,CORE|BAR=1782697200|GEN=6154,XAUUSD,SELL,M10_ORIGINATED_CANDIDATE,B,0,ASIA,1,TB2|ROLE=CORE|EXEC=SELL|DECISION=SELL|ORIG=SELL|INV=N|REGIME=REGIME_TRENDING_UP|SETUP=M10_ORIGINATED_CANDIDATE|GRADE=B|SESSION=ASIA|BIAS=OPPOSED|BOS=OPPOSED|LOC=LOCATION_RESET_PENDING|EXH=EXHAUSTION_RESET_CONFIRMED|TIM=TIMING_WAIT_CONFIRMATION|HTF=HTF_TRANSITIONING|STRUCT=STRUCTURE_OPPOSES|PRESS=PRESSURE_TRANSITIONING|ACTION=TRANSITION_WATCH,4062.60000,0.16,4091.56000,28.96329,463.41,29.0,0.03668,ANP_NONE,1,1,LOCATION_RESET_PENDING,EXHAUSTION_RESET_CONFIRMED,TIMING_WAIT_CONFIRMATION,HTF_TRANSITIONING,STRUCTURE_OPPOSES,PRESSURE_TRANSITIONING,TRANSITION_WATCH,4061.52000,17.28,168.16,-130.72,0.362875207699,0.037288793941,WEAK_RECOVERY_WIN,PROFIT_CLOSE | EA_MARKET_CLOSE | bestFloating=168.16 shieldArmed=N,WIN,v6.25.24,v62524-replay-consolidated-root-repair-20260722,V62524_M10_90D_20260422_20260721_RUN1,ENTRY_DATA_PRESENT
238,2026-06-29 09:32:33,2026-06-29 10:52:16,HOLDOUT_30D,Y,CORE,111,CORE|BAR=1782724800|GEN=6200,XAUUSD,BUY,M10_ORIGINATED_CANDIDATE,A+,0,LDN,9,TB2|ROLE=CORE|EXEC=BUY|DECISION=BUY|ORIG=BUY|INV=N|REGIME=REGIME_TRENDING_UP|SETUP=M10_ORIGINATED_CANDIDATE|GRADE=A+|SESSION=LDN|BIAS=ALIGNED|BOS=ALIGNED|LOC=LOCATION_RESET_PENDING|EXH=EXHAUSTION_MODERATE|TIM=TIMING_WAIT_PULLBACK|HTF=HTF_TRANSITIONING|STRUCT=STRUCTURE_SUPPORTS|PRESS=PRESSURE_TRANSITIONING|ACTION=TRANSITION_WATCH,4059.08000,0.19,4034.00000,25.08317,476.58,11.0,0.01395,ANP_NONE,1,1,LOCATION_RESET_PENDING,EXHAUSTION_MODERATE,TIMING_WAIT_PULLBACK,HTF_TRANSITIONING,STRUCTURE_SUPPORTS,PRESSURE_TRANSITIONING,TRANSITION_WATCH,4068.37000,176.51,172.71,-77.14,0.362394561249,0.370368038944,WIN,SL_MOD:BASKET_050R_RESTORE_ORIGINAL_SL | sl=4052.58 | spread=13 avgSpread=14.6 | trade=M10_ORIGINATED_CANDIDATE [A+] | EA_MARKET_CLOSE | EA_MARKET_CLOSE | bestFloating=172.71 shieldArmed=N,WIN,v6.25.24,v62524-replay-consolidated-root-repair-20260722,V62524_M10_90D_20260422_20260721_RUN1,ENTRY_DATA_PRESENT
239,2026-06-29 10:51:33,2026-06-29 10:52:16,HOLDOUT_30D,Y,PYRAMID,111,CAMP-111|BUY|ADD1|BAR1782729600,XAUUSD,BUY,PYRAMID_TWO_GATE,PYRAMID,0,FIX,10,TB2|ROLE=PYRAMID|DIR=BUY|REGIME=TREND_UP|SESSION=FIX|ADD=1|TIM=TIMING_READY|MOVE=MOVE_065_109|EXH=EXH_HIGH|HTF=HTF_NEUTRAL|STRUCT=STRUCTURE_SUPPORTS|PRESS=BUY_PRESSURE_MODERATE,4066.45000,0.34,4052.58000,13.87341,471.70,13.0,0.01855,ANP_NONE,0,1,LOCATION_GOOD,EXH_HIGH,TIMING_READY,HTF_NEUTRAL,STRUCTURE_SUPPORTS,BUY_PRESSURE_MODERATE,PYRAMID_TIMING_PLUS_EXHAUSTION_APPROVED,4068.37000,65.28,58.48,-16.32,0.123977104092,0.138393046428,WIN,SL_MOD:BASKET_050R_RESTORE_ORIGINAL_SL | sl=4052.58 | spread=13 avgSpread=14.6 | trade=M10_ORIGINATED_CANDIDATE [A+] | EA_MARKET_CLOSE | bestFloating=58.48 shieldArmed=N,WIN,v6.25.24,v62524-replay-consolidated-root-repair-20260722,V62524_M10_90D_20260422_20260721_RUN1,ENTRY_DATA_PRESENT
242,2026-06-29 15:32:30,2026-06-29 15:47:59,HOLDOUT_30D,Y,CORE,112,CORE|BAR=1782746400|GEN=6236,XAUUSD,BUY,M10_ORIGINATED_CANDIDATE,B,1,NY,15,TB2|ROLE=CORE|EXEC=BUY|DECISION=BUY|ORIG=BUY|INV=N|REGIME=REGIME_TRENDING_DOWN|SETUP=M10_ORIGINATED_CANDIDATE|GRADE=B|SESSION=NY|BIAS=OPPOSED|BOS=OPPOSED|LOC=LOCATION_RESET_PENDING|EXH=EXHAUSTION_RESET_CONFIRMED|TIM=TIMING_WAIT_CONFIRMATION|HTF=HTF_TRANSITIONING|STRUCT=STRUCTURE_OPPOSES|PRESS=PRESSURE_TRANSITIONING|ACTION=TRANSITION_WATCH,4041.70000,0.27,4023.25000,18.45270,498.22,13.0,0.01936,ANP_NONE,-1,-1,LOCATION_RESET_PENDING,EXHAUSTION_RESET_CONFIRMED,TIMING_WAIT_CONFIRMATION,HTF_TRANSITIONING,STRUCTURE_OPPOSES,PRESSURE_TRANSITIONING,TRANSITION_WATCH,4044.33000,71.01,149.58,-18.09,0.300228814580,0.142527397535,WIN,PROFIT_CLOSE | EA_MARKET_CLOSE | bestFloating=149.58 shieldArmed=N,WIN,v6.25.24,v62524-replay-consolidated-root-repair-20260722,V62524_M10_90D_20260422_20260721_RUN1,ENTRY_DATA_PRESENT
244,2026-06-29 16:02:33,2026-06-29 16:15:24,HOLDOUT_30D,Y,CORE,113,CORE|BAR=1782748200|GEN=6239,XAUUSD,BUY,M10_ORIGINATED_CANDIDATE,B,1,NY,16,TB2|ROLE=CORE|EXEC=BUY|DECISION=BUY|ORIG=BUY|INV=N|REGIME=REGIME_TRENDING_DOWN|SETUP=M10_ORIGINATED_CANDIDATE|GRADE=B|SESSION=NY|BIAS=OPPOSED|BOS=OPPOSED|LOC=LOCATION_RESET_PENDING|EXH=EXHAUSTION_RESET_CONFIRMED|TIM=TIMING_WAIT_CONFIRMATION|HTF=HTF_NEUTRAL|STRUCT=STRUCTURE_OPPOSES|PRESS=BUY_PRESSURE_STRONG|ACTION=OPPOSITE_DISCOVERY,4047.63000,0.38,4034.44000,13.19134,501.27,13.0,0.01907,ANP_NONE,-1,-1,LOCATION_RESET_PENDING,EXHAUSTION_RESET_CONFIRMED,TIMING_WAIT_CONFIRMATION,HTF_NEUTRAL,STRUCTURE_OPPOSES,BUY_PRESSURE_STRONG,OPPOSITE_DISCOVERY,4048.79000,44.08,158.46,-117.04,0.316117062661,0.087936640932,WEAK_RECOVERY_WIN,PROFIT_CLOSE | EA_MARKET_CLOSE | bestFloating=158.46 shieldArmed=N,WIN,v6.25.24,v62524-replay-consolidated-root-repair-20260722,V62524_M10_90D_20260422_20260721_RUN1,ENTRY_DATA_PRESENT
246,2026-06-30 07:22:33,2026-06-30 07:50:01,HOLDOUT_30D,Y,CORE,114,CORE|BAR=1782803400|GEN=6319,XAUUSD,BUY,TREND_PULLBACK,A,1,LDN,7,TB2|ROLE=CORE|EXEC=BUY|DECISION=BUY|ORIG=BUY|INV=N|REGIME=REGIME_TRENDING_DOWN|SETUP=TREND_PULLBACK|GRADE=A|SESSION=LDN|BIAS=OPPOSED|BOS=OPPOSED|LOC=LOCATION_RESET_PENDING|EXH=EXHAUSTION_RESET_CONFIRMED|TIM=TIMING_WAIT_CONFIRMATION|HTF=HTF_TRANSITIONING|STRUCT=STRUCTURE_OPPOSES|PRESS=PRESSURE_TRANSITIONING|ACTION=TRANSITION_WATCH,3977.47000,0.23,3955.23000,22.24393,511.61,9.0,0.01110,ANP_NONE,-1,-1,LOCATION_RESET_PENDING,EXHAUSTION_RESET_CONFIRMED,TIMING_WAIT_CONFIRMATION,HTF_TRANSITIONING,STRUCTURE_OPPOSES,PRESSURE_TRANSITIONING,TRANSITION_WATCH,3989.51000,276.92,472.19,-46.00,0.922949121401,0.541271671781,WIN,SL_MOD:GENERAL_10M_EXTENSION_RESTORE_ORIGINAL_SL | sl=3955.23 | spread=17 avgSpread=14.5 | trade=TREND_PULLBACK [A] | EA_MARKET_CLOSE | bestFloating=472.19 shieldArmed=N,WIN,v6.25.24,v62524-replay-consolidated-root-repair-20260722,V62524_M10_90D_20260422_20260721_RUN1,ENTRY_DATA_PRESENT
248,2026-06-30 08:22:33,2026-06-30 09:32:35,HOLDOUT_30D,Y,CORE,115,CORE|BAR=1782807000|GEN=6325,XAUUSD,BUY,M10_ORIGINATED_CANDIDATE,A,1,LDN,8,TB2|ROLE=CORE|EXEC=BUY|DECISION=BUY|ORIG=BUY|INV=N|REGIME=REGIME_TRENDING_DOWN|SETUP=M10_ORIGINATED_CANDIDATE|GRADE=A|SESSION=LDN|BIAS=OPPOSED|BOS=OPPOSED|LOC=LOCATION_RESET_PENDING|EXH=EXHAUSTION_RESET_CONFIRMED|TIM=TIMING_WAIT_CONFIRMATION|HTF=HTF_TRANSITIONING|STRUCT=STRUCTURE_OPPOSES|PRESS=PRESSURE_TRANSITIONING|ACTION=TRANSITION_WATCH,3982.50000,0.19,3954.32000,28.18247,535.47,13.0,0.01717,ANP_NONE,-1,-1,LOCATION_RESET_PENDING,EXHAUSTION_RESET_CONFIRMED,TIMING_WAIT_CONFIRMATION,HTF_TRANSITIONING,STRUCTURE_OPPOSES,PRESSURE_TRANSITIONING,TRANSITION_WATCH,4023.81000,784.89,797.62,-138.13,1.489569910546,1.465796403160,WIN,SL_MOD:GENERAL_10M_EXTENSION_RESTORE_ORIGINAL_SL | sl=3954.32 | spread=0 avgSpread=9.3 | trade=M10_ORIGINATED_CANDIDATE [A] | EA_MARKET_CLOSE | bestFloating=797.62 shieldArmed=N,WIN,v6.25.24,v62524-replay-consolidated-root-repair-20260722,V62524_M10_90D_20260422_20260721_RUN1,ENTRY_DATA_PRESENT
250,2026-07-01 11:32:30,2026-07-01 12:50:52,HOLDOUT_30D,Y,CORE,116,CORE|BAR=1782904800|GEN=6476,XAUUSD,BUY,M10_ORIGINATED_CANDIDATE,B,1,LDN,11,TB2|ROLE=CORE|EXEC=BUY|DECISION=BUY|ORIG=BUY|INV=N|REGIME=REGIME_TRENDING_DOWN|SETUP=M10_ORIGINATED_CANDIDATE|GRADE=B|SESSION=LDN|BIAS=OPPOSED|BOS=OPPOSED|LOC=LOCATION_RESET_PENDING|EXH=EXHAUSTION_RESET_CONFIRMED|TIM=TIMING_WAIT_CONFIRMATION|HTF=HTF_TRANSITIONING|STRUCT=STRUCTURE_OPPOSES|PRESS=PRESSURE_TRANSITIONING|ACTION=TRANSITION_WATCH,3978.49000,0.51,3966.36000,12.13217,618.74,13.0,0.01725,ANP_NONE,-1,-1,LOCATION_RESET_PENDING,EXHAUSTION_RESET_CONFIRMED,TIMING_WAIT_CONFIRMATION,HTF_TRANSITIONING,STRUCTURE_OPPOSES,PRESSURE_TRANSITIONING,TRANSITION_WATCH,3985.03000,333.54,371.28,-367.20,0.600058182759,0.539063257588,WIN,PROFIT_CLOSE | EA_MARKET_CLOSE | bestFloating=371.28 shieldArmed=N,WIN,v6.25.24,v62524-replay-consolidated-root-repair-20260722,V62524_M10_90D_20260422_20260721_RUN1,ENTRY_DATA_PRESENT
252,2026-07-02 06:32:33,2026-07-02 07:07:25,HOLDOUT_30D,Y,CORE,117,CORE|BAR=1782973200|GEN=6578,XAUUSD,BUY,TREND_PULLBACK,A,0,ASIA,6,TB2|ROLE=CORE|EXEC=BUY|DECISION=BUY|ORIG=BUY|INV=N|REGIME=REGIME_TRENDING_UP|SETUP=TREND_PULLBACK|GRADE=A|SESSION=ASIA|BIAS=ALIGNED|BOS=ALIGNED|LOC=LOCATION_EXTREME|EXH=EXHAUSTION_MODERATE|TIM=TIMING_WAIT_PULLBACK|HTF=HTF_TRANSITIONING|STRUCT=STRUCTURE_SUPPORTS|PRESS=PRESSURE_TRANSITIONING|ACTION=TRANSITION_WATCH,4064.83000,0.51,4052.06000,12.76547,651.04,15.0,0.01894,ANP_NONE,1,1,LOCATION_EXTREME,EXHAUSTION_MODERATE,TIMING_WAIT_PULLBACK,HTF_TRANSITIONING,STRUCTURE_SUPPORTS,PRESSURE_TRANSITIONING,TRANSITION_WATCH,4072.85000,409.02,474.30,-141.27,0.728526665028,0.628256328336,WIN,SL_MOD:GENERAL_10M_EXTENSION_RESTORE_ORIGINAL_SL | sl=4052.06 | spread=17 avgSpread=16.0 | trade=TREND_PULLBACK [A] | EA_MARKET_CLOSE | bestFloating=474.30 shieldArmed=N,WIN,v6.25.24,v62524-replay-consolidated-root-repair-20260722,V62524_M10_90D_20260422_20260721_RUN1,ENTRY_DATA_PRESENT
254,2026-07-02 14:52:33,2026-07-02 15:40:03,HOLDOUT_30D,Y,CORE,118,CORE|BAR=1783003200|GEN=6628,XAUUSD,BUY,TREND_PULLBACK,A+,0,NY,14,TB2|ROLE=CORE|EXEC=BUY|DECISION=BUY|ORIG=BUY|INV=N|REGIME=REGIME_TRENDING_UP|SETUP=TREND_PULLBACK|GRADE=A+|SESSION=NY|BIAS=ALIGNED|BOS=ALIGNED|LOC=LOCATION_LATE|EXH=EXHAUSTION_MODERATE|TIM=TIMING_WAIT_PULLBACK|HTF=HTF_TRANSITIONING|STRUCT=STRUCTURE_SUPPORTS|PRESS=PRESSURE_TRANSITIONING|ACTION=TRANSITION_WATCH,4071.26000,0.39,4053.69000,17.56997,685.23,13.0,0.02345,ANP_NONE,1,1,LOCATION_LATE,EXHAUSTION_MODERATE,TIMING_WAIT_PULLBACK,HTF_TRANSITIONING,STRUCTURE_SUPPORTS,PRESSURE_TRANSITIONING,TRANSITION_WATCH,4137.02000,2564.64,2634.45,-393.12,3.844621513944,3.742743312464,WIN,SL_MOD:GENERAL_10M_EXTENSION_RESTORE_ORIGINAL_SL | sl=4053.69 | spread=25 avgSpread=31.2 | trade=TREND_PULLBACK [A+] | EA_MARKET_CLOSE | bestFloating=2634.45 shieldArmed=N,WIN,v6.25.24,v62524-replay-consolidated-root-repair-20260722,V62524_M10_90D_20260422_20260721_RUN1,ENTRY_DATA_PRESENT
256,2026-07-03 07:02:33,2026-07-03 08:58:36,HOLDOUT_30D,Y,CORE,119,CORE|BAR=1783061400|GEN=6713,XAUUSD,SELL,M10_ORIGINATED_CANDIDATE,A,0,LDN,7,TB2|ROLE=CORE|EXEC=SELL|DECISION=SELL|ORIG=SELL|INV=N|REGIME=REGIME_TRENDING_UP|SETUP=M10_ORIGINATED_CANDIDATE|GRADE=A|SESSION=LDN|BIAS=OPPOSED|BOS=OPPOSED|LOC=LOCATION_RESET_PENDING|EXH=EXHAUSTION_RESET_CONFIRMED|TIM=TIMING_WAIT_CONFIRMATION|HTF=HTF_TRANSITIONING|STRUCT=STRUCTURE_OPPOSES|PRESS=PRESSURE_TRANSITIONING|ACTION=TRANSITION_WATCH,4175.42000,0.64,4190.21000,14.78704,946.37,17.0,0.02889,ANP_NONE,1,1,LOCATION_RESET_PENDING,EXHAUSTION_RESET_CONFIRMED,TIMING_WAIT_CONFIRMATION,HTF_TRANSITIONING,STRUCTURE_OPPOSES,PRESSURE_TRANSITIONING,TRANSITION_WATCH,4171.01000,282.24,383.36,-483.84,0.405084692034,0.298234305821,WEAK_RECOVERY_WIN,SL_MOD:GENERAL_10M_EXTENSION_RESTORE_ORIGINAL_SL | sl=4190.21 | spread=13 avgSpread=15.3 | trade=M10_ORIGINATED_CANDIDATE [A] | EA_MARKET_CLOSE | bestFloating=383.36 shieldArmed=N,WIN,v6.25.24,v62524-replay-consolidated-root-repair-20260722,V62524_M10_90D_20260422_20260721_RUN1,ENTRY_DATA_PRESENT
258,2026-07-03 09:42:30,2026-07-03 11:05:20,HOLDOUT_30D,Y,CORE,120,CORE|BAR=1783071000|GEN=6729,XAUUSD,SELL,M10_ORIGINATED_CANDIDATE,A,0,LDN,9,TB2|ROLE=CORE|EXEC=SELL|DECISION=SELL|ORIG=SELL|INV=N|REGIME=REGIME_TRENDING_UP|SETUP=M10_ORIGINATED_CANDIDATE|GRADE=A|SESSION=LDN|BIAS=OPPOSED|BOS=OPPOSED|LOC=LOCATION_RESET_PENDING|EXH=EXHAUSTION_RESET_CONFIRMED|TIM=TIMING_WAIT_CONFIRMATION|HTF=HTF_TRANSITIONING|STRUCT=STRUCTURE_OPPOSES|PRESS=PRESSURE_TRANSITIONING|ACTION=TRANSITION_WATCH,4171.29000,0.71,4185.05000,13.76109,977.04,13.0,0.02356,ANP_NONE,1,1,LOCATION_RESET_PENDING,EXHAUSTION_RESET_CONFIRMED,TIMING_WAIT_CONFIRMATION,HTF_TRANSITIONING,STRUCTURE_OPPOSES,PRESSURE_TRANSITIONING,TRANSITION_WATCH,4185.14000,-983.35,134.90,-971.99,0.138070089249,-1.006458282158,APLUS_GIVEBACK_LOSS,BROKER_SL | bestFloating=134.90 shieldArmed=N,LOSS,v6.25.24,v62524-replay-consolidated-root-repair-20260722,V62524_M10_90D_20260422_20260721_RUN1,ENTRY_DATA_PRESENT
260,2026-07-06 13:52:34,2026-07-06 15:43:29,HOLDOUT_30D,Y,CORE,121,CORE|BAR=1783345200|GEN=6868,XAUUSD,BUY,M10_ORIGINATED_CANDIDATE,A+,0,NY,13,TB2|ROLE=CORE|EXEC=BUY|DECISION=BUY|ORIG=BUY|INV=N|REGIME=REGIME_TRENDING_UP|SETUP=M10_ORIGINATED_CANDIDATE|GRADE=A+|SESSION=NY|BIAS=ALIGNED|BOS=OPPOSED|LOC=LOCATION_RESET_PENDING|EXH=EXHAUSTION_RESET_CONFIRMED|TIM=TIMING_WAIT_CONFIRMATION|HTF=HTF_TRANSITIONING|STRUCT=STRUCTURE_OPPOSES|PRESS=PRESSURE_TRANSITIONING|ACTION=TRANSITION_WATCH,4155.17000,0.37,4131.75000,23.42049,866.56,13.0,0.02682,ANP_NONE,1,-1,LOCATION_RESET_PENDING,EXHAUSTION_RESET_CONFIRMED,TIMING_WAIT_CONFIRMATION,HTF_TRANSITIONING,STRUCTURE_OPPOSES,PRESSURE_TRANSITIONING,TRANSITION_WATCH,4131.75000,-866.54,163.91,-865.43,0.189150203102,-0.999976920236,APLUS_GIVEBACK_LOSS,BROKER_SL | bestFloating=163.91 shieldArmed=N,LOSS,v6.25.24,v62524-replay-consolidated-root-repair-20260722,V62524_M10_90D_20260422_20260721_RUN1,ENTRY_DATA_PRESENT
262,2026-07-06 16:12:33,2026-07-06 16:45:01,HOLDOUT_30D,Y,CORE,122,CORE|BAR=1783353600|GEN=6882,XAUUSD,BUY,M10_ORIGINATED_CANDIDATE,A+,0,NY,16,TB2|ROLE=CORE|EXEC=BUY|DECISION=BUY|ORIG=BUY|INV=N|REGIME=REGIME_TRENDING_UP|SETUP=M10_ORIGINATED_CANDIDATE|GRADE=A+|SESSION=NY|BIAS=ALIGNED|BOS=OPPOSED|LOC=LOCATION_RESET_PENDING|EXH=EXHAUSTION_RESET_CONFIRMED|TIM=TIMING_WAIT_RECLAIM|HTF=HTF_TRANSITIONING|STRUCT=STRUCTURE_OPPOSES|PRESS=PRESSURE_TRANSITIONING|ACTION=TRANSITION_WATCH,4144.91000,0.45,4127.59000,17.31613,779.22,13.0,0.02031,ANP_NONE,1,-1,LOCATION_RESET_PENDING,EXHAUSTION_RESET_CONFIRMED,TIMING_WAIT_RECLAIM,HTF_TRANSITIONING,STRUCTURE_OPPOSES,PRESSURE_TRANSITIONING,TRANSITION_WATCH,4149.33000,198.90,252.00,-285.30,0.323400323400,0.255255255255,WIN,PROFIT_CLOSE | EA_MARKET_CLOSE | bestFloating=252.00 shieldArmed=N,WIN,v6.25.24,v62524-replay-consolidated-root-repair-20260722,V62524_M10_90D_20260422_20260721_RUN1,ENTRY_DATA_PRESENT
264,2026-07-07 01:42:35,2026-07-07 03:01:12,HOLDOUT_30D,Y,CORE,123,CORE|BAR=1783387800|GEN=6927,XAUUSD,BUY,TREND_PULLBACK,A,0,ASIA,1,TB2|ROLE=CORE|EXEC=BUY|DECISION=BUY|ORIG=BUY|INV=N|REGIME=REGIME_TRENDING_UP|SETUP=TREND_PULLBACK|GRADE=A|SESSION=ASIA|BIAS=ALIGNED|BOS=OPPOSED|LOC=LOCATION_EXCELLENT|EXH=EXHAUSTION_MODERATE|TIM=TIMING_READY|HTF=HTF_NEUTRAL|STRUCT=STRUCTURE_OPPOSES|PRESS=BUY_PRESSURE_STRONG|ACTION=ALLOW_CORE,4167.48000,0.64,4154.87000,12.60523,806.73,21.0,0.05391,ANP_NONE,1,-1,LOCATION_EXCELLENT,EXHAUSTION_MODERATE,TIMING_READY,HTF_NEUTRAL,STRUCTURE_OPPOSES,BUY_PRESSURE_STRONG,ALLOW_CORE,4154.80000,-811.52,16.00,-798.08,0.019833153595,-1.005937550358,LOSS,BROKER_SL | bestFloating=16.00 shieldArmed=N,LOSS,v6.25.24,v62524-replay-consolidated-root-repair-20260722,V62524_M10_90D_20260422_20260721_RUN1,ENTRY_DATA_PRESENT
266,2026-07-07 03:32:30,2026-07-07 03:44:38,HOLDOUT_30D,Y,CORE,124,CORE|BAR=1783394400|GEN=6938,XAUUSD,SELL,M10_ORIGINATED_CANDIDATE,A+,0,ASIA,3,TB2|ROLE=CORE|EXEC=SELL|DECISION=SELL|ORIG=SELL|INV=N|REGIME=REGIME_TRENDING_UP|SETUP=M10_ORIGINATED_CANDIDATE|GRADE=A+|SESSION=ASIA|BIAS=OPPOSED|BOS=ALIGNED|LOC=LOCATION_RESET_PENDING|EXH=EXHAUSTION_RESET_CONFIRMED|TIM=TIMING_WAIT_CONFIRMATION|HTF=HTF_TRANSITIONING|STRUCT=STRUCTURE_STRONGLY_SUPPORTS|PRESS=PRESSURE_TRANSITIONING|ACTION=TRANSITION_WATCH,4160.33000,1.12,4166.83000,6.50224,728.25,17.0,0.05442,ANP_NONE,1,-1,LOCATION_RESET_PENDING,EXHAUSTION_RESET_CONFIRMED,TIMING_WAIT_CONFIRMATION,HTF_TRANSITIONING,STRUCTURE_STRONGLY_SUPPORTS,PRESSURE_TRANSITIONING,TRANSITION_WATCH,4150.61000,1088.64,1319.36,-40.32,1.811685547545,1.494871266735,WIN,SL_MOD:GENERAL_10M_EXTENSION_RESTORE_ORIGINAL_SL | sl=4166.83 | spread=17 avgSpread=16.2 | trade=M10_ORIGINATED_CANDIDATE [A+] | EA_MARKET_CLOSE | bestFloating=1319.36 shieldArmed=N,WIN,v6.25.24,v62524-replay-consolidated-root-repair-20260722,V62524_M10_90D_20260422_20260721_RUN1,ENTRY_DATA_PRESENT
268,2026-07-07 12:42:33,2026-07-07 13:33:53,HOLDOUT_30D,Y,CORE,125,CORE|BAR=1783427400|GEN=6993,XAUUSD,BUY,M10_ORIGINATED_CANDIDATE,B,1,LDN,12,TB2|ROLE=CORE|EXEC=BUY|DECISION=BUY|ORIG=BUY|INV=N|REGIME=REGIME_TRENDING_DOWN|SETUP=M10_ORIGINATED_CANDIDATE|GRADE=B|SESSION=LDN|BIAS=OPPOSED|BOS=OPPOSED|LOC=LOCATION_RESET_PENDING|EXH=EXHAUSTION_RESET_CONFIRMED|TIM=TIMING_WAIT_RECLAIM|HTF=HTF_NEUTRAL|STRUCT=STRUCTURE_OPPOSES|PRESS=BUY_PRESSURE_STRONG|ACTION=OPPOSITE_DISCOVERY,4131.78000,0.54,4116.23000,15.54639,839.51,13.0,0.01999,ANP_NONE,-1,-1,LOCATION_RESET_PENDING,EXHAUSTION_RESET_CONFIRMED,TIMING_WAIT_RECLAIM,HTF_NEUTRAL,STRUCTURE_OPPOSES,BUY_PRESSURE_STRONG,OPPOSITE_DISCOVERY,4137.42000,304.56,382.32,-366.66,0.455408512108,0.362783052018,WIN,PROFIT_CLOSE | EA_MARKET_CLOSE | bestFloating=382.32 shieldArmed=N,WIN,v6.25.24,v62524-replay-consolidated-root-repair-20260722,V62524_M10_90D_20260422_20260721_RUN1,ENTRY_DATA_PRESENT
270,2026-07-07 13:52:33,2026-07-07 14:30:01,HOLDOUT_30D,Y,CORE,126,CORE|BAR=1783431600|GEN=7000,XAUUSD,BUY,M10_ORIGINATED_CANDIDATE,B,1,NY,13,TB2|ROLE=CORE|EXEC=BUY|DECISION=BUY|ORIG=BUY|INV=N|REGIME=REGIME_TRENDING_DOWN|SETUP=M10_ORIGINATED_CANDIDATE|GRADE=B|SESSION=NY|BIAS=OPPOSED|BOS=OPPOSED|LOC=LOCATION_RESET_PENDING|EXH=EXHAUSTION_RESET_CONFIRMED|TIM=TIMING_WAIT_PULLBACK|HTF=HTF_TRANSITIONING|STRUCT=STRUCTURE_OPPOSES|PRESS=PRESSURE_TRANSITIONING|ACTION=TRANSITION_WATCH,4134.60000,0.69,4122.02000,12.58217,868.17,13.0,0.02228,ANP_NONE,-1,-1,LOCATION_RESET_PENDING,EXHAUSTION_RESET_CONFIRMED,TIMING_WAIT_PULLBACK,HTF_TRANSITIONING,STRUCTURE_OPPOSES,PRESSURE_TRANSITIONING,TRANSITION_WATCH,4142.73000,560.97,735.54,-186.99,0.847230381147,0.646152251287,WIN,SL_MOD:GENERAL_10M_EXTENSION_RESTORE_ORIGINAL_SL | sl=4122.02 | spread=13 avgSpread=14.2 | trade=M10_ORIGINATED_CANDIDATE [B] | EA_MARKET_CLOSE | bestFloating=735.54 shieldArmed=N,WIN,v6.25.24,v62524-replay-consolidated-root-repair-20260722,V62524_M10_90D_20260422_20260721_RUN1,ENTRY_DATA_PRESENT
272,2026-07-08 04:02:30,2026-07-08 05:38:23,HOLDOUT_30D,Y,CORE,127,CORE|BAR=1783482600|GEN=7073,XAUUSD,BUY,M10_ORIGINATED_CANDIDATE,A,1,ASIA,4,TB2|ROLE=CORE|EXEC=BUY|DECISION=BUY|ORIG=BUY|INV=N|REGIME=REGIME_TRENDING_DOWN|SETUP=M10_ORIGINATED_CANDIDATE|GRADE=A|SESSION=ASIA|BIAS=OPPOSED|BOS=OPPOSED|LOC=LOCATION_RESET_PENDING|EXH=EXHAUSTION_RESET_CONFIRMED|TIM=TIMING_WAIT_CONFIRMATION|HTF=HTF_TRANSITIONING|STRUCT=STRUCTURE_OPPOSES|PRESS=PRESSURE_TRANSITIONING|ACTION=TRANSITION_WATCH,4113.86000,0.40,4090.81000,23.05007,922.00,17.0,0.02240,ANP_NONE,-1,-1,LOCATION_RESET_PENDING,EXHAUSTION_RESET_CONFIRMED,TIMING_WAIT_CONFIRMATION,HTF_TRANSITIONING,STRUCTURE_OPPOSES,PRESSURE_TRANSITIONING,TRANSITION_WATCH,4119.49000,225.20,440.80,-696.00,0.478091106291,0.244251626898,WEAK_RECOVERY_WIN,SL_MOD:GENERAL_10M_EXTENSION_RESTORE_ORIGINAL_SL | sl=4090.81 | spread=17 avgSpread=14.1 | trade=M10_ORIGINATED_CANDIDATE [A] | EA_MARKET_CLOSE | bestFloating=440.80 shieldArmed=N,WIN,v6.25.24,v62524-replay-consolidated-root-repair-20260722,V62524_M10_90D_20260422_20260721_RUN1,ENTRY_DATA_PRESENT
274,2026-07-08 07:02:33,2026-07-08 07:20:09,HOLDOUT_30D,Y,CORE,128,CORE|BAR=1783493400|GEN=7091,XAUUSD,BUY,M10_ORIGINATED_CANDIDATE,A,1,LDN,7,TB2|ROLE=CORE|EXEC=BUY|DECISION=BUY|ORIG=BUY|INV=N|REGIME=REGIME_TRENDING_DOWN|SETUP=M10_ORIGINATED_CANDIDATE|GRADE=A|SESSION=LDN|BIAS=OPPOSED|BOS=OPPOSED|LOC=LOCATION_RESET_PENDING|EXH=EXHAUSTION_RESET_CONFIRMED|TIM=TIMING_WAIT_CONFIRMATION|HTF=HTF_TRANSITIONING|STRUCT=STRUCTURE_OPPOSES|PRESS=PRESSURE_TRANSITIONING|ACTION=TRANSITION_WATCH,4122.43000,0.78,4110.28000,12.15287,947.93,17.0,0.02222,ANP_NONE,-1,-1,LOCATION_RESET_PENDING,EXHAUSTION_RESET_CONFIRMED,TIMING_WAIT_CONFIRMATION,HTF_TRANSITIONING,STRUCTURE_OPPOSES,PRESSURE_TRANSITIONING,TRANSITION_WATCH,4123.06000,49.14,499.98,-143.52,0.527444009579,0.051839270832,WEAK_RECOVERY_WIN,SL_MOD:GENERAL_10M_EXTENSION_RESTORE_ORIGINAL_SL | sl=4110.28 | spread=12 avgSpread=14.7 | trade=M10_ORIGINATED_CANDIDATE [A] | EA_MARKET_CLOSE | bestFloating=499.98 shieldArmed=N,WIN,v6.25.24,v62524-replay-consolidated-root-repair-20260722,V62524_M10_90D_20260422_20260721_RUN1,ENTRY_DATA_PRESENT
276,2026-07-09 01:32:33,2026-07-09 04:05:39,HOLDOUT_30D,Y,CORE,129,CORE|BAR=1783560000|GEN=7190,XAUUSD,SELL,M10_ORIGINATED_CANDIDATE,A+,1,ASIA,1,TB2|ROLE=CORE|EXEC=SELL|DECISION=SELL|ORIG=SELL|INV=N|REGIME=REGIME_TRENDING_DOWN|SETUP=M10_ORIGINATED_CANDIDATE|GRADE=A+|SESSION=ASIA|BIAS=ALIGNED|BOS=ALIGNED|LOC=LOCATION_RESET_PENDING|EXH=EXHAUSTION_MODERATE|TIM=TIMING_WAIT_PULLBACK|HTF=HTF_TRANSITIONING|STRUCT=STRUCTURE_STRONGLY_SUPPORTS|PRESS=PRESSURE_TRANSITIONING|ACTION=TRANSITION_WATCH,4076.90000,0.51,4095.41000,18.50769,943.89,35.0,0.04939,ANP_NONE,-1,-1,LOCATION_RESET_PENDING,EXHAUSTION_MODERATE,TIMING_WAIT_PULLBACK,HTF_TRANSITIONING,STRUCTURE_STRONGLY_SUPPORTS,PRESSURE_TRANSITIONING,TRANSITION_WATCH,4068.45000,430.95,585.99,-678.81,0.620824460477,0.456568032292,WIN,PROFIT_CLOSE | EA_MARKET_CLOSE | bestFloating=585.99 shieldArmed=N,WIN,v6.25.24,v62524-replay-consolidated-root-repair-20260722,V62524_M10_90D_20260422_20260721_RUN1,ENTRY_DATA_PRESENT
278,2026-07-09 14:12:30,2026-07-09 15:07:50,HOLDOUT_30D,Y,CORE,130,CORE|BAR=1783605600|GEN=7266,XAUUSD,SELL,M10_ORIGINATED_CANDIDATE,B,0,NY,14,TB2|ROLE=CORE|EXEC=SELL|DECISION=SELL|ORIG=SELL|INV=N|REGIME=REGIME_TRENDING_UP|SETUP=M10_ORIGINATED_CANDIDATE|GRADE=B|SESSION=NY|BIAS=OPPOSED|BOS=OPPOSED|LOC=LOCATION_RESET_PENDING|EXH=EXHAUSTION_RESET_CONFIRMED|TIM=TIMING_WAIT_CONFIRMATION|HTF=HTF_TRANSITIONING|STRUCT=STRUCTURE_OPPOSES|PRESS=PRESSURE_TRANSITIONING|ACTION=TRANSITION_WATCH,4102.41000,0.99,4112.45000,10.04434,994.39,24.0,0.05371,ANP_NONE,1,1,LOCATION_RESET_PENDING,EXHAUSTION_RESET_CONFIRMED,TIMING_WAIT_CONFIRMATION,HTF_TRANSITIONING,STRUCTURE_OPPOSES,PRESSURE_TRANSITIONING,TRANSITION_WATCH,4112.60000,-1008.81,322.74,-990.00,0.324560786010,-1.014501352588,APLUS_GIVEBACK_LOSS,BROKER_SL | bestFloating=322.74 shieldArmed=N,LOSS,v6.25.24,v62524-replay-consolidated-root-repair-20260722,V62524_M10_90D_20260422_20260721_RUN1,ENTRY_DATA_PRESENT
280,2026-07-09 21:52:30,2026-07-10 03:46:46,HOLDOUT_30D,Y,CORE,131,CORE|BAR=1783633200|GEN=7312,XAUUSD,SELL,M10_ORIGINATED_CANDIDATE,A,0,LATE,21,TB2|ROLE=CORE|EXEC=SELL|DECISION=SELL|ORIG=SELL|INV=N|REGIME=REGIME_TRENDING_UP|SETUP=M10_ORIGINATED_CANDIDATE|GRADE=A|SESSION=LATE|BIAS=OPPOSED|BOS=OPPOSED|LOC=LOCATION_RESET_PENDING|EXH=EXHAUSTION_RESET_CONFIRMED|TIM=TIMING_WAIT_CONFIRMATION|HTF=HTF_TRANSITIONING|STRUCT=STRUCTURE_OPPOSES|PRESS=PRESSURE_TRANSITIONING|ACTION=TRANSITION_WATCH,4122.87000,0.47,4141.89000,19.02154,894.01,33.0,0.07161,ANP_NONE,1,1,LOCATION_RESET_PENDING,EXHAUSTION_RESET_CONFIRMED,TIMING_WAIT_CONFIRMATION,HTF_TRANSITIONING,STRUCTURE_OPPOSES,PRESSURE_TRANSITIONING,TRANSITION_WATCH,4122.80000,1.13,388.41,-512.58,0.434458227537,0.001263967965,WEAK_RECOVERY_WIN,PROFIT_CLOSE | EA_MARKET_CLOSE | bestFloating=388.41 shieldArmed=N,WIN,v6.25.24,v62524-replay-consolidated-root-repair-20260722,V62524_M10_90D_20260422_20260721_RUN1,ENTRY_DATA_PRESENT
282,2026-07-13 08:22:30,2026-07-13 09:04:12,HOLDOUT_30D,Y,CORE,132,CORE|BAR=1783930200|GEN=7477,XAUUSD,BUY,TREND_PULLBACK,B,1,LDN,8,TB2|ROLE=CORE|EXEC=BUY|DECISION=BUY|ORIG=BUY|INV=N|REGIME=REGIME_TRENDING_DOWN|SETUP=TREND_PULLBACK|GRADE=B|SESSION=LDN|BIAS=OPPOSED|BOS=OPPOSED|LOC=LOCATION_RESET_PENDING|EXH=EXHAUSTION_RESET_CONFIRMED|TIM=TIMING_WAIT_CONFIRMATION|HTF=HTF_TRANSITIONING|STRUCT=STRUCTURE_OPPOSES|PRESS=PRESSURE_TRANSITIONING|ACTION=TRANSITION_WATCH,4062.67000,0.67,4049.41000,13.25691,888.21,32.0,0.04861,ANP_NONE,-1,-1,LOCATION_RESET_PENDING,EXHAUSTION_RESET_CONFIRMED,TIMING_WAIT_CONFIRMATION,HTF_TRANSITIONING,STRUCTURE_OPPOSES,PRESSURE_TRANSITIONING,TRANSITION_WATCH,4049.39000,-889.76,196.98,-884.40,0.221771878272,-1.001745082807,APLUS_GIVEBACK_LOSS,BROKER_SL | bestFloating=196.98 shieldArmed=N,LOSS,v6.25.24,v62524-replay-consolidated-root-repair-20260722,V62524_M10_90D_20260422_20260721_RUN1,ENTRY_DATA_PRESENT
284,2026-07-13 09:22:33,2026-07-13 09:42:49,HOLDOUT_30D,Y,CORE,133,CORE|BAR=1783933800|GEN=7483,XAUUSD,BUY,M10_ORIGINATED_CANDIDATE,B,1,LDN,9,TB2|ROLE=CORE|EXEC=BUY|DECISION=BUY|ORIG=BUY|INV=N|REGIME=REGIME_TRENDING_DOWN|SETUP=M10_ORIGINATED_CANDIDATE|GRADE=B|SESSION=LDN|BIAS=OPPOSED|BOS=OPPOSED|LOC=LOCATION_RESET_PENDING|EXH=EXHAUSTION_RESET_CONFIRMED|TIM=TIMING_WAIT_CONFIRMATION|HTF=HTF_NEUTRAL|STRUCT=STRUCTURE_OPPOSES|PRESS=BUY_PRESSURE_MODERATE|ACTION=OPPOSITE_DISCOVERY,4056.33000,0.48,4039.62000,16.70619,801.90,35.0,0.04262,ANP_NONE,-1,-1,LOCATION_RESET_PENDING,EXHAUSTION_RESET_CONFIRMED,TIMING_WAIT_CONFIRMATION,HTF_NEUTRAL,STRUCTURE_OPPOSES,BUY_PRESSURE_MODERATE,OPPOSITE_DISCOVERY,4060.07000,179.52,344.16,-142.08,0.429180695847,0.223868312757,WIN,PROFIT_CLOSE | EA_MARKET_CLOSE | bestFloating=344.16 shieldArmed=N,WIN,v6.25.24,v62524-replay-consolidated-root-repair-20260722,V62524_M10_90D_20260422_20260721_RUN1,ENTRY_DATA_PRESENT
286,2026-07-13 09:52:33,2026-07-13 10:21:01,HOLDOUT_30D,Y,CORE,134,CORE|BAR=1783935600|GEN=7486,XAUUSD,BUY,M10_ORIGINATED_CANDIDATE,A,1,LDN,9,TB2|ROLE=CORE|EXEC=BUY|DECISION=BUY|ORIG=BUY|INV=N|REGIME=REGIME_TRENDING_DOWN|SETUP=M10_ORIGINATED_CANDIDATE|GRADE=A|SESSION=LDN|BIAS=OPPOSED|BOS=OPPOSED|LOC=LOCATION_RESET_PENDING|EXH=EXHAUSTION_RESET_CONFIRMED|TIM=TIMING_WAIT_CONFIRMATION|HTF=HTF_NEUTRAL|STRUCT=STRUCTURE_OPPOSES|PRESS=BUY_PRESSURE_STRONG|ACTION=OPPOSITE_DISCOVERY,4055.85000,0.51,4039.68000,16.17107,824.73,27.0,0.03199,ANP_NONE,-1,-1,LOCATION_RESET_PENDING,EXHAUSTION_RESET_CONFIRMED,TIMING_WAIT_CONFIRMATION,HTF_NEUTRAL,STRUCTURE_OPPOSES,BUY_PRESSURE_STRONG,OPPOSITE_DISCOVERY,4056.53000,34.68,271.32,-356.49,0.328980393583,0.042050125496,WEAK_RECOVERY_WIN,PROFIT_CLOSE | EA_MARKET_CLOSE | bestFloating=271.32 shieldArmed=N,WIN,v6.25.24,v62524-replay-consolidated-root-repair-20260722,V62524_M10_90D_20260422_20260721_RUN1,ENTRY_DATA_PRESENT
288,2026-07-13 11:02:33,2026-07-13 11:25:47,HOLDOUT_30D,Y,CORE,135,CORE|BAR=1783939800|GEN=7493,XAUUSD,BUY,TREND_PULLBACK,B,1,LDN,11,TB2|ROLE=CORE|EXEC=BUY|DECISION=BUY|ORIG=BUY|INV=N|REGIME=REGIME_TRENDING_DOWN|SETUP=TREND_PULLBACK|GRADE=B|SESSION=LDN|BIAS=OPPOSED|BOS=OPPOSED|LOC=LOCATION_RESET_PENDING|EXH=EXHAUSTION_RESET_CONFIRMED|TIM=TIMING_WAIT_CONFIRMATION|HTF=HTF_TRANSITIONING|STRUCT=STRUCTURE_OPPOSES|PRESS=PRESSURE_TRANSITIONING|ACTION=TRANSITION_WATCH,4066.36000,0.37,4044.02000,22.33534,826.41,34.0,0.04583,ANP_NONE,-1,-1,LOCATION_RESET_PENDING,EXHAUSTION_RESET_CONFIRMED,TIMING_WAIT_CONFIRMATION,HTF_TRANSITIONING,STRUCTURE_OPPOSES,PRESSURE_TRANSITIONING,TRANSITION_WATCH,4076.35000,369.63,530.58,-130.24,0.642029985116,0.447271935238,WIN,SL_MOD:GENERAL_10M_EXTENSION_RESTORE_ORIGINAL_SL | sl=4044.02 | spread=47 avgSpread=42.2 | trade=TREND_PULLBACK [B] | EA_MARKET_CLOSE | bestFloating=530.58 shieldArmed=N,WIN,v6.25.24,v62524-replay-consolidated-root-repair-20260722,V62524_M10_90D_20260422_20260721_RUN1,ENTRY_DATA_PRESENT
290,2026-07-14 22:02:33,2026-07-14 22:41:37,HOLDOUT_30D,Y,CORE,136,CORE|BAR=1784065800|GEN=7691,XAUUSD,SELL,M10_ORIGINATED_CANDIDATE,A,0,LATE,22,TB2|ROLE=CORE|EXEC=SELL|DECISION=SELL|ORIG=SELL|INV=N|REGIME=REGIME_TRENDING_UP|SETUP=M10_ORIGINATED_CANDIDATE|GRADE=A|SESSION=LATE|BIAS=OPPOSED|BOS=OPPOSED|LOC=LOCATION_RESET_PENDING|EXH=EXHAUSTION_RESET_CONFIRMED|TIM=TIMING_WAIT_CONFIRMATION|HTF=HTF_TRANSITIONING|STRUCT=STRUCTURE_OPPOSES|PRESS=PRESSURE_TRANSITIONING|ACTION=TRANSITION_WATCH,4053.55000,0.69,4066.04000,12.49127,861.90,23.0,0.04014,ANP_NONE,1,1,LOCATION_RESET_PENDING,EXHAUSTION_RESET_CONFIRMED,TIMING_WAIT_CONFIRMATION,HTF_TRANSITIONING,STRUCTURE_OPPOSES,PRESSURE_TRANSITIONING,TRANSITION_WATCH,4051.45000,144.90,396.06,-273.93,0.459519665855,0.168116950922,WEAK_RECOVERY_WIN,PROFIT_CLOSE | EA_MARKET_CLOSE | bestFloating=396.06 shieldArmed=N,WIN,v6.25.24,v62524-replay-consolidated-root-repair-20260722,V62524_M10_90D_20260422_20260721_RUN1,ENTRY_DATA_PRESENT
292,2026-07-15 12:22:33,2026-07-15 14:56:25,HOLDOUT_30D,Y,CORE,137,CORE|BAR=1784117400|GEN=7765,XAUUSD,BUY,M10_ORIGINATED_CANDIDATE,A,1,LDN,12,TB2|ROLE=CORE|EXEC=BUY|DECISION=BUY|ORIG=BUY|INV=N|REGIME=REGIME_TRENDING_DOWN|SETUP=M10_ORIGINATED_CANDIDATE|GRADE=A|SESSION=LDN|BIAS=OPPOSED|BOS=ALIGNED|LOC=LOCATION_LATE|EXH=EXHAUSTION_RESET_CONFIRMED|TIM=TIMING_WAIT_CONFIRMATION|HTF=HTF_TRANSITIONING|STRUCT=STRUCTURE_SUPPORTS|PRESS=PRESSURE_TRANSITIONING|ACTION=TRANSITION_WATCH,4031.26000,0.49,4013.47000,17.79159,871.79,21.0,0.03859,ANP_NONE,-1,1,LOCATION_LATE,EXHAUSTION_RESET_CONFIRMED,TIMING_WAIT_CONFIRMATION,HTF_TRANSITIONING,STRUCTURE_SUPPORTS,PRESSURE_TRANSITIONING,TRANSITION_WATCH,4036.53000,258.23,436.59,-285.67,0.500797210337,0.296206655272,WIN,SL_MOD:GENERAL_10M_EXTENSION_RESTORE_ORIGINAL_SL | sl=4013.47 | spread=38 avgSpread=27.4 | trade=M10_ORIGINATED_CANDIDATE [A] | EA_MARKET_CLOSE | bestFloating=436.59 shieldArmed=N,WIN,v6.25.24,v62524-replay-consolidated-root-repair-20260722,V62524_M10_90D_20260422_20260721_RUN1,ENTRY_DATA_PRESENT
294,2026-07-16 03:12:33,2026-07-16 03:59:00,HOLDOUT_30D,Y,CORE,138,CORE|BAR=1784170800|GEN=7842,XAUUSD,SELL,M10_ORIGINATED_CANDIDATE,B,0,ASIA,3,TB2|ROLE=CORE|EXEC=SELL|DECISION=SELL|ORIG=SELL|INV=N|REGIME=REGIME_TRENDING_UP|SETUP=M10_ORIGINATED_CANDIDATE|GRADE=B|SESSION=ASIA|BIAS=OPPOSED|BOS=OPPOSED|LOC=LOCATION_EXCELLENT|EXH=EXHAUSTION_MODERATE|TIM=TIMING_READY|HTF=HTF_NEUTRAL|STRUCT=STRUCTURE_OPPOSES|PRESS=SELL_PRESSURE_STRONG|ACTION=ALLOW_CORE,4055.26000,1.25,4062.47000,7.20801,901.00,32.0,0.07659,ANP_NONE,1,1,LOCATION_EXCELLENT,EXHAUSTION_MODERATE,TIMING_READY,HTF_NEUTRAL,STRUCTURE_OPPOSES,SELL_PRESSURE_STRONG,ALLOW_CORE,4048.41000,856.25,853.75,-792.50,0.947558268590,0.950332963374,WIN,SL_MOD:GENERAL_10M_EXTENSION_RESTORE_ORIGINAL_SL | sl=4062.47 | spread=43 avgSpread=43.8 | trade=M10_ORIGINATED_CANDIDATE [B] | EA_MARKET_CLOSE | bestFloating=853.75 shieldArmed=N,WIN,v6.25.24,v62524-replay-consolidated-root-repair-20260722,V62524_M10_90D_20260422_20260721_RUN1,ENTRY_DATA_PRESENT
295,2026-07-16 03:59:00,2026-07-16 03:59:30,HOLDOUT_30D,Y,PYRAMID,138,CAMP-138|SELL|ADD1|BAR1784173200,XAUUSD,SELL,PYRAMID_TWO_GATE,PYRAMID,0,ASIA,3,TB2|ROLE=PYRAMID|DIR=SELL|REGIME=TREND_UP|SESSION=ASIA|ADD=1|TIM=TIMING_READY|MOVE=MOVE_160_PLUS|EXH=EXH_HIGH|HTF=HTF_NEUTRAL|STRUCT=STRUCTURE_OPPOSES|PRESS=PRESSURE_BALANCED,4048.02000,0.55,4064.36000,16.33586,898.47,41.0,0.11321,ANP_NONE,0,1,LOCATION_EXCELLENT,EXH_HIGH,TIMING_READY,HTF_NEUTRAL,STRUCTURE_OPPOSES,PRESSURE_BALANCED,PYRAMID_TIMING_PLUS_EXHAUSTION_APPROVED,4046.92000,60.50,64.90,-63.25,0.072233908756,0.067336694603,WIN,SL_MOD:GENERAL_10M_EXTENSION_RESTORE_ORIGINAL_SL | sl=4062.47 | spread=43 avgSpread=43.8 | trade=M10_ORIGINATED_CANDIDATE [B] | EA_MARKET_CLOSE | EA_MARKET_CLOSE | bestFloating=64.90 shieldArmed=N,WIN,v6.25.24,v62524-replay-consolidated-root-repair-20260722,V62524_M10_90D_20260422_20260721_RUN1,ENTRY_DATA_PRESENT
298,2026-07-16 11:32:33,2026-07-16 12:14:45,HOLDOUT_30D,Y,CORE,139,CORE|BAR=1784200800|GEN=7892,XAUUSD,BUY,M10_ORIGINATED_CANDIDATE,A,1,LDN,11,TB2|ROLE=CORE|EXEC=BUY|DECISION=BUY|ORIG=BUY|INV=N|REGIME=REGIME_TRENDING_DOWN|SETUP=M10_ORIGINATED_CANDIDATE|GRADE=A|SESSION=LDN|BIAS=OPPOSED|BOS=ALIGNED|LOC=LOCATION_RESET_PENDING|EXH=EXHAUSTION_RESET_CONFIRMED|TIM=TIMING_WAIT_CONFIRMATION|HTF=HTF_TRANSITIONING|STRUCT=STRUCTURE_SUPPORTS|PRESS=PRESSURE_TRANSITIONING|ACTION=TRANSITION_WATCH,4033.84000,0.89,4022.61000,11.22849,999.34,32.0,0.06602,ANP_NONE,-1,1,LOCATION_RESET_PENDING,EXHAUSTION_RESET_CONFIRMED,TIMING_WAIT_CONFIRMATION,HTF_TRANSITIONING,STRUCTURE_SUPPORTS,PRESSURE_TRANSITIONING,TRANSITION_WATCH,4037.16000,295.48,326.63,-168.21,0.326845718174,0.295675145596,WIN,PROFIT_CLOSE | EA_MARKET_CLOSE | bestFloating=326.63 shieldArmed=N,WIN,v6.25.24,v62524-replay-consolidated-root-repair-20260722,V62524_M10_90D_20260422_20260721_RUN1,ENTRY_DATA_PRESENT
300,2026-07-17 04:32:30,2026-07-17 05:33:53,HOLDOUT_30D,Y,CORE,140,CORE|BAR=1784262000|GEN=7982,XAUUSD,BUY,M10_ORIGINATED_CANDIDATE,B,1,ASIA,4,TB2|ROLE=CORE|EXEC=BUY|DECISION=BUY|ORIG=BUY|INV=N|REGIME=REGIME_TRENDING_DOWN|SETUP=M10_ORIGINATED_CANDIDATE|GRADE=B|SESSION=ASIA|BIAS=OPPOSED|BOS=OPPOSED|LOC=LOCATION_RESET_PENDING|EXH=EXHAUSTION_RESET_CONFIRMED|TIM=TIMING_WAIT_CONFIRMATION|HTF=HTF_TRANSITIONING|STRUCT=STRUCTURE_OPPOSES|PRESS=PRESSURE_TRANSITIONING|ACTION=TRANSITION_WATCH,3990.64000,0.77,3977.38000,13.26429,1021.35,27.0,0.04532,ANP_NONE,-1,-1,LOCATION_RESET_PENDING,EXHAUSTION_RESET_CONFIRMED,TIMING_WAIT_CONFIRMATION,HTF_TRANSITIONING,STRUCTURE_OPPOSES,PRESSURE_TRANSITIONING,TRANSITION_WATCH,3977.38000,-1021.02,364.21,-1007.16,0.356596661282,-0.999676898223,APLUS_GIVEBACK_LOSS,BROKER_SL | bestFloating=364.21 shieldArmed=N,LOSS,v6.25.24,v62524-replay-consolidated-root-repair-20260722,V62524_M10_90D_20260422_20260721_RUN1,ENTRY_DATA_PRESENT
302,2026-07-17 11:22:33,2026-07-17 12:25:05,HOLDOUT_30D,Y,CORE,141,CORE|BAR=1784286600|GEN=8023,XAUUSD,SELL,TREND_PULLBACK,A,1,LDN,11,TB2|ROLE=CORE|EXEC=SELL|DECISION=SELL|ORIG=SELL|INV=N|REGIME=REGIME_TRENDING_DOWN|SETUP=TREND_PULLBACK|GRADE=A|SESSION=LDN|BIAS=ALIGNED|BOS=ALIGNED|LOC=LOCATION_LATE|EXH=EXHAUSTION_MODERATE|TIM=TIMING_WAIT_PULLBACK|HTF=HTF_TRANSITIONING|STRUCT=STRUCTURE_SUPPORTS|PRESS=PRESSURE_TRANSITIONING|ACTION=TRANSITION_WATCH,3991.19000,0.79,4002.78000,11.59324,915.86,25.0,0.03746,ANP_NONE,-1,-1,LOCATION_LATE,EXHAUSTION_MODERATE,TIMING_WAIT_PULLBACK,HTF_TRANSITIONING,STRUCTURE_SUPPORTS,PRESSURE_TRANSITIONING,TRANSITION_WATCH,4002.79000,-916.40,241.74,-914.82,0.263948638438,-1.000589609766,APLUS_GIVEBACK_LOSS,BROKER_SL | bestFloating=241.74 shieldArmed=N,LOSS,v6.25.24,v62524-replay-consolidated-root-repair-20260722,V62524_M10_90D_20260422_20260721_RUN1,ENTRY_DATA_PRESENT
304,2026-07-20 03:22:33,2026-07-20 04:00:07,HOLDOUT_30D,Y,CORE,142,CORE|BAR=1784517000|GEN=8089,XAUUSD,BUY,TREND_PULLBACK,B,1,ASIA,3,TB2|ROLE=CORE|EXEC=BUY|DECISION=BUY|ORIG=BUY|INV=N|REGIME=REGIME_TRENDING_DOWN|SETUP=TREND_PULLBACK|GRADE=B|SESSION=ASIA|BIAS=OPPOSED|BOS=ALIGNED|LOC=LOCATION_EXCELLENT|EXH=EXHAUSTION_MODERATE|TIM=TIMING_READY|HTF=HTF_NEUTRAL|STRUCT=STRUCTURE_SUPPORTS|PRESS=PRESSURE_BALANCED|ACTION=ALLOW_CORE,4001.75000,0.33,3977.08000,24.66557,813.96,34.0,0.03879,ANP_NONE,-1,1,LOCATION_EXCELLENT,EXHAUSTION_MODERATE,TIMING_READY,HTF_NEUTRAL,STRUCTURE_SUPPORTS,PRESSURE_BALANCED,ALLOW_CORE,4011.26000,313.83,312.51,-110.88,0.383937785641,0.385559486953,WIN,SL_MOD:BASKET_050R_RESTORE_ORIGINAL_SL | sl=3976.47 | spread=74 avgSpread=35.6 | trade=TREND_PULLBACK [B] | EA_MARKET_CLOSE | EA_MARKET_CLOSE | bestFloating=312.51 shieldArmed=N,WIN,v6.25.24,v62524-replay-consolidated-root-repair-20260722,V62524_M10_90D_20260422_20260721_RUN1,ENTRY_DATA_PRESENT
305,2026-07-20 03:35:50,2026-07-20 04:00:07,HOLDOUT_30D,Y,PYRAMID,142,CAMP-142|BUY|ADD1|BAR1784517600,XAUUSD,BUY,PYRAMID_TWO_GATE,PYRAMID,1,ASIA,3,TB2|ROLE=PYRAMID|DIR=BUY|REGIME=TREND_DN|SESSION=ASIA|ADD=1|TIM=TIMING_READY|MOVE=MOVE_065_109|EXH=EXH_MODERATE|HTF=HTF_NEUTRAL|STRUCT=STRUCTURE_SUPPORTS|PRESS=BUY_PRESSURE_MODERATE,4007.63000,0.26,3976.47000,31.16254,810.23,74.0,0.13078,ANP_NONE,0,1,LOCATION_EXCELLENT,EXH_MODERATE,TIMING_READY,HTF_NEUTRAL,STRUCTURE_SUPPORTS,BUY_PRESSURE_MODERATE,PYRAMID_TIMING_PLUS_EXHAUSTION_APPROVED,4011.26000,94.38,93.34,-240.24,0.115201856263,0.116485442405,WEAK_RECOVERY_WIN,SL_MOD:BASKET_050R_RESTORE_ORIGINAL_SL | sl=3976.47 | spread=74 avgSpread=35.6 | trade=TREND_PULLBACK [B] | EA_MARKET_CLOSE | bestFloating=93.34 shieldArmed=N,WIN,v6.25.24,v62524-replay-consolidated-root-repair-20260722,V62524_M10_90D_20260422_20260721_RUN1,ENTRY_DATA_PRESENT
308,2026-07-20 08:52:30,2026-07-20 09:39:16,HOLDOUT_30D,Y,CORE,143,CORE|BAR=1784536800|GEN=8122,XAUUSD,SELL,TREND_PULLBACK,A,0,LDN,8,TB2|ROLE=CORE|EXEC=SELL|DECISION=SELL|ORIG=SELL|INV=N|REGIME=REGIME_TRENDING_UP|SETUP=TREND_PULLBACK|GRADE=A|SESSION=LDN|BIAS=OPPOSED|BOS=OPPOSED|LOC=LOCATION_RESET_PENDING|EXH=EXHAUSTION_MODERATE|TIM=TIMING_WAIT_PULLBACK|HTF=HTF_TRANSITIONING|STRUCT=STRUCTURE_OPPOSES|PRESS=PRESSURE_TRANSITIONING|ACTION=TRANSITION_WATCH,4007.19000,0.91,4016.80000,9.61187,874.68,38.0,0.08262,ANP_NONE,1,1,LOCATION_RESET_PENDING,EXHAUSTION_MODERATE,TIMING_WAIT_PULLBACK,HTF_TRANSITIONING,STRUCTURE_OPPOSES,PRESSURE_TRANSITIONING,TRANSITION_WATCH,4004.55000,240.24,370.37,-436.80,0.423434856176,0.274660447249,WEAK_RECOVERY_WIN,PROFIT_CLOSE | EA_MARKET_CLOSE | bestFloating=370.37 shieldArmed=N,WIN,v6.25.24,v62524-replay-consolidated-root-repair-20260722,V62524_M10_90D_20260422_20260721_RUN1,ENTRY_DATA_PRESENT
310,2026-07-20 15:12:33,2026-07-20 17:13:17,HOLDOUT_30D,Y,CORE,144,CORE|BAR=1784559600|GEN=8160,XAUUSD,SELL,M10_ORIGINATED_CANDIDATE,B,0,NY,15,TB2|ROLE=CORE|EXEC=SELL|DECISION=SELL|ORIG=SELL|INV=N|REGIME=REGIME_TRENDING_UP|SETUP=M10_ORIGINATED_CANDIDATE|GRADE=B|SESSION=NY|BIAS=OPPOSED|BOS=OPPOSED|LOC=LOCATION_RESET_PENDING|EXH=EXHAUSTION_MODERATE|TIM=TIMING_WAIT_PULLBACK|HTF=HTF_TRANSITIONING|STRUCT=STRUCTURE_OPPOSES|PRESS=PRESSURE_TRANSITIONING|ACTION=TRANSITION_WATCH,4014.65000,0.27,4046.89000,32.24109,870.51,57.0,0.09970,ANP_NONE,1,1,LOCATION_RESET_PENDING,EXHAUSTION_MODERATE,TIMING_WAIT_PULLBACK,HTF_TRANSITIONING,STRUCTURE_OPPOSES,PRESSURE_TRANSITIONING,TRANSITION_WATCH,4001.51000,354.78,430.92,-79.92,0.495020160596,0.407554192370,WIN,SL_MOD:GENERAL_10M_EXTENSION_RESTORE_ORIGINAL_SL | sl=4046.89 | spread=36 avgSpread=32.8 | trade=M10_ORIGINATED_CANDIDATE [B] | EA_MARKET_CLOSE | bestFloating=430.92 shieldArmed=N,WIN,v6.25.24,v62524-replay-consolidated-root-repair-20260722,V62524_M10_90D_20260422_20260721_RUN1,ENTRY_DATA_PRESENT
