position_id,entry_time,close_time,split,trade_role,campaign_id,candidate_id,symbol,direction,setup,grade,regime,session,entry_hour,signature,entry_price,lots,original_structural_sl,original_one_r_distance,risk_usd,spread_points,spread_atr,news_phase,bias_direction,bos_direction,thesis_location,thesis_exhaustion,thesis_timing,thesis_htf,thesis_structure,thesis_pressure,thesis_action,exit_price,final_pnl_usd,peak_profit_usd,worst_floating_usd,peak_r,realized_r,outcome,exit_reason,result_class,ea_version,build_hash,collection_run_id,data_status
2,2026-04-22 13:12:33,2026-04-22 16:01:52,TRAIN_60D,CORE,1,CORE|BAR=1776862800|GEN=75,XAUUSD,SELL,TREND_PULLBACK,A+,1,NY,13,TB2|ROLE=CORE|EXEC=SELL|DECISION=SELL|ORIG=SELL|INV=N|REGIME=REGIME_TRENDING_DOWN|SETUP=TREND_PULLBACK|GRADE=A+|SESSION=NY|BIAS=ALIGNED|BOS=ALIGNED|LOC=LOCATION_EXTREME|EXH=EXHAUSTION_MODERATE|TIM=TIMING_WAIT_PULLBACK|HTF=HTF_TRANSITIONING|STRUCT=STRUCTURE_SUPPORTS|PRESS=PRESSURE_TRANSITIONING|ACTION=TRANSITION_WATCH,4748.5,0.56,4766.2,17.69606,990.98,7.0,0.01369,ANP_NONE,-1,-1,LOCATION_EXTREME,EXHAUSTION_MODERATE,TIMING_WAIT_PULLBACK,HTF_TRANSITIONING,STRUCTURE_SUPPORTS,PRESSURE_TRANSITIONING,TRANSITION_WATCH,4743.31,290.64,356.72,-701.12,0.35996690145108884,0.29328543462027484,WEAK_RECOVERY_WIN,PROFIT_CLOSE | EA_MARKET_CLOSE | bestFloating=356.72 shieldArmed=N,WIN,v6.25.24,v62524-replay-consolidated-root-repair-20260722,V62524_M10_90D_20260422_20260721_RUN1,ENTRY_DATA_PRESENT
4,2026-04-23 01:52:31,2026-04-23 02:12:20,TRAIN_60D,CORE,2,CORE|BAR=1776908400|GEN=139,XAUUSD,SELL,TREND_PULLBACK,A+,1,ASIA,1,TB2|ROLE=CORE|EXEC=SELL|DECISION=SELL|ORIG=SELL|INV=N|REGIME=REGIME_TRENDING_DOWN|SETUP=TREND_PULLBACK|GRADE=A+|SESSION=ASIA|BIAS=ALIGNED|BOS=ALIGNED|LOC=LOCATION_GOOD|EXH=EXHAUSTION_MODERATE|TIM=TIMING_READY|HTF=HTF_NEUTRAL|STRUCT=STRUCTURE_SUPPORTS|PRESS=SELL_PRESSURE_STRONG|ACTION=ALLOW_CORE,4730.7,0.53,4749.79,19.0875,1011.64,25.0,0.04184,ANP_NONE,-1,-1,LOCATION_GOOD,EXHAUSTION_MODERATE,TIMING_READY,HTF_NEUTRAL,STRUCTURE_SUPPORTS,SELL_PRESSURE_STRONG,ALLOW_CORE,4727.76,155.82,367.82,-49.82,0.3635878375706773,0.15402712427345697,WIN,PROFIT_CLOSE | EA_MARKET_CLOSE | bestFloating=367.82 shieldArmed=N,WIN,v6.25.24,v62524-replay-consolidated-root-repair-20260722,V62524_M10_90D_20260422_20260721_RUN1,ENTRY_DATA_PRESENT
6,2026-04-23 02:32:33,2026-04-23 03:00:33,TRAIN_60D,CORE,3,CORE|BAR=1776910800|GEN=143,XAUUSD,SELL,TREND_PULLBACK,A+,1,ASIA,2,TB2|ROLE=CORE|EXEC=SELL|DECISION=SELL|ORIG=SELL|INV=N|REGIME=REGIME_TRENDING_DOWN|SETUP=TREND_PULLBACK|GRADE=A+|SESSION=ASIA|BIAS=ALIGNED|BOS=ALIGNED|LOC=LOCATION_GOOD|EXH=EXHAUSTION_MODERATE|TIM=TIMING_READY|HTF=HTF_NEUTRAL|STRUCT=STRUCTURE_STRONGLY_SUPPORTS|PRESS=SELL_PRESSURE_STRONG|ACTION=ALLOW_CORE,4726.53,1.43,4733.8,7.27226,1039.94,27.0,0.05623,ANP_NONE,-1,-1,LOCATION_GOOD,EXHAUSTION_MODERATE,TIMING_READY,HTF_NEUTRAL,STRUCTURE_STRONGLY_SUPPORTS,SELL_PRESSURE_STRONG,ALLOW_CORE,4726.34,27.17,353.21,-417.56,0.3396445948804738,0.02612650729849799,WEAK_RECOVERY_WIN,PROFIT_CLOSE | EA_MARKET_CLOSE | bestFloating=353.21 shieldArmed=N,WIN,v6.25.24,v62524-replay-consolidated-root-repair-20260722,V62524_M10_90D_20260422_20260721_RUN1,ENTRY_DATA_PRESENT
8,2026-04-23 08:12:33,2026-04-23 08:30:45,TRAIN_60D,CORE,4,CORE|BAR=1776931200|GEN=177,XAUUSD,BUY,TREND_PULLBACK,A,1,LDN,8,TB2|ROLE=CORE|EXEC=BUY|DECISION=BUY|ORIG=BUY|INV=N|REGIME=REGIME_TRENDING_DOWN|SETUP=TREND_PULLBACK|GRADE=A|SESSION=LDN|BIAS=OPPOSED|BOS=OPPOSED|LOC=LOCATION_RESET_PENDING|EXH=EXHAUSTION_RESET_CONFIRMED|TIM=TIMING_WAIT_CONFIRMATION|HTF=HTF_TRANSITIONING|STRUCT=STRUCTURE_OPPOSES|PRESS=PRESSURE_TRANSITIONING|ACTION=TRANSITION_WATCH,4710.35,0.69,4695.34,15.01131,1035.78,17.0,0.03002,ANP_NONE,-1,-1,LOCATION_RESET_PENDING,EXHAUSTION_RESET_CONFIRMED,TIMING_WAIT_CONFIRMATION,HTF_TRANSITIONING,STRUCTURE_OPPOSES,PRESSURE_TRANSITIONING,TRANSITION_WATCH,4695.26,-1041.21,-0.69,-1033.62,-0.0006661646295545386,-1.0052424259977988,LOSS,BROKER_SL | bestFloating=-0.69 shieldArmed=N,LOSS,v6.25.24,v62524-replay-consolidated-root-repair-20260722,V62524_M10_90D_20260422_20260721_RUN1,ENTRY_DATA_PRESENT
10,2026-04-23 08:52:33,2026-04-23 10:04:58,TRAIN_60D,CORE,5,CORE|BAR=1776933600|GEN=181,XAUUSD,BUY,M10_ORIGINATED_CANDIDATE,A,1,LDN,8,TB2|ROLE=CORE|EXEC=BUY|DECISION=BUY|ORIG=BUY|INV=N|REGIME=REGIME_TRENDING_DOWN|SETUP=M10_ORIGINATED_CANDIDATE|GRADE=A|SESSION=LDN|BIAS=OPPOSED|BOS=OPPOSED|LOC=LOCATION_RESET_PENDING|EXH=EXHAUSTION_RESET_CONFIRMED|TIM=TIMING_WAIT_CONFIRMATION|HTF=HTF_NEUTRAL|STRUCT=STRUCTURE_OPPOSES|PRESS=BUY_PRESSURE_STRONG|ACTION=OPPOSITE_DISCOVERY,4713.09,0.36,4687.48,25.61156,922.02,17.0,0.0299,ANP_NONE,-1,-1,LOCATION_RESET_PENDING,EXHAUSTION_RESET_CONFIRMED,TIMING_WAIT_CONFIRMATION,HTF_NEUTRAL,STRUCTURE_OPPOSES,BUY_PRESSURE_STRONG,OPPOSITE_DISCOVERY,4713.24,5.4,291.24,-194.04,0.3158716730656602,0.00585670592828789,WEAK_RECOVERY_WIN,PROFIT_CLOSE | EA_MARKET_CLOSE | bestFloating=291.24 shieldArmed=N,WIN,v6.25.24,v62524-replay-consolidated-root-repair-20260722,V62524_M10_90D_20260422_20260721_RUN1,ENTRY_DATA_PRESENT
12,2026-04-23 11:02:33,2026-04-23 12:03:56,TRAIN_60D,CORE,6,CORE|BAR=1776941400|GEN=194,XAUUSD,BUY,M10_ORIGINATED_CANDIDATE,B,1,LDN,11,TB2|ROLE=CORE|EXEC=BUY|DECISION=BUY|ORIG=BUY|INV=N|REGIME=REGIME_TRENDING_DOWN|SETUP=M10_ORIGINATED_CANDIDATE|GRADE=B|SESSION=LDN|BIAS=OPPOSED|BOS=OPPOSED|LOC=LOCATION_RESET_PENDING|EXH=EXHAUSTION_RESET_CONFIRMED|TIM=TIMING_WAIT_CONFIRMATION|HTF=HTF_NEUTRAL|STRUCT=STRUCTURE_OPPOSES|PRESS=BUY_PRESSURE_STRONG|ACTION=OPPOSITE_DISCOVERY,4720.96,0.41,4698.02,22.93804,940.46,17.0,0.02227,ANP_NONE,-1,-1,LOCATION_RESET_PENDING,EXHAUSTION_RESET_CONFIRMED,TIMING_WAIT_CONFIRMATION,HTF_NEUTRAL,STRUCTURE_OPPOSES,BUY_PRESSURE_STRONG,OPPOSITE_DISCOVERY,4697.7,-953.66,90.2,-934.39,0.0959105118771665,-1.0140356846649512,LOSS,BROKER_SL | bestFloating=90.20 shieldArmed=N,LOSS,v6.25.24,v62524-replay-consolidated-root-repair-20260722,V62524_M10_90D_20260422_20260721_RUN1,ENTRY_DATA_PRESENT
14,2026-04-23 19:12:30,2026-04-23 20:20:52,TRAIN_60D,CORE,7,CORE|BAR=1776970800|GEN=243,XAUUSD,SELL,TREND_PULLBACK,A+,1,LATE,19,TB2|ROLE=CORE|EXEC=SELL|DECISION=SELL|ORIG=SELL|INV=N|REGIME=REGIME_TRENDING_DOWN|SETUP=TREND_PULLBACK|GRADE=A+|SESSION=LATE|BIAS=ALIGNED|BOS=ALIGNED|LOC=LOCATION_GOOD|EXH=EXHAUSTION_MODERATE|TIM=TIMING_READY|HTF=HTF_NEUTRAL|STRUCT=STRUCTURE_SUPPORTS|PRESS=SELL_PRESSURE_MODERATE|ACTION=ALLOW_CORE,4722.3,0.35,4746.33,24.02944,841.03,4.0,0.00418,ANP_NONE,-1,-1,LOCATION_GOOD,EXHAUSTION_MODERATE,TIMING_READY,HTF_NEUTRAL,STRUCTURE_SUPPORTS,SELL_PRESSURE_MODERATE,ALLOW_CORE,4710.47,414.05,616.0,-525.7,0.7324352282320489,0.49231299715824645,WIN,SL_MOD:GENERAL_10M_EXTENSION_RESTORE_ORIGINAL_SL | sl=4746.33 | spread=17 avgSpread=15.4 | trade=TREND_PULLBACK [A+] | EA_MARKET_CLOSE | bestFloating=616.00 shieldArmed=N,WIN,v6.25.24,v62524-replay-consolidated-root-repair-20260722,V62524_M10_90D_20260422_20260721_RUN1,ENTRY_DATA_PRESENT
16,2026-04-24 10:12:33,2026-04-24 10:50:00,TRAIN_60D,CORE,8,CORE|BAR=1777024800|GEN=321,XAUUSD,BUY,M10_ORIGINATED_CANDIDATE,A,1,LDN,10,TB2|ROLE=CORE|EXEC=BUY|DECISION=BUY|ORIG=BUY|INV=N|REGIME=REGIME_TRENDING_DOWN|SETUP=M10_ORIGINATED_CANDIDATE|GRADE=A|SESSION=LDN|BIAS=OPPOSED|BOS=OPPOSED|LOC=LOCATION_RESET_PENDING|EXH=EXHAUSTION_RESET_CONFIRMED|TIM=TIMING_WAIT_RECLAIM|HTF=HTF_TRANSITIONING|STRUCT=STRUCTURE_OPPOSES|PRESS=PRESSURE_TRANSITIONING|ACTION=TRANSITION_WATCH,4680.2,0.51,4662.88,17.32269,883.46,17.0,0.02561,ANP_NONE,-1,-1,LOCATION_RESET_PENDING,EXHAUSTION_RESET_CONFIRMED,TIMING_WAIT_RECLAIM,HTF_TRANSITIONING,STRUCTURE_OPPOSES,PRESSURE_TRANSITIONING,TRANSITION_WATCH,4691.03,552.33,599.25,-96.9,0.6782989609037194,0.6251895954542368,WIN,PROFIT_CLOSE | EA_MARKET_CLOSE | bestFloating=599.25 shieldArmed=N,WIN,v6.25.24,v62524-replay-consolidated-root-repair-20260722,V62524_M10_90D_20260422_20260721_RUN1,ENTRY_DATA_PRESENT
18,2026-04-27 11:42:33,2026-04-27 12:21:24,TRAIN_60D,CORE,9,CORE|BAR=1777289400|GEN=444,XAUUSD,SELL,M10_ORIGINATED_CANDIDATE,B,0,LDN,11,TB2|ROLE=CORE|EXEC=SELL|DECISION=SELL|ORIG=SELL|INV=N|REGIME=REGIME_TRENDING_UP|SETUP=M10_ORIGINATED_CANDIDATE|GRADE=B|SESSION=LDN|BIAS=OPPOSED|BOS=OPPOSED|LOC=LOCATION_RESET_PENDING|EXH=EXHAUSTION_RESET_CONFIRMED|TIM=TIMING_WAIT_CONFIRMATION|HTF=HTF_TRANSITIONING|STRUCT=STRUCTURE_OPPOSES|PRESS=PRESSURE_TRANSITIONING|ACTION=TRANSITION_WATCH,4707.98,0.71,4721.28,13.29831,944.18,14.0,0.03173,ANP_NONE,1,1,LOCATION_RESET_PENDING,EXHAUSTION_RESET_CONFIRMED,TIMING_WAIT_CONFIRMATION,HTF_TRANSITIONING,STRUCTURE_OPPOSES,PRESSURE_TRANSITIONING,TRANSITION_WATCH,4705.2,197.38,379.85,-494.16,0.4023067635408503,0.20904912198945116,WEAK_RECOVERY_WIN,SL_MOD:GENERAL_10M_EXTENSION_RESTORE_ORIGINAL_SL | sl=4721.28 | spread=17 avgSpread=13.7 | trade=M10_ORIGINATED_CANDIDATE [B] | EA_MARKET_CLOSE | bestFloating=379.85 shieldArmed=N,WIN,v6.25.24,v62524-replay-consolidated-root-repair-20260722,V62524_M10_90D_20260422_20260721_RUN1,ENTRY_DATA_PRESENT
20,2026-04-27 21:02:33,2026-04-28 01:16:09,TRAIN_60D,CORE,10,CORE|BAR=1777323000|GEN=500,XAUUSD,BUY,M10_ORIGINATED_CANDIDATE,A,1,LATE,21,TB2|ROLE=CORE|EXEC=BUY|DECISION=BUY|ORIG=BUY|INV=N|REGIME=REGIME_TRENDING_DOWN|SETUP=M10_ORIGINATED_CANDIDATE|GRADE=A|SESSION=LATE|BIAS=OPPOSED|BOS=OPPOSED|LOC=LOCATION_RESET_PENDING|EXH=EXHAUSTION_RESET_CONFIRMED|TIM=TIMING_WAIT_CONFIRMATION|HTF=HTF_TRANSITIONING|STRUCT=STRUCTURE_OPPOSES|PRESS=PRESSURE_TRANSITIONING|ACTION=TRANSITION_WATCH,4681.73,0.55,4664.5,17.229,947.6,17.0,0.03119,ANP_NONE,-1,-1,LOCATION_RESET_PENDING,EXHAUSTION_RESET_CONFIRMED,TIMING_WAIT_CONFIRMATION,HTF_TRANSITIONING,STRUCTURE_OPPOSES,PRESSURE_TRANSITIONING,TRANSITION_WATCH,4688.52,366.52,514.47,-278.3,0.5429189531447869,0.386787674124103,WIN,PROFIT_CLOSE | EA_MARKET_CLOSE | bestFloating=514.47 shieldArmed=N,WIN,v6.25.24,v62524-replay-consolidated-root-repair-20260722,V62524_M10_90D_20260422_20260721_RUN1,ENTRY_DATA_PRESENT
22,2026-04-28 20:22:33,2026-04-28 20:34:45,TRAIN_60D,CORE,11,CORE|BAR=1777407000|GEN=628,XAUUSD,BUY,M10_ORIGINATED_CANDIDATE,A,1,LATE,20,TB2|ROLE=CORE|EXEC=BUY|DECISION=BUY|ORIG=BUY|INV=N|REGIME=REGIME_TRENDING_DOWN|SETUP=M10_ORIGINATED_CANDIDATE|GRADE=A|SESSION=LATE|BIAS=OPPOSED|BOS=OPPOSED|LOC=LOCATION_RESET_PENDING|EXH=EXHAUSTION_RESET_CONFIRMED|TIM=TIMING_WAIT_CONFIRMATION|HTF=HTF_NEUTRAL|STRUCT=STRUCTURE_OPPOSES|PRESS=BUY_PRESSURE_STRONG|ACTION=OPPOSITE_DISCOVERY,4589.76,0.81,4577.41,12.35421,1000.69,17.0,0.02372,ANP_NONE,-1,-1,LOCATION_RESET_PENDING,EXHAUSTION_RESET_CONFIRMED,TIMING_WAIT_CONFIRMATION,HTF_NEUTRAL,STRUCTURE_OPPOSES,BUY_PRESSURE_STRONG,OPPOSITE_DISCOVERY,4595.84,492.48,599.4,-33.21,0.5989866991775674,0.49214042310805545,WIN,SL_MOD:GENERAL_10M_EXTENSION_RESTORE_ORIGINAL_SL | sl=4577.41 | spread=4 avgSpread=4.9 | trade=M10_ORIGINATED_CANDIDATE [A] | EA_MARKET_CLOSE | bestFloating=599.40 shieldArmed=N,WIN,v6.25.24,v62524-replay-consolidated-root-repair-20260722,V62524_M10_90D_20260422_20260721_RUN1,ENTRY_DATA_PRESENT
24,2026-04-30 09:12:30,2026-04-30 09:31:35,TRAIN_60D,CORE,12,CORE|BAR=1777539600|GEN=825,XAUUSD,BUY,TREND_PULLBACK,B,1,LDN,9,TB2|ROLE=CORE|EXEC=BUY|DECISION=BUY|ORIG=BUY|INV=N|REGIME=REGIME_TRENDING_DOWN|SETUP=TREND_PULLBACK|GRADE=B|SESSION=LDN|BIAS=OPPOSED|BOS=OPPOSED|LOC=LOCATION_ACCEPTABLE|EXH=EXHAUSTION_MODERATE|TIM=TIMING_READY|HTF=HTF_NEUTRAL|STRUCT=STRUCTURE_OPPOSES|PRESS=BUY_PRESSURE_MODERATE|ACTION=ALLOW_CORE,4564.47,0.37,4536.23,28.23801,1044.81,17.0,0.02472,ANP_NONE,-1,-1,LOCATION_ACCEPTABLE,EXHAUSTION_MODERATE,TIMING_READY,HTF_NEUTRAL,STRUCTURE_OPPOSES,BUY_PRESSURE_MODERATE,ALLOW_CORE,4573.99,352.24,344.84,-29.6,0.330050439792881,0.3371330672562476,WIN,SL_MOD:BASKET_050R_RESTORE_ORIGINAL_SL | sl=4556.82 | spread=17 avgSpread=14.2 | trade=TREND_PULLBACK [B] | EA_MARKET_CLOSE | EA_MARKET_CLOSE | bestFloating=344.84 shieldArmed=N,WIN,v6.25.24,v62524-replay-consolidated-root-repair-20260722,V62524_M10_90D_20260422_20260721_RUN1,ENTRY_DATA_PRESENT
25,2026-04-30 09:30:34,2026-04-30 09:31:35,TRAIN_60D,PYRAMID,12,CAMP-12|BUY|ADD1|BAR1777540800,XAUUSD,BUY,PYRAMID_TWO_GATE,PYRAMID,1,LDN,9,TB2|ROLE=PYRAMID|DIR=BUY|REGIME=TREND_DN|SESSION=LDN|ADD=1|TIM=TIMING_READY|MOVE=MOVE_065_109|EXH=EXH_MODERATE|HTF=HTF_NEUTRAL|STRUCT=STRUCTURE_OPPOSES|PRESS=BUY_PRESSURE_STRONG,4571.48,0.71,4556.82,14.66426,1041.17,17.0,0.02428,ANP_NONE,0,-1,LOCATION_ACCEPTABLE,EXH_MODERATE,TIMING_READY,HTF_NEUTRAL,STRUCTURE_OPPOSES,BUY_PRESSURE_STRONG,PYRAMID_TIMING_PLUS_EXHAUSTION_APPROVED,4573.99,178.21,164.01,-29.82,0.1575247077806698,0.17116321061882306,WIN,SL_MOD:BASKET_050R_RESTORE_ORIGINAL_SL | sl=4556.82 | spread=17 avgSpread=14.2 | trade=TREND_PULLBACK [B] | EA_MARKET_CLOSE | bestFloating=164.01 shieldArmed=N,WIN,v6.25.24,v62524-replay-consolidated-root-repair-20260722,V62524_M10_90D_20260422_20260721_RUN1,ENTRY_DATA_PRESENT
28,2026-04-30 09:42:33,2026-04-30 09:54:47,TRAIN_60D,CORE,13,CORE|BAR=1777541400|GEN=828,XAUUSD,BUY,TREND_PULLBACK,B,1,LDN,9,TB2|ROLE=CORE|EXEC=BUY|DECISION=BUY|ORIG=BUY|INV=N|REGIME=REGIME_TRENDING_DOWN|SETUP=TREND_PULLBACK|GRADE=B|SESSION=LDN|BIAS=OPPOSED|BOS=OPPOSED|LOC=LOCATION_ACCEPTABLE|EXH=EXHAUSTION_MODERATE|TIM=TIMING_READY|HTF=HTF_NEUTRAL|STRUCT=STRUCTURE_OPPOSES|PRESS=BUY_PRESSURE_STRONG|ACTION=ALLOW_CORE,4575.15,0.57,4556.03,19.11763,1089.7,17.0,0.02337,ANP_NONE,-1,-1,LOCATION_ACCEPTABLE,EXHAUSTION_MODERATE,TIMING_READY,HTF_NEUTRAL,STRUCTURE_OPPOSES,BUY_PRESSURE_STRONG,ALLOW_CORE,4583.86,496.47,491.34,-75.24,0.45089474167201976,0.45560245939249333,WIN,SL_MOD:BASKET_050R_RESTORE_ORIGINAL_SL | sl=4554.57 | spread=16 avgSpread=15.2 | trade=TREND_PULLBACK [B] | EA_MARKET_CLOSE | EA_MARKET_CLOSE | bestFloating=491.34 shieldArmed=N,WIN,v6.25.24,v62524-replay-consolidated-root-repair-20260722,V62524_M10_90D_20260422_20260721_RUN1,ENTRY_DATA_PRESENT
29,2026-04-30 09:52:57,2026-04-30 09:54:47,TRAIN_60D,PYRAMID,13,CAMP-13|BUY|ADD1|BAR1777542000,XAUUSD,BUY,PYRAMID_TWO_GATE,PYRAMID,1,LDN,9,TB2|ROLE=PYRAMID|DIR=BUY|REGIME=TREND_DN|SESSION=LDN|ADD=1|TIM=TIMING_READY|MOVE=MOVE_065_109|EXH=EXH_MODERATE|HTF=HTF_NEUTRAL|STRUCT=STRUCTURE_OPPOSES|PRESS=BUY_PRESSURE_STRONG,4582.47,0.39,4554.57,27.89919,1088.07,16.0,0.02203,ANP_NONE,0,-1,LOCATION_GOOD,EXH_MODERATE,TIMING_READY,HTF_NEUTRAL,STRUCTURE_OPPOSES,BUY_PRESSURE_STRONG,PYRAMID_TIMING_PLUS_EXHAUSTION_APPROVED,4583.86,54.21,50.7,-82.68,0.04659626678430616,0.04982216217706582,WIN,SL_MOD:BASKET_050R_RESTORE_ORIGINAL_SL | sl=4554.57 | spread=16 avgSpread=15.2 | trade=TREND_PULLBACK [B] | EA_MARKET_CLOSE | bestFloating=50.70 shieldArmed=N,WIN,v6.25.24,v62524-replay-consolidated-root-repair-20260722,V62524_M10_90D_20260422_20260721_RUN1,ENTRY_DATA_PRESENT
32,2026-04-30 16:42:33,2026-04-30 17:11:00,TRAIN_60D,CORE,14,CORE|BAR=1777566600|GEN=870,XAUUSD,SELL,M10_ORIGINATED_CANDIDATE,B,0,NY,16,TB2|ROLE=CORE|EXEC=SELL|DECISION=SELL|ORIG=SELL|INV=N|REGIME=REGIME_TRENDING_UP|SETUP=M10_ORIGINATED_CANDIDATE|GRADE=B|SESSION=NY|BIAS=OPPOSED|BOS=OPPOSED|LOC=LOCATION_RESET_PENDING|EXH=EXHAUSTION_RESET_CONFIRMED|TIM=TIMING_WAIT_CONFIRMATION|HTF=HTF_TRANSITIONING|STRUCT=STRUCTURE_OPPOSES|PRESS=PRESSURE_TRANSITIONING|ACTION=TRANSITION_WATCH,4621.85,0.37,4652.68,30.82646,1140.58,17.0,0.01772,ANP_NONE,1,1,LOCATION_RESET_PENDING,EXHAUSTION_RESET_CONFIRMED,TIMING_WAIT_CONFIRMATION,HTF_TRANSITIONING,STRUCTURE_OPPOSES,PRESSURE_TRANSITIONING,TRANSITION_WATCH,4617.53,159.84,453.62,-152.81,0.3977099370495713,0.14013922741061566,WIN,PROFIT_CLOSE | EA_MARKET_CLOSE | bestFloating=453.62 shieldArmed=N,WIN,v6.25.24,v62524-replay-consolidated-root-repair-20260722,V62524_M10_90D_20260422_20260721_RUN1,ENTRY_DATA_PRESENT
34,2026-05-01 04:02:33,2026-05-01 05:11:13,TRAIN_60D,CORE,15,CORE|BAR=1777607400|GEN=926,XAUUSD,SELL,M10_ORIGINATED_CANDIDATE,B,0,ASIA,4,TB2|ROLE=CORE|EXEC=SELL|DECISION=SELL|ORIG=SELL|INV=N|REGIME=REGIME_TRENDING_UP|SETUP=M10_ORIGINATED_CANDIDATE|GRADE=B|SESSION=ASIA|BIAS=OPPOSED|BOS=OPPOSED|LOC=LOCATION_RESET_PENDING|EXH=EXHAUSTION_MODERATE|TIM=TIMING_WAIT_PULLBACK|HTF=HTF_TRANSITIONING|STRUCT=STRUCTURE_OPPOSES|PRESS=PRESSURE_TRANSITIONING|ACTION=TRANSITION_WATCH,4617.24,0.82,4631.49,14.24696,1168.25,20.0,0.04332,ANP_NONE,1,1,LOCATION_RESET_PENDING,EXHAUSTION_MODERATE,TIMING_WAIT_PULLBACK,HTF_TRANSITIONING,STRUCTURE_OPPOSES,PRESSURE_TRANSITIONING,TRANSITION_WATCH,4631.56,-1174.24,262.4,-1167.68,0.22460945859191095,-1.0051273271988017,APLUS_GIVEBACK_LOSS,BROKER_SL | bestFloating=262.40 shieldArmed=N,LOSS,v6.25.24,v62524-replay-consolidated-root-repair-20260722,V62524_M10_90D_20260422_20260721_RUN1,ENTRY_DATA_PRESENT
36,2026-05-01 09:42:30,2026-05-01 10:51:56,TRAIN_60D,CORE,16,CORE|BAR=1777627800|GEN=960,XAUUSD,SELL,M10_ORIGINATED_CANDIDATE,A,0,LDN,9,TB2|ROLE=CORE|EXEC=SELL|DECISION=SELL|ORIG=SELL|INV=N|REGIME=REGIME_TRENDING_UP|SETUP=M10_ORIGINATED_CANDIDATE|GRADE=A|SESSION=LDN|BIAS=OPPOSED|BOS=ALIGNED|LOC=LOCATION_RESET_PENDING|EXH=EXHAUSTION_HIGH|TIM=TIMING_WAIT_PULLBACK|HTF=HTF_TRANSITIONING|STRUCT=STRUCTURE_SUPPORTS|PRESS=PRESSURE_TRANSITIONING|ACTION=TRANSITION_WATCH,4592.31,0.35,4622.01,29.6991,1039.47,17.0,0.02934,ANP_NONE,1,-1,LOCATION_RESET_PENDING,EXHAUSTION_HIGH,TIMING_WAIT_PULLBACK,HTF_TRANSITIONING,STRUCTURE_SUPPORTS,PRESSURE_TRANSITIONING,TRANSITION_WATCH,4581.4,381.85,380.8,-207.55,0.3663405389284924,0.3673506690909791,WIN,SL_MOD:BASKET_050R_RESTORE_ORIGINAL_SL | sl=4623.23 | spread=17 avgSpread=17.7 | trade=M10_ORIGINATED_CANDIDATE [A] | EA_MARKET_CLOSE | EA_MARKET_CLOSE | bestFloating=380.80 shieldArmed=N,WIN,v6.25.24,v62524-replay-consolidated-root-repair-20260722,V62524_M10_90D_20260422_20260721_RUN1,ENTRY_DATA_PRESENT
37,2026-05-01 10:22:50,2026-05-01 10:51:56,TRAIN_60D,PYRAMID,16,CAMP-16|SELL|ADD1|BAR1777630200,XAUUSD,SELL,PYRAMID_TWO_GATE,PYRAMID,0,FIX,10,TB2|ROLE=PYRAMID|DIR=SELL|REGIME=TREND_UP|SESSION=FIX|ADD=1|TIM=TIMING_READY|MOVE=MOVE_065_109|EXH=EXH_HIGH|HTF=HTF_NEUTRAL|STRUCT=STRUCTURE_STRONGLY_SUPPORTS|PRESS=SELL_PRESSURE_MODERATE,4586.33,0.28,4623.23,36.8958,1033.08,17.0,0.02876,ANP_NONE,0,-1,LOCATION_GOOD,EXH_HIGH,TIMING_READY,HTF_NEUTRAL,STRUCTURE_STRONGLY_SUPPORTS,SELL_PRESSURE_MODERATE,PYRAMID_TIMING_PLUS_EXHAUSTION_APPROVED,4581.4,138.04,137.2,-197.68,0.13280675262322375,0.13361985519030473,WIN,SL_MOD:BASKET_050R_RESTORE_ORIGINAL_SL | sl=4623.23 | spread=17 avgSpread=17.7 | trade=M10_ORIGINATED_CANDIDATE [A] | EA_MARKET_CLOSE | bestFloating=137.20 shieldArmed=N,WIN,v6.25.24,v62524-replay-consolidated-root-repair-20260722,V62524_M10_90D_20260422_20260721_RUN1,ENTRY_DATA_PRESENT
40,2026-05-01 11:12:33,2026-05-01 11:42:32,TRAIN_60D,CORE,17,CORE|BAR=1777633200|GEN=969,XAUUSD,SELL,M10_ORIGINATED_CANDIDATE,B,0,LDN,11,TB2|ROLE=CORE|EXEC=SELL|DECISION=SELL|ORIG=SELL|INV=N|REGIME=REGIME_TRENDING_UP|SETUP=M10_ORIGINATED_CANDIDATE|GRADE=B|SESSION=LDN|BIAS=OPPOSED|BOS=ALIGNED|LOC=LOCATION_GOOD|EXH=EXHAUSTION_MODERATE|TIM=TIMING_READY|HTF=HTF_NEUTRAL|STRUCT=STRUCTURE_SUPPORTS|PRESS=SELL_PRESSURE_STRONG|ACTION=ALLOW_CORE,4576.71,0.41,4603.59,26.87811,1102.0,17.0,0.02456,ANP_NONE,1,-1,LOCATION_GOOD,EXHAUSTION_MODERATE,TIMING_READY,HTF_NEUTRAL,STRUCTURE_SUPPORTS,SELL_PRESSURE_STRONG,ALLOW_CORE,4570.59,250.92,427.63,-18.04,0.38804900181488206,0.2276950998185118,WIN,PROFIT_CLOSE | EA_MARKET_CLOSE | bestFloating=427.63 shieldArmed=N,WIN,v6.25.24,v62524-replay-consolidated-root-repair-20260722,V62524_M10_90D_20260422_20260721_RUN1,ENTRY_DATA_PRESENT
42,2026-05-04 03:02:33,2026-05-04 03:37:07,TRAIN_60D,CORE,18,CORE|BAR=1777863000|GEN=1034,XAUUSD,SELL,TREND_PULLBACK,B,0,ASIA,3,TB2|ROLE=CORE|EXEC=SELL|DECISION=SELL|ORIG=SELL|INV=N|REGIME=REGIME_TRENDING_UP|SETUP=TREND_PULLBACK|GRADE=B|SESSION=ASIA|BIAS=OPPOSED|BOS=ALIGNED|LOC=LOCATION_LATE|EXH=EXHAUSTION_HIGH|TIM=TIMING_WAIT_PULLBACK|HTF=HTF_TRANSITIONING|STRUCT=STRUCTURE_STRONGLY_SUPPORTS|PRESS=PRESSURE_TRANSITIONING|ACTION=TRANSITION_WATCH,4607.34,0.77,4622.06,14.7213,1133.54,21.0,0.03006,ANP_NONE,1,-1,LOCATION_LATE,EXHAUSTION_HIGH,TIMING_WAIT_PULLBACK,HTF_TRANSITIONING,STRUCTURE_STRONGLY_SUPPORTS,PRESSURE_TRANSITIONING,TRANSITION_WATCH,4607.21,10.01,399.63,-725.34,0.35255041727684955,0.008830742629285248,WEAK_RECOVERY_WIN,PROFIT_CLOSE | EA_MARKET_CLOSE | bestFloating=399.63 shieldArmed=N,WIN,v6.25.24,v62524-replay-consolidated-root-repair-20260722,V62524_M10_90D_20260422_20260721_RUN1,ENTRY_DATA_PRESENT
44,2026-05-05 03:42:33,2026-05-05 03:54:40,TRAIN_60D,CORE,19,CORE|BAR=1777951800|GEN=1170,XAUUSD,BUY,M10_ORIGINATED_CANDIDATE,B,1,ASIA,3,TB2|ROLE=CORE|EXEC=BUY|DECISION=BUY|ORIG=BUY|INV=N|REGIME=REGIME_TRENDING_DOWN|SETUP=M10_ORIGINATED_CANDIDATE|GRADE=B|SESSION=ASIA|BIAS=OPPOSED|BOS=OPPOSED|LOC=LOCATION_RESET_PENDING|EXH=EXHAUSTION_RESET_CONFIRMED|TIM=TIMING_WAIT_RECLAIM|HTF=HTF_TRANSITIONING|STRUCT=STRUCTURE_OPPOSES|PRESS=PRESSURE_TRANSITIONING|ACTION=TRANSITION_WATCH,4520.51,1.25,4511.45,9.05893,1132.36,22.0,0.05163,ANP_NONE,-1,-1,LOCATION_RESET_PENDING,EXHAUSTION_RESET_CONFIRMED,TIMING_WAIT_RECLAIM,HTF_TRANSITIONING,STRUCTURE_OPPOSES,PRESSURE_TRANSITIONING,TRANSITION_WATCH,4529.21,1087.5,1132.5,-40.0,1.000123635592921,0.9603836235826063,WIN,SL_MOD:GENERAL_10M_EXTENSION_RESTORE_ORIGINAL_SL | sl=4511.45 | spread=21 avgSpread=19.3 | trade=M10_ORIGINATED_CANDIDATE [B] | EA_MARKET_CLOSE | bestFloating=1132.50 shieldArmed=N,WIN,v6.25.24,v62524-replay-consolidated-root-repair-20260722,V62524_M10_90D_20260422_20260721_RUN1,ENTRY_DATA_PRESENT
46,2026-05-06 18:52:30,2026-05-06 19:10:36,TRAIN_60D,CORE,20,CORE|BAR=1778092800|GEN=1393,XAUUSD,SELL,M10_ORIGINATED_CANDIDATE,A,0,LATE,18,TB2|ROLE=CORE|EXEC=SELL|DECISION=SELL|ORIG=SELL|INV=N|REGIME=REGIME_TRENDING_UP|SETUP=M10_ORIGINATED_CANDIDATE|GRADE=A|SESSION=LATE|BIAS=OPPOSED|BOS=OPPOSED|LOC=LOCATION_RESET_PENDING|EXH=EXHAUSTION_RESET_CONFIRMED|TIM=TIMING_WAIT_CONFIRMATION|HTF=HTF_TRANSITIONING|STRUCT=STRUCTURE_OPPOSES|PRESS=PRESSURE_TRANSITIONING|ACTION=TRANSITION_WATCH,4691.49,0.78,4707.32,15.83499,1235.13,17.0,0.01776,ANP_NONE,1,1,LOCATION_RESET_PENDING,EXHAUSTION_RESET_CONFIRMED,TIMING_WAIT_CONFIRMATION,HTF_TRANSITIONING,STRUCTURE_OPPOSES,PRESSURE_TRANSITIONING,TRANSITION_WATCH,4685.19,491.4,783.9,-203.58,0.634670034733186,0.3978528575939374,WIN,SL_MOD:GENERAL_10M_EXTENSION_RESTORE_ORIGINAL_SL | sl=4707.32 | spread=16 avgSpread=11.9 | trade=M10_ORIGINATED_CANDIDATE [A] | EA_MARKET_CLOSE | bestFloating=783.90 shieldArmed=N,WIN,v6.25.24,v62524-replay-consolidated-root-repair-20260722,V62524_M10_90D_20260422_20260721_RUN1,ENTRY_DATA_PRESENT
48,2026-05-07 07:12:30,2026-05-07 07:45:26,TRAIN_60D,CORE,21,CORE|BAR=1778137200|GEN=1455,XAUUSD,SELL,M10_ORIGINATED_CANDIDATE,B,0,LDN,7,TB2|ROLE=CORE|EXEC=SELL|DECISION=SELL|ORIG=SELL|INV=N|REGIME=REGIME_TRENDING_UP|SETUP=M10_ORIGINATED_CANDIDATE|GRADE=B|SESSION=LDN|BIAS=OPPOSED|BOS=OPPOSED|LOC=LOCATION_RESET_PENDING|EXH=EXHAUSTION_RESET_CONFIRMED|TIM=TIMING_WAIT_CONFIRMATION|HTF=HTF_TRANSITIONING|STRUCT=STRUCTURE_OPPOSES|PRESS=PRESSURE_TRANSITIONING|ACTION=TRANSITION_WATCH,4697.9,1.37,4707.27,9.37303,1284.1,21.0,0.03885,ANP_NONE,1,1,LOCATION_RESET_PENDING,EXHAUSTION_RESET_CONFIRMED,TIMING_WAIT_CONFIRMATION,HTF_TRANSITIONING,STRUCTURE_OPPOSES,PRESSURE_TRANSITIONING,TRANSITION_WATCH,4697.72,24.66,731.58,-191.8,0.569721984269138,0.019204111829296787,WEAK_RECOVERY_WIN,SL_MOD:GENERAL_10M_EXTENSION_RESTORE_ORIGINAL_SL | sl=4707.27 | spread=21 avgSpread=19.1 | trade=M10_ORIGINATED_CANDIDATE [B] | EA_MARKET_CLOSE | bestFloating=731.58 shieldArmed=N,WIN,v6.25.24,v62524-replay-consolidated-root-repair-20260722,V62524_M10_90D_20260422_20260721_RUN1,ENTRY_DATA_PRESENT
50,2026-05-07 12:02:33,2026-05-07 17:50:51,TRAIN_60D,CORE,22,CORE|BAR=1778154600|GEN=1484,XAUUSD,SELL,TREND_PULLBACK,B,0,LDN,12,TB2|ROLE=CORE|EXEC=SELL|DECISION=SELL|ORIG=SELL|INV=N|REGIME=REGIME_TRENDING_UP|SETUP=TREND_PULLBACK|GRADE=B|SESSION=LDN|BIAS=OPPOSED|BOS=OPPOSED|LOC=LOCATION_RESET_PENDING|EXH=EXHAUSTION_RESET_CONFIRMED|TIM=TIMING_WAIT_CONFIRMATION|HTF=HTF_TRANSITIONING|STRUCT=STRUCTURE_OPPOSES|PRESS=PRESSURE_TRANSITIONING|ACTION=TRANSITION_WATCH,4725.98,0.37,4760.47,34.49027,1276.14,17.0,0.02053,ANP_NONE,1,1,LOCATION_RESET_PENDING,EXHAUSTION_RESET_CONFIRMED,TIMING_WAIT_CONFIRMATION,HTF_TRANSITIONING,STRUCTURE_OPPOSES,PRESSURE_TRANSITIONING,TRANSITION_WATCH,4760.58,-1280.2,148.0,-1260.22,0.1159747363141975,-1.0031814691178083,LOSS,BROKER_SL | bestFloating=148.00 shieldArmed=N,LOSS,v6.25.24,v62524-replay-consolidated-root-repair-20260722,V62524_M10_90D_20260422_20260721_RUN1,ENTRY_DATA_PRESENT
52,2026-05-08 03:02:30,2026-05-08 04:11:59,TRAIN_60D,CORE,23,CORE|BAR=1778208600|GEN=1562,XAUUSD,BUY,TREND_PULLBACK,A+,0,ASIA,3,TB2|ROLE=CORE|EXEC=BUY|DECISION=BUY|ORIG=BUY|INV=N|REGIME=REGIME_TRENDING_UP|SETUP=TREND_PULLBACK|GRADE=A+|SESSION=ASIA|BIAS=ALIGNED|BOS=ALIGNED|LOC=LOCATION_RESET_PENDING|EXH=EXHAUSTION_RESET_CONFIRMED|TIM=TIMING_WAIT_CONFIRMATION|HTF=HTF_TRANSITIONING|STRUCT=STRUCTURE_SUPPORTS|PRESS=PRESSURE_TRANSITIONING|ACTION=TRANSITION_WATCH,4702.93,0.43,4676.22,26.71097,1148.57,21.0,0.02627,ANP_NONE,1,1,LOCATION_RESET_PENDING,EXHAUSTION_RESET_CONFIRMED,TIMING_WAIT_CONFIRMATION,HTF_TRANSITIONING,STRUCTURE_SUPPORTS,PRESSURE_TRANSITIONING,TRANSITION_WATCH,4716.55,585.66,702.62,-386.57,0.6117345917096912,0.5099036192831086,WIN,SL_MOD:GENERAL_10M_EXTENSION_RESTORE_ORIGINAL_SL | sl=4676.22 | spread=21 avgSpread=19.9 | trade=TREND_PULLBACK [A+] | EA_MARKET_CLOSE | bestFloating=702.62 shieldArmed=N,WIN,v6.25.24,v62524-replay-consolidated-root-repair-20260722,V62524_M10_90D_20260422_20260721_RUN1,ENTRY_DATA_PRESENT
54,2026-05-08 04:42:33,2026-05-08 05:00:09,TRAIN_60D,CORE,24,CORE|BAR=1778214600|GEN=1572,XAUUSD,BUY,TREND_PULLBACK,A+,0,ASIA,4,TB2|ROLE=CORE|EXEC=BUY|DECISION=BUY|ORIG=BUY|INV=N|REGIME=REGIME_TRENDING_UP|SETUP=TREND_PULLBACK|GRADE=A+|SESSION=ASIA|BIAS=ALIGNED|BOS=ALIGNED|LOC=LOCATION_RESET_PENDING|EXH=EXHAUSTION_RESET_CONFIRMED|TIM=TIMING_WAIT_CONFIRMATION|HTF=HTF_TRANSITIONING|STRUCT=STRUCTURE_STRONGLY_SUPPORTS|PRESS=PRESSURE_TRANSITIONING|ACTION=TRANSITION_WATCH,4707.39,0.87,4693.39,13.99989,1217.99,21.0,0.02448,ANP_NONE,1,1,LOCATION_RESET_PENDING,EXHAUSTION_RESET_CONFIRMED,TIMING_WAIT_CONFIRMATION,HTF_TRANSITIONING,STRUCTURE_STRONGLY_SUPPORTS,PRESSURE_TRANSITIONING,TRANSITION_WATCH,4722.55,1318.92,1568.61,-37.41,1.287867716483715,1.0828660333828686,WIN,SL_MOD:GENERAL_10M_EXTENSION_RESTORE_ORIGINAL_SL | sl=4693.39 | spread=17 avgSpread=19.4 | trade=TREND_PULLBACK [A+] | EA_MARKET_CLOSE | bestFloating=1568.61 shieldArmed=N,WIN,v6.25.24,v62524-replay-consolidated-root-repair-20260722,V62524_M10_90D_20260422_20260721_RUN1,ENTRY_DATA_PRESENT
56,2026-05-08 07:42:33,2026-05-08 08:32:43,TRAIN_60D,CORE,25,CORE|BAR=1778225400|GEN=1590,XAUUSD,SELL,M10_ORIGINATED_CANDIDATE,B,0,LDN,7,TB2|ROLE=CORE|EXEC=SELL|DECISION=SELL|ORIG=SELL|INV=N|REGIME=REGIME_TRENDING_UP|SETUP=M10_ORIGINATED_CANDIDATE|GRADE=B|SESSION=LDN|BIAS=OPPOSED|BOS=OPPOSED|LOC=LOCATION_GOOD|EXH=EXHAUSTION_MODERATE|TIM=TIMING_READY|HTF=HTF_NEUTRAL|STRUCT=STRUCTURE_OPPOSES|PRESS=SELL_PRESSURE_STRONG|ACTION=ALLOW_CORE,4711.2,0.86,4726.88,15.68074,1348.54,21.0,0.03159,ANP_NONE,1,1,LOCATION_GOOD,EXHAUSTION_MODERATE,TIMING_READY,HTF_NEUTRAL,STRUCTURE_OPPOSES,SELL_PRESSURE_STRONG,ALLOW_CORE,4726.88,-1348.48,168.56,-1347.62,0.12499443842970917,-0.9999555074376734,LOSS,BROKER_SL | bestFloating=168.56 shieldArmed=N,LOSS,v6.25.24,v62524-replay-consolidated-root-repair-20260722,V62524_M10_90D_20260422_20260721_RUN1,ENTRY_DATA_PRESENT
58,2026-05-08 08:42:33,2026-05-08 09:03:43,TRAIN_60D,CORE,26,CORE|BAR=1778229000|GEN=1596,XAUUSD,BUY,TREND_PULLBACK,A+,0,LDN,8,TB2|ROLE=CORE|EXEC=BUY|DECISION=BUY|ORIG=BUY|INV=N|REGIME=REGIME_TRENDING_UP|SETUP=TREND_PULLBACK|GRADE=A+|SESSION=LDN|BIAS=ALIGNED|BOS=ALIGNED|LOC=LOCATION_RESET_PENDING|EXH=EXHAUSTION_HIGH|TIM=TIMING_WAIT_CONFIRMATION|HTF=HTF_TRANSITIONING|STRUCT=STRUCTURE_STRONGLY_SUPPORTS|PRESS=PRESSURE_TRANSITIONING|ACTION=TRANSITION_WATCH,4724.12,0.66,4705.73,18.38794,1213.6,16.0,0.02628,ANP_NONE,1,1,LOCATION_RESET_PENDING,EXHAUSTION_HIGH,TIMING_WAIT_CONFIRMATION,HTF_TRANSITIONING,STRUCTURE_STRONGLY_SUPPORTS,PRESSURE_TRANSITIONING,TRANSITION_WATCH,4724.64,34.32,477.84,-755.7,0.3937376400791035,0.02827949901120633,WEAK_RECOVERY_WIN,PROFIT_CLOSE | EA_MARKET_CLOSE | bestFloating=477.84 shieldArmed=N,WIN,v6.25.24,v62524-replay-consolidated-root-repair-20260722,V62524_M10_90D_20260422_20260721_RUN1,ENTRY_DATA_PRESENT
60,2026-05-11 04:32:33,2026-05-11 08:43:20,TRAIN_60D,CORE,27,CORE|BAR=1778473200|GEN=1685,XAUUSD,BUY,M10_ORIGINATED_CANDIDATE,B,1,ASIA,4,TB2|ROLE=CORE|EXEC=BUY|DECISION=BUY|ORIG=BUY|INV=N|REGIME=REGIME_TRENDING_DOWN|SETUP=M10_ORIGINATED_CANDIDATE|GRADE=B|SESSION=ASIA|BIAS=OPPOSED|BOS=OPPOSED|LOC=LOCATION_RESET_PENDING|EXH=EXHAUSTION_RESET_CONFIRMED|TIM=TIMING_WAIT_CONFIRMATION|HTF=HTF_TRANSITIONING|STRUCT=STRUCTURE_OPPOSES|PRESS=PRESSURE_TRANSITIONING|ACTION=TRANSITION_WATCH,4696.1,0.37,4663.22,32.87687,1216.45,21.0,0.0201,ANP_NONE,-1,-1,LOCATION_RESET_PENDING,EXHAUSTION_RESET_CONFIRMED,TIMING_WAIT_CONFIRMATION,HTF_TRANSITIONING,STRUCTURE_OPPOSES,PRESSURE_TRANSITIONING,TRANSITION_WATCH,4663.21,-1216.93,211.27,-1216.19,0.17367750421307904,-1.000394590817543,APLUS_GIVEBACK_LOSS,BROKER_SL | bestFloating=211.27 shieldArmed=N,LOSS,v6.25.24,v62524-replay-consolidated-root-repair-20260722,V62524_M10_90D_20260422_20260721_RUN1,ENTRY_DATA_PRESENT
62,2026-05-12 04:32:33,2026-05-12 04:53:01,TRAIN_60D,CORE,28,CORE|BAR=1778559600|GEN=1817,XAUUSD,SELL,TREND_PULLBACK,B,0,ASIA,4,TB2|ROLE=CORE|EXEC=SELL|DECISION=SELL|ORIG=SELL|INV=N|REGIME=REGIME_TRENDING_UP|SETUP=TREND_PULLBACK|GRADE=B|SESSION=ASIA|BIAS=OPPOSED|BOS=OPPOSED|LOC=LOCATION_RESET_PENDING|EXH=EXHAUSTION_MODERATE|TIM=TIMING_WAIT_PULLBACK|HTF=HTF_TRANSITIONING|STRUCT=STRUCTURE_OPPOSES|PRESS=PRESSURE_TRANSITIONING|ACTION=TRANSITION_WATCH,4738.43,0.25,4782.16,43.73336,1093.34,21.0,0.02166,ANP_NONE,1,1,LOCATION_RESET_PENDING,EXHAUSTION_MODERATE,TIMING_WAIT_PULLBACK,HTF_TRANSITIONING,STRUCTURE_OPPOSES,PRESSURE_TRANSITIONING,TRANSITION_WATCH,4729.12,232.75,448.5,-13.0,0.41021091334808935,0.21287979951341762,WIN,SL_MOD:GENERAL_10M_EXTENSION_RESTORE_ORIGINAL_SL | sl=4782.16 | spread=21 avgSpread=18.5 | trade=TREND_PULLBACK [B] | EA_MARKET_CLOSE | bestFloating=448.50 shieldArmed=N,WIN,v6.25.24,v62524-replay-consolidated-root-repair-20260722,V62524_M10_90D_20260422_20260721_RUN1,ENTRY_DATA_PRESENT
64,2026-05-12 20:32:30,2026-05-12 21:40:00,TRAIN_60D,CORE,29,CORE|BAR=1778617200|GEN=1913,XAUUSD,BUY,TREND_PULLBACK,A,1,LATE,20,TB2|ROLE=CORE|EXEC=BUY|DECISION=BUY|ORIG=BUY|INV=N|REGIME=REGIME_TRENDING_DOWN|SETUP=TREND_PULLBACK|GRADE=A|SESSION=LATE|BIAS=OPPOSED|BOS=OPPOSED|LOC=LOCATION_RESET_PENDING|EXH=EXHAUSTION_RESET_CONFIRMED|TIM=TIMING_WAIT_CONFIRMATION|HTF=HTF_TRANSITIONING|STRUCT=STRUCTURE_OPPOSES|PRESS=PRESSURE_TRANSITIONING|ACTION=TRANSITION_WATCH,4678.67,0.63,4660.89,17.77543,1119.85,17.0,0.02003,ANP_NONE,-1,-1,LOCATION_RESET_PENDING,EXHAUSTION_RESET_CONFIRMED,TIMING_WAIT_CONFIRMATION,HTF_TRANSITIONING,STRUCTURE_OPPOSES,PRESSURE_TRANSITIONING,TRANSITION_WATCH,4691.32,796.95,909.09,-156.24,0.8117962227083986,0.7116578113140154,WIN,SL_MOD:GENERAL_10M_EXTENSION_RESTORE_ORIGINAL_SL | sl=4660.89 | spread=4 avgSpread=10.6 | trade=TREND_PULLBACK [A] | EA_MARKET_CLOSE | bestFloating=909.09 shieldArmed=N,WIN,v6.25.24,v62524-replay-consolidated-root-repair-20260722,V62524_M10_90D_20260422_20260721_RUN1,ENTRY_DATA_PRESENT
66,2026-05-14 01:22:34,2026-05-14 01:54:54,TRAIN_60D,CORE,30,CORE|BAR=1778721000|GEN=2062,XAUUSD,BUY,TREND_PULLBACK,B,1,ASIA,1,TB2|ROLE=CORE|EXEC=BUY|DECISION=BUY|ORIG=BUY|INV=N|REGIME=REGIME_TRENDING_DOWN|SETUP=TREND_PULLBACK|GRADE=B|SESSION=ASIA|BIAS=OPPOSED|BOS=ALIGNED|LOC=LOCATION_RESET_PENDING|EXH=EXHAUSTION_MODERATE|TIM=TIMING_WAIT_PULLBACK|HTF=HTF_TRANSITIONING|STRUCT=STRUCTURE_SUPPORTS|PRESS=PRESSURE_TRANSITIONING|ACTION=TRANSITION_WATCH,4694.6,0.86,4680.65,13.95446,1200.09,25.0,0.04471,ANP_NONE,-1,1,LOCATION_RESET_PENDING,EXHAUSTION_MODERATE,TIMING_WAIT_PULLBACK,HTF_TRANSITIONING,STRUCTURE_SUPPORTS,PRESSURE_TRANSITIONING,TRANSITION_WATCH,4700.11,473.86,516.0,-26.66,0.42996775241856866,0.39485371930438556,WIN,SL_MOD:GENERAL_10M_EXTENSION_RESTORE_ORIGINAL_SL | sl=4680.65 | spread=25 avgSpread=21.6 | trade=TREND_PULLBACK [B] | EA_MARKET_CLOSE | bestFloating=516.00 shieldArmed=N,WIN,v6.25.24,v62524-replay-consolidated-root-repair-20260722,V62524_M10_90D_20260422_20260721_RUN1,ENTRY_DATA_PRESENT
68,2026-05-14 02:42:34,2026-05-14 03:29:06,TRAIN_60D,CORE,31,CORE|BAR=1778725800|GEN=2070,XAUUSD,BUY,TREND_PULLBACK,A,1,ASIA,2,TB2|ROLE=CORE|EXEC=BUY|DECISION=BUY|ORIG=BUY|INV=N|REGIME=REGIME_TRENDING_DOWN|SETUP=TREND_PULLBACK|GRADE=A|SESSION=ASIA|BIAS=OPPOSED|BOS=ALIGNED|LOC=LOCATION_EXCELLENT|EXH=EXHAUSTION_MODERATE|TIM=TIMING_READY|HTF=HTF_NEUTRAL|STRUCT=STRUCTURE_STRONGLY_SUPPORTS|PRESS=PRESSURE_BALANCED|ACTION=ALLOW_CORE,4696.91,1.21,4686.61,10.30423,1246.81,4.0,0.0104,ANP_NONE,-1,1,LOCATION_EXCELLENT,EXHAUSTION_MODERATE,TIMING_READY,HTF_NEUTRAL,STRUCTURE_STRONGLY_SUPPORTS,PRESSURE_BALANCED,ALLOW_CORE,4699.73,341.22,1029.71,-901.45,0.8258756346195492,0.27367441711247104,WEAK_RECOVERY_WIN,SL_MOD:GENERAL_10M_EXTENSION_RESTORE_ORIGINAL_SL | sl=4686.61 | spread=11 avgSpread=19.7 | trade=TREND_PULLBACK [A] | EA_MARKET_CLOSE | bestFloating=1029.71 shieldArmed=N,WIN,v6.25.24,v62524-replay-consolidated-root-repair-20260722,V62524_M10_90D_20260422_20260721_RUN1,ENTRY_DATA_PRESENT
70,2026-05-15 14:12:30,2026-05-15 15:42:48,TRAIN_60D,CORE,32,CORE|BAR=1778853600|GEN=2271,XAUUSD,BUY,M10_ORIGINATED_CANDIDATE,B,1,NY,14,TB2|ROLE=CORE|EXEC=BUY|DECISION=BUY|ORIG=BUY|INV=N|REGIME=REGIME_TRENDING_DOWN|SETUP=M10_ORIGINATED_CANDIDATE|GRADE=B|SESSION=NY|BIAS=OPPOSED|BOS=OPPOSED|LOC=LOCATION_RESET_PENDING|EXH=EXHAUSTION_RESET_CONFIRMED|TIM=TIMING_WAIT_CONFIRMATION|HTF=HTF_TRANSITIONING|STRUCT=STRUCTURE_OPPOSES|PRESS=PRESSURE_TRANSITIONING|ACTION=TRANSITION_WATCH,4568.46,0.52,4543.85,24.60574,1279.5,12.0,0.01026,ANP_NONE,-1,-1,LOCATION_RESET_PENDING,EXHAUSTION_RESET_CONFIRMED,TIMING_WAIT_CONFIRMATION,HTF_TRANSITIONING,STRUCTURE_OPPOSES,PRESSURE_TRANSITIONING,TRANSITION_WATCH,4543.84,-1280.24,11.44,-1279.2,0.008940992575224696,-1.0005783509183275,LOSS,BROKER_SL | bestFloating=11.44 shieldArmed=N,LOSS,v6.25.24,v62524-replay-consolidated-root-repair-20260722,V62524_M10_90D_20260422_20260721_RUN1,ENTRY_DATA_PRESENT
72,2026-05-15 15:52:33,2026-05-15 16:01:18,TRAIN_60D,CORE,33,CORE|BAR=1778859600|GEN=2281,XAUUSD,BUY,M10_ORIGINATED_CANDIDATE,A,1,NY,15,TB2|ROLE=CORE|EXEC=BUY|DECISION=BUY|ORIG=BUY|INV=N|REGIME=REGIME_TRENDING_DOWN|SETUP=M10_ORIGINATED_CANDIDATE|GRADE=A|SESSION=NY|BIAS=OPPOSED|BOS=OPPOSED|LOC=LOCATION_RESET_PENDING|EXH=EXHAUSTION_RESET_CONFIRMED|TIM=TIMING_WAIT_CONFIRMATION|HTF=HTF_NEUTRAL|STRUCT=STRUCTURE_OPPOSES|PRESS=BUY_PRESSURE_MODERATE|ACTION=OPPOSITE_DISCOVERY,4555.35,0.82,4541.22,14.1252,1158.27,4.0,0.00447,ANP_NONE,-1,-1,LOCATION_RESET_PENDING,EXHAUSTION_RESET_CONFIRMED,TIMING_WAIT_CONFIRMATION,HTF_NEUTRAL,STRUCTURE_OPPOSES,BUY_PRESSURE_MODERATE,OPPOSITE_DISCOVERY,4541.21,-1159.48,18.04,-1153.74,0.015574952299550191,-1.001044661434726,LOSS,BROKER_SL | bestFloating=18.04 shieldArmed=N,LOSS,v6.25.24,v62524-replay-consolidated-root-repair-20260722,V62524_M10_90D_20260422_20260721_RUN1,ENTRY_DATA_PRESENT
74,2026-05-18 03:02:33,2026-05-18 03:21:43,TRAIN_60D,CORE,34,CORE|BAR=1779072600|GEN=2318,XAUUSD,SELL,TREND_PULLBACK,A,1,ASIA,3,TB2|ROLE=CORE|EXEC=SELL|DECISION=SELL|ORIG=SELL|INV=N|REGIME=REGIME_TRENDING_DOWN|SETUP=TREND_PULLBACK|GRADE=A|SESSION=ASIA|BIAS=ALIGNED|BOS=ALIGNED|LOC=LOCATION_LATE|EXH=EXHAUSTION_MODERATE|TIM=TIMING_READY|HTF=HTF_NEUTRAL|STRUCT=STRUCTURE_SUPPORTS|PRESS=SELL_PRESSURE_MODERATE|ACTION=ALLOW_SCALP,4533.24,0.37,4560.91,27.67311,1023.9,21.0,0.01897,ANP_NONE,-1,-1,LOCATION_LATE,EXHAUSTION_MODERATE,TIMING_READY,HTF_NEUTRAL,STRUCTURE_SUPPORTS,SELL_PRESSURE_MODERATE,ALLOW_SCALP,4530.6,97.68,373.7,-247.53,0.3649770485398965,0.0953999414005274,WEAK_RECOVERY_WIN,PROFIT_CLOSE | EA_MARKET_CLOSE | bestFloating=373.70 shieldArmed=N,WIN,v6.25.24,v62524-replay-consolidated-root-repair-20260722,V62524_M10_90D_20260422_20260721_RUN1,ENTRY_DATA_PRESENT
76,2026-05-18 09:02:33,2026-05-18 10:30:52,TRAIN_60D,CORE,35,CORE|BAR=1779094200|GEN=2354,XAUUSD,SELL,TREND_PULLBACK,A+,1,LDN,9,TB2|ROLE=CORE|EXEC=SELL|DECISION=SELL|ORIG=SELL|INV=N|REGIME=REGIME_TRENDING_DOWN|SETUP=TREND_PULLBACK|GRADE=A+|SESSION=LDN|BIAS=ALIGNED|BOS=ALIGNED|LOC=LOCATION_RESET_PENDING|EXH=EXHAUSTION_HIGH|TIM=TIMING_WAIT_PULLBACK|HTF=HTF_TRANSITIONING|STRUCT=STRUCTURE_SUPPORTS|PRESS=PRESSURE_TRANSITIONING|ACTION=TRANSITION_WATCH,4534.6,0.46,4557.38,22.77621,1047.71,14.0,0.01391,ANP_NONE,-1,-1,LOCATION_RESET_PENDING,EXHAUSTION_HIGH,TIMING_WAIT_PULLBACK,HTF_TRANSITIONING,STRUCTURE_SUPPORTS,PRESSURE_TRANSITIONING,TRANSITION_WATCH,4557.46,-1051.56,97.52,-1043.74,0.09307919176107891,-1.0036746809708792,LOSS,BROKER_SL | bestFloating=97.52 shieldArmed=N,LOSS,v6.25.24,v62524-replay-consolidated-root-repair-20260722,V62524_M10_90D_20260422_20260721_RUN1,ENTRY_DATA_PRESENT
78,2026-05-19 09:52:33,2026-05-19 10:18:02,TRAIN_60D,CORE,36,CORE|BAR=1779183600|GEN=2491,XAUUSD,BUY,M10_ORIGINATED_CANDIDATE,A+,1,LDN,9,TB2|ROLE=CORE|EXEC=BUY|DECISION=BUY|ORIG=BUY|INV=N|REGIME=REGIME_TRENDING_DOWN|SETUP=M10_ORIGINATED_CANDIDATE|GRADE=A+|SESSION=LDN|BIAS=OPPOSED|BOS=ALIGNED|LOC=LOCATION_RESET_PENDING|EXH=EXHAUSTION_RESET_CONFIRMED|TIM=TIMING_WAIT_CONFIRMATION|HTF=HTF_TRANSITIONING|STRUCT=STRUCTURE_STRONGLY_SUPPORTS|PRESS=PRESSURE_TRANSITIONING|ACTION=TRANSITION_WATCH,4545.33,0.5,4526.59,18.73599,936.8,17.0,0.02173,ANP_NONE,-1,1,LOCATION_RESET_PENDING,EXHAUSTION_RESET_CONFIRMED,TIMING_WAIT_CONFIRMATION,HTF_TRANSITIONING,STRUCTURE_STRONGLY_SUPPORTS,PRESSURE_TRANSITIONING,TRANSITION_WATCH,4549.19,193.0,498.0,-56.0,0.5315969257045261,0.2060204953031597,WIN,SL_MOD:GENERAL_10M_EXTENSION_RESTORE_ORIGINAL_SL | sl=4526.59 | spread=6 avgSpread=16.3 | trade=M10_ORIGINATED_CANDIDATE [A+] | EA_MARKET_CLOSE | bestFloating=498.00 shieldArmed=N,WIN,v6.25.24,v62524-replay-consolidated-root-repair-20260722,V62524_M10_90D_20260422_20260721_RUN1,ENTRY_DATA_PRESENT
80,2026-05-19 11:02:33,2026-05-19 11:28:26,TRAIN_60D,CORE,37,CORE|BAR=1779187800|GEN=2498,XAUUSD,BUY,TREND_PULLBACK,A,1,LDN,11,TB2|ROLE=CORE|EXEC=BUY|DECISION=BUY|ORIG=BUY|INV=N|REGIME=REGIME_TRENDING_DOWN|SETUP=TREND_PULLBACK|GRADE=A|SESSION=LDN|BIAS=OPPOSED|BOS=ALIGNED|LOC=LOCATION_RESET_PENDING|EXH=EXHAUSTION_RESET_CONFIRMED|TIM=TIMING_READY|HTF=HTF_NEUTRAL|STRUCT=STRUCTURE_SUPPORTS|PRESS=BUY_PRESSURE_STRONG|ACTION=ALLOW_CORE,4553.61,0.59,4537.29,16.31991,962.87,17.0,0.01822,ANP_NONE,-1,1,LOCATION_RESET_PENDING,EXHAUSTION_RESET_CONFIRMED,TIMING_READY,HTF_NEUTRAL,STRUCTURE_SUPPORTS,BUY_PRESSURE_STRONG,ALLOW_CORE,4537.27,-964.06,92.63,-961.7,0.09620197949879007,-1.0012358885415475,LOSS,BROKER_SL | bestFloating=92.63 shieldArmed=N,LOSS,v6.25.24,v62524-replay-consolidated-root-repair-20260722,V62524_M10_90D_20260422_20260721_RUN1,ENTRY_DATA_PRESENT
82,2026-05-20 08:22:33,2026-05-20 08:44:05,TRAIN_60D,CORE,38,CORE|BAR=1779264600|GEN=2614,XAUUSD,BUY,M10_ORIGINATED_CANDIDATE,A,1,LDN,8,TB2|ROLE=CORE|EXEC=BUY|DECISION=BUY|ORIG=BUY|INV=N|REGIME=REGIME_TRENDING_DOWN|SETUP=M10_ORIGINATED_CANDIDATE|GRADE=A|SESSION=LDN|BIAS=OPPOSED|BOS=OPPOSED|LOC=LOCATION_RESET_PENDING|EXH=EXHAUSTION_RESET_CONFIRMED|TIM=TIMING_WAIT_CONFIRMATION|HTF=HTF_TRANSITIONING|STRUCT=STRUCTURE_OPPOSES|PRESS=PRESSURE_TRANSITIONING|ACTION=TRANSITION_WATCH,4472.43,0.43,4452.19,20.23911,870.28,17.0,0.0237,ANP_NONE,-1,-1,LOCATION_RESET_PENDING,EXHAUSTION_RESET_CONFIRMED,TIMING_WAIT_CONFIRMATION,HTF_TRANSITIONING,STRUCTURE_OPPOSES,PRESSURE_TRANSITIONING,TRANSITION_WATCH,4473.91,63.64,291.54,-230.48,0.3349956335891897,0.07312589051799422,WEAK_RECOVERY_WIN,PROFIT_CLOSE | EA_MARKET_CLOSE | bestFloating=291.54 shieldArmed=N,WIN,v6.25.24,v62524-replay-consolidated-root-repair-20260722,V62524_M10_90D_20260422_20260721_RUN1,ENTRY_DATA_PRESENT
84,2026-05-20 09:02:33,2026-05-20 09:49:52,TRAIN_60D,CORE,39,CORE|BAR=1779267000|GEN=2618,XAUUSD,BUY,M10_ORIGINATED_CANDIDATE,B,1,LDN,9,TB2|ROLE=CORE|EXEC=BUY|DECISION=BUY|ORIG=BUY|INV=N|REGIME=REGIME_TRENDING_DOWN|SETUP=M10_ORIGINATED_CANDIDATE|GRADE=B|SESSION=LDN|BIAS=OPPOSED|BOS=OPPOSED|LOC=LOCATION_RESET_PENDING|EXH=EXHAUSTION_RESET_CONFIRMED|TIM=TIMING_WAIT_RECLAIM|HTF=HTF_NEUTRAL|STRUCT=STRUCTURE_OPPOSES|PRESS=BUY_PRESSURE_STRONG|ACTION=OPPOSITE_DISCOVERY,4473.84,0.62,4459.78,14.06019,871.73,17.0,0.02149,ANP_NONE,-1,-1,LOCATION_RESET_PENDING,EXHAUSTION_RESET_CONFIRMED,TIMING_WAIT_RECLAIM,HTF_NEUTRAL,STRUCTURE_OPPOSES,BUY_PRESSURE_STRONG,OPPOSITE_DISCOVERY,4474.66,50.84,288.92,-771.9,0.3314328978009246,0.05832081034265197,WEAK_RECOVERY_WIN,PROFIT_CLOSE | EA_MARKET_CLOSE | bestFloating=288.92 shieldArmed=N,WIN,v6.25.24,v62524-replay-consolidated-root-repair-20260722,V62524_M10_90D_20260422_20260721_RUN1,ENTRY_DATA_PRESENT
86,2026-05-20 10:02:33,2026-05-20 10:23:01,TRAIN_60D,CORE,40,CORE|BAR=1779270600|GEN=2624,XAUUSD,BUY,M10_ORIGINATED_CANDIDATE,B,1,LDN,10,TB2|ROLE=CORE|EXEC=BUY|DECISION=BUY|ORIG=BUY|INV=N|REGIME=REGIME_TRENDING_DOWN|SETUP=M10_ORIGINATED_CANDIDATE|GRADE=B|SESSION=LDN|BIAS=OPPOSED|BOS=OPPOSED|LOC=LOCATION_RESET_PENDING|EXH=EXHAUSTION_RESET_CONFIRMED|TIM=TIMING_WAIT_CONFIRMATION|HTF=HTF_NEUTRAL|STRUCT=STRUCTURE_OPPOSES|PRESS=BUY_PRESSURE_STRONG|ACTION=OPPOSITE_DISCOVERY,4478.41,0.39,4456.28,22.13336,863.2,17.0,0.0179,ANP_NONE,-1,-1,LOCATION_RESET_PENDING,EXHAUSTION_RESET_CONFIRMED,TIMING_WAIT_CONFIRMATION,HTF_NEUTRAL,STRUCTURE_OPPOSES,BUY_PRESSURE_STRONG,OPPOSITE_DISCOVERY,4478.51,3.9,267.15,-118.56,0.3094879518072289,0.004518072289156626,WEAK_RECOVERY_WIN,PROFIT_CLOSE | EA_MARKET_CLOSE | bestFloating=267.15 shieldArmed=N,WIN,v6.25.24,v62524-replay-consolidated-root-repair-20260722,V62524_M10_90D_20260422_20260721_RUN1,ENTRY_DATA_PRESENT
88,2026-05-21 05:52:33,2026-05-21 08:40:57,TRAIN_60D,CORE,41,CORE|BAR=1779342000|GEN=2731,XAUUSD,SELL,TREND_PULLBACK,B,0,ASIA,5,TB2|ROLE=CORE|EXEC=SELL|DECISION=SELL|ORIG=SELL|INV=N|REGIME=REGIME_TRENDING_UP|SETUP=TREND_PULLBACK|GRADE=B|SESSION=ASIA|BIAS=OPPOSED|BOS=OPPOSED|LOC=LOCATION_RESET_PENDING|EXH=EXHAUSTION_LOW|TIM=TIMING_WAIT_PULLBACK|HTF=HTF_TRANSITIONING|STRUCT=STRUCTURE_OPPOSES|PRESS=PRESSURE_TRANSITIONING|ACTION=TRANSITION_WATCH,4533.93,0.19,4579.79,45.85727,871.29,21.0,0.02615,ANP_NONE,1,1,LOCATION_RESET_PENDING,EXHAUSTION_LOW,TIMING_WAIT_PULLBACK,HTF_TRANSITIONING,STRUCTURE_OPPOSES,PRESSURE_TRANSITIONING,TRANSITION_WATCH,4526.09,148.96,289.94,-129.39,0.33277094882300956,0.17096489113842694,WIN,PROFIT_CLOSE | EA_MARKET_CLOSE | bestFloating=289.94 shieldArmed=N,WIN,v6.25.24,v62524-replay-consolidated-root-repair-20260722,V62524_M10_90D_20260422_20260721_RUN1,ENTRY_DATA_PRESENT
90,2026-05-22 04:32:33,2026-05-22 04:59:01,TRAIN_60D,CORE,42,CORE|BAR=1779423600|GEN=2855,XAUUSD,SELL,TREND_PULLBACK,B,0,ASIA,4,TB2|ROLE=CORE|EXEC=SELL|DECISION=SELL|ORIG=SELL|INV=N|REGIME=REGIME_TRENDING_UP|SETUP=TREND_PULLBACK|GRADE=B|SESSION=ASIA|BIAS=OPPOSED|BOS=OPPOSED|LOC=LOCATION_RESET_PENDING|EXH=EXHAUSTION_RESET_CONFIRMED|TIM=TIMING_WAIT_CONFIRMATION|HTF=HTF_NEUTRAL|STRUCT=STRUCTURE_OPPOSES|PRESS=SELL_PRESSURE_STRONG|ACTION=OPPOSITE_DISCOVERY,4526.02,0.66,4539.49,13.47133,889.11,21.0,0.03365,ANP_NONE,1,1,LOCATION_RESET_PENDING,EXHAUSTION_RESET_CONFIRMED,TIMING_WAIT_CONFIRMATION,HTF_NEUTRAL,STRUCTURE_OPPOSES,SELL_PRESSURE_STRONG,OPPOSITE_DISCOVERY,4525.79,15.18,312.84,-407.22,0.351857475452981,0.01707325302830921,WEAK_RECOVERY_WIN,PROFIT_CLOSE | EA_MARKET_CLOSE | bestFloating=312.84 shieldArmed=N,WIN,v6.25.24,v62524-replay-consolidated-root-repair-20260722,V62524_M10_90D_20260422_20260721_RUN1,ENTRY_DATA_PRESENT
92,2026-05-25 04:52:33,2026-05-25 05:29:15,TRAIN_60D,CORE,43,CORE|BAR=1779684000|GEN=2971,XAUUSD,SELL,M10_ORIGINATED_CANDIDATE,B,0,ASIA,4,TB2|ROLE=CORE|EXEC=SELL|DECISION=SELL|ORIG=SELL|INV=N|REGIME=REGIME_TRENDING_UP|SETUP=M10_ORIGINATED_CANDIDATE|GRADE=B|SESSION=ASIA|BIAS=OPPOSED|BOS=OPPOSED|LOC=LOCATION_RESET_PENDING|EXH=EXHAUSTION_RESET_CONFIRMED|TIM=TIMING_WAIT_RECLAIM|HTF=HTF_NEUTRAL|STRUCT=STRUCTURE_OPPOSES|PRESS=SELL_PRESSURE_STRONG|ACTION=OPPOSITE_DISCOVERY,4564.72,0.63,4578.92,14.19849,894.51,21.0,0.02642,ANP_NONE,1,1,LOCATION_RESET_PENDING,EXHAUSTION_RESET_CONFIRMED,TIMING_WAIT_RECLAIM,HTF_NEUTRAL,STRUCTURE_OPPOSES,SELL_PRESSURE_STRONG,OPPOSITE_DISCOVERY,4562.02,170.1,349.65,-239.4,0.3908843948083308,0.19015997585270147,WIN,PROFIT_CLOSE | EA_MARKET_CLOSE | bestFloating=349.65 shieldArmed=N,WIN,v6.25.24,v62524-replay-consolidated-root-repair-20260722,V62524_M10_90D_20260422_20260721_RUN1,ENTRY_DATA_PRESENT
94,2026-05-25 08:42:32,2026-05-25 09:01:17,TRAIN_60D,CORE,44,CORE|BAR=1779697800|GEN=2994,XAUUSD,SELL,M10_ORIGINATED_CANDIDATE,B,0,LDN,8,TB2|ROLE=CORE|EXEC=SELL|DECISION=SELL|ORIG=SELL|INV=N|REGIME=REGIME_TRENDING_UP|SETUP=M10_ORIGINATED_CANDIDATE|GRADE=B|SESSION=LDN|BIAS=OPPOSED|BOS=OPPOSED|LOC=LOCATION_RESET_PENDING|EXH=EXHAUSTION_RESET_CONFIRMED|TIM=TIMING_WAIT_CONFIRMATION|HTF=HTF_NEUTRAL|STRUCT=STRUCTURE_OPPOSES|PRESS=SELL_PRESSURE_STRONG|ACTION=OPPOSITE_DISCOVERY,4557.75,0.84,4568.6,10.84659,911.11,17.0,0.03702,ANP_NONE,1,1,LOCATION_RESET_PENDING,EXHAUSTION_RESET_CONFIRMED,TIMING_WAIT_CONFIRMATION,HTF_NEUTRAL,STRUCTURE_OPPOSES,SELL_PRESSURE_STRONG,OPPOSITE_DISCOVERY,4555.42,195.72,473.76,-40.32,0.5199811219281975,0.21481489611572696,WIN,SL_MOD:GENERAL_10M_EXTENSION_RESTORE_ORIGINAL_SL | sl=4568.60 | spread=17 avgSpread=15.8 | trade=M10_ORIGINATED_CANDIDATE [B] | EA_MARKET_CLOSE | bestFloating=473.76 shieldArmed=N,WIN,v6.25.24,v62524-replay-consolidated-root-repair-20260722,V62524_M10_90D_20260422_20260721_RUN1,ENTRY_DATA_PRESENT
96,2026-05-25 12:52:30,2026-05-25 13:18:47,TRAIN_60D,CORE,45,CORE|BAR=1779712800|GEN=3019,XAUUSD,BUY,TREND_PULLBACK,A+,0,LDN,12,TB2|ROLE=CORE|EXEC=BUY|DECISION=BUY|ORIG=BUY|INV=N|REGIME=REGIME_TRENDING_UP|SETUP=TREND_PULLBACK|GRADE=A+|SESSION=LDN|BIAS=ALIGNED|BOS=ALIGNED|LOC=LOCATION_RESET_PENDING|EXH=EXHAUSTION_MODERATE|TIM=TIMING_WAIT_PULLBACK|HTF=HTF_TRANSITIONING|STRUCT=STRUCTURE_SUPPORTS|PRESS=PRESSURE_TRANSITIONING|ACTION=TRANSITION_WATCH,4566.75,0.56,4550.01,16.7409,937.49,17.0,0.04043,ANP_NONE,1,1,LOCATION_RESET_PENDING,EXHAUSTION_MODERATE,TIMING_WAIT_PULLBACK,HTF_TRANSITIONING,STRUCTURE_SUPPORTS,PRESSURE_TRANSITIONING,TRANSITION_WATCH,4573.3,366.8,359.52,-11.2,0.3834920905822995,0.39125750674673865,WIN,SL_MOD:BASKET_050R_RESTORE_ORIGINAL_SL | sl=4549.28 | spread=4 avgSpread=16.0 | trade=TREND_PULLBACK [A+] | EA_MARKET_CLOSE | EA_MARKET_CLOSE | bestFloating=359.52 shieldArmed=N,WIN,v6.25.24,v62524-replay-consolidated-root-repair-20260722,V62524_M10_90D_20260422_20260721_RUN1,ENTRY_DATA_PRESENT
97,2026-05-25 13:08:14,2026-05-25 13:18:47,TRAIN_60D,PYRAMID,45,CAMP-45|BUY|ADD1|BAR1779713400,XAUUSD,BUY,PYRAMID_TWO_GATE,PYRAMID,0,NY,13,TB2|ROLE=PYRAMID|DIR=BUY|REGIME=TREND_UP|SESSION=NY|ADD=1|TIM=TIMING_READY|MOVE=MOVE_065_109|EXH=EXH_MODERATE|HTF=HTF_NEUTRAL|STRUCT=STRUCTURE_SUPPORTS|PRESS=BUY_PRESSURE_STRONG,4570.7,0.43,4549.28,21.4197,921.05,4.0,0.01035,ANP_NONE,0,1,LOCATION_ACCEPTABLE,EXH_MODERATE,TIMING_READY,HTF_NEUTRAL,STRUCTURE_SUPPORTS,BUY_PRESSURE_STRONG,PYRAMID_TIMING_PLUS_EXHAUSTION_APPROVED,4573.3,111.8,106.21,-30.96,0.11531404375441072,0.1213832039520113,WIN,SL_MOD:BASKET_050R_RESTORE_ORIGINAL_SL | sl=4549.28 | spread=4 avgSpread=16.0 | trade=TREND_PULLBACK [A+] | EA_MARKET_CLOSE | bestFloating=106.21 shieldArmed=N,WIN,v6.25.24,v62524-replay-consolidated-root-repair-20260722,V62524_M10_90D_20260422_20260721_RUN1,ENTRY_DATA_PRESENT
100,2026-05-25 13:32:34,2026-05-25 20:24:00,TRAIN_60D,CORE,46,CORE|BAR=1779715200|GEN=3023,XAUUSD,BUY,TREND_PULLBACK,A+,0,NY,13,TB2|ROLE=CORE|EXEC=BUY|DECISION=BUY|ORIG=BUY|INV=N|REGIME=REGIME_TRENDING_UP|SETUP=TREND_PULLBACK|GRADE=A+|SESSION=NY|BIAS=ALIGNED|BOS=ALIGNED|LOC=LOCATION_ACCEPTABLE|EXH=EXHAUSTION_HIGH|TIM=TIMING_READY|HTF=HTF_NEUTRAL|STRUCT=STRUCTURE_STRONGLY_SUPPORTS|PRESS=BUY_PRESSURE_STRONG|ACTION=ALLOW_CORE,4571.14,0.44,4549.22,21.9198,964.47,17.0,0.04582,ANP_NONE,1,1,LOCATION_ACCEPTABLE,EXHAUSTION_HIGH,TIMING_READY,HTF_NEUTRAL,STRUCTURE_STRONGLY_SUPPORTS,BUY_PRESSURE_STRONG,ALLOW_CORE,4572.14,44.0,300.96,-804.32,0.31204703101185105,0.04562091096664489,WEAK_RECOVERY_WIN,PROFIT_CLOSE | EA_MARKET_CLOSE | bestFloating=300.96 shieldArmed=N,WIN,v6.25.24,v62524-replay-consolidated-root-repair-20260722,V62524_M10_90D_20260422_20260721_RUN1,ENTRY_DATA_PRESENT
102,2026-05-26 13:02:33,2026-05-26 13:20:46,TRAIN_60D,CORE,47,CORE|BAR=1779799800|GEN=3143,XAUUSD,BUY,M10_ORIGINATED_CANDIDATE,B,1,NY,13,TB2|ROLE=CORE|EXEC=BUY|DECISION=BUY|ORIG=BUY|INV=N|REGIME=REGIME_TRENDING_DOWN|SETUP=M10_ORIGINATED_CANDIDATE|GRADE=B|SESSION=NY|BIAS=OPPOSED|BOS=OPPOSED|LOC=LOCATION_RESET_PENDING|EXH=EXHAUSTION_RESET_CONFIRMED|TIM=TIMING_WAIT_CONFIRMATION|HTF=HTF_TRANSITIONING|STRUCT=STRUCTURE_OPPOSES|PRESS=PRESSURE_TRANSITIONING|ACTION=TRANSITION_WATCH,4521.75,0.77,4508.94,12.81193,986.52,17.0,0.02533,ANP_NONE,-1,-1,LOCATION_RESET_PENDING,EXHAUSTION_RESET_CONFIRMED,TIMING_WAIT_CONFIRMATION,HTF_TRANSITIONING,STRUCTURE_OPPOSES,PRESSURE_TRANSITIONING,TRANSITION_WATCH,4528.74,538.23,867.02,-177.87,0.8788671288975388,0.5455844787738718,WIN,SL_MOD:GENERAL_10M_EXTENSION_RESTORE_ORIGINAL_SL | sl=4508.94 | spread=16 avgSpread=16.0 | trade=M10_ORIGINATED_CANDIDATE [B] | EA_MARKET_CLOSE | bestFloating=867.02 shieldArmed=N,WIN,v6.25.24,v62524-replay-consolidated-root-repair-20260722,V62524_M10_90D_20260422_20260721_RUN1,ENTRY_DATA_PRESENT
104,2026-05-27 03:02:30,2026-05-27 05:42:29,TRAIN_60D,CORE,48,CORE|BAR=1779850200|GEN=3215,XAUUSD,BUY,TREND_PULLBACK,B,1,ASIA,3,TB2|ROLE=CORE|EXEC=BUY|DECISION=BUY|ORIG=BUY|INV=N|REGIME=REGIME_TRENDING_DOWN|SETUP=TREND_PULLBACK|GRADE=B|SESSION=ASIA|BIAS=OPPOSED|BOS=OPPOSED|LOC=LOCATION_RESET_PENDING|EXH=EXHAUSTION_MODERATE|TIM=TIMING_WAIT_PULLBACK|HTF=HTF_TRANSITIONING|STRUCT=STRUCTURE_OPPOSES|PRESS=PRESSURE_TRANSITIONING|ACTION=TRANSITION_WATCH,4523.92,0.41,4499.01,24.90964,1021.29,21.0,0.02427,ANP_NONE,-1,-1,LOCATION_RESET_PENDING,EXHAUSTION_MODERATE,TIMING_WAIT_PULLBACK,HTF_TRANSITIONING,STRUCTURE_OPPOSES,PRESSURE_TRANSITIONING,TRANSITION_WATCH,4498.98,-1022.54,9.43,-1018.44,0.009233420478022893,-1.001223942269091,LOSS,BROKER_SL | bestFloating=9.43 shieldArmed=N,LOSS,v6.25.24,v62524-replay-consolidated-root-repair-20260722,V62524_M10_90D_20260422_20260721_RUN1,ENTRY_DATA_PRESENT
106,2026-05-27 20:22:33,2026-05-27 20:49:57,TRAIN_60D,CORE,49,CORE|BAR=1779912600|GEN=3319,XAUUSD,BUY,M10_ORIGINATED_CANDIDATE,A,1,LATE,20,TB2|ROLE=CORE|EXEC=BUY|DECISION=BUY|ORIG=BUY|INV=N|REGIME=REGIME_TRENDING_DOWN|SETUP=M10_ORIGINATED_CANDIDATE|GRADE=A|SESSION=LATE|BIAS=OPPOSED|BOS=OPPOSED|LOC=LOCATION_RESET_PENDING|EXH=EXHAUSTION_RESET_CONFIRMED|TIM=TIMING_WAIT_RECLAIM|HTF=HTF_TRANSITIONING|STRUCT=STRUCTURE_OPPOSES|PRESS=PRESSURE_TRANSITIONING|ACTION=TRANSITION_WATCH,4447.13,0.45,4426.6,20.53363,924.01,17.0,0.02625,ANP_NONE,-1,-1,LOCATION_RESET_PENDING,EXHAUSTION_RESET_CONFIRMED,TIMING_WAIT_RECLAIM,HTF_TRANSITIONING,STRUCTURE_OPPOSES,PRESSURE_TRANSITIONING,TRANSITION_WATCH,4450.43,148.5,323.1,-72.0,0.34967154035129494,0.16071254640101298,WIN,PROFIT_CLOSE | EA_MARKET_CLOSE | bestFloating=323.10 shieldArmed=N,WIN,v6.25.24,v62524-replay-consolidated-root-repair-20260722,V62524_M10_90D_20260422_20260721_RUN1,ENTRY_DATA_PRESENT
108,2026-05-28 09:12:30,2026-05-28 09:31:27,TRAIN_60D,CORE,50,CORE|BAR=1779958800|GEN=3384,XAUUSD,BUY,M10_ORIGINATED_CANDIDATE,A,1,LDN,9,TB2|ROLE=CORE|EXEC=BUY|DECISION=BUY|ORIG=BUY|INV=N|REGIME=REGIME_TRENDING_DOWN|SETUP=M10_ORIGINATED_CANDIDATE|GRADE=A|SESSION=LDN|BIAS=OPPOSED|BOS=OPPOSED|LOC=LOCATION_RESET_PENDING|EXH=EXHAUSTION_RESET_CONFIRMED|TIM=TIMING_WAIT_CONFIRMATION|HTF=HTF_TRANSITIONING|STRUCT=STRUCTURE_OPPOSES|PRESS=PRESSURE_TRANSITIONING|ACTION=TRANSITION_WATCH,4376.97,0.71,4363.63,13.34027,947.16,17.0,0.01982,ANP_NONE,-1,-1,LOCATION_RESET_PENDING,EXHAUSTION_RESET_CONFIRMED,TIMING_WAIT_CONFIRMATION,HTF_TRANSITIONING,STRUCTURE_OPPOSES,PRESSURE_TRANSITIONING,TRANSITION_WATCH,4380.0,215.13,557.35,-191.7,0.5884433464251024,0.2271316356265045,WIN,PROFIT_CLOSE | EA_MARKET_CLOSE | bestFloating=557.35 shieldArmed=N,WIN,v6.25.24,v62524-replay-consolidated-root-repair-20260722,V62524_M10_90D_20260422_20260721_RUN1,ENTRY_DATA_PRESENT
110,2026-05-28 09:42:33,2026-05-28 10:10:24,TRAIN_60D,CORE,51,CORE|BAR=1779960600|GEN=3387,XAUUSD,BUY,M10_ORIGINATED_CANDIDATE,A,1,LDN,9,TB2|ROLE=CORE|EXEC=BUY|DECISION=BUY|ORIG=BUY|INV=N|REGIME=REGIME_TRENDING_DOWN|SETUP=M10_ORIGINATED_CANDIDATE|GRADE=A|SESSION=LDN|BIAS=OPPOSED|BOS=OPPOSED|LOC=LOCATION_RESET_PENDING|EXH=EXHAUSTION_RESET_CONFIRMED|TIM=TIMING_WAIT_CONFIRMATION|HTF=HTF_NEUTRAL|STRUCT=STRUCTURE_OPPOSES|PRESS=BUY_PRESSURE_STRONG|ACTION=OPPOSITE_DISCOVERY,4383.19,0.81,4371.13,12.05541,976.49,17.0,0.02264,ANP_NONE,-1,-1,LOCATION_RESET_PENDING,EXHAUSTION_RESET_CONFIRMED,TIMING_WAIT_CONFIRMATION,HTF_NEUTRAL,STRUCTURE_OPPOSES,BUY_PRESSURE_STRONG,OPPOSITE_DISCOVERY,4389.45,507.06,749.25,-505.44,0.7672889635326526,0.5192679904556115,WIN,SL_MOD:GENERAL_10M_EXTENSION_RESTORE_ORIGINAL_SL | sl=4371.13 | spread=4 avgSpread=14.6 | trade=M10_ORIGINATED_CANDIDATE [A] | EA_MARKET_CLOSE | bestFloating=749.25 shieldArmed=N,WIN,v6.25.24,v62524-replay-consolidated-root-repair-20260722,V62524_M10_90D_20260422_20260721_RUN1,ENTRY_DATA_PRESENT
112,2026-05-28 10:32:33,2026-05-28 12:33:24,TRAIN_60D,CORE,52,CORE|BAR=1779963600|GEN=3392,XAUUSD,BUY,M10_ORIGINATED_CANDIDATE,B,1,FIX,10,TB2|ROLE=CORE|EXEC=BUY|DECISION=BUY|ORIG=BUY|INV=N|REGIME=REGIME_TRENDING_DOWN|SETUP=M10_ORIGINATED_CANDIDATE|GRADE=B|SESSION=FIX|BIAS=OPPOSED|BOS=OPPOSED|LOC=LOCATION_RESET_PENDING|EXH=EXHAUSTION_RESET_CONFIRMED|TIM=TIMING_WAIT_CONFIRMATION|HTF=HTF_NEUTRAL|STRUCT=STRUCTURE_OPPOSES|PRESS=BUY_PRESSURE_STRONG|ACTION=OPPOSITE_DISCOVERY,4391.68,0.53,4372.62,19.05917,1010.14,4.0,0.00521,ANP_NONE,-1,-1,LOCATION_RESET_PENDING,EXHAUSTION_RESET_CONFIRMED,TIMING_WAIT_CONFIRMATION,HTF_NEUTRAL,STRUCTURE_OPPOSES,BUY_PRESSURE_STRONG,OPPOSITE_DISCOVERY,4393.8,112.36,383.19,-467.46,0.3793434573425466,0.11123210644069138,WEAK_RECOVERY_WIN,PROFIT_CLOSE | EA_MARKET_CLOSE | bestFloating=383.19 shieldArmed=N,WIN,v6.25.24,v62524-replay-consolidated-root-repair-20260722,V62524_M10_90D_20260422_20260721_RUN1,ENTRY_DATA_PRESENT
114,2026-05-28 15:12:33,2026-05-28 15:46:47,TRAIN_60D,CORE,53,CORE|BAR=1779980400|GEN=3420,XAUUSD,BUY,M10_ORIGINATED_CANDIDATE,B,1,NY,15,TB2|ROLE=CORE|EXEC=BUY|DECISION=BUY|ORIG=BUY|INV=N|REGIME=REGIME_TRENDING_DOWN|SETUP=M10_ORIGINATED_CANDIDATE|GRADE=B|SESSION=NY|BIAS=OPPOSED|BOS=OPPOSED|LOC=LOCATION_EXCELLENT|EXH=EXHAUSTION_MODERATE|TIM=TIMING_READY|HTF=HTF_NEUTRAL|STRUCT=STRUCTURE_OPPOSES|PRESS=PRESSURE_BALANCED|ACTION=ALLOW_CORE,4391.89,0.72,4377.49,14.4003,1036.82,17.0,0.02142,ANP_NONE,-1,-1,LOCATION_EXCELLENT,EXHAUSTION_MODERATE,TIMING_READY,HTF_NEUTRAL,STRUCTURE_OPPOSES,PRESSURE_BALANCED,ALLOW_CORE,4405.4,972.72,1029.6,-884.88,0.993036399760807,0.9381763469068884,WIN,SL_MOD:GENERAL_10M_EXTENSION_RESTORE_ORIGINAL_SL | sl=4377.49 | spread=5 avgSpread=15.0 | trade=M10_ORIGINATED_CANDIDATE [B] | EA_MARKET_CLOSE | bestFloating=1029.60 shieldArmed=N,WIN,v6.25.24,v62524-replay-consolidated-root-repair-20260722,V62524_M10_90D_20260422_20260721_RUN1,ENTRY_DATA_PRESENT
116,2026-05-29 02:42:35,2026-05-29 03:16:46,TRAIN_60D,CORE,54,CORE|BAR=1780021800|GEN=3477,XAUUSD,SELL,M10_ORIGINATED_CANDIDATE,B,0,ASIA,2,TB2|ROLE=CORE|EXEC=SELL|DECISION=SELL|ORIG=SELL|INV=N|REGIME=REGIME_TRENDING_UP|SETUP=M10_ORIGINATED_CANDIDATE|GRADE=B|SESSION=ASIA|BIAS=OPPOSED|BOS=OPPOSED|LOC=LOCATION_RESET_PENDING|EXH=EXHAUSTION_RESET_CONFIRMED|TIM=TIMING_WAIT_CONFIRMATION|HTF=HTF_NEUTRAL|STRUCT=STRUCTURE_OPPOSES|PRESS=SELL_PRESSURE_STRONG|ACTION=OPPOSITE_DISCOVERY,4490.31,1.29,4499.06,8.75481,1129.37,25.0,0.06514,ANP_NONE,1,1,LOCATION_RESET_PENDING,EXHAUSTION_RESET_CONFIRMED,TIMING_WAIT_CONFIRMATION,HTF_NEUTRAL,STRUCTURE_OPPOSES,SELL_PRESSURE_STRONG,OPPOSITE_DISCOVERY,4499.12,-1136.49,132.87,-1110.69,0.11764966308649957,-1.0063043997981176,LOSS,BROKER_SL | bestFloating=132.87 shieldArmed=N,LOSS,v6.25.24,v62524-replay-consolidated-root-repair-20260722,V62524_M10_90D_20260422_20260721_RUN1,ENTRY_DATA_PRESENT
118,2026-05-29 07:32:33,2026-05-29 08:10:53,TRAIN_60D,CORE,55,CORE|BAR=1780039200|GEN=3506,XAUUSD,BUY,TREND_PULLBACK,A+,0,LDN,7,TB2|ROLE=CORE|EXEC=BUY|DECISION=BUY|ORIG=BUY|INV=N|REGIME=REGIME_TRENDING_UP|SETUP=TREND_PULLBACK|GRADE=A+|SESSION=LDN|BIAS=ALIGNED|BOS=ALIGNED|LOC=LOCATION_RESET_PENDING|EXH=EXHAUSTION_MODERATE|TIM=TIMING_WAIT_PULLBACK|HTF=HTF_TRANSITIONING|STRUCT=STRUCTURE_SUPPORTS|PRESS=PRESSURE_TRANSITIONING|ACTION=TRANSITION_WATCH,4509.43,0.55,4491.11,18.32134,1007.67,21.0,0.0445,ANP_NONE,1,1,LOCATION_RESET_PENDING,EXHAUSTION_MODERATE,TIMING_WAIT_PULLBACK,HTF_TRANSITIONING,STRUCTURE_SUPPORTS,PRESSURE_TRANSITIONING,TRANSITION_WATCH,4510.23,44.0,331.65,-67.1,0.3291256065973979,0.04366508876914069,WIN,PROFIT_CLOSE | EA_MARKET_CLOSE | bestFloating=331.65 shieldArmed=N,WIN,v6.25.24,v62524-replay-consolidated-root-repair-20260722,V62524_M10_90D_20260422_20260721_RUN1,ENTRY_DATA_PRESENT
120,2026-05-29 16:02:30,2026-05-29 17:01:49,TRAIN_60D,CORE,56,CORE|BAR=1780069800|GEN=3557,XAUUSD,SELL,M10_ORIGINATED_CANDIDATE,B,0,NY,16,TB2|ROLE=CORE|EXEC=SELL|DECISION=SELL|ORIG=SELL|INV=N|REGIME=REGIME_TRENDING_UP|SETUP=M10_ORIGINATED_CANDIDATE|GRADE=B|SESSION=NY|BIAS=OPPOSED|BOS=OPPOSED|LOC=LOCATION_LATE|EXH=EXHAUSTION_RESET_CONFIRMED|TIM=TIMING_WAIT_CONFIRMATION|HTF=HTF_TRANSITIONING|STRUCT=STRUCTURE_OPPOSES|PRESS=PRESSURE_TRANSITIONING|ACTION=TRANSITION_WATCH,4520.59,0.44,4543.87,23.28317,1024.46,12.0,0.01694,ANP_NONE,1,1,LOCATION_LATE,EXHAUSTION_RESET_CONFIRMED,TIMING_WAIT_CONFIRMATION,HTF_TRANSITIONING,STRUCTURE_OPPOSES,PRESSURE_TRANSITIONING,TRANSITION_WATCH,4543.91,-1026.08,17.6,-1015.08,0.017179782519571286,-1.0015813208910058,LOSS,BROKER_SL | bestFloating=17.60 shieldArmed=N,LOSS,v6.25.24,v62524-replay-consolidated-root-repair-20260722,V62524_M10_90D_20260422_20260721_RUN1,ENTRY_DATA_PRESENT
122,2026-06-01 08:42:30,2026-06-01 09:03:16,TRAIN_60D,CORE,57,CORE|BAR=1780302600|GEN=3627,XAUUSD,BUY,M10_ORIGINATED_CANDIDATE,A+,0,LDN,8,TB2|ROLE=CORE|EXEC=BUY|DECISION=BUY|ORIG=BUY|INV=N|REGIME=REGIME_TRENDING_UP|SETUP=M10_ORIGINATED_CANDIDATE|GRADE=A+|SESSION=LDN|BIAS=ALIGNED|BOS=ALIGNED|LOC=LOCATION_RESET_PENDING|EXH=EXHAUSTION_RESET_CONFIRMED|TIM=TIMING_WAIT_CONFIRMATION|HTF=HTF_TRANSITIONING|STRUCT=STRUCTURE_SUPPORTS|PRESS=PRESSURE_TRANSITIONING|ACTION=TRANSITION_WATCH,4518.23,0.73,4505.64,12.59091,919.14,16.0,0.02815,ANP_NONE,1,1,LOCATION_RESET_PENDING,EXHAUSTION_RESET_CONFIRMED,TIMING_WAIT_CONFIRMATION,HTF_TRANSITIONING,STRUCTURE_SUPPORTS,PRESSURE_TRANSITIONING,TRANSITION_WATCH,4518.3,5.11,507.35,-293.46,0.5519833757643015,0.005559544791870662,WEAK_RECOVERY_WIN,PROFIT_CLOSE | EA_MARKET_CLOSE | bestFloating=507.35 shieldArmed=N,WIN,v6.25.24,v62524-replay-consolidated-root-repair-20260722,V62524_M10_90D_20260422_20260721_RUN1,ENTRY_DATA_PRESENT
124,2026-06-01 14:12:33,2026-06-01 14:29:51,TRAIN_60D,CORE,58,CORE|BAR=1780322400|GEN=3660,XAUUSD,BUY,M10_ORIGINATED_CANDIDATE,B,1,NY,14,TB2|ROLE=CORE|EXEC=BUY|DECISION=BUY|ORIG=BUY|INV=N|REGIME=REGIME_TRENDING_DOWN|SETUP=M10_ORIGINATED_CANDIDATE|GRADE=B|SESSION=NY|BIAS=OPPOSED|BOS=OPPOSED|LOC=LOCATION_RESET_PENDING|EXH=EXHAUSTION_RESET_CONFIRMED|TIM=TIMING_WAIT_CONFIRMATION|HTF=HTF_TRANSITIONING|STRUCT=STRUCTURE_OPPOSES|PRESS=PRESSURE_TRANSITIONING|ACTION=TRANSITION_WATCH,4505.0,0.79,4493.3,11.70043,924.33,17.0,0.02683,ANP_NONE,-1,-1,LOCATION_RESET_PENDING,EXHAUSTION_RESET_CONFIRMED,TIMING_WAIT_CONFIRMATION,HTF_TRANSITIONING,STRUCTURE_OPPOSES,PRESSURE_TRANSITIONING,TRANSITION_WATCH,4511.03,476.37,625.68,-100.33,0.6769011067475901,0.5153678880919152,WIN,SL_MOD:GENERAL_10M_EXTENSION_RESTORE_ORIGINAL_SL | sl=4493.30 | spread=17 avgSpread=16.5 | trade=M10_ORIGINATED_CANDIDATE [B] | EA_MARKET_CLOSE | bestFloating=625.68 shieldArmed=N,WIN,v6.25.24,v62524-replay-consolidated-root-repair-20260722,V62524_M10_90D_20260422_20260721_RUN1,ENTRY_DATA_PRESENT
126,2026-06-01 15:32:33,2026-06-01 16:13:51,TRAIN_60D,CORE,59,CORE|BAR=1780327200|GEN=3668,XAUUSD,SELL,TREND_PULLBACK,A+,1,NY,15,TB2|ROLE=CORE|EXEC=SELL|DECISION=SELL|ORIG=SELL|INV=N|REGIME=REGIME_TRENDING_DOWN|SETUP=TREND_PULLBACK|GRADE=A+|SESSION=NY|BIAS=ALIGNED|BOS=ALIGNED|LOC=LOCATION_GOOD|EXH=EXHAUSTION_HIGH|TIM=TIMING_READY|HTF=HTF_NEUTRAL|STRUCT=STRUCTURE_SUPPORTS|PRESS=PRESSURE_BALANCED|ACTION=ALLOW_CORE,4501.69,0.9,4512.4,10.71167,964.05,17.0,0.02694,ANP_NONE,-1,-1,LOCATION_GOOD,EXHAUSTION_HIGH,TIMING_READY,HTF_NEUTRAL,STRUCTURE_SUPPORTS,PRESSURE_BALANCED,ALLOW_CORE,4482.3,1745.1,2621.7,-803.7,2.719464758051968,1.8101758207561849,WIN,SL_MOD:GENERAL_10M_EXTENSION_RESTORE_ORIGINAL_SL | sl=4512.40 | spread=17 avgSpread=15.9 | trade=TREND_PULLBACK [A+] | EA_MARKET_CLOSE | bestFloating=2621.70 shieldArmed=N,WIN,v6.25.24,v62524-replay-consolidated-root-repair-20260722,V62524_M10_90D_20260422_20260721_RUN1,ENTRY_DATA_PRESENT
128,2026-06-01 18:52:30,2026-06-01 19:30:03,TRAIN_60D,CORE,60,CORE|BAR=1780339200|GEN=3688,XAUUSD,BUY,M10_ORIGINATED_CANDIDATE,A,1,LATE,18,TB2|ROLE=CORE|EXEC=BUY|DECISION=BUY|ORIG=BUY|INV=N|REGIME=REGIME_TRENDING_DOWN|SETUP=M10_ORIGINATED_CANDIDATE|GRADE=A|SESSION=LATE|BIAS=OPPOSED|BOS=OPPOSED|LOC=LOCATION_RESET_PENDING|EXH=EXHAUSTION_RESET_CONFIRMED|TIM=TIMING_WAIT_CONFIRMATION|HTF=HTF_TRANSITIONING|STRUCT=STRUCTURE_OPPOSES|PRESS=PRESSURE_TRANSITIONING|ACTION=TRANSITION_WATCH,4471.02,0.46,4446.54,24.47794,1125.98,17.0,0.01606,ANP_NONE,-1,-1,LOCATION_RESET_PENDING,EXHAUSTION_RESET_CONFIRMED,TIMING_WAIT_CONFIRMATION,HTF_TRANSITIONING,STRUCTURE_OPPOSES,PRESSURE_TRANSITIONING,TRANSITION_WATCH,4471.03,0.46,340.4,-364.78,0.3023144283202188,0.00040853301124353896,WEAK_RECOVERY_WIN,PROFIT_CLOSE | EA_MARKET_CLOSE | bestFloating=340.40 shieldArmed=N,WIN,v6.25.24,v62524-replay-consolidated-root-repair-20260722,V62524_M10_90D_20260422_20260721_RUN1,ENTRY_DATA_PRESENT
130,2026-06-01 22:52:30,2026-06-02 01:00:00,TRAIN_60D,CORE,61,CORE|BAR=1780353600|GEN=3712,XAUUSD,SELL,TREND_PULLBACK,A+,1,LATE,22,TB2|ROLE=CORE|EXEC=SELL|DECISION=SELL|ORIG=SELL|INV=N|REGIME=REGIME_TRENDING_DOWN|SETUP=TREND_PULLBACK|GRADE=A+|SESSION=LATE|BIAS=ALIGNED|BOS=ALIGNED|LOC=LOCATION_EXCELLENT|EXH=EXHAUSTION_MODERATE|TIM=TIMING_READY|HTF=HTF_NEUTRAL|STRUCT=STRUCTURE_SUPPORTS|PRESS=SELL_PRESSURE_STRONG|ACTION=ALLOW_CORE,4481.11,1.18,4490.84,9.72553,1147.61,10.0,0.0261,ANP_NONE,-1,-1,LOCATION_EXCELLENT,EXHAUSTION_MODERATE,TIMING_READY,HTF_NEUTRAL,STRUCTURE_SUPPORTS,SELL_PRESSURE_STRONG,ALLOW_CORE,4535.29,-6398.67,208.86,-34.93,0.18199562569165487,-5.575648521710337,APLUS_GIVEBACK_LOSS,BROKER_SL | bestFloating=208.86 shieldArmed=N,LOSS,v6.25.24,v62524-replay-consolidated-root-repair-20260722,V62524_M10_90D_20260422_20260721_RUN1,ENTRY_DATA_PRESENT
132,2026-06-02 12:12:30,2026-06-02 12:38:05,TRAIN_60D,CORE,62,CORE|BAR=1780401600|GEN=3780,XAUUSD,SELL,M10_ORIGINATED_CANDIDATE,B,0,LDN,12,TB2|ROLE=CORE|EXEC=SELL|DECISION=SELL|ORIG=SELL|INV=N|REGIME=REGIME_TRENDING_UP|SETUP=M10_ORIGINATED_CANDIDATE|GRADE=B|SESSION=LDN|BIAS=OPPOSED|BOS=OPPOSED|LOC=LOCATION_RESET_PENDING|EXH=EXHAUSTION_RESET_CONFIRMED|TIM=TIMING_WAIT_CONFIRMATION|HTF=HTF_TRANSITIONING|STRUCT=STRUCTURE_OPPOSES|PRESS=PRESSURE_TRANSITIONING|ACTION=TRANSITION_WATCH,4531.68,0.51,4541.5,9.8175,500.69,17.0,0.03487,ANP_NONE,1,1,LOCATION_RESET_PENDING,EXHAUSTION_RESET_CONFIRMED,TIMING_WAIT_CONFIRMATION,HTF_TRANSITIONING,STRUCTURE_OPPOSES,PRESSURE_TRANSITIONING,TRANSITION_WATCH,4525.51,314.67,487.56,-216.24,0.9737761888593741,0.6284727076634246,WIN,SL_MOD:GENERAL_10M_EXTENSION_RESTORE_ORIGINAL_SL | sl=4541.50 | spread=4 avgSpread=14.8 | trade=M10_ORIGINATED_CANDIDATE [B] | EA_MARKET_CLOSE | bestFloating=487.56 shieldArmed=N,WIN,v6.25.24,v62524-replay-consolidated-root-repair-20260722,V62524_M10_90D_20260422_20260721_RUN1,ENTRY_DATA_PRESENT
134,2026-06-02 13:22:33,2026-06-02 13:58:42,TRAIN_60D,CORE,63,CORE|BAR=1780405800|GEN=3787,XAUUSD,SELL,M10_ORIGINATED_CANDIDATE,B,0,NY,13,TB2|ROLE=CORE|EXEC=SELL|DECISION=SELL|ORIG=SELL|INV=N|REGIME=REGIME_TRENDING_UP|SETUP=M10_ORIGINATED_CANDIDATE|GRADE=B|SESSION=NY|BIAS=OPPOSED|BOS=OPPOSED|LOC=LOCATION_RESET_PENDING|EXH=EXHAUSTION_RESET_CONFIRMED|TIM=TIMING_WAIT_CONFIRMATION|HTF=HTF_NEUTRAL|STRUCT=STRUCTURE_OPPOSES|PRESS=SELL_PRESSURE_STRONG|ACTION=OPPOSITE_DISCOVERY,4525.34,0.64,4533.7,8.36014,535.05,17.0,0.03283,ANP_NONE,1,1,LOCATION_RESET_PENDING,EXHAUSTION_RESET_CONFIRMED,TIMING_WAIT_CONFIRMATION,HTF_NEUTRAL,STRUCTURE_OPPOSES,SELL_PRESSURE_STRONG,OPPOSITE_DISCOVERY,4533.88,-546.56,33.28,-524.16,0.06219979441173723,-1.0215120082235305,LOSS,BROKER_SL | bestFloating=33.28 shieldArmed=N,LOSS,v6.25.24,v62524-replay-consolidated-root-repair-20260722,V62524_M10_90D_20260422_20260721_RUN1,ENTRY_DATA_PRESENT
136,2026-06-02 14:22:33,2026-06-02 15:17:55,TRAIN_60D,CORE,64,CORE|BAR=1780409400|GEN=3793,XAUUSD,SELL,M10_ORIGINATED_CANDIDATE,B,0,NY,14,TB2|ROLE=CORE|EXEC=SELL|DECISION=SELL|ORIG=SELL|INV=N|REGIME=REGIME_TRENDING_UP|SETUP=M10_ORIGINATED_CANDIDATE|GRADE=B|SESSION=NY|BIAS=OPPOSED|BOS=OPPOSED|LOC=LOCATION_RESET_PENDING|EXH=EXHAUSTION_RESET_CONFIRMED|TIM=TIMING_WAIT_CONFIRMATION|HTF=HTF_NEUTRAL|STRUCT=STRUCTURE_OPPOSES|PRESS=SELL_PRESSURE_STRONG|ACTION=OPPOSITE_DISCOVERY,4528.22,0.55,4536.92,8.69683,478.32,17.0,0.03198,ANP_NONE,1,1,LOCATION_RESET_PENDING,EXHAUSTION_RESET_CONFIRMED,TIMING_WAIT_CONFIRMATION,HTF_NEUTRAL,STRUCTURE_OPPOSES,SELL_PRESSURE_STRONG,OPPOSITE_DISCOVERY,4527.47,41.25,220.55,-149.6,0.4610929921391537,0.0862393376818866,WEAK_RECOVERY_WIN,PROFIT_CLOSE | EA_MARKET_CLOSE | bestFloating=220.55 shieldArmed=N,WIN,v6.25.24,v62524-replay-consolidated-root-repair-20260722,V62524_M10_90D_20260422_20260721_RUN1,ENTRY_DATA_PRESENT
138,2026-06-02 15:42:33,2026-06-02 15:57:37,TRAIN_60D,CORE,65,CORE|BAR=1780414200|GEN=3801,XAUUSD,SELL,M10_ORIGINATED_CANDIDATE,B,0,NY,15,TB2|ROLE=CORE|EXEC=SELL|DECISION=SELL|ORIG=SELL|INV=N|REGIME=REGIME_TRENDING_UP|SETUP=M10_ORIGINATED_CANDIDATE|GRADE=B|SESSION=NY|BIAS=OPPOSED|BOS=OPPOSED|LOC=LOCATION_RESET_PENDING|EXH=EXHAUSTION_RESET_CONFIRMED|TIM=TIMING_WAIT_CONFIRMATION|HTF=HTF_TRANSITIONING|STRUCT=STRUCTURE_OPPOSES|PRESS=PRESSURE_TRANSITIONING|ACTION=TRANSITION_WATCH,4526.22,0.47,4536.52,10.29874,484.04,17.0,0.03302,ANP_NONE,1,1,LOCATION_RESET_PENDING,EXHAUSTION_RESET_CONFIRMED,TIMING_WAIT_CONFIRMATION,HTF_TRANSITIONING,STRUCTURE_OPPOSES,PRESSURE_TRANSITIONING,TRANSITION_WATCH,4516.76,444.62,558.83,-49.82,1.154512023799686,0.918560449549624,WIN,SL_MOD:GENERAL_10M_EXTENSION_RESTORE_ORIGINAL_SL | sl=4536.52 | spread=17 avgSpread=15.6 | trade=M10_ORIGINATED_CANDIDATE [B] | EA_MARKET_CLOSE | bestFloating=558.83 shieldArmed=N,WIN,v6.25.24,v62524-replay-consolidated-root-repair-20260722,V62524_M10_90D_20260422_20260721_RUN1,ENTRY_DATA_PRESENT
140,2026-06-03 04:12:33,2026-06-03 05:21:09,TRAIN_60D,CORE,66,CORE|BAR=1780459200|GEN=3864,XAUUSD,BUY,M10_ORIGINATED_CANDIDATE,B,1,ASIA,4,TB2|ROLE=CORE|EXEC=BUY|DECISION=BUY|ORIG=BUY|INV=N|REGIME=REGIME_TRENDING_DOWN|SETUP=M10_ORIGINATED_CANDIDATE|GRADE=B|SESSION=ASIA|BIAS=OPPOSED|BOS=ALIGNED|LOC=LOCATION_RESET_PENDING|EXH=EXHAUSTION_RESET_CONFIRMED|TIM=TIMING_WAIT_CONFIRMATION|HTF=HTF_TRANSITIONING|STRUCT=STRUCTURE_SUPPORTS|PRESS=PRESSURE_TRANSITIONING|ACTION=TRANSITION_WATCH,4473.66,0.34,4458.37,15.28744,519.77,21.0,0.02424,ANP_NONE,-1,1,LOCATION_RESET_PENDING,EXHAUSTION_RESET_CONFIRMED,TIMING_WAIT_CONFIRMATION,HTF_TRANSITIONING,STRUCTURE_SUPPORTS,PRESSURE_TRANSITIONING,TRANSITION_WATCH,4475.46,61.2,263.16,-351.22,0.5063008638436232,0.11774438694037749,WEAK_RECOVERY_WIN,PROFIT_CLOSE | EA_MARKET_CLOSE | bestFloating=263.16 shieldArmed=N,WIN,v6.25.24,v62524-replay-consolidated-root-repair-20260722,V62524_M10_90D_20260422_20260721_RUN1,ENTRY_DATA_PRESENT
142,2026-06-03 13:32:33,2026-06-03 16:43:02,TRAIN_60D,CORE,67,CORE|BAR=1780492800|GEN=3920,XAUUSD,BUY,M10_ORIGINATED_CANDIDATE,B,1,NY,13,TB2|ROLE=CORE|EXEC=BUY|DECISION=BUY|ORIG=BUY|INV=N|REGIME=REGIME_TRENDING_DOWN|SETUP=M10_ORIGINATED_CANDIDATE|GRADE=B|SESSION=NY|BIAS=OPPOSED|BOS=OPPOSED|LOC=LOCATION_RESET_PENDING|EXH=EXHAUSTION_RESET_CONFIRMED|TIM=TIMING_WAIT_CONFIRMATION|HTF=HTF_TRANSITIONING|STRUCT=STRUCTURE_OPPOSES|PRESS=PRESSURE_TRANSITIONING|ACTION=TRANSITION_WATCH,4461.42,0.2,4435.02,26.40411,528.08,17.0,0.01731,ANP_NONE,-1,-1,LOCATION_RESET_PENDING,EXHAUSTION_RESET_CONFIRMED,TIMING_WAIT_CONFIRMATION,HTF_TRANSITIONING,STRUCTURE_OPPOSES,PRESSURE_TRANSITIONING,TRANSITION_WATCH,4434.96,-529.2,132.4,-526.2,0.250719587941221,-1.0021208907741253,APLUS_GIVEBACK_LOSS,BROKER_SL | bestFloating=132.40 shieldArmed=N,LOSS,v6.25.24,v62524-replay-consolidated-root-repair-20260722,V62524_M10_90D_20260422_20260721_RUN1,ENTRY_DATA_PRESENT
144,2026-06-04 10:12:33,2026-06-04 11:09:03,TRAIN_60D,CORE,68,CORE|BAR=1780567200|GEN=4032,XAUUSD,SELL,M10_ORIGINATED_CANDIDATE,A+,1,LDN,10,TB2|ROLE=CORE|EXEC=SELL|DECISION=SELL|ORIG=SELL|INV=N|REGIME=REGIME_TRENDING_DOWN|SETUP=M10_ORIGINATED_CANDIDATE|GRADE=A+|SESSION=LDN|BIAS=ALIGNED|BOS=OPPOSED|LOC=LOCATION_RESET_PENDING|EXH=EXHAUSTION_RESET_CONFIRMED|TIM=TIMING_WAIT_CONFIRMATION|HTF=HTF_TRANSITIONING|STRUCT=STRUCTURE_OPPOSES|PRESS=PRESSURE_TRANSITIONING|ACTION=TRANSITION_WATCH,4465.46,0.32,4480.41,14.9544,478.54,17.0,0.02545,ANP_NONE,-1,1,LOCATION_RESET_PENDING,EXHAUSTION_RESET_CONFIRMED,TIMING_WAIT_CONFIRMATION,HTF_TRANSITIONING,STRUCTURE_OPPOSES,PRESSURE_TRANSITIONING,TRANSITION_WATCH,4465.2,8.32,180.48,-165.44,0.3771471559326284,0.017386216408241735,WEAK_RECOVERY_WIN,PROFIT_CLOSE | EA_MARKET_CLOSE | bestFloating=180.48 shieldArmed=N,WIN,v6.25.24,v62524-replay-consolidated-root-repair-20260722,V62524_M10_90D_20260422_20260721_RUN1,ENTRY_DATA_PRESENT
146,2026-06-04 19:32:33,2026-06-05 02:02:19,TRAIN_60D,CORE,69,CORE|BAR=1780600800|GEN=4088,XAUUSD,BUY,TREND_PULLBACK,A+,0,LATE,19,TB2|ROLE=CORE|EXEC=BUY|DECISION=BUY|ORIG=BUY|INV=N|REGIME=REGIME_TRENDING_UP|SETUP=TREND_PULLBACK|GRADE=A+|SESSION=LATE|BIAS=ALIGNED|BOS=ALIGNED|LOC=LOCATION_GOOD|EXH=EXHAUSTION_MODERATE|TIM=TIMING_READY|HTF=HTF_NEUTRAL|STRUCT=STRUCTURE_SUPPORTS|PRESS=BUY_PRESSURE_STRONG|ACTION=ALLOW_CORE,4480.4,0.32,4465.51,14.89337,476.59,17.0,0.02215,ANP_NONE,1,1,LOCATION_GOOD,EXHAUSTION_MODERATE,TIMING_READY,HTF_NEUTRAL,STRUCTURE_SUPPORTS,BUY_PRESSURE_STRONG,ALLOW_CORE,4465.29,-487.55,115.2,-474.11,0.24171719926981264,-1.0229967057638643,APLUS_GIVEBACK_LOSS,BROKER_SL | bestFloating=115.20 shieldArmed=N,LOSS,v6.25.24,v62524-replay-consolidated-root-repair-20260722,V62524_M10_90D_20260422_20260721_RUN1,ENTRY_DATA_PRESENT
148,2026-06-05 08:02:33,2026-06-05 08:14:05,TRAIN_60D,CORE,70,CORE|BAR=1780645800|GEN=4151,XAUUSD,BUY,M10_ORIGINATED_CANDIDATE,A,1,LDN,8,TB2|ROLE=CORE|EXEC=BUY|DECISION=BUY|ORIG=BUY|INV=N|REGIME=REGIME_TRENDING_DOWN|SETUP=M10_ORIGINATED_CANDIDATE|GRADE=A|SESSION=LDN|BIAS=OPPOSED|BOS=OPPOSED|LOC=LOCATION_RESET_PENDING|EXH=EXHAUSTION_RESET_CONFIRMED|TIM=TIMING_WAIT_CONFIRMATION|HTF=HTF_TRANSITIONING|STRUCT=STRUCTURE_OPPOSES|PRESS=PRESSURE_TRANSITIONING|ACTION=TRANSITION_WATCH,4445.82,0.39,4434.79,11.03113,430.21,17.0,0.03177,ANP_NONE,-1,-1,LOCATION_RESET_PENDING,EXHAUSTION_RESET_CONFIRMED,TIMING_WAIT_CONFIRMATION,HTF_TRANSITIONING,STRUCTURE_OPPOSES,PRESSURE_TRANSITIONING,TRANSITION_WATCH,4448.88,119.34,162.24,-8.58,0.37711815160038126,0.27739940959066506,WIN,PROFIT_CLOSE | EA_MARKET_CLOSE | bestFloating=162.24 shieldArmed=N,WIN,v6.25.24,v62524-replay-consolidated-root-repair-20260722,V62524_M10_90D_20260422_20260721_RUN1,ENTRY_DATA_PRESENT
150,2026-06-05 08:22:33,2026-06-05 08:47:07,TRAIN_60D,CORE,71,CORE|BAR=1780647000|GEN=4153,XAUUSD,BUY,M10_ORIGINATED_CANDIDATE,B,1,LDN,8,TB2|ROLE=CORE|EXEC=BUY|DECISION=BUY|ORIG=BUY|INV=N|REGIME=REGIME_TRENDING_DOWN|SETUP=M10_ORIGINATED_CANDIDATE|GRADE=B|SESSION=LDN|BIAS=OPPOSED|BOS=OPPOSED|LOC=LOCATION_RESET_PENDING|EXH=EXHAUSTION_RESET_CONFIRMED|TIM=TIMING_WAIT_CONFIRMATION|HTF=HTF_NEUTRAL|STRUCT=STRUCTURE_OPPOSES|PRESS=BUY_PRESSURE_STRONG|ACTION=OPPOSITE_DISCOVERY,4443.68,0.53,4435.3,8.37866,444.07,17.0,0.03483,ANP_NONE,-1,-1,LOCATION_RESET_PENDING,EXHAUSTION_RESET_CONFIRMED,TIMING_WAIT_CONFIRMATION,HTF_NEUTRAL,STRUCTURE_OPPOSES,BUY_PRESSURE_STRONG,OPPOSITE_DISCOVERY,4444.16,25.44,230.02,-217.3,0.5179813993289346,0.05728826536356881,WEAK_RECOVERY_WIN,PROFIT_CLOSE | EA_MARKET_CLOSE | bestFloating=230.02 shieldArmed=N,WIN,v6.25.24,v62524-replay-consolidated-root-repair-20260722,V62524_M10_90D_20260422_20260721_RUN1,ENTRY_DATA_PRESENT
152,2026-06-05 09:32:30,2026-06-05 09:57:06,TRAIN_60D,CORE,72,CORE|BAR=1780651200|GEN=4160,XAUUSD,BUY,M10_ORIGINATED_CANDIDATE,B,1,LDN,9,TB2|ROLE=CORE|EXEC=BUY|DECISION=BUY|ORIG=BUY|INV=N|REGIME=REGIME_TRENDING_DOWN|SETUP=M10_ORIGINATED_CANDIDATE|GRADE=B|SESSION=LDN|BIAS=OPPOSED|BOS=OPPOSED|LOC=LOCATION_RESET_PENDING|EXH=EXHAUSTION_RESET_CONFIRMED|TIM=TIMING_WAIT_RECLAIM|HTF=HTF_NEUTRAL|STRUCT=STRUCTURE_OPPOSES|PRESS=BUY_PRESSURE_STRONG|ACTION=OPPOSITE_DISCOVERY,4445.23,0.21,4424.28,20.95256,440.0,17.0,0.02451,ANP_NONE,-1,-1,LOCATION_RESET_PENDING,EXHAUSTION_RESET_CONFIRMED,TIMING_WAIT_RECLAIM,HTF_NEUTRAL,STRUCTURE_OPPOSES,BUY_PRESSURE_STRONG,OPPOSITE_DISCOVERY,4451.23,126.0,230.79,-16.59,0.5245227272727273,0.2863636363636364,WIN,SL_MOD:GENERAL_10M_EXTENSION_RESTORE_ORIGINAL_SL | sl=4424.28 | spread=4 avgSpread=16.1 | trade=M10_ORIGINATED_CANDIDATE [B] | EA_MARKET_CLOSE | bestFloating=230.79 shieldArmed=N,WIN,v6.25.24,v62524-replay-consolidated-root-repair-20260722,V62524_M10_90D_20260422_20260721_RUN1,ENTRY_DATA_PRESENT
154,2026-06-08 13:02:30,2026-06-08 13:17:11,TRAIN_60D,CORE,73,CORE|BAR=1780923000|GEN=4295,XAUUSD,BUY,M10_ORIGINATED_CANDIDATE,B,1,NY,13,TB2|ROLE=CORE|EXEC=BUY|DECISION=BUY|ORIG=BUY|INV=N|REGIME=REGIME_TRENDING_DOWN|SETUP=M10_ORIGINATED_CANDIDATE|GRADE=B|SESSION=NY|BIAS=OPPOSED|BOS=OPPOSED|LOC=LOCATION_LATE|EXH=EXHAUSTION_RESET_CONFIRMED|TIM=TIMING_WAIT_CONFIRMATION|HTF=HTF_TRANSITIONING|STRUCT=STRUCTURE_OPPOSES|PRESS=PRESSURE_TRANSITIONING|ACTION=TRANSITION_WATCH,4288.73,0.22,4268.23,20.50371,451.08,17.0,0.01839,ANP_NONE,-1,-1,LOCATION_LATE,EXHAUSTION_RESET_CONFIRMED,TIMING_WAIT_CONFIRMATION,HTF_TRANSITIONING,STRUCTURE_OPPOSES,PRESSURE_TRANSITIONING,TRANSITION_WATCH,4291.36,57.86,198.0,-16.28,0.4389465283320032,0.1282699299459076,WIN,SL_MOD:GENERAL_10M_EXTENSION_RESTORE_ORIGINAL_SL | sl=4268.23 | spread=10 avgSpread=11.1 | trade=M10_ORIGINATED_CANDIDATE [B] | EA_MARKET_CLOSE | bestFloating=198.00 shieldArmed=N,WIN,v6.25.24,v62524-replay-consolidated-root-repair-20260722,V62524_M10_90D_20260422_20260721_RUN1,ENTRY_DATA_PRESENT
156,2026-06-09 01:42:34,2026-06-09 02:44:21,TRAIN_60D,CORE,74,CORE|BAR=1780968600|GEN=4359,XAUUSD,SELL,TREND_PULLBACK,A,1,ASIA,1,TB2|ROLE=CORE|EXEC=SELL|DECISION=SELL|ORIG=SELL|INV=N|REGIME=REGIME_TRENDING_DOWN|SETUP=TREND_PULLBACK|GRADE=A|SESSION=ASIA|BIAS=ALIGNED|BOS=ALIGNED|LOC=LOCATION_LATE|EXH=EXHAUSTION_MODERATE|TIM=TIMING_READY|HTF=HTF_NEUTRAL|STRUCT=STRUCTURE_SUPPORTS|PRESS=SELL_PRESSURE_MODERATE|ACTION=ALLOW_SCALP,4325.98,0.57,4334.18,8.20487,467.68,25.0,0.05155,ANP_NONE,-1,-1,LOCATION_LATE,EXHAUSTION_MODERATE,TIMING_READY,HTF_NEUTRAL,STRUCTURE_SUPPORTS,SELL_PRESSURE_MODERATE,ALLOW_SCALP,4319.72,356.82,591.66,-181.83,1.265095791994526,0.7629575778309955,WIN,SL_MOD:GENERAL_10M_EXTENSION_RESTORE_ORIGINAL_SL | sl=4334.18 | spread=25 avgSpread=24.8 | trade=TREND_PULLBACK [A] | EA_MARKET_CLOSE | bestFloating=591.66 shieldArmed=N,WIN,v6.25.24,v62524-replay-consolidated-root-repair-20260722,V62524_M10_90D_20260422_20260721_RUN1,ENTRY_DATA_PRESENT
158,2026-06-09 07:22:34,2026-06-09 07:45:14,TRAIN_60D,CORE,75,CORE|BAR=1780989000|GEN=4393,XAUUSD,SELL,TREND_PULLBACK,A+,1,LDN,7,TB2|ROLE=CORE|EXEC=SELL|DECISION=SELL|ORIG=SELL|INV=N|REGIME=REGIME_TRENDING_DOWN|SETUP=TREND_PULLBACK|GRADE=A+|SESSION=LDN|BIAS=ALIGNED|BOS=ALIGNED|LOC=LOCATION_RESET_PENDING|EXH=EXHAUSTION_MODERATE|TIM=TIMING_WAIT_PULLBACK|HTF=HTF_TRANSITIONING|STRUCT=STRUCTURE_SUPPORTS|PRESS=PRESSURE_TRANSITIONING|ACTION=TRANSITION_WATCH,4330.21,0.33,4345.47,15.26263,503.67,21.0,0.03122,ANP_NONE,-1,-1,LOCATION_RESET_PENDING,EXHAUSTION_MODERATE,TIMING_WAIT_PULLBACK,HTF_TRANSITIONING,STRUCTURE_SUPPORTS,PRESSURE_TRANSITIONING,TRANSITION_WATCH,4327.77,80.52,192.39,-58.41,0.3819762940020251,0.15986657930788015,WIN,PROFIT_CLOSE | EA_MARKET_CLOSE | bestFloating=192.39 shieldArmed=N,WIN,v6.25.24,v62524-replay-consolidated-root-repair-20260722,V62524_M10_90D_20260422_20260721_RUN1,ENTRY_DATA_PRESENT
160,2026-06-09 10:02:33,2026-06-09 10:26:34,TRAIN_60D,CORE,76,CORE|BAR=1780998600|GEN=4409,XAUUSD,SELL,TREND_PULLBACK,A+,1,LDN,10,TB2|ROLE=CORE|EXEC=SELL|DECISION=SELL|ORIG=SELL|INV=N|REGIME=REGIME_TRENDING_DOWN|SETUP=TREND_PULLBACK|GRADE=A+|SESSION=LDN|BIAS=ALIGNED|BOS=ALIGNED|LOC=LOCATION_RESET_PENDING|EXH=EXHAUSTION_MODERATE|TIM=TIMING_WAIT_PULLBACK|HTF=HTF_TRANSITIONING|STRUCT=STRUCTURE_STRONGLY_SUPPORTS|PRESS=PRESSURE_TRANSITIONING|ACTION=TRANSITION_WATCH,4331.26,0.43,4343.21,11.95046,513.87,16.0,0.02503,ANP_NONE,-1,-1,LOCATION_RESET_PENDING,EXHAUSTION_MODERATE,TIMING_WAIT_PULLBACK,HTF_TRANSITIONING,STRUCTURE_STRONGLY_SUPPORTS,PRESSURE_TRANSITIONING,TRANSITION_WATCH,4330.53,31.39,345.72,-161.25,0.6727771615389107,0.06108548854768716,WEAK_RECOVERY_WIN,SL_MOD:GENERAL_10M_EXTENSION_RESTORE_ORIGINAL_SL | sl=4343.21 | spread=16 avgSpread=10.4 | trade=TREND_PULLBACK [A+] | EA_MARKET_CLOSE | bestFloating=345.72 shieldArmed=N,WIN,v6.25.24,v62524-replay-consolidated-root-repair-20260722,V62524_M10_90D_20260422_20260721_RUN1,ENTRY_DATA_PRESENT
162,2026-06-09 12:42:33,2026-06-09 13:06:57,TRAIN_60D,CORE,77,CORE|BAR=1781008200|GEN=4425,XAUUSD,SELL,TREND_PULLBACK,A+,1,LDN,12,TB2|ROLE=CORE|EXEC=SELL|DECISION=SELL|ORIG=SELL|INV=N|REGIME=REGIME_TRENDING_DOWN|SETUP=TREND_PULLBACK|GRADE=A+|SESSION=LDN|BIAS=ALIGNED|BOS=ALIGNED|LOC=LOCATION_RESET_PENDING|EXH=EXHAUSTION_MODERATE|TIM=TIMING_WAIT_PULLBACK|HTF=HTF_TRANSITIONING|STRUCT=STRUCTURE_SUPPORTS|PRESS=PRESSURE_TRANSITIONING|ACTION=TRANSITION_WATCH,4328.92,0.52,4338.75,9.83091,511.21,17.0,0.02622,ANP_NONE,-1,-1,LOCATION_RESET_PENDING,EXHAUSTION_MODERATE,TIMING_WAIT_PULLBACK,HTF_TRANSITIONING,STRUCTURE_SUPPORTS,PRESSURE_TRANSITIONING,TRANSITION_WATCH,4327.7,63.44,189.28,-255.32,0.37025879775434756,0.12409772891766593,WEAK_RECOVERY_WIN,PROFIT_CLOSE | EA_MARKET_CLOSE | bestFloating=189.28 shieldArmed=N,WIN,v6.25.24,v62524-replay-consolidated-root-repair-20260722,V62524_M10_90D_20260422_20260721_RUN1,ENTRY_DATA_PRESENT
164,2026-06-10 09:52:33,2026-06-10 11:04:02,TRAIN_60D,CORE,78,CORE|BAR=1781084400|GEN=4540,XAUUSD,BUY,M10_ORIGINATED_CANDIDATE,A,1,LDN,9,TB2|ROLE=CORE|EXEC=BUY|DECISION=BUY|ORIG=BUY|INV=N|REGIME=REGIME_TRENDING_DOWN|SETUP=M10_ORIGINATED_CANDIDATE|GRADE=A|SESSION=LDN|BIAS=OPPOSED|BOS=OPPOSED|LOC=LOCATION_LATE|EXH=EXHAUSTION_RESET_CONFIRMED|TIM=TIMING_WAIT_CONFIRMATION|HTF=HTF_TRANSITIONING|STRUCT=STRUCTURE_OPPOSES|PRESS=PRESSURE_TRANSITIONING|ACTION=TRANSITION_WATCH,4205.84,0.13,4165.57,40.26549,523.45,17.0,0.02209,ANP_NONE,-1,-1,LOCATION_LATE,EXHAUSTION_RESET_CONFIRMED,TIMING_WAIT_CONFIRMATION,HTF_TRANSITIONING,STRUCTURE_OPPOSES,PRESSURE_TRANSITIONING,TRANSITION_WATCH,4165.26,-527.54,27.82,-521.56,0.05314738752507402,-1.00781354475117,LOSS,BROKER_SL | bestFloating=27.82 shieldArmed=N,LOSS,v6.25.24,v62524-replay-consolidated-root-repair-20260722,V62524_M10_90D_20260422_20260721_RUN1,ENTRY_DATA_PRESENT
166,2026-06-11 12:12:30,2026-06-11 15:23:55,TRAIN_60D,CORE,79,CORE|BAR=1781179200|GEN=4686,XAUUSD,SELL,TREND_PULLBACK,A+,1,LDN,12,TB2|ROLE=CORE|EXEC=SELL|DECISION=SELL|ORIG=SELL|INV=N|REGIME=REGIME_TRENDING_DOWN|SETUP=TREND_PULLBACK|GRADE=A+|SESSION=LDN|BIAS=ALIGNED|BOS=ALIGNED|LOC=LOCATION_LATE|EXH=EXHAUSTION_MODERATE|TIM=TIMING_WAIT_PULLBACK|HTF=HTF_TRANSITIONING|STRUCT=STRUCTURE_SUPPORTS|PRESS=PRESSURE_TRANSITIONING|ACTION=TRANSITION_WATCH,4084.36,0.13,4119.71,35.34669,459.51,17.0,0.02169,ANP_NONE,-1,-1,LOCATION_LATE,EXHAUSTION_MODERATE,TIMING_WAIT_PULLBACK,HTF_TRANSITIONING,STRUCTURE_SUPPORTS,PRESSURE_TRANSITIONING,TRANSITION_WATCH,4066.99,225.81,295.75,-160.55,0.6436203782289831,0.49141476790494226,WIN,PROFIT_CLOSE | EA_MARKET_CLOSE | bestFloating=295.75 shieldArmed=N,WIN,v6.25.24,v62524-replay-consolidated-root-repair-20260722,V62524_M10_90D_20260422_20260721_RUN1,ENTRY_DATA_PRESENT
168,2026-06-12 04:52:30,2026-06-12 08:40:45,TRAIN_60D,CORE,80,CORE|BAR=1781239200|GEN=4774,XAUUSD,SELL,M10_ORIGINATED_CANDIDATE,A,0,ASIA,4,TB2|ROLE=CORE|EXEC=SELL|DECISION=SELL|ORIG=SELL|INV=N|REGIME=REGIME_TRENDING_UP|SETUP=M10_ORIGINATED_CANDIDATE|GRADE=A|SESSION=ASIA|BIAS=OPPOSED|BOS=OPPOSED|LOC=LOCATION_RESET_PENDING|EXH=EXHAUSTION_RESET_CONFIRMED|TIM=TIMING_WAIT_CONFIRMATION|HTF=HTF_TRANSITIONING|STRUCT=STRUCTURE_OPPOSES|PRESS=PRESSURE_TRANSITIONING|ACTION=TRANSITION_WATCH,4189.96,0.17,4217.51,27.5508,468.36,21.0,0.01608,ANP_NONE,1,1,LOCATION_RESET_PENDING,EXHAUSTION_RESET_CONFIRMED,TIMING_WAIT_CONFIRMATION,HTF_TRANSITIONING,STRUCTURE_OPPOSES,PRESSURE_TRANSITIONING,TRANSITION_WATCH,4178.1,201.62,292.91,-258.4,0.6253949953027585,0.4304808267144931,WIN,SL_MOD:OWNER_R_EXIT_FLOOR | sl=4178.07 | spread=17 avgSpread=16.5 | trade=M10_ORIGINATED_CANDIDATE [A] | BROKER_SL | bestFloating=292.91 shieldArmed=N,WIN,v6.25.24,v62524-replay-consolidated-root-repair-20260722,V62524_M10_90D_20260422_20260721_RUN1,ENTRY_DATA_PRESENT
170,2026-06-12 15:42:30,2026-06-12 16:12:11,TRAIN_60D,CORE,81,CORE|BAR=1781278200|GEN=4839,XAUUSD,SELL,TREND_PULLBACK,B,0,NY,15,TB2|ROLE=CORE|EXEC=SELL|DECISION=SELL|ORIG=SELL|INV=N|REGIME=REGIME_TRENDING_UP|SETUP=TREND_PULLBACK|GRADE=B|SESSION=NY|BIAS=OPPOSED|BOS=OPPOSED|LOC=LOCATION_RESET_PENDING|EXH=EXHAUSTION_MODERATE|TIM=TIMING_WAIT_PULLBACK|HTF=HTF_TRANSITIONING|STRUCT=STRUCTURE_OPPOSES|PRESS=PRESSURE_TRANSITIONING|ACTION=TRANSITION_WATCH,4196.89,0.21,4220.62,23.72606,498.25,17.0,0.02021,ANP_NONE,1,1,LOCATION_RESET_PENDING,EXHAUSTION_MODERATE,TIMING_WAIT_PULLBACK,HTF_TRANSITIONING,STRUCTURE_OPPOSES,PRESSURE_TRANSITIONING,TRANSITION_WATCH,4196.58,6.51,214.2,-94.08,0.42990466633216257,0.013065730055193176,WEAK_RECOVERY_WIN,PROFIT_CLOSE | EA_MARKET_CLOSE | bestFloating=214.20 shieldArmed=N,WIN,v6.25.24,v62524-replay-consolidated-root-repair-20260722,V62524_M10_90D_20260422_20260721_RUN1,ENTRY_DATA_PRESENT
172,2026-06-12 18:12:33,2026-06-12 18:38:36,TRAIN_60D,CORE,82,CORE|BAR=1781287200|GEN=4854,XAUUSD,BUY,TREND_PULLBACK,A,0,LATE,18,TB2|ROLE=CORE|EXEC=BUY|DECISION=BUY|ORIG=BUY|INV=N|REGIME=REGIME_TRENDING_UP|SETUP=TREND_PULLBACK|GRADE=A|SESSION=LATE|BIAS=ALIGNED|BOS=ALIGNED|LOC=LOCATION_GOOD|EXH=EXHAUSTION_HIGH|TIM=TIMING_READY|HTF=HTF_NEUTRAL|STRUCT=STRUCTURE_SUPPORTS|PRESS=PRESSURE_BALANCED|ACTION=ALLOW_CORE,4210.27,0.12,4168.07,42.19941,506.39,17.0,0.0124,ANP_NONE,1,1,LOCATION_GOOD,EXHAUSTION_HIGH,TIMING_READY,HTF_NEUTRAL,STRUCTURE_SUPPORTS,PRESSURE_BALANCED,ALLOW_CORE,4219.36,109.08,303.84,-16.32,0.6000118485752088,0.21540709729655008,WIN,SL_MOD:GENERAL_10M_EXTENSION_RESTORE_ORIGINAL_SL | sl=4168.07 | spread=14 avgSpread=17.5 | trade=TREND_PULLBACK [A] | EA_MARKET_CLOSE | bestFloating=303.84 shieldArmed=N,WIN,v6.25.24,v62524-replay-consolidated-root-repair-20260722,V62524_M10_90D_20260422_20260721_RUN1,ENTRY_DATA_PRESENT
174,2026-06-15 10:42:33,2026-06-15 10:54:59,TRAIN_60D,CORE,83,CORE|BAR=1781519400|GEN=4923,XAUUSD,BUY,TREND_PULLBACK,A,0,FIX,10,TB2|ROLE=CORE|EXEC=BUY|DECISION=BUY|ORIG=BUY|INV=N|REGIME=REGIME_TRENDING_UP|SETUP=TREND_PULLBACK|GRADE=A|SESSION=FIX|BIAS=ALIGNED|BOS=ALIGNED|LOC=LOCATION_LATE|EXH=EXHAUSTION_MODERATE|TIM=TIMING_READY|HTF=HTF_NEUTRAL|STRUCT=STRUCTURE_SUPPORTS|PRESS=BUY_PRESSURE_MODERATE|ACTION=ALLOW_SCALP,4314.9,0.28,4296.71,18.19106,509.35,17.0,0.02407,ANP_NONE,1,1,LOCATION_LATE,EXHAUSTION_MODERATE,TIMING_READY,HTF_NEUTRAL,STRUCTURE_SUPPORTS,BUY_PRESSURE_MODERATE,ALLOW_SCALP,4322.91,224.28,218.68,-62.72,0.4293315009325611,0.44032590556591733,WIN,SL_MOD:BASKET_050R_RESTORE_ORIGINAL_SL | sl=4308.66 | spread=4 avgSpread=15.4 | trade=TREND_PULLBACK [A] | EA_MARKET_CLOSE | EA_MARKET_CLOSE | bestFloating=218.68 shieldArmed=N,WIN,v6.25.24,v62524-replay-consolidated-root-repair-20260722,V62524_M10_90D_20260422_20260721_RUN1,ENTRY_DATA_PRESENT
175,2026-06-15 10:54:48,2026-06-15 10:54:59,TRAIN_60D,PYRAMID,83,CAMP-83|BUY|ADD1|BAR1781520000,XAUUSD,BUY,PYRAMID_TWO_GATE,PYRAMID,0,FIX,10,TB2|ROLE=PYRAMID|DIR=BUY|REGIME=TREND_UP|SESSION=FIX|ADD=1|TIM=TIMING_READY|MOVE=MOVE_065_109|EXH=EXH_MODERATE|HTF=HTF_NEUTRAL|STRUCT=STRUCTURE_STRONGLY_SUPPORTS|PRESS=PRESSURE_BALANCED,4322.0,0.39,4308.66,13.34087,520.3,4.0,0.00567,ANP_NONE,0,1,LOCATION_LATE,EXH_MODERATE,TIMING_READY,HTF_NEUTRAL,STRUCTURE_STRONGLY_SUPPORTS,PRESSURE_BALANCED,PYRAMID_TIMING_PLUS_EXHAUSTION_APPROVED,4322.91,35.49,27.69,0.0,0.053219296559677116,0.06821064770324814,WIN,SL_MOD:BASKET_050R_RESTORE_ORIGINAL_SL | sl=4308.66 | spread=4 avgSpread=15.4 | trade=TREND_PULLBACK [A] | EA_MARKET_CLOSE | bestFloating=27.69 shieldArmed=N,WIN,v6.25.24,v62524-replay-consolidated-root-repair-20260722,V62524_M10_90D_20260422_20260721_RUN1,ENTRY_DATA_PRESENT
178,2026-06-16 04:22:33,2026-06-16 04:48:27,TRAIN_60D,CORE,84,CORE|BAR=1781583000|GEN=5017,XAUUSD,BUY,M10_ORIGINATED_CANDIDATE,A+,0,ASIA,4,TB2|ROLE=CORE|EXEC=BUY|DECISION=BUY|ORIG=BUY|INV=N|REGIME=REGIME_TRENDING_UP|SETUP=M10_ORIGINATED_CANDIDATE|GRADE=A+|SESSION=ASIA|BIAS=ALIGNED|BOS=ALIGNED|LOC=LOCATION_LATE|EXH=EXHAUSTION_RESET_CONFIRMED|TIM=TIMING_WAIT_CONFIRMATION|HTF=HTF_TRANSITIONING|STRUCT=STRUCTURE_SUPPORTS|PRESS=PRESSURE_TRANSITIONING|ACTION=TRANSITION_WATCH,4319.12,0.35,4303.41,15.71156,549.91,17.0,0.03099,ANP_NONE,1,1,LOCATION_LATE,EXHAUSTION_RESET_CONFIRMED,TIMING_WAIT_CONFIRMATION,HTF_TRANSITIONING,STRUCTURE_SUPPORTS,PRESSURE_TRANSITIONING,TRANSITION_WATCH,4319.27,5.25,171.15,-201.95,0.31123274717681076,0.009547016784564747,WEAK_RECOVERY_WIN,PROFIT_CLOSE | EA_MARKET_CLOSE | bestFloating=171.15 shieldArmed=N,WIN,v6.25.24,v62524-replay-consolidated-root-repair-20260722,V62524_M10_90D_20260422_20260721_RUN1,ENTRY_DATA_PRESENT
180,2026-06-16 06:02:33,2026-06-16 06:47:13,TRAIN_60D,CORE,85,CORE|BAR=1781589000|GEN=5027,XAUUSD,BUY,M10_ORIGINATED_CANDIDATE,A+,0,ASIA,6,TB2|ROLE=CORE|EXEC=BUY|DECISION=BUY|ORIG=BUY|INV=N|REGIME=REGIME_TRENDING_UP|SETUP=M10_ORIGINATED_CANDIDATE|GRADE=A+|SESSION=ASIA|BIAS=ALIGNED|BOS=ALIGNED|LOC=LOCATION_LATE|EXH=EXHAUSTION_RESET_CONFIRMED|TIM=TIMING_WAIT_RECLAIM|HTF=HTF_TRANSITIONING|STRUCT=STRUCTURE_SUPPORTS|PRESS=PRESSURE_TRANSITIONING|ACTION=TRANSITION_WATCH,4319.19,0.44,4306.64,12.54857,552.14,17.0,0.0278,ANP_NONE,1,1,LOCATION_LATE,EXHAUSTION_RESET_CONFIRMED,TIMING_WAIT_RECLAIM,HTF_TRANSITIONING,STRUCTURE_SUPPORTS,PRESSURE_TRANSITIONING,TRANSITION_WATCH,4332.69,594.0,605.44,-166.76,1.096533487883508,1.075814105118267,WIN,SL_MOD:GENERAL_10M_EXTENSION_RESTORE_ORIGINAL_SL | sl=4306.64 | spread=17 avgSpread=17.0 | trade=M10_ORIGINATED_CANDIDATE [A+] | EA_MARKET_CLOSE | bestFloating=605.44 shieldArmed=N,WIN,v6.25.24,v62524-replay-consolidated-root-repair-20260722,V62524_M10_90D_20260422_20260721_RUN1,ENTRY_DATA_PRESENT
182,2026-06-16 10:02:33,2026-06-16 10:17:11,TRAIN_60D,CORE,86,CORE|BAR=1781603400|GEN=5051,XAUUSD,BUY,TREND_PULLBACK,A+,0,LDN,10,TB2|ROLE=CORE|EXEC=BUY|DECISION=BUY|ORIG=BUY|INV=N|REGIME=REGIME_TRENDING_UP|SETUP=TREND_PULLBACK|GRADE=A+|SESSION=LDN|BIAS=ALIGNED|BOS=ALIGNED|LOC=LOCATION_LATE|EXH=EXHAUSTION_MODERATE|TIM=TIMING_READY|HTF=HTF_NEUTRAL|STRUCT=STRUCTURE_STRONGLY_SUPPORTS|PRESS=BUY_PRESSURE_MODERATE|ACTION=ALLOW_SCALP,4323.15,0.52,4311.39,11.76099,611.57,12.0,0.02276,ANP_NONE,1,1,LOCATION_LATE,EXHAUSTION_MODERATE,TIMING_READY,HTF_NEUTRAL,STRUCTURE_STRONGLY_SUPPORTS,BUY_PRESSURE_MODERATE,ALLOW_SCALP,4327.64,233.48,278.72,-27.04,0.45574504962637147,0.3817715061235835,WIN,SL_MOD:GENERAL_10M_EXTENSION_RESTORE_ORIGINAL_SL | sl=4311.39 | spread=13 avgSpread=12.8 | trade=TREND_PULLBACK [A+] | EA_MARKET_CLOSE | bestFloating=278.72 shieldArmed=N,WIN,v6.25.24,v62524-replay-consolidated-root-repair-20260722,V62524_M10_90D_20260422_20260721_RUN1,ENTRY_DATA_PRESENT
184,2026-06-16 10:22:33,2026-06-16 10:31:06,TRAIN_60D,CORE,87,CORE|BAR=1781604600|GEN=5053,XAUUSD,BUY,TREND_PULLBACK,A+,0,FIX,10,TB2|ROLE=CORE|EXEC=BUY|DECISION=BUY|ORIG=BUY|INV=N|REGIME=REGIME_TRENDING_UP|SETUP=TREND_PULLBACK|GRADE=A+|SESSION=FIX|BIAS=ALIGNED|BOS=ALIGNED|LOC=LOCATION_ACCEPTABLE|EXH=EXHAUSTION_MODERATE|TIM=TIMING_READY|HTF=HTF_NEUTRAL|STRUCT=STRUCTURE_STRONGLY_SUPPORTS|PRESS=BUY_PRESSURE_STRONG|ACTION=ALLOW_CORE,4325.25,0.44,4310.93,14.31583,629.9,12.0,0.02196,ANP_NONE,1,1,LOCATION_ACCEPTABLE,EXHAUSTION_MODERATE,TIMING_READY,HTF_NEUTRAL,STRUCTURE_STRONGLY_SUPPORTS,BUY_PRESSURE_STRONG,ALLOW_CORE,4331.92,293.48,284.68,-44.44,0.4519447531354183,0.4659152246388316,WIN,SL_MOD:BASKET_050R_RESTORE_ORIGINAL_SL | sl=4309.83 | spread=13 avgSpread=11.7 | trade=TREND_PULLBACK [A+] | EA_MARKET_CLOSE | EA_MARKET_CLOSE | bestFloating=284.68 shieldArmed=N,WIN,v6.25.24,v62524-replay-consolidated-root-repair-20260722,V62524_M10_90D_20260422_20260721_RUN1,ENTRY_DATA_PRESENT
185,2026-06-16 10:31:05,2026-06-16 10:31:06,TRAIN_60D,PYRAMID,87,CAMP-87|BUY|ADD1|BAR1781605200,XAUUSD,BUY,PYRAMID_TWO_GATE,PYRAMID,0,FIX,10,TB2|ROLE=PYRAMID|DIR=BUY|REGIME=TREND_UP|SESSION=FIX|ADD=1|TIM=TIMING_READY|MOVE=MOVE_065_109|EXH=EXH_MODERATE|HTF=HTF_NEUTRAL|STRUCT=STRUCTURE_SUPPORTS|PRESS=BUY_PRESSURE_STRONG,4330.85,0.3,4309.83,21.0159,630.48,13.0,0.02428,ANP_NONE,0,1,LOCATION_ACCEPTABLE,EXH_MODERATE,TIMING_READY,HTF_NEUTRAL,STRUCTURE_SUPPORTS,BUY_PRESSURE_STRONG,PYRAMID_TIMING_PLUS_EXHAUSTION_APPROVED,4331.92,32.1,26.1,-5.7,0.04139703083365055,0.05091358964598401,WIN,SL_MOD:BASKET_050R_RESTORE_ORIGINAL_SL | sl=4309.83 | spread=13 avgSpread=11.7 | trade=TREND_PULLBACK [A+] | EA_MARKET_CLOSE | bestFloating=26.10 shieldArmed=N,WIN,v6.25.24,v62524-replay-consolidated-root-repair-20260722,V62524_M10_90D_20260422_20260721_RUN1,ENTRY_DATA_PRESENT
188,2026-06-16 10:52:33,2026-06-16 11:09:57,TRAIN_60D,CORE,88,CORE|BAR=1781606400|GEN=5056,XAUUSD,BUY,TREND_PULLBACK,A+,0,FIX,10,TB2|ROLE=CORE|EXEC=BUY|DECISION=BUY|ORIG=BUY|INV=N|REGIME=REGIME_TRENDING_UP|SETUP=TREND_PULLBACK|GRADE=A+|SESSION=FIX|BIAS=ALIGNED|BOS=ALIGNED|LOC=LOCATION_GOOD|EXH=EXHAUSTION_MODERATE|TIM=TIMING_READY|HTF=HTF_NEUTRAL|STRUCT=STRUCTURE_SUPPORTS|PRESS=BUY_PRESSURE_STRONG|ACTION=ALLOW_CORE,4332.93,0.58,4321.47,11.46197,664.8,13.0,0.02263,ANP_NONE,1,1,LOCATION_GOOD,EXHAUSTION_MODERATE,TIMING_READY,HTF_NEUTRAL,STRUCTURE_SUPPORTS,BUY_PRESSURE_STRONG,ALLOW_CORE,4338.57,327.12,323.64,-101.5,0.48682310469314083,0.49205776173285204,WIN,SL_MOD:BASKET_050R_RESTORE_ORIGINAL_SL | sl=4321.47 | spread=13 avgSpread=11.3 | trade=TREND_PULLBACK [A+] | EA_MARKET_CLOSE | bestFloating=323.64 shieldArmed=N,WIN,v6.25.24,v62524-replay-consolidated-root-repair-20260722,V62524_M10_90D_20260422_20260721_RUN1,ENTRY_DATA_PRESENT
189,2026-06-16 11:09:55,2026-06-16 11:09:57,TRAIN_60D,PYRAMID,88,CAMP-88|BUY|ADD1|BAR1781607000,XAUUSD,BUY,PYRAMID_TWO_GATE,PYRAMID,0,LDN,11,TB2|ROLE=PYRAMID|DIR=BUY|REGIME=TREND_UP|SESSION=LDN|ADD=1|TIM=TIMING_READY|MOVE=MOVE_065_109|EXH=EXH_MODERATE|HTF=HTF_NEUTRAL|STRUCT=STRUCTURE_SUPPORTS|PRESS=BUY_PRESSURE_STRONG,4338.31,0.37,4320.47,17.8362,659.94,13.0,0.02457,ANP_NONE,0,1,LOCATION_ACCEPTABLE,EXH_MODERATE,TIMING_READY,HTF_NEUTRAL,STRUCTURE_SUPPORTS,BUY_PRESSURE_STRONG,PYRAMID_TIMING_PLUS_EXHAUSTION_APPROVED,4338.57,9.62,7.4,0.0,0.011213140588538352,0.014577082765099855,WIN,SL_MOD:BASKET_050R_RESTORE_ORIGINAL_SL | sl=4320.47 | spread=13 avgSpread=11.3 | trade=TREND_PULLBACK [A+] | EA_MARKET_CLOSE | bestFloating=7.40 shieldArmed=N,WIN,v6.25.24,v62524-replay-consolidated-root-repair-20260722,V62524_M10_90D_20260422_20260721_RUN1,ENTRY_DATA_PRESENT
192,2026-06-16 11:22:33,2026-06-16 11:59:23,TRAIN_60D,CORE,89,CORE|BAR=1781608200|GEN=5059,XAUUSD,BUY,TREND_PULLBACK,A+,0,LDN,11,TB2|ROLE=CORE|EXEC=BUY|DECISION=BUY|ORIG=BUY|INV=N|REGIME=REGIME_TRENDING_UP|SETUP=TREND_PULLBACK|GRADE=A+|SESSION=LDN|BIAS=ALIGNED|BOS=ALIGNED|LOC=LOCATION_ACCEPTABLE|EXH=EXHAUSTION_MODERATE|TIM=TIMING_READY|HTF=HTF_NEUTRAL|STRUCT=STRUCTURE_SUPPORTS|PRESS=BUY_PRESSURE_STRONG|ACTION=ALLOW_CORE,4338.53,0.38,4320.42,18.10894,688.14,11.0,0.0206,ANP_NONE,1,1,LOCATION_ACCEPTABLE,EXHAUSTION_MODERATE,TIMING_READY,HTF_NEUTRAL,STRUCTURE_SUPPORTS,BUY_PRESSURE_STRONG,ALLOW_CORE,4346.27,294.12,292.6,-21.66,0.4252041735693319,0.42741302641904266,WIN,SL_MOD:BASKET_050R_RESTORE_ORIGINAL_SL | sl=4319.25 | spread=13 avgSpread=11.4 | trade=TREND_PULLBACK [A+] | EA_MARKET_CLOSE | EA_MARKET_CLOSE | bestFloating=292.60 shieldArmed=N,WIN,v6.25.24,v62524-replay-consolidated-root-repair-20260722,V62524_M10_90D_20260422_20260721_RUN1,ENTRY_DATA_PRESENT
193,2026-06-16 11:42:54,2026-06-16 11:59:23,TRAIN_60D,PYRAMID,89,CAMP-89|BUY|ADD1|BAR1781609400,XAUUSD,BUY,PYRAMID_TWO_GATE,PYRAMID,0,LDN,11,TB2|ROLE=PYRAMID|DIR=BUY|REGIME=TREND_UP|SESSION=LDN|ADD=1|TIM=TIMING_READY|MOVE=MOVE_065_109|EXH=EXH_MODERATE|HTF=HTF_NEUTRAL|STRUCT=STRUCTURE_SUPPORTS|PRESS=BUY_PRESSURE_STRONG,4344.36,0.27,4319.25,25.11266,678.04,13.0,0.02416,ANP_NONE,0,1,LOCATION_GOOD,EXH_MODERATE,TIMING_READY,HTF_NEUTRAL,STRUCTURE_SUPPORTS,BUY_PRESSURE_STRONG,PYRAMID_TIMING_PLUS_EXHAUSTION_APPROVED,4346.27,51.57,50.49,-93.42,0.07446463335496431,0.07605745973688868,WEAK_RECOVERY_WIN,SL_MOD:BASKET_050R_RESTORE_ORIGINAL_SL | sl=4319.25 | spread=13 avgSpread=11.4 | trade=TREND_PULLBACK [A+] | EA_MARKET_CLOSE | bestFloating=50.49 shieldArmed=N,WIN,v6.25.24,v62524-replay-consolidated-root-repair-20260722,V62524_M10_90D_20260422_20260721_RUN1,ENTRY_DATA_PRESENT
196,2026-06-16 12:12:33,2026-06-16 17:27:54,TRAIN_60D,CORE,90,CORE|BAR=1781611200|GEN=5064,XAUUSD,BUY,SQUEEZE_RELEASE,A+,0,LDN,12,TB2|ROLE=CORE|EXEC=BUY|DECISION=BUY|ORIG=BUY|INV=N|REGIME=REGIME_TRENDING_UP|SETUP=SQUEEZE_RELEASE|GRADE=A+|SESSION=LDN|BIAS=ALIGNED|BOS=ALIGNED|LOC=LOCATION_GOOD|EXH=EXHAUSTION_MODERATE|TIM=TIMING_READY|HTF=HTF_NEUTRAL|STRUCT=STRUCTURE_SUPPORTS|PRESS=BUY_PRESSURE_STRONG|ACTION=ALLOW_CORE,4347.45,0.25,4318.59,28.85884,721.47,13.0,0.02324,ANP_NONE,1,1,LOCATION_GOOD,EXHAUSTION_MODERATE,TIMING_READY,HTF_NEUTRAL,STRUCTURE_SUPPORTS,BUY_PRESSURE_STRONG,ALLOW_CORE,4318.55,-722.5,187.5,-714.5,0.25988606594868807,-1.0014276407889449,APLUS_GIVEBACK_LOSS,BROKER_SL | bestFloating=187.50 shieldArmed=N,LOSS,v6.25.24,v62524-replay-consolidated-root-repair-20260722,V62524_M10_90D_20260422_20260721_RUN1,ENTRY_DATA_PRESENT
198,2026-06-17 03:12:33,2026-06-17 04:14:14,TRAIN_60D,CORE,91,CORE|BAR=1781665200|GEN=5142,XAUUSD,BUY,TREND_PULLBACK,A,0,ASIA,3,TB2|ROLE=CORE|EXEC=BUY|DECISION=BUY|ORIG=BUY|INV=N|REGIME=REGIME_TRENDING_UP|SETUP=TREND_PULLBACK|GRADE=A|SESSION=ASIA|BIAS=ALIGNED|BOS=ALIGNED|LOC=LOCATION_LATE|EXH=EXHAUSTION_HIGH|TIM=TIMING_WAIT_PULLBACK|HTF=HTF_TRANSITIONING|STRUCT=STRUCTURE_SUPPORTS|PRESS=PRESSURE_TRANSITIONING|ACTION=TRANSITION_WATCH,4338.65,0.53,4326.22,12.43256,658.93,8.0,0.01845,ANP_NONE,1,1,LOCATION_LATE,EXHAUSTION_HIGH,TIMING_WAIT_PULLBACK,HTF_TRANSITIONING,STRUCTURE_SUPPORTS,PRESSURE_TRANSITIONING,TRANSITION_WATCH,4348.09,500.32,595.19,-334.96,0.903267418390421,0.759291578771645,WIN,SL_MOD:GENERAL_10M_EXTENSION_RESTORE_ORIGINAL_SL | sl=4326.22 | spread=17 avgSpread=13.5 | trade=TREND_PULLBACK [A] | EA_MARKET_CLOSE | bestFloating=595.19 shieldArmed=N,WIN,v6.25.24,v62524-replay-consolidated-root-repair-20260722,V62524_M10_90D_20260422_20260721_RUN1,ENTRY_DATA_PRESENT
200,2026-06-17 12:52:30,2026-06-17 13:59:02,TRAIN_60D,CORE,92,CORE|BAR=1781700000|GEN=5200,XAUUSD,BUY,M10_ORIGINATED_CANDIDATE,A+,0,LDN,12,TB2|ROLE=CORE|EXEC=BUY|DECISION=BUY|ORIG=BUY|INV=N|REGIME=REGIME_TRENDING_UP|SETUP=M10_ORIGINATED_CANDIDATE|GRADE=A+|SESSION=LDN|BIAS=ALIGNED|BOS=ALIGNED|LOC=LOCATION_RESET_PENDING|EXH=EXHAUSTION_RESET_CONFIRMED|TIM=TIMING_WAIT_CONFIRMATION|HTF=HTF_TRANSITIONING|STRUCT=STRUCTURE_STRONGLY_SUPPORTS|PRESS=PRESSURE_TRANSITIONING|ACTION=TRANSITION_WATCH,4328.2,0.52,4314.48,13.72324,713.61,13.0,0.02419,ANP_NONE,1,1,LOCATION_RESET_PENDING,EXHAUSTION_RESET_CONFIRMED,TIMING_WAIT_CONFIRMATION,HTF_TRANSITIONING,STRUCTURE_STRONGLY_SUPPORTS,PRESSURE_TRANSITIONING,TRANSITION_WATCH,4331.32,162.24,362.96,-98.8,0.5086251594007931,0.22735107411611385,WIN,SL_MOD:GENERAL_10M_EXTENSION_RESTORE_ORIGINAL_SL | sl=4314.48 | spread=13 avgSpread=12.0 | trade=M10_ORIGINATED_CANDIDATE [A+] | EA_MARKET_CLOSE | bestFloating=362.96 shieldArmed=N,WIN,v6.25.24,v62524-replay-consolidated-root-repair-20260722,V62524_M10_90D_20260422_20260721_RUN1,ENTRY_DATA_PRESENT
202,2026-06-18 03:02:33,2026-06-18 03:15:18,TRAIN_60D,CORE,93,CORE|BAR=1781751000|GEN=5273,XAUUSD,BUY,M10_ORIGINATED_CANDIDATE,B,1,ASIA,3,TB2|ROLE=CORE|EXEC=BUY|DECISION=BUY|ORIG=BUY|INV=N|REGIME=REGIME_TRENDING_DOWN|SETUP=M10_ORIGINATED_CANDIDATE|GRADE=B|SESSION=ASIA|BIAS=OPPOSED|BOS=OPPOSED|LOC=LOCATION_RESET_PENDING|EXH=EXHAUSTION_RESET_CONFIRMED|TIM=TIMING_WAIT_CONFIRMATION|HTF=HTF_TRANSITIONING|STRUCT=STRUCTURE_OPPOSES|PRESS=PRESSURE_TRANSITIONING|ACTION=TRANSITION_WATCH,4284.03,0.34,4262.74,21.29181,723.92,17.0,0.01533,ANP_NONE,-1,-1,LOCATION_RESET_PENDING,EXHAUSTION_RESET_CONFIRMED,TIMING_WAIT_CONFIRMATION,HTF_TRANSITIONING,STRUCTURE_OPPOSES,PRESSURE_TRANSITIONING,TRANSITION_WATCH,4299.26,517.82,521.56,-8.16,0.7204663498729141,0.7153000331528346,WIN,SL_MOD:GENERAL_10M_EXTENSION_RESTORE_ORIGINAL_SL | sl=4262.74 | spread=17 avgSpread=16.2 | trade=M10_ORIGINATED_CANDIDATE [B] | EA_MARKET_CLOSE | bestFloating=521.56 shieldArmed=N,WIN,v6.25.24,v62524-replay-consolidated-root-repair-20260722,V62524_M10_90D_20260422_20260721_RUN1,ENTRY_DATA_PRESENT
204,2026-06-18 05:12:33,2026-06-18 05:57:15,TRAIN_60D,CORE,94,CORE|BAR=1781758800|GEN=5286,XAUUSD,BUY,TREND_PULLBACK,B,1,ASIA,5,TB2|ROLE=CORE|EXEC=BUY|DECISION=BUY|ORIG=BUY|INV=N|REGIME=REGIME_TRENDING_DOWN|SETUP=TREND_PULLBACK|GRADE=B|SESSION=ASIA|BIAS=OPPOSED|BOS=OPPOSED|LOC=LOCATION_RESET_PENDING|EXH=EXHAUSTION_RESET_CONFIRMED|TIM=TIMING_WAIT_RECLAIM|HTF=HTF_NEUTRAL|STRUCT=STRUCTURE_OPPOSES|PRESS=BUY_PRESSURE_STRONG|ACTION=OPPOSITE_DISCOVERY,4326.43,0.51,4311.16,15.27116,778.83,11.0,0.0111,ANP_NONE,-1,-1,LOCATION_RESET_PENDING,EXHAUSTION_RESET_CONFIRMED,TIMING_WAIT_RECLAIM,HTF_NEUTRAL,STRUCTURE_OPPOSES,BUY_PRESSURE_STRONG,OPPOSITE_DISCOVERY,4311.15,-779.28,177.48,-776.73,0.2278802819614036,-1.0005777897615653,APLUS_GIVEBACK_LOSS,BROKER_SL | bestFloating=177.48 shieldArmed=N,LOSS,v6.25.24,v62524-replay-consolidated-root-repair-20260722,V62524_M10_90D_20260422_20260721_RUN1,ENTRY_DATA_PRESENT
206,2026-06-18 11:12:30,2026-06-18 11:46:39,TRAIN_60D,CORE,95,CORE|BAR=1781780400|GEN=5322,XAUUSD,SELL,TREND_PULLBACK,B,1,LDN,11,TB2|ROLE=CORE|EXEC=SELL|DECISION=SELL|ORIG=SELL|INV=N|REGIME=REGIME_TRENDING_DOWN|SETUP=TREND_PULLBACK|GRADE=B|SESSION=LDN|BIAS=ALIGNED|BOS=ALIGNED|LOC=LOCATION_EXTREME|EXH=EXHAUSTION_MODERATE|TIM=TIMING_WAIT_PULLBACK|HTF=HTF_TRANSITIONING|STRUCT=STRUCTURE_SUPPORTS|PRESS=PRESSURE_TRANSITIONING|ACTION=TRANSITION_WATCH,4289.23,0.27,4314.85,25.61507,691.61,13.0,0.01702,ANP_NONE,-1,-1,LOCATION_EXTREME,EXHAUSTION_MODERATE,TIMING_WAIT_PULLBACK,HTF_TRANSITIONING,STRUCTURE_SUPPORTS,PRESSURE_TRANSITIONING,TRANSITION_WATCH,4279.2,270.81,316.44,-24.3,0.4575410997527508,0.3915646101126357,WIN,PROFIT_CLOSE | EA_MARKET_CLOSE | bestFloating=316.44 shieldArmed=N,WIN,v6.25.24,v62524-replay-consolidated-root-repair-20260722,V62524_M10_90D_20260422_20260721_RUN1,ENTRY_DATA_PRESENT
208,2026-06-19 10:32:30,2026-06-19 11:08:05,TRAIN_60D,CORE,96,CORE|BAR=1781864400|GEN=5450,XAUUSD,BUY,M10_ORIGINATED_CANDIDATE,B,1,FIX,10,TB2|ROLE=CORE|EXEC=BUY|DECISION=BUY|ORIG=BUY|INV=N|REGIME=REGIME_TRENDING_DOWN|SETUP=M10_ORIGINATED_CANDIDATE|GRADE=B|SESSION=FIX|BIAS=OPPOSED|BOS=OPPOSED|LOC=LOCATION_RESET_PENDING|EXH=EXHAUSTION_RESET_CONFIRMED|TIM=TIMING_WAIT_CONFIRMATION|HTF=HTF_TRANSITIONING|STRUCT=STRUCTURE_OPPOSES|PRESS=PRESSURE_TRANSITIONING|ACTION=TRANSITION_WATCH,4152.69,0.28,4127.36,25.33491,709.38,0.0,0.0,ANP_NONE,-1,-1,LOCATION_RESET_PENDING,EXHAUSTION_RESET_CONFIRMED,TIMING_WAIT_CONFIRMATION,HTF_TRANSITIONING,STRUCTURE_OPPOSES,PRESSURE_TRANSITIONING,TRANSITION_WATCH,4161.07,234.64,297.64,-42.56,0.41957765936451547,0.3307677126504835,WIN,SL_MOD:GENERAL_10M_EXTENSION_RESTORE_ORIGINAL_SL | sl=4127.36 | spread=13 avgSpread=12.0 | trade=M10_ORIGINATED_CANDIDATE [B] | EA_MARKET_CLOSE | bestFloating=297.64 shieldArmed=N,WIN,v6.25.24,v62524-replay-consolidated-root-repair-20260722,V62524_M10_90D_20260422_20260721_RUN1,ENTRY_DATA_PRESENT
210,2026-06-19 12:02:33,2026-06-19 14:01:22,TRAIN_60D,CORE,97,CORE|BAR=1781869800|GEN=5459,XAUUSD,BUY,M10_ORIGINATED_CANDIDATE,B,1,LDN,12,TB2|ROLE=CORE|EXEC=BUY|DECISION=BUY|ORIG=BUY|INV=N|REGIME=REGIME_TRENDING_DOWN|SETUP=M10_ORIGINATED_CANDIDATE|GRADE=B|SESSION=LDN|BIAS=OPPOSED|BOS=OPPOSED|LOC=LOCATION_RESET_PENDING|EXH=EXHAUSTION_RESET_CONFIRMED|TIM=TIMING_WAIT_CONFIRMATION|HTF=HTF_TRANSITIONING|STRUCT=STRUCTURE_OPPOSES|PRESS=PRESSURE_TRANSITIONING|ACTION=TRANSITION_WATCH,4167.98,0.35,4146.88,21.09801,738.43,13.0,0.01609,ANP_NONE,-1,-1,LOCATION_RESET_PENDING,EXHAUSTION_RESET_CONFIRMED,TIMING_WAIT_CONFIRMATION,HTF_TRANSITIONING,STRUCTURE_OPPOSES,PRESSURE_TRANSITIONING,TRANSITION_WATCH,4146.88,-738.5,9.1,-737.45,0.012323442980377287,-1.0000947957152337,LOSS,BROKER_SL | bestFloating=9.10 shieldArmed=N,LOSS,v6.25.24,v62524-replay-consolidated-root-repair-20260722,V62524_M10_90D_20260422_20260721_RUN1,ENTRY_DATA_PRESENT
212,2026-06-19 14:12:33,2026-06-19 15:01:37,TRAIN_60D,CORE,98,CORE|BAR=1781877600|GEN=5472,XAUUSD,SELL,TREND_PULLBACK,A+,1,NY,14,TB2|ROLE=CORE|EXEC=SELL|DECISION=SELL|ORIG=SELL|INV=N|REGIME=REGIME_TRENDING_DOWN|SETUP=TREND_PULLBACK|GRADE=A+|SESSION=NY|BIAS=ALIGNED|BOS=ALIGNED|LOC=LOCATION_ACCEPTABLE|EXH=EXHAUSTION_HIGH|TIM=TIMING_READY|HTF=HTF_NEUTRAL|STRUCT=STRUCTURE_SUPPORTS|PRESS=SELL_PRESSURE_STRONG|ACTION=ALLOW_CORE,4146.63,0.64,4157.23,10.59951,678.37,3.0,0.0056,ANP_NONE,-1,-1,LOCATION_ACCEPTABLE,EXHAUSTION_HIGH,TIMING_READY,HTF_NEUTRAL,STRUCTURE_SUPPORTS,SELL_PRESSURE_STRONG,ALLOW_CORE,4157.35,-686.08,295.04,-673.92,0.43492489349470054,-1.0113654790158764,APLUS_GIVEBACK_LOSS,BROKER_SL | bestFloating=295.04 shieldArmed=N,LOSS,v6.25.24,v62524-replay-consolidated-root-repair-20260722,V62524_M10_90D_20260422_20260721_RUN1,ENTRY_DATA_PRESENT
214,2026-06-19 18:52:33,2026-06-22 01:00:00,TRAIN_60D,CORE,99,CORE|BAR=1781894400|GEN=5500,XAUUSD,BUY,M10_ORIGINATED_CANDIDATE,A,1,LATE,18,TB2|ROLE=CORE|EXEC=BUY|DECISION=BUY|ORIG=BUY|INV=N|REGIME=REGIME_TRENDING_DOWN|SETUP=M10_ORIGINATED_CANDIDATE|GRADE=A|SESSION=LATE|BIAS=OPPOSED|BOS=ALIGNED|LOC=LOCATION_EXCELLENT|EXH=EXHAUSTION_MODERATE|TIM=TIMING_READY|HTF=HTF_NEUTRAL|STRUCT=STRUCTURE_SUPPORTS|PRESS=BUY_PRESSURE_MODERATE|ACTION=ALLOW_CORE,4153.22,0.43,4139.27,13.94614,599.68,13.0,0.02071,ANP_NONE,-1,1,LOCATION_EXCELLENT,EXHAUSTION_MODERATE,TIMING_READY,HTF_NEUTRAL,STRUCTURE_SUPPORTS,BUY_PRESSURE_MODERATE,ALLOW_CORE,4138.9,-621.18,200.81,-380.98,0.33486192636072576,-1.0358524546424759,APLUS_GIVEBACK_LOSS,WEEKEND_CLOSE | BROKER_SL | bestFloating=200.81 shieldArmed=N,LOSS,v6.25.24,v62524-replay-consolidated-root-repair-20260722,V62524_M10_90D_20260422_20260721_RUN1,ENTRY_DATA_PRESENT
216,2026-06-22 03:22:33,2026-06-22 04:05:38,HOLDOUT_30D,CORE,100,CORE|BAR=1782097800|GEN=5521,XAUUSD,BUY,TREND_PULLBACK,B,1,ASIA,3,TB2|ROLE=CORE|EXEC=BUY|DECISION=BUY|ORIG=BUY|INV=N|REGIME=REGIME_TRENDING_DOWN|SETUP=TREND_PULLBACK|GRADE=B|SESSION=ASIA|BIAS=OPPOSED|BOS=ALIGNED|LOC=LOCATION_RESET_PENDING|EXH=EXHAUSTION_MODERATE|TIM=TIMING_WAIT_PULLBACK|HTF=HTF_TRANSITIONING|STRUCT=STRUCTURE_SUPPORTS|PRESS=PRESSURE_TRANSITIONING|ACTION=TRANSITION_WATCH,4162.37,0.16,4129.56,32.8131,525.01,17.0,0.01684,ANP_NONE,-1,1,LOCATION_RESET_PENDING,EXHAUSTION_MODERATE,TIMING_WAIT_PULLBACK,HTF_TRANSITIONING,STRUCTURE_SUPPORTS,PRESSURE_TRANSITIONING,TRANSITION_WATCH,4204.73,677.76,936.64,-7.68,1.784042208719834,1.2909468391078265,WIN,SL_MOD:GENERAL_10M_EXTENSION_RESTORE_ORIGINAL_SL | sl=4129.56 | spread=17 avgSpread=15.0 | trade=TREND_PULLBACK [B] | EA_MARKET_CLOSE | bestFloating=936.64 shieldArmed=N,WIN,v6.25.24,v62524-replay-consolidated-root-repair-20260722,V62524_M10_90D_20260422_20260721_RUN1,ENTRY_DATA_PRESENT
218,2026-06-22 06:12:33,2026-06-22 06:33:10,HOLDOUT_30D,CORE,101,CORE|BAR=1782108000|GEN=5538,XAUUSD,SELL,M10_ORIGINATED_CANDIDATE,A+,1,ASIA,6,TB2|ROLE=CORE|EXEC=SELL|DECISION=SELL|ORIG=SELL|INV=N|REGIME=REGIME_TRENDING_DOWN|SETUP=M10_ORIGINATED_CANDIDATE|GRADE=A+|SESSION=ASIA|BIAS=ALIGNED|BOS=OPPOSED|LOC=LOCATION_RESET_PENDING|EXH=EXHAUSTION_RESET_CONFIRMED|TIM=TIMING_WAIT_CONFIRMATION|HTF=HTF_TRANSITIONING|STRUCT=STRUCTURE_OPPOSES|PRESS=PRESSURE_TRANSITIONING|ACTION=TRANSITION_WATCH,4182.79,0.26,4205.75,22.95904,596.93,22.0,0.02139,ANP_NONE,-1,1,LOCATION_RESET_PENDING,EXHAUSTION_RESET_CONFIRMED,TIMING_WAIT_CONFIRMATION,HTF_TRANSITIONING,STRUCTURE_OPPOSES,PRESSURE_TRANSITIONING,TRANSITION_WATCH,4178.43,113.36,232.96,-8.58,0.39026351498500667,0.18990501398823983,WIN,PROFIT_CLOSE | EA_MARKET_CLOSE | bestFloating=232.96 shieldArmed=N,WIN,v6.25.24,v62524-replay-consolidated-root-repair-20260722,V62524_M10_90D_20260422_20260721_RUN1,ENTRY_DATA_PRESENT
220,2026-06-22 07:42:33,2026-06-22 09:51:21,HOLDOUT_30D,CORE,102,CORE|BAR=1782113400|GEN=5547,XAUUSD,SELL,M10_ORIGINATED_CANDIDATE,A,1,LDN,7,TB2|ROLE=CORE|EXEC=SELL|DECISION=SELL|ORIG=SELL|INV=N|REGIME=REGIME_TRENDING_DOWN|SETUP=M10_ORIGINATED_CANDIDATE|GRADE=A|SESSION=LDN|BIAS=ALIGNED|BOS=OPPOSED|LOC=LOCATION_RESET_PENDING|EXH=EXHAUSTION_RESET_CONFIRMED|TIM=TIMING_WAIT_CONFIRMATION|HTF=HTF_TRANSITIONING|STRUCT=STRUCTURE_OPPOSES|PRESS=PRESSURE_TRANSITIONING|ACTION=TRANSITION_WATCH,4175.78,0.2,4206.51,30.72973,614.59,14.0,0.02083,ANP_NONE,-1,1,LOCATION_RESET_PENDING,EXHAUSTION_RESET_CONFIRMED,TIMING_WAIT_CONFIRMATION,HTF_TRANSITIONING,STRUCTURE_OPPOSES,PRESSURE_TRANSITIONING,TRANSITION_WATCH,4206.56,-615.6,3.8,-613.8,0.006182983777803088,-1.0016433720041003,LOSS,BROKER_SL | bestFloating=3.80 shieldArmed=N,LOSS,v6.25.24,v62524-replay-consolidated-root-repair-20260722,V62524_M10_90D_20260422_20260721_RUN1,ENTRY_DATA_PRESENT
222,2026-06-22 22:12:33,2026-06-23 04:19:03,HOLDOUT_30D,CORE,103,CORE|BAR=1782165600|GEN=5634,XAUUSD,BUY,TREND_PULLBACK,A,1,LATE,22,TB2|ROLE=CORE|EXEC=BUY|DECISION=BUY|ORIG=BUY|INV=N|REGIME=REGIME_TRENDING_DOWN|SETUP=TREND_PULLBACK|GRADE=A|SESSION=LATE|BIAS=OPPOSED|BOS=ALIGNED|LOC=LOCATION_LATE|EXH=EXHAUSTION_RESET_CONFIRMED|TIM=TIMING_WAIT_CONFIRMATION|HTF=HTF_TRANSITIONING|STRUCT=STRUCTURE_SUPPORTS|PRESS=PRESSURE_TRANSITIONING|ACTION=TRANSITION_WATCH,4192.01,0.3,4173.34,18.67136,560.14,10.0,0.02176,ANP_NONE,-1,1,LOCATION_LATE,EXHAUSTION_RESET_CONFIRMED,TIMING_WAIT_CONFIRMATION,HTF_TRANSITIONING,STRUCTURE_SUPPORTS,PRESSURE_TRANSITIONING,TRANSITION_WATCH,4173.34,-563.88,193.02,-561.48,0.34459242332274076,-1.0066769022030206,APLUS_GIVEBACK_LOSS,BROKER_SL | bestFloating=193.02 shieldArmed=N,LOSS,v6.25.24,v62524-replay-consolidated-root-repair-20260722,V62524_M10_90D_20260422_20260721_RUN1,ENTRY_DATA_PRESENT
224,2026-06-23 14:22:33,2026-06-23 15:14:16,HOLDOUT_30D,CORE,104,CORE|BAR=1782223800|GEN=5719,XAUUSD,BUY,M10_ORIGINATED_CANDIDATE,A,1,NY,14,TB2|ROLE=CORE|EXEC=BUY|DECISION=BUY|ORIG=BUY|INV=N|REGIME=REGIME_TRENDING_DOWN|SETUP=M10_ORIGINATED_CANDIDATE|GRADE=A|SESSION=NY|BIAS=OPPOSED|BOS=OPPOSED|LOC=LOCATION_RESET_PENDING|EXH=EXHAUSTION_RESET_CONFIRMED|TIM=TIMING_WAIT_CONFIRMATION|HTF=HTF_TRANSITIONING|STRUCT=STRUCTURE_OPPOSES|PRESS=PRESSURE_TRANSITIONING|ACTION=TRANSITION_WATCH,4129.94,0.31,4113.63,16.31417,505.74,13.0,0.0196,ANP_NONE,-1,-1,LOCATION_RESET_PENDING,EXHAUSTION_RESET_CONFIRMED,TIMING_WAIT_CONFIRMATION,HTF_TRANSITIONING,STRUCTURE_OPPOSES,PRESSURE_TRANSITIONING,TRANSITION_WATCH,4113.52,-509.02,47.43,-500.65,0.09378336694744335,-1.0064855459326927,LOSS,BROKER_SL | bestFloating=47.43 shieldArmed=N,LOSS,v6.25.24,v62524-replay-consolidated-root-repair-20260722,V62524_M10_90D_20260422_20260721_RUN1,ENTRY_DATA_PRESENT
226,2026-06-23 20:42:33,2026-06-23 21:20:00,HOLDOUT_30D,CORE,105,CORE|BAR=1782246600|GEN=5757,XAUUSD,SELL,TREND_PULLBACK,A+,1,LATE,20,TB2|ROLE=CORE|EXEC=SELL|DECISION=SELL|ORIG=SELL|INV=N|REGIME=REGIME_TRENDING_DOWN|SETUP=TREND_PULLBACK|GRADE=A+|SESSION=LATE|BIAS=ALIGNED|BOS=ALIGNED|LOC=LOCATION_LATE|EXH=EXHAUSTION_RESET_CONFIRMED|TIM=TIMING_WAIT_CONFIRMATION|HTF=HTF_TRANSITIONING|STRUCT=STRUCTURE_SUPPORTS|PRESS=PRESSURE_TRANSITIONING|ACTION=TRANSITION_WATCH,4129.88,0.35,4142.92,13.03603,456.26,15.0,0.0236,ANP_NONE,-1,-1,LOCATION_LATE,EXHAUSTION_RESET_CONFIRMED,TIMING_WAIT_CONFIRMATION,HTF_TRANSITIONING,STRUCTURE_SUPPORTS,PRESSURE_TRANSITIONING,TRANSITION_WATCH,4124.68,182.0,209.65,-119.7,0.45949677815280765,0.39889536667689474,WIN,SL_MOD:GENERAL_10M_EXTENSION_RESTORE_ORIGINAL_SL | sl=4142.92 | spread=13 avgSpread=13.5 | trade=TREND_PULLBACK [A+] | EA_MARKET_CLOSE | bestFloating=209.65 shieldArmed=N,WIN,v6.25.24,v62524-replay-consolidated-root-repair-20260722,V62524_M10_90D_20260422_20260721_RUN1,ENTRY_DATA_PRESENT
228,2026-06-24 11:32:33,2026-06-24 12:29:44,HOLDOUT_30D,CORE,106,CORE|BAR=1782300000|GEN=5834,XAUUSD,BUY,M10_ORIGINATED_CANDIDATE,B,1,LDN,11,TB2|ROLE=CORE|EXEC=BUY|DECISION=BUY|ORIG=BUY|INV=N|REGIME=REGIME_TRENDING_DOWN|SETUP=M10_ORIGINATED_CANDIDATE|GRADE=B|SESSION=LDN|BIAS=OPPOSED|BOS=OPPOSED|LOC=LOCATION_RESET_PENDING|EXH=EXHAUSTION_RESET_CONFIRMED|TIM=TIMING_WAIT_RECLAIM|HTF=HTF_NEUTRAL|STRUCT=STRUCTURE_OPPOSES|PRESS=BUY_PRESSURE_STRONG|ACTION=OPPOSITE_DISCOVERY,4086.35,0.27,4069.12,17.23307,465.29,13.0,0.01821,ANP_NONE,-1,-1,LOCATION_RESET_PENDING,EXHAUSTION_RESET_CONFIRMED,TIMING_WAIT_RECLAIM,HTF_NEUTRAL,STRUCTURE_OPPOSES,BUY_PRESSURE_STRONG,OPPOSITE_DISCOVERY,4069.09,-466.02,19.17,-464.94,0.041200111758258294,-1.001568914010617,LOSS,BROKER_SL | bestFloating=19.17 shieldArmed=N,LOSS,v6.25.24,v62524-replay-consolidated-root-repair-20260722,V62524_M10_90D_20260422_20260721_RUN1,ENTRY_DATA_PRESENT
230,2026-06-25 08:52:33,2026-06-25 09:13:53,HOLDOUT_30D,CORE,107,CORE|BAR=1782376800|GEN=5950,XAUUSD,SELL,TREND_PULLBACK,A+,1,LDN,8,TB2|ROLE=CORE|EXEC=SELL|DECISION=SELL|ORIG=SELL|INV=N|REGIME=REGIME_TRENDING_DOWN|SETUP=TREND_PULLBACK|GRADE=A+|SESSION=LDN|BIAS=ALIGNED|BOS=ALIGNED|LOC=LOCATION_GOOD|EXH=EXHAUSTION_HIGH|TIM=TIMING_READY|HTF=HTF_NEUTRAL|STRUCT=STRUCTURE_SUPPORTS|PRESS=SELL_PRESSURE_STRONG|ACTION=ALLOW_CORE,3988.25,0.27,4004.14,15.8946,429.15,13.0,0.01387,ANP_NONE,-1,-1,LOCATION_GOOD,EXHAUSTION_HIGH,TIMING_READY,HTF_NEUTRAL,STRUCTURE_SUPPORTS,SELL_PRESSURE_STRONG,ALLOW_CORE,3981.61,179.28,192.24,-99.09,0.4479552603984621,0.41775602936036355,WIN,PROFIT_CLOSE | EA_MARKET_CLOSE | bestFloating=192.24 shieldArmed=N,WIN,v6.25.24,v62524-replay-consolidated-root-repair-20260722,V62524_M10_90D_20260422_20260721_RUN1,ENTRY_DATA_PRESENT
232,2026-06-25 14:02:33,2026-06-25 14:27:56,HOLDOUT_30D,CORE,108,CORE|BAR=1782395400|GEN=5981,XAUUSD,SELL,TREND_PULLBACK,A+,1,NY,14,TB2|ROLE=CORE|EXEC=SELL|DECISION=SELL|ORIG=SELL|INV=N|REGIME=REGIME_TRENDING_DOWN|SETUP=TREND_PULLBACK|GRADE=A+|SESSION=NY|BIAS=ALIGNED|BOS=ALIGNED|LOC=LOCATION_GOOD|EXH=EXHAUSTION_MODERATE|TIM=TIMING_READY|HTF=HTF_NEUTRAL|STRUCT=STRUCTURE_SUPPORTS|PRESS=SELL_PRESSURE_STRONG|ACTION=ALLOW_CORE,3982.41,0.47,3991.92,9.5124,447.08,10.0,0.01672,ANP_NONE,-1,-1,LOCATION_GOOD,EXHAUSTION_MODERATE,TIMING_READY,HTF_NEUTRAL,STRUCTURE_SUPPORTS,SELL_PRESSURE_STRONG,ALLOW_CORE,3978.17,199.28,287.17,-175.78,0.6423235215174019,0.44573678088932633,WIN,SL_MOD:GENERAL_10M_EXTENSION_RESTORE_ORIGINAL_SL | sl=3991.92 | spread=10 avgSpread=11.8 | trade=TREND_PULLBACK [A+] | EA_MARKET_CLOSE | bestFloating=287.17 shieldArmed=N,WIN,v6.25.24,v62524-replay-consolidated-root-repair-20260722,V62524_M10_90D_20260422_20260721_RUN1,ENTRY_DATA_PRESENT
234,2026-06-26 09:52:30,2026-06-26 10:13:05,HOLDOUT_30D,CORE,109,CORE|BAR=1782466800|GEN=6088,XAUUSD,BUY,TREND_PULLBACK,B,1,LDN,9,TB2|ROLE=CORE|EXEC=BUY|DECISION=BUY|ORIG=BUY|INV=N|REGIME=REGIME_TRENDING_DOWN|SETUP=TREND_PULLBACK|GRADE=B|SESSION=LDN|BIAS=OPPOSED|BOS=ALIGNED|LOC=LOCATION_EXCELLENT|EXH=EXHAUSTION_MODERATE|TIM=TIMING_READY|HTF=HTF_NEUTRAL|STRUCT=STRUCTURE_SUPPORTS|PRESS=BUY_PRESSURE_MODERATE|ACTION=ALLOW_CORE,4024.41,0.19,4000.56,23.85141,453.18,13.0,0.01644,ANP_NONE,-1,1,LOCATION_EXCELLENT,EXHAUSTION_MODERATE,TIMING_READY,HTF_NEUTRAL,STRUCTURE_SUPPORTS,BUY_PRESSURE_MODERATE,ALLOW_CORE,4027.78,64.03,180.69,-25.84,0.39871574208923605,0.14129043647115935,WIN,PROFIT_CLOSE | EA_MARKET_CLOSE | bestFloating=180.69 shieldArmed=N,WIN,v6.25.24,v62524-replay-consolidated-root-repair-20260722,V62524_M10_90D_20260422_20260721_RUN1,ENTRY_DATA_PRESENT
236,2026-06-29 01:52:33,2026-06-29 02:44:31,HOLDOUT_30D,CORE,110,CORE|BAR=1782697200|GEN=6154,XAUUSD,SELL,M10_ORIGINATED_CANDIDATE,B,0,ASIA,1,TB2|ROLE=CORE|EXEC=SELL|DECISION=SELL|ORIG=SELL|INV=N|REGIME=REGIME_TRENDING_UP|SETUP=M10_ORIGINATED_CANDIDATE|GRADE=B|SESSION=ASIA|BIAS=OPPOSED|BOS=OPPOSED|LOC=LOCATION_RESET_PENDING|EXH=EXHAUSTION_RESET_CONFIRMED|TIM=TIMING_WAIT_CONFIRMATION|HTF=HTF_TRANSITIONING|STRUCT=STRUCTURE_OPPOSES|PRESS=PRESSURE_TRANSITIONING|ACTION=TRANSITION_WATCH,4062.6,0.16,4091.56,28.96329,463.41,29.0,0.03668,ANP_NONE,1,1,LOCATION_RESET_PENDING,EXHAUSTION_RESET_CONFIRMED,TIMING_WAIT_CONFIRMATION,HTF_TRANSITIONING,STRUCTURE_OPPOSES,PRESSURE_TRANSITIONING,TRANSITION_WATCH,4061.52,17.28,168.16,-130.72,0.36287520769944537,0.03728879394057098,WEAK_RECOVERY_WIN,PROFIT_CLOSE | EA_MARKET_CLOSE | bestFloating=168.16 shieldArmed=N,WIN,v6.25.24,v62524-replay-consolidated-root-repair-20260722,V62524_M10_90D_20260422_20260721_RUN1,ENTRY_DATA_PRESENT
238,2026-06-29 09:32:33,2026-06-29 10:52:16,HOLDOUT_30D,CORE,111,CORE|BAR=1782724800|GEN=6200,XAUUSD,BUY,M10_ORIGINATED_CANDIDATE,A+,0,LDN,9,TB2|ROLE=CORE|EXEC=BUY|DECISION=BUY|ORIG=BUY|INV=N|REGIME=REGIME_TRENDING_UP|SETUP=M10_ORIGINATED_CANDIDATE|GRADE=A+|SESSION=LDN|BIAS=ALIGNED|BOS=ALIGNED|LOC=LOCATION_RESET_PENDING|EXH=EXHAUSTION_MODERATE|TIM=TIMING_WAIT_PULLBACK|HTF=HTF_TRANSITIONING|STRUCT=STRUCTURE_SUPPORTS|PRESS=PRESSURE_TRANSITIONING|ACTION=TRANSITION_WATCH,4059.08,0.19,4034.0,25.08317,476.58,11.0,0.01395,ANP_NONE,1,1,LOCATION_RESET_PENDING,EXHAUSTION_MODERATE,TIMING_WAIT_PULLBACK,HTF_TRANSITIONING,STRUCTURE_SUPPORTS,PRESSURE_TRANSITIONING,TRANSITION_WATCH,4068.37,176.51,172.71,-77.14,0.3623945612488984,0.37036803894414366,WIN,SL_MOD:BASKET_050R_RESTORE_ORIGINAL_SL | sl=4052.58 | spread=13 avgSpread=14.6 | trade=M10_ORIGINATED_CANDIDATE [A+] | EA_MARKET_CLOSE | EA_MARKET_CLOSE | bestFloating=172.71 shieldArmed=N,WIN,v6.25.24,v62524-replay-consolidated-root-repair-20260722,V62524_M10_90D_20260422_20260721_RUN1,ENTRY_DATA_PRESENT
239,2026-06-29 10:51:33,2026-06-29 10:52:16,HOLDOUT_30D,PYRAMID,111,CAMP-111|BUY|ADD1|BAR1782729600,XAUUSD,BUY,PYRAMID_TWO_GATE,PYRAMID,0,FIX,10,TB2|ROLE=PYRAMID|DIR=BUY|REGIME=TREND_UP|SESSION=FIX|ADD=1|TIM=TIMING_READY|MOVE=MOVE_065_109|EXH=EXH_HIGH|HTF=HTF_NEUTRAL|STRUCT=STRUCTURE_SUPPORTS|PRESS=BUY_PRESSURE_MODERATE,4066.45,0.34,4052.58,13.87341,471.7,13.0,0.01855,ANP_NONE,0,1,LOCATION_GOOD,EXH_HIGH,TIMING_READY,HTF_NEUTRAL,STRUCTURE_SUPPORTS,BUY_PRESSURE_MODERATE,PYRAMID_TIMING_PLUS_EXHAUSTION_APPROVED,4068.37,65.28,58.48,-16.32,0.12397710409158363,0.1383930464278143,WIN,SL_MOD:BASKET_050R_RESTORE_ORIGINAL_SL | sl=4052.58 | spread=13 avgSpread=14.6 | trade=M10_ORIGINATED_CANDIDATE [A+] | EA_MARKET_CLOSE | bestFloating=58.48 shieldArmed=N,WIN,v6.25.24,v62524-replay-consolidated-root-repair-20260722,V62524_M10_90D_20260422_20260721_RUN1,ENTRY_DATA_PRESENT
242,2026-06-29 15:32:30,2026-06-29 15:47:59,HOLDOUT_30D,CORE,112,CORE|BAR=1782746400|GEN=6236,XAUUSD,BUY,M10_ORIGINATED_CANDIDATE,B,1,NY,15,TB2|ROLE=CORE|EXEC=BUY|DECISION=BUY|ORIG=BUY|INV=N|REGIME=REGIME_TRENDING_DOWN|SETUP=M10_ORIGINATED_CANDIDATE|GRADE=B|SESSION=NY|BIAS=OPPOSED|BOS=OPPOSED|LOC=LOCATION_RESET_PENDING|EXH=EXHAUSTION_RESET_CONFIRMED|TIM=TIMING_WAIT_CONFIRMATION|HTF=HTF_TRANSITIONING|STRUCT=STRUCTURE_OPPOSES|PRESS=PRESSURE_TRANSITIONING|ACTION=TRANSITION_WATCH,4041.7,0.27,4023.25,18.4527,498.22,13.0,0.01936,ANP_NONE,-1,-1,LOCATION_RESET_PENDING,EXHAUSTION_RESET_CONFIRMED,TIMING_WAIT_CONFIRMATION,HTF_TRANSITIONING,STRUCTURE_OPPOSES,PRESSURE_TRANSITIONING,TRANSITION_WATCH,4044.33,71.01,149.58,-18.09,0.30022881457990447,0.1425273975352254,WIN,PROFIT_CLOSE | EA_MARKET_CLOSE | bestFloating=149.58 shieldArmed=N,WIN,v6.25.24,v62524-replay-consolidated-root-repair-20260722,V62524_M10_90D_20260422_20260721_RUN1,ENTRY_DATA_PRESENT
244,2026-06-29 16:02:33,2026-06-29 16:15:24,HOLDOUT_30D,CORE,113,CORE|BAR=1782748200|GEN=6239,XAUUSD,BUY,M10_ORIGINATED_CANDIDATE,B,1,NY,16,TB2|ROLE=CORE|EXEC=BUY|DECISION=BUY|ORIG=BUY|INV=N|REGIME=REGIME_TRENDING_DOWN|SETUP=M10_ORIGINATED_CANDIDATE|GRADE=B|SESSION=NY|BIAS=OPPOSED|BOS=OPPOSED|LOC=LOCATION_RESET_PENDING|EXH=EXHAUSTION_RESET_CONFIRMED|TIM=TIMING_WAIT_CONFIRMATION|HTF=HTF_NEUTRAL|STRUCT=STRUCTURE_OPPOSES|PRESS=BUY_PRESSURE_STRONG|ACTION=OPPOSITE_DISCOVERY,4047.63,0.38,4034.44,13.19134,501.27,13.0,0.01907,ANP_NONE,-1,-1,LOCATION_RESET_PENDING,EXHAUSTION_RESET_CONFIRMED,TIMING_WAIT_CONFIRMATION,HTF_NEUTRAL,STRUCTURE_OPPOSES,BUY_PRESSURE_STRONG,OPPOSITE_DISCOVERY,4048.79,44.08,158.46,-117.04,0.3161170626608415,0.08793664093203264,WEAK_RECOVERY_WIN,PROFIT_CLOSE | EA_MARKET_CLOSE | bestFloating=158.46 shieldArmed=N,WIN,v6.25.24,v62524-replay-consolidated-root-repair-20260722,V62524_M10_90D_20260422_20260721_RUN1,ENTRY_DATA_PRESENT
246,2026-06-30 07:22:33,2026-06-30 07:50:01,HOLDOUT_30D,CORE,114,CORE|BAR=1782803400|GEN=6319,XAUUSD,BUY,TREND_PULLBACK,A,1,LDN,7,TB2|ROLE=CORE|EXEC=BUY|DECISION=BUY|ORIG=BUY|INV=N|REGIME=REGIME_TRENDING_DOWN|SETUP=TREND_PULLBACK|GRADE=A|SESSION=LDN|BIAS=OPPOSED|BOS=OPPOSED|LOC=LOCATION_RESET_PENDING|EXH=EXHAUSTION_RESET_CONFIRMED|TIM=TIMING_WAIT_CONFIRMATION|HTF=HTF_TRANSITIONING|STRUCT=STRUCTURE_OPPOSES|PRESS=PRESSURE_TRANSITIONING|ACTION=TRANSITION_WATCH,3977.47,0.23,3955.23,22.24393,511.61,9.0,0.0111,ANP_NONE,-1,-1,LOCATION_RESET_PENDING,EXHAUSTION_RESET_CONFIRMED,TIMING_WAIT_CONFIRMATION,HTF_TRANSITIONING,STRUCTURE_OPPOSES,PRESSURE_TRANSITIONING,TRANSITION_WATCH,3989.51,276.92,472.19,-46.0,0.9229491214010672,0.5412716717812396,WIN,SL_MOD:GENERAL_10M_EXTENSION_RESTORE_ORIGINAL_SL | sl=3955.23 | spread=17 avgSpread=14.5 | trade=TREND_PULLBACK [A] | EA_MARKET_CLOSE | bestFloating=472.19 shieldArmed=N,WIN,v6.25.24,v62524-replay-consolidated-root-repair-20260722,V62524_M10_90D_20260422_20260721_RUN1,ENTRY_DATA_PRESENT
248,2026-06-30 08:22:33,2026-06-30 09:32:35,HOLDOUT_30D,CORE,115,CORE|BAR=1782807000|GEN=6325,XAUUSD,BUY,M10_ORIGINATED_CANDIDATE,A,1,LDN,8,TB2|ROLE=CORE|EXEC=BUY|DECISION=BUY|ORIG=BUY|INV=N|REGIME=REGIME_TRENDING_DOWN|SETUP=M10_ORIGINATED_CANDIDATE|GRADE=A|SESSION=LDN|BIAS=OPPOSED|BOS=OPPOSED|LOC=LOCATION_RESET_PENDING|EXH=EXHAUSTION_RESET_CONFIRMED|TIM=TIMING_WAIT_CONFIRMATION|HTF=HTF_TRANSITIONING|STRUCT=STRUCTURE_OPPOSES|PRESS=PRESSURE_TRANSITIONING|ACTION=TRANSITION_WATCH,3982.5,0.19,3954.32,28.18247,535.47,13.0,0.01717,ANP_NONE,-1,-1,LOCATION_RESET_PENDING,EXHAUSTION_RESET_CONFIRMED,TIMING_WAIT_CONFIRMATION,HTF_TRANSITIONING,STRUCTURE_OPPOSES,PRESSURE_TRANSITIONING,TRANSITION_WATCH,4023.81,784.89,797.62,-138.13,1.4895699105458755,1.4657964031598407,WIN,SL_MOD:GENERAL_10M_EXTENSION_RESTORE_ORIGINAL_SL | sl=3954.32 | spread=0 avgSpread=9.3 | trade=M10_ORIGINATED_CANDIDATE [A] | EA_MARKET_CLOSE | bestFloating=797.62 shieldArmed=N,WIN,v6.25.24,v62524-replay-consolidated-root-repair-20260722,V62524_M10_90D_20260422_20260721_RUN1,ENTRY_DATA_PRESENT
250,2026-07-01 11:32:30,2026-07-01 12:50:52,HOLDOUT_30D,CORE,116,CORE|BAR=1782904800|GEN=6476,XAUUSD,BUY,M10_ORIGINATED_CANDIDATE,B,1,LDN,11,TB2|ROLE=CORE|EXEC=BUY|DECISION=BUY|ORIG=BUY|INV=N|REGIME=REGIME_TRENDING_DOWN|SETUP=M10_ORIGINATED_CANDIDATE|GRADE=B|SESSION=LDN|BIAS=OPPOSED|BOS=OPPOSED|LOC=LOCATION_RESET_PENDING|EXH=EXHAUSTION_RESET_CONFIRMED|TIM=TIMING_WAIT_CONFIRMATION|HTF=HTF_TRANSITIONING|STRUCT=STRUCTURE_OPPOSES|PRESS=PRESSURE_TRANSITIONING|ACTION=TRANSITION_WATCH,3978.49,0.51,3966.36,12.13217,618.74,13.0,0.01725,ANP_NONE,-1,-1,LOCATION_RESET_PENDING,EXHAUSTION_RESET_CONFIRMED,TIMING_WAIT_CONFIRMATION,HTF_TRANSITIONING,STRUCTURE_OPPOSES,PRESSURE_TRANSITIONING,TRANSITION_WATCH,3985.03,333.54,371.28,-367.2,0.6000581827585092,0.5390632575880014,WIN,PROFIT_CLOSE | EA_MARKET_CLOSE | bestFloating=371.28 shieldArmed=N,WIN,v6.25.24,v62524-replay-consolidated-root-repair-20260722,V62524_M10_90D_20260422_20260721_RUN1,ENTRY_DATA_PRESENT
252,2026-07-02 06:32:33,2026-07-02 07:07:25,HOLDOUT_30D,CORE,117,CORE|BAR=1782973200|GEN=6578,XAUUSD,BUY,TREND_PULLBACK,A,0,ASIA,6,TB2|ROLE=CORE|EXEC=BUY|DECISION=BUY|ORIG=BUY|INV=N|REGIME=REGIME_TRENDING_UP|SETUP=TREND_PULLBACK|GRADE=A|SESSION=ASIA|BIAS=ALIGNED|BOS=ALIGNED|LOC=LOCATION_EXTREME|EXH=EXHAUSTION_MODERATE|TIM=TIMING_WAIT_PULLBACK|HTF=HTF_TRANSITIONING|STRUCT=STRUCTURE_SUPPORTS|PRESS=PRESSURE_TRANSITIONING|ACTION=TRANSITION_WATCH,4064.83,0.51,4052.06,12.76547,651.04,15.0,0.01894,ANP_NONE,1,1,LOCATION_EXTREME,EXHAUSTION_MODERATE,TIMING_WAIT_PULLBACK,HTF_TRANSITIONING,STRUCTURE_SUPPORTS,PRESSURE_TRANSITIONING,TRANSITION_WATCH,4072.85,409.02,474.3,-141.27,0.7285266650282626,0.6282563283362006,WIN,SL_MOD:GENERAL_10M_EXTENSION_RESTORE_ORIGINAL_SL | sl=4052.06 | spread=17 avgSpread=16.0 | trade=TREND_PULLBACK [A] | EA_MARKET_CLOSE | bestFloating=474.30 shieldArmed=N,WIN,v6.25.24,v62524-replay-consolidated-root-repair-20260722,V62524_M10_90D_20260422_20260721_RUN1,ENTRY_DATA_PRESENT
254,2026-07-02 14:52:33,2026-07-02 15:40:03,HOLDOUT_30D,CORE,118,CORE|BAR=1783003200|GEN=6628,XAUUSD,BUY,TREND_PULLBACK,A+,0,NY,14,TB2|ROLE=CORE|EXEC=BUY|DECISION=BUY|ORIG=BUY|INV=N|REGIME=REGIME_TRENDING_UP|SETUP=TREND_PULLBACK|GRADE=A+|SESSION=NY|BIAS=ALIGNED|BOS=ALIGNED|LOC=LOCATION_LATE|EXH=EXHAUSTION_MODERATE|TIM=TIMING_WAIT_PULLBACK|HTF=HTF_TRANSITIONING|STRUCT=STRUCTURE_SUPPORTS|PRESS=PRESSURE_TRANSITIONING|ACTION=TRANSITION_WATCH,4071.26,0.39,4053.69,17.56997,685.23,13.0,0.02345,ANP_NONE,1,1,LOCATION_LATE,EXHAUSTION_MODERATE,TIMING_WAIT_PULLBACK,HTF_TRANSITIONING,STRUCTURE_SUPPORTS,PRESSURE_TRANSITIONING,TRANSITION_WATCH,4137.02,2564.64,2634.45,-393.12,3.844621513944223,3.7427433124644276,WIN,SL_MOD:GENERAL_10M_EXTENSION_RESTORE_ORIGINAL_SL | sl=4053.69 | spread=25 avgSpread=31.2 | trade=TREND_PULLBACK [A+] | EA_MARKET_CLOSE | bestFloating=2634.45 shieldArmed=N,WIN,v6.25.24,v62524-replay-consolidated-root-repair-20260722,V62524_M10_90D_20260422_20260721_RUN1,ENTRY_DATA_PRESENT
256,2026-07-03 07:02:33,2026-07-03 08:58:36,HOLDOUT_30D,CORE,119,CORE|BAR=1783061400|GEN=6713,XAUUSD,SELL,M10_ORIGINATED_CANDIDATE,A,0,LDN,7,TB2|ROLE=CORE|EXEC=SELL|DECISION=SELL|ORIG=SELL|INV=N|REGIME=REGIME_TRENDING_UP|SETUP=M10_ORIGINATED_CANDIDATE|GRADE=A|SESSION=LDN|BIAS=OPPOSED|BOS=OPPOSED|LOC=LOCATION_RESET_PENDING|EXH=EXHAUSTION_RESET_CONFIRMED|TIM=TIMING_WAIT_CONFIRMATION|HTF=HTF_TRANSITIONING|STRUCT=STRUCTURE_OPPOSES|PRESS=PRESSURE_TRANSITIONING|ACTION=TRANSITION_WATCH,4175.42,0.64,4190.21,14.78704,946.37,17.0,0.02889,ANP_NONE,1,1,LOCATION_RESET_PENDING,EXHAUSTION_RESET_CONFIRMED,TIMING_WAIT_CONFIRMATION,HTF_TRANSITIONING,STRUCTURE_OPPOSES,PRESSURE_TRANSITIONING,TRANSITION_WATCH,4171.01,282.24,383.36,-483.84,0.4050846920337712,0.2982343058211904,WEAK_RECOVERY_WIN,SL_MOD:GENERAL_10M_EXTENSION_RESTORE_ORIGINAL_SL | sl=4190.21 | spread=13 avgSpread=15.3 | trade=M10_ORIGINATED_CANDIDATE [A] | EA_MARKET_CLOSE | bestFloating=383.36 shieldArmed=N,WIN,v6.25.24,v62524-replay-consolidated-root-repair-20260722,V62524_M10_90D_20260422_20260721_RUN1,ENTRY_DATA_PRESENT
258,2026-07-03 09:42:30,2026-07-03 11:05:20,HOLDOUT_30D,CORE,120,CORE|BAR=1783071000|GEN=6729,XAUUSD,SELL,M10_ORIGINATED_CANDIDATE,A,0,LDN,9,TB2|ROLE=CORE|EXEC=SELL|DECISION=SELL|ORIG=SELL|INV=N|REGIME=REGIME_TRENDING_UP|SETUP=M10_ORIGINATED_CANDIDATE|GRADE=A|SESSION=LDN|BIAS=OPPOSED|BOS=OPPOSED|LOC=LOCATION_RESET_PENDING|EXH=EXHAUSTION_RESET_CONFIRMED|TIM=TIMING_WAIT_CONFIRMATION|HTF=HTF_TRANSITIONING|STRUCT=STRUCTURE_OPPOSES|PRESS=PRESSURE_TRANSITIONING|ACTION=TRANSITION_WATCH,4171.29,0.71,4185.05,13.76109,977.04,13.0,0.02356,ANP_NONE,1,1,LOCATION_RESET_PENDING,EXHAUSTION_RESET_CONFIRMED,TIMING_WAIT_CONFIRMATION,HTF_TRANSITIONING,STRUCTURE_OPPOSES,PRESSURE_TRANSITIONING,TRANSITION_WATCH,4185.14,-983.35,134.9,-971.99,0.13807008924916075,-1.0064582821583559,APLUS_GIVEBACK_LOSS,BROKER_SL | bestFloating=134.90 shieldArmed=N,LOSS,v6.25.24,v62524-replay-consolidated-root-repair-20260722,V62524_M10_90D_20260422_20260721_RUN1,ENTRY_DATA_PRESENT
260,2026-07-06 13:52:34,2026-07-06 15:43:29,HOLDOUT_30D,CORE,121,CORE|BAR=1783345200|GEN=6868,XAUUSD,BUY,M10_ORIGINATED_CANDIDATE,A+,0,NY,13,TB2|ROLE=CORE|EXEC=BUY|DECISION=BUY|ORIG=BUY|INV=N|REGIME=REGIME_TRENDING_UP|SETUP=M10_ORIGINATED_CANDIDATE|GRADE=A+|SESSION=NY|BIAS=ALIGNED|BOS=OPPOSED|LOC=LOCATION_RESET_PENDING|EXH=EXHAUSTION_RESET_CONFIRMED|TIM=TIMING_WAIT_CONFIRMATION|HTF=HTF_TRANSITIONING|STRUCT=STRUCTURE_OPPOSES|PRESS=PRESSURE_TRANSITIONING|ACTION=TRANSITION_WATCH,4155.17,0.37,4131.75,23.42049,866.56,13.0,0.02682,ANP_NONE,1,-1,LOCATION_RESET_PENDING,EXHAUSTION_RESET_CONFIRMED,TIMING_WAIT_CONFIRMATION,HTF_TRANSITIONING,STRUCTURE_OPPOSES,PRESSURE_TRANSITIONING,TRANSITION_WATCH,4131.75,-866.54,163.91,-865.43,0.18915020310192024,-0.9999769202363368,APLUS_GIVEBACK_LOSS,BROKER_SL | bestFloating=163.91 shieldArmed=N,LOSS,v6.25.24,v62524-replay-consolidated-root-repair-20260722,V62524_M10_90D_20260422_20260721_RUN1,ENTRY_DATA_PRESENT
262,2026-07-06 16:12:33,2026-07-06 16:45:01,HOLDOUT_30D,CORE,122,CORE|BAR=1783353600|GEN=6882,XAUUSD,BUY,M10_ORIGINATED_CANDIDATE,A+,0,NY,16,TB2|ROLE=CORE|EXEC=BUY|DECISION=BUY|ORIG=BUY|INV=N|REGIME=REGIME_TRENDING_UP|SETUP=M10_ORIGINATED_CANDIDATE|GRADE=A+|SESSION=NY|BIAS=ALIGNED|BOS=OPPOSED|LOC=LOCATION_RESET_PENDING|EXH=EXHAUSTION_RESET_CONFIRMED|TIM=TIMING_WAIT_RECLAIM|HTF=HTF_TRANSITIONING|STRUCT=STRUCTURE_OPPOSES|PRESS=PRESSURE_TRANSITIONING|ACTION=TRANSITION_WATCH,4144.91,0.45,4127.59,17.31613,779.22,13.0,0.02031,ANP_NONE,1,-1,LOCATION_RESET_PENDING,EXHAUSTION_RESET_CONFIRMED,TIMING_WAIT_RECLAIM,HTF_TRANSITIONING,STRUCTURE_OPPOSES,PRESSURE_TRANSITIONING,TRANSITION_WATCH,4149.33,198.9,252.0,-285.3,0.3234003234003234,0.2552552552552553,WIN,PROFIT_CLOSE | EA_MARKET_CLOSE | bestFloating=252.00 shieldArmed=N,WIN,v6.25.24,v62524-replay-consolidated-root-repair-20260722,V62524_M10_90D_20260422_20260721_RUN1,ENTRY_DATA_PRESENT
264,2026-07-07 01:42:35,2026-07-07 03:01:12,HOLDOUT_30D,CORE,123,CORE|BAR=1783387800|GEN=6927,XAUUSD,BUY,TREND_PULLBACK,A,0,ASIA,1,TB2|ROLE=CORE|EXEC=BUY|DECISION=BUY|ORIG=BUY|INV=N|REGIME=REGIME_TRENDING_UP|SETUP=TREND_PULLBACK|GRADE=A|SESSION=ASIA|BIAS=ALIGNED|BOS=OPPOSED|LOC=LOCATION_EXCELLENT|EXH=EXHAUSTION_MODERATE|TIM=TIMING_READY|HTF=HTF_NEUTRAL|STRUCT=STRUCTURE_OPPOSES|PRESS=BUY_PRESSURE_STRONG|ACTION=ALLOW_CORE,4167.48,0.64,4154.87,12.60523,806.73,21.0,0.05391,ANP_NONE,1,-1,LOCATION_EXCELLENT,EXHAUSTION_MODERATE,TIMING_READY,HTF_NEUTRAL,STRUCTURE_OPPOSES,BUY_PRESSURE_STRONG,ALLOW_CORE,4154.8,-811.52,16.0,-798.08,0.019833153595378874,-1.0059375503576165,LOSS,BROKER_SL | bestFloating=16.00 shieldArmed=N,LOSS,v6.25.24,v62524-replay-consolidated-root-repair-20260722,V62524_M10_90D_20260422_20260721_RUN1,ENTRY_DATA_PRESENT
266,2026-07-07 03:32:30,2026-07-07 03:44:38,HOLDOUT_30D,CORE,124,CORE|BAR=1783394400|GEN=6938,XAUUSD,SELL,M10_ORIGINATED_CANDIDATE,A+,0,ASIA,3,TB2|ROLE=CORE|EXEC=SELL|DECISION=SELL|ORIG=SELL|INV=N|REGIME=REGIME_TRENDING_UP|SETUP=M10_ORIGINATED_CANDIDATE|GRADE=A+|SESSION=ASIA|BIAS=OPPOSED|BOS=ALIGNED|LOC=LOCATION_RESET_PENDING|EXH=EXHAUSTION_RESET_CONFIRMED|TIM=TIMING_WAIT_CONFIRMATION|HTF=HTF_TRANSITIONING|STRUCT=STRUCTURE_STRONGLY_SUPPORTS|PRESS=PRESSURE_TRANSITIONING|ACTION=TRANSITION_WATCH,4160.33,1.12,4166.83,6.50224,728.25,17.0,0.05442,ANP_NONE,1,-1,LOCATION_RESET_PENDING,EXHAUSTION_RESET_CONFIRMED,TIMING_WAIT_CONFIRMATION,HTF_TRANSITIONING,STRUCTURE_STRONGLY_SUPPORTS,PRESSURE_TRANSITIONING,TRANSITION_WATCH,4150.61,1088.64,1319.36,-40.32,1.8116855475454856,1.4948712667353246,WIN,SL_MOD:GENERAL_10M_EXTENSION_RESTORE_ORIGINAL_SL | sl=4166.83 | spread=17 avgSpread=16.2 | trade=M10_ORIGINATED_CANDIDATE [A+] | EA_MARKET_CLOSE | bestFloating=1319.36 shieldArmed=N,WIN,v6.25.24,v62524-replay-consolidated-root-repair-20260722,V62524_M10_90D_20260422_20260721_RUN1,ENTRY_DATA_PRESENT
268,2026-07-07 12:42:33,2026-07-07 13:33:53,HOLDOUT_30D,CORE,125,CORE|BAR=1783427400|GEN=6993,XAUUSD,BUY,M10_ORIGINATED_CANDIDATE,B,1,LDN,12,TB2|ROLE=CORE|EXEC=BUY|DECISION=BUY|ORIG=BUY|INV=N|REGIME=REGIME_TRENDING_DOWN|SETUP=M10_ORIGINATED_CANDIDATE|GRADE=B|SESSION=LDN|BIAS=OPPOSED|BOS=OPPOSED|LOC=LOCATION_RESET_PENDING|EXH=EXHAUSTION_RESET_CONFIRMED|TIM=TIMING_WAIT_RECLAIM|HTF=HTF_NEUTRAL|STRUCT=STRUCTURE_OPPOSES|PRESS=BUY_PRESSURE_STRONG|ACTION=OPPOSITE_DISCOVERY,4131.78,0.54,4116.23,15.54639,839.51,13.0,0.01999,ANP_NONE,-1,-1,LOCATION_RESET_PENDING,EXHAUSTION_RESET_CONFIRMED,TIMING_WAIT_RECLAIM,HTF_NEUTRAL,STRUCTURE_OPPOSES,BUY_PRESSURE_STRONG,OPPOSITE_DISCOVERY,4137.42,304.56,382.32,-366.66,0.4554085121082536,0.36278305201843936,WIN,PROFIT_CLOSE | EA_MARKET_CLOSE | bestFloating=382.32 shieldArmed=N,WIN,v6.25.24,v62524-replay-consolidated-root-repair-20260722,V62524_M10_90D_20260422_20260721_RUN1,ENTRY_DATA_PRESENT
270,2026-07-07 13:52:33,2026-07-07 14:30:01,HOLDOUT_30D,CORE,126,CORE|BAR=1783431600|GEN=7000,XAUUSD,BUY,M10_ORIGINATED_CANDIDATE,B,1,NY,13,TB2|ROLE=CORE|EXEC=BUY|DECISION=BUY|ORIG=BUY|INV=N|REGIME=REGIME_TRENDING_DOWN|SETUP=M10_ORIGINATED_CANDIDATE|GRADE=B|SESSION=NY|BIAS=OPPOSED|BOS=OPPOSED|LOC=LOCATION_RESET_PENDING|EXH=EXHAUSTION_RESET_CONFIRMED|TIM=TIMING_WAIT_PULLBACK|HTF=HTF_TRANSITIONING|STRUCT=STRUCTURE_OPPOSES|PRESS=PRESSURE_TRANSITIONING|ACTION=TRANSITION_WATCH,4134.6,0.69,4122.02,12.58217,868.17,13.0,0.02228,ANP_NONE,-1,-1,LOCATION_RESET_PENDING,EXHAUSTION_RESET_CONFIRMED,TIMING_WAIT_PULLBACK,HTF_TRANSITIONING,STRUCTURE_OPPOSES,PRESSURE_TRANSITIONING,TRANSITION_WATCH,4142.73,560.97,735.54,-186.99,0.8472303811465496,0.6461522512871903,WIN,SL_MOD:GENERAL_10M_EXTENSION_RESTORE_ORIGINAL_SL | sl=4122.02 | spread=13 avgSpread=14.2 | trade=M10_ORIGINATED_CANDIDATE [B] | EA_MARKET_CLOSE | bestFloating=735.54 shieldArmed=N,WIN,v6.25.24,v62524-replay-consolidated-root-repair-20260722,V62524_M10_90D_20260422_20260721_RUN1,ENTRY_DATA_PRESENT
272,2026-07-08 04:02:30,2026-07-08 05:38:23,HOLDOUT_30D,CORE,127,CORE|BAR=1783482600|GEN=7073,XAUUSD,BUY,M10_ORIGINATED_CANDIDATE,A,1,ASIA,4,TB2|ROLE=CORE|EXEC=BUY|DECISION=BUY|ORIG=BUY|INV=N|REGIME=REGIME_TRENDING_DOWN|SETUP=M10_ORIGINATED_CANDIDATE|GRADE=A|SESSION=ASIA|BIAS=OPPOSED|BOS=OPPOSED|LOC=LOCATION_RESET_PENDING|EXH=EXHAUSTION_RESET_CONFIRMED|TIM=TIMING_WAIT_CONFIRMATION|HTF=HTF_TRANSITIONING|STRUCT=STRUCTURE_OPPOSES|PRESS=PRESSURE_TRANSITIONING|ACTION=TRANSITION_WATCH,4113.86,0.4,4090.81,23.05007,922.0,17.0,0.0224,ANP_NONE,-1,-1,LOCATION_RESET_PENDING,EXHAUSTION_RESET_CONFIRMED,TIMING_WAIT_CONFIRMATION,HTF_TRANSITIONING,STRUCTURE_OPPOSES,PRESSURE_TRANSITIONING,TRANSITION_WATCH,4119.49,225.2,440.8,-696.0,0.4780911062906725,0.24425162689804772,WEAK_RECOVERY_WIN,SL_MOD:GENERAL_10M_EXTENSION_RESTORE_ORIGINAL_SL | sl=4090.81 | spread=17 avgSpread=14.1 | trade=M10_ORIGINATED_CANDIDATE [A] | EA_MARKET_CLOSE | bestFloating=440.80 shieldArmed=N,WIN,v6.25.24,v62524-replay-consolidated-root-repair-20260722,V62524_M10_90D_20260422_20260721_RUN1,ENTRY_DATA_PRESENT
274,2026-07-08 07:02:33,2026-07-08 07:20:09,HOLDOUT_30D,CORE,128,CORE|BAR=1783493400|GEN=7091,XAUUSD,BUY,M10_ORIGINATED_CANDIDATE,A,1,LDN,7,TB2|ROLE=CORE|EXEC=BUY|DECISION=BUY|ORIG=BUY|INV=N|REGIME=REGIME_TRENDING_DOWN|SETUP=M10_ORIGINATED_CANDIDATE|GRADE=A|SESSION=LDN|BIAS=OPPOSED|BOS=OPPOSED|LOC=LOCATION_RESET_PENDING|EXH=EXHAUSTION_RESET_CONFIRMED|TIM=TIMING_WAIT_CONFIRMATION|HTF=HTF_TRANSITIONING|STRUCT=STRUCTURE_OPPOSES|PRESS=PRESSURE_TRANSITIONING|ACTION=TRANSITION_WATCH,4122.43,0.78,4110.28,12.15287,947.93,17.0,0.02222,ANP_NONE,-1,-1,LOCATION_RESET_PENDING,EXHAUSTION_RESET_CONFIRMED,TIMING_WAIT_CONFIRMATION,HTF_TRANSITIONING,STRUCTURE_OPPOSES,PRESSURE_TRANSITIONING,TRANSITION_WATCH,4123.06,49.14,499.98,-143.52,0.5274440095787664,0.05183927083223445,WEAK_RECOVERY_WIN,SL_MOD:GENERAL_10M_EXTENSION_RESTORE_ORIGINAL_SL | sl=4110.28 | spread=12 avgSpread=14.7 | trade=M10_ORIGINATED_CANDIDATE [A] | EA_MARKET_CLOSE | bestFloating=499.98 shieldArmed=N,WIN,v6.25.24,v62524-replay-consolidated-root-repair-20260722,V62524_M10_90D_20260422_20260721_RUN1,ENTRY_DATA_PRESENT
276,2026-07-09 01:32:33,2026-07-09 04:05:39,HOLDOUT_30D,CORE,129,CORE|BAR=1783560000|GEN=7190,XAUUSD,SELL,M10_ORIGINATED_CANDIDATE,A+,1,ASIA,1,TB2|ROLE=CORE|EXEC=SELL|DECISION=SELL|ORIG=SELL|INV=N|REGIME=REGIME_TRENDING_DOWN|SETUP=M10_ORIGINATED_CANDIDATE|GRADE=A+|SESSION=ASIA|BIAS=ALIGNED|BOS=ALIGNED|LOC=LOCATION_RESET_PENDING|EXH=EXHAUSTION_MODERATE|TIM=TIMING_WAIT_PULLBACK|HTF=HTF_TRANSITIONING|STRUCT=STRUCTURE_STRONGLY_SUPPORTS|PRESS=PRESSURE_TRANSITIONING|ACTION=TRANSITION_WATCH,4076.9,0.51,4095.41,18.50769,943.89,35.0,0.04939,ANP_NONE,-1,-1,LOCATION_RESET_PENDING,EXHAUSTION_MODERATE,TIMING_WAIT_PULLBACK,HTF_TRANSITIONING,STRUCTURE_STRONGLY_SUPPORTS,PRESSURE_TRANSITIONING,TRANSITION_WATCH,4068.45,430.95,585.99,-678.81,0.6208244604773862,0.4565680322918984,WIN,PROFIT_CLOSE | EA_MARKET_CLOSE | bestFloating=585.99 shieldArmed=N,WIN,v6.25.24,v62524-replay-consolidated-root-repair-20260722,V62524_M10_90D_20260422_20260721_RUN1,ENTRY_DATA_PRESENT
278,2026-07-09 14:12:30,2026-07-09 15:07:50,HOLDOUT_30D,CORE,130,CORE|BAR=1783605600|GEN=7266,XAUUSD,SELL,M10_ORIGINATED_CANDIDATE,B,0,NY,14,TB2|ROLE=CORE|EXEC=SELL|DECISION=SELL|ORIG=SELL|INV=N|REGIME=REGIME_TRENDING_UP|SETUP=M10_ORIGINATED_CANDIDATE|GRADE=B|SESSION=NY|BIAS=OPPOSED|BOS=OPPOSED|LOC=LOCATION_RESET_PENDING|EXH=EXHAUSTION_RESET_CONFIRMED|TIM=TIMING_WAIT_CONFIRMATION|HTF=HTF_TRANSITIONING|STRUCT=STRUCTURE_OPPOSES|PRESS=PRESSURE_TRANSITIONING|ACTION=TRANSITION_WATCH,4102.41,0.99,4112.45,10.04434,994.39,24.0,0.05371,ANP_NONE,1,1,LOCATION_RESET_PENDING,EXHAUSTION_RESET_CONFIRMED,TIMING_WAIT_CONFIRMATION,HTF_TRANSITIONING,STRUCTURE_OPPOSES,PRESSURE_TRANSITIONING,TRANSITION_WATCH,4112.6,-1008.81,322.74,-990.0,0.3245607860095134,-1.0145013525880187,APLUS_GIVEBACK_LOSS,BROKER_SL | bestFloating=322.74 shieldArmed=N,LOSS,v6.25.24,v62524-replay-consolidated-root-repair-20260722,V62524_M10_90D_20260422_20260721_RUN1,ENTRY_DATA_PRESENT
280,2026-07-09 21:52:30,2026-07-10 03:46:46,HOLDOUT_30D,CORE,131,CORE|BAR=1783633200|GEN=7312,XAUUSD,SELL,M10_ORIGINATED_CANDIDATE,A,0,LATE,21,TB2|ROLE=CORE|EXEC=SELL|DECISION=SELL|ORIG=SELL|INV=N|REGIME=REGIME_TRENDING_UP|SETUP=M10_ORIGINATED_CANDIDATE|GRADE=A|SESSION=LATE|BIAS=OPPOSED|BOS=OPPOSED|LOC=LOCATION_RESET_PENDING|EXH=EXHAUSTION_RESET_CONFIRMED|TIM=TIMING_WAIT_CONFIRMATION|HTF=HTF_TRANSITIONING|STRUCT=STRUCTURE_OPPOSES|PRESS=PRESSURE_TRANSITIONING|ACTION=TRANSITION_WATCH,4122.87,0.47,4141.89,19.02154,894.01,33.0,0.07161,ANP_NONE,1,1,LOCATION_RESET_PENDING,EXHAUSTION_RESET_CONFIRMED,TIMING_WAIT_CONFIRMATION,HTF_TRANSITIONING,STRUCTURE_OPPOSES,PRESSURE_TRANSITIONING,TRANSITION_WATCH,4122.8,1.13,388.41,-512.58,0.4344582275366048,0.0012639679645641546,WEAK_RECOVERY_WIN,PROFIT_CLOSE | EA_MARKET_CLOSE | bestFloating=388.41 shieldArmed=N,WIN,v6.25.24,v62524-replay-consolidated-root-repair-20260722,V62524_M10_90D_20260422_20260721_RUN1,ENTRY_DATA_PRESENT
282,2026-07-13 08:22:30,2026-07-13 09:04:12,HOLDOUT_30D,CORE,132,CORE|BAR=1783930200|GEN=7477,XAUUSD,BUY,TREND_PULLBACK,B,1,LDN,8,TB2|ROLE=CORE|EXEC=BUY|DECISION=BUY|ORIG=BUY|INV=N|REGIME=REGIME_TRENDING_DOWN|SETUP=TREND_PULLBACK|GRADE=B|SESSION=LDN|BIAS=OPPOSED|BOS=OPPOSED|LOC=LOCATION_RESET_PENDING|EXH=EXHAUSTION_RESET_CONFIRMED|TIM=TIMING_WAIT_CONFIRMATION|HTF=HTF_TRANSITIONING|STRUCT=STRUCTURE_OPPOSES|PRESS=PRESSURE_TRANSITIONING|ACTION=TRANSITION_WATCH,4062.67,0.67,4049.41,13.25691,888.21,32.0,0.04861,ANP_NONE,-1,-1,LOCATION_RESET_PENDING,EXHAUSTION_RESET_CONFIRMED,TIMING_WAIT_CONFIRMATION,HTF_TRANSITIONING,STRUCTURE_OPPOSES,PRESSURE_TRANSITIONING,TRANSITION_WATCH,4049.39,-889.76,196.98,-884.4,0.22177187827203024,-1.0017450828069938,APLUS_GIVEBACK_LOSS,BROKER_SL | bestFloating=196.98 shieldArmed=N,LOSS,v6.25.24,v62524-replay-consolidated-root-repair-20260722,V62524_M10_90D_20260422_20260721_RUN1,ENTRY_DATA_PRESENT
284,2026-07-13 09:22:33,2026-07-13 09:42:49,HOLDOUT_30D,CORE,133,CORE|BAR=1783933800|GEN=7483,XAUUSD,BUY,M10_ORIGINATED_CANDIDATE,B,1,LDN,9,TB2|ROLE=CORE|EXEC=BUY|DECISION=BUY|ORIG=BUY|INV=N|REGIME=REGIME_TRENDING_DOWN|SETUP=M10_ORIGINATED_CANDIDATE|GRADE=B|SESSION=LDN|BIAS=OPPOSED|BOS=OPPOSED|LOC=LOCATION_RESET_PENDING|EXH=EXHAUSTION_RESET_CONFIRMED|TIM=TIMING_WAIT_CONFIRMATION|HTF=HTF_NEUTRAL|STRUCT=STRUCTURE_OPPOSES|PRESS=BUY_PRESSURE_MODERATE|ACTION=OPPOSITE_DISCOVERY,4056.33,0.48,4039.62,16.70619,801.9,35.0,0.04262,ANP_NONE,-1,-1,LOCATION_RESET_PENDING,EXHAUSTION_RESET_CONFIRMED,TIMING_WAIT_CONFIRMATION,HTF_NEUTRAL,STRUCTURE_OPPOSES,BUY_PRESSURE_MODERATE,OPPOSITE_DISCOVERY,4060.07,179.52,344.16,-142.08,0.42918069584736257,0.22386831275720168,WIN,PROFIT_CLOSE | EA_MARKET_CLOSE | bestFloating=344.16 shieldArmed=N,WIN,v6.25.24,v62524-replay-consolidated-root-repair-20260722,V62524_M10_90D_20260422_20260721_RUN1,ENTRY_DATA_PRESENT
286,2026-07-13 09:52:33,2026-07-13 10:21:01,HOLDOUT_30D,CORE,134,CORE|BAR=1783935600|GEN=7486,XAUUSD,BUY,M10_ORIGINATED_CANDIDATE,A,1,LDN,9,TB2|ROLE=CORE|EXEC=BUY|DECISION=BUY|ORIG=BUY|INV=N|REGIME=REGIME_TRENDING_DOWN|SETUP=M10_ORIGINATED_CANDIDATE|GRADE=A|SESSION=LDN|BIAS=OPPOSED|BOS=OPPOSED|LOC=LOCATION_RESET_PENDING|EXH=EXHAUSTION_RESET_CONFIRMED|TIM=TIMING_WAIT_CONFIRMATION|HTF=HTF_NEUTRAL|STRUCT=STRUCTURE_OPPOSES|PRESS=BUY_PRESSURE_STRONG|ACTION=OPPOSITE_DISCOVERY,4055.85,0.51,4039.68,16.17107,824.73,27.0,0.03199,ANP_NONE,-1,-1,LOCATION_RESET_PENDING,EXHAUSTION_RESET_CONFIRMED,TIMING_WAIT_CONFIRMATION,HTF_NEUTRAL,STRUCTURE_OPPOSES,BUY_PRESSURE_STRONG,OPPOSITE_DISCOVERY,4056.53,34.68,271.32,-356.49,0.3289803935833545,0.04205012549561674,WEAK_RECOVERY_WIN,PROFIT_CLOSE | EA_MARKET_CLOSE | bestFloating=271.32 shieldArmed=N,WIN,v6.25.24,v62524-replay-consolidated-root-repair-20260722,V62524_M10_90D_20260422_20260721_RUN1,ENTRY_DATA_PRESENT
288,2026-07-13 11:02:33,2026-07-13 11:25:47,HOLDOUT_30D,CORE,135,CORE|BAR=1783939800|GEN=7493,XAUUSD,BUY,TREND_PULLBACK,B,1,LDN,11,TB2|ROLE=CORE|EXEC=BUY|DECISION=BUY|ORIG=BUY|INV=N|REGIME=REGIME_TRENDING_DOWN|SETUP=TREND_PULLBACK|GRADE=B|SESSION=LDN|BIAS=OPPOSED|BOS=OPPOSED|LOC=LOCATION_RESET_PENDING|EXH=EXHAUSTION_RESET_CONFIRMED|TIM=TIMING_WAIT_CONFIRMATION|HTF=HTF_TRANSITIONING|STRUCT=STRUCTURE_OPPOSES|PRESS=PRESSURE_TRANSITIONING|ACTION=TRANSITION_WATCH,4066.36,0.37,4044.02,22.33534,826.41,34.0,0.04583,ANP_NONE,-1,-1,LOCATION_RESET_PENDING,EXHAUSTION_RESET_CONFIRMED,TIMING_WAIT_CONFIRMATION,HTF_TRANSITIONING,STRUCTURE_OPPOSES,PRESSURE_TRANSITIONING,TRANSITION_WATCH,4076.35,369.63,530.58,-130.24,0.6420299851163467,0.44727193523795694,WIN,SL_MOD:GENERAL_10M_EXTENSION_RESTORE_ORIGINAL_SL | sl=4044.02 | spread=47 avgSpread=42.2 | trade=TREND_PULLBACK [B] | EA_MARKET_CLOSE | bestFloating=530.58 shieldArmed=N,WIN,v6.25.24,v62524-replay-consolidated-root-repair-20260722,V62524_M10_90D_20260422_20260721_RUN1,ENTRY_DATA_PRESENT
290,2026-07-14 22:02:33,2026-07-14 22:41:37,HOLDOUT_30D,CORE,136,CORE|BAR=1784065800|GEN=7691,XAUUSD,SELL,M10_ORIGINATED_CANDIDATE,A,0,LATE,22,TB2|ROLE=CORE|EXEC=SELL|DECISION=SELL|ORIG=SELL|INV=N|REGIME=REGIME_TRENDING_UP|SETUP=M10_ORIGINATED_CANDIDATE|GRADE=A|SESSION=LATE|BIAS=OPPOSED|BOS=OPPOSED|LOC=LOCATION_RESET_PENDING|EXH=EXHAUSTION_RESET_CONFIRMED|TIM=TIMING_WAIT_CONFIRMATION|HTF=HTF_TRANSITIONING|STRUCT=STRUCTURE_OPPOSES|PRESS=PRESSURE_TRANSITIONING|ACTION=TRANSITION_WATCH,4053.55,0.69,4066.04,12.49127,861.9,23.0,0.04014,ANP_NONE,1,1,LOCATION_RESET_PENDING,EXHAUSTION_RESET_CONFIRMED,TIMING_WAIT_CONFIRMATION,HTF_TRANSITIONING,STRUCTURE_OPPOSES,PRESSURE_TRANSITIONING,TRANSITION_WATCH,4051.45,144.9,396.06,-273.93,0.4595196658545075,0.1681169509223808,WEAK_RECOVERY_WIN,PROFIT_CLOSE | EA_MARKET_CLOSE | bestFloating=396.06 shieldArmed=N,WIN,v6.25.24,v62524-replay-consolidated-root-repair-20260722,V62524_M10_90D_20260422_20260721_RUN1,ENTRY_DATA_PRESENT
292,2026-07-15 12:22:33,2026-07-15 14:56:25,HOLDOUT_30D,CORE,137,CORE|BAR=1784117400|GEN=7765,XAUUSD,BUY,M10_ORIGINATED_CANDIDATE,A,1,LDN,12,TB2|ROLE=CORE|EXEC=BUY|DECISION=BUY|ORIG=BUY|INV=N|REGIME=REGIME_TRENDING_DOWN|SETUP=M10_ORIGINATED_CANDIDATE|GRADE=A|SESSION=LDN|BIAS=OPPOSED|BOS=ALIGNED|LOC=LOCATION_LATE|EXH=EXHAUSTION_RESET_CONFIRMED|TIM=TIMING_WAIT_CONFIRMATION|HTF=HTF_TRANSITIONING|STRUCT=STRUCTURE_SUPPORTS|PRESS=PRESSURE_TRANSITIONING|ACTION=TRANSITION_WATCH,4031.26,0.49,4013.47,17.79159,871.79,21.0,0.03859,ANP_NONE,-1,1,LOCATION_LATE,EXHAUSTION_RESET_CONFIRMED,TIMING_WAIT_CONFIRMATION,HTF_TRANSITIONING,STRUCTURE_SUPPORTS,PRESSURE_TRANSITIONING,TRANSITION_WATCH,4036.53,258.23,436.59,-285.67,0.5007972103373519,0.29620665527248535,WIN,SL_MOD:GENERAL_10M_EXTENSION_RESTORE_ORIGINAL_SL | sl=4013.47 | spread=38 avgSpread=27.4 | trade=M10_ORIGINATED_CANDIDATE [A] | EA_MARKET_CLOSE | bestFloating=436.59 shieldArmed=N,WIN,v6.25.24,v62524-replay-consolidated-root-repair-20260722,V62524_M10_90D_20260422_20260721_RUN1,ENTRY_DATA_PRESENT
294,2026-07-16 03:12:33,2026-07-16 03:59:00,HOLDOUT_30D,CORE,138,CORE|BAR=1784170800|GEN=7842,XAUUSD,SELL,M10_ORIGINATED_CANDIDATE,B,0,ASIA,3,TB2|ROLE=CORE|EXEC=SELL|DECISION=SELL|ORIG=SELL|INV=N|REGIME=REGIME_TRENDING_UP|SETUP=M10_ORIGINATED_CANDIDATE|GRADE=B|SESSION=ASIA|BIAS=OPPOSED|BOS=OPPOSED|LOC=LOCATION_EXCELLENT|EXH=EXHAUSTION_MODERATE|TIM=TIMING_READY|HTF=HTF_NEUTRAL|STRUCT=STRUCTURE_OPPOSES|PRESS=SELL_PRESSURE_STRONG|ACTION=ALLOW_CORE,4055.26,1.25,4062.47,7.20801,901.0,32.0,0.07659,ANP_NONE,1,1,LOCATION_EXCELLENT,EXHAUSTION_MODERATE,TIMING_READY,HTF_NEUTRAL,STRUCTURE_OPPOSES,SELL_PRESSURE_STRONG,ALLOW_CORE,4048.41,856.25,853.75,-792.5,0.947558268590455,0.9503329633740288,WIN,SL_MOD:GENERAL_10M_EXTENSION_RESTORE_ORIGINAL_SL | sl=4062.47 | spread=43 avgSpread=43.8 | trade=M10_ORIGINATED_CANDIDATE [B] | EA_MARKET_CLOSE | bestFloating=853.75 shieldArmed=N,WIN,v6.25.24,v62524-replay-consolidated-root-repair-20260722,V62524_M10_90D_20260422_20260721_RUN1,ENTRY_DATA_PRESENT
295,2026-07-16 03:59:00,2026-07-16 03:59:30,HOLDOUT_30D,PYRAMID,138,CAMP-138|SELL|ADD1|BAR1784173200,XAUUSD,SELL,PYRAMID_TWO_GATE,PYRAMID,0,ASIA,3,TB2|ROLE=PYRAMID|DIR=SELL|REGIME=TREND_UP|SESSION=ASIA|ADD=1|TIM=TIMING_READY|MOVE=MOVE_160_PLUS|EXH=EXH_HIGH|HTF=HTF_NEUTRAL|STRUCT=STRUCTURE_OPPOSES|PRESS=PRESSURE_BALANCED,4048.02,0.55,4064.36,16.33586,898.47,41.0,0.11321,ANP_NONE,0,1,LOCATION_EXCELLENT,EXH_HIGH,TIMING_READY,HTF_NEUTRAL,STRUCTURE_OPPOSES,PRESSURE_BALANCED,PYRAMID_TIMING_PLUS_EXHAUSTION_APPROVED,4046.92,60.5,64.9,-63.25,0.0722339087559963,0.0673366946030474,WIN,SL_MOD:GENERAL_10M_EXTENSION_RESTORE_ORIGINAL_SL | sl=4062.47 | spread=43 avgSpread=43.8 | trade=M10_ORIGINATED_CANDIDATE [B] | EA_MARKET_CLOSE | EA_MARKET_CLOSE | bestFloating=64.90 shieldArmed=N,WIN,v6.25.24,v62524-replay-consolidated-root-repair-20260722,V62524_M10_90D_20260422_20260721_RUN1,ENTRY_DATA_PRESENT
298,2026-07-16 11:32:33,2026-07-16 12:14:45,HOLDOUT_30D,CORE,139,CORE|BAR=1784200800|GEN=7892,XAUUSD,BUY,M10_ORIGINATED_CANDIDATE,A,1,LDN,11,TB2|ROLE=CORE|EXEC=BUY|DECISION=BUY|ORIG=BUY|INV=N|REGIME=REGIME_TRENDING_DOWN|SETUP=M10_ORIGINATED_CANDIDATE|GRADE=A|SESSION=LDN|BIAS=OPPOSED|BOS=ALIGNED|LOC=LOCATION_RESET_PENDING|EXH=EXHAUSTION_RESET_CONFIRMED|TIM=TIMING_WAIT_CONFIRMATION|HTF=HTF_TRANSITIONING|STRUCT=STRUCTURE_SUPPORTS|PRESS=PRESSURE_TRANSITIONING|ACTION=TRANSITION_WATCH,4033.84,0.89,4022.61,11.22849,999.34,32.0,0.06602,ANP_NONE,-1,1,LOCATION_RESET_PENDING,EXHAUSTION_RESET_CONFIRMED,TIMING_WAIT_CONFIRMATION,HTF_TRANSITIONING,STRUCTURE_SUPPORTS,PRESSURE_TRANSITIONING,TRANSITION_WATCH,4037.16,295.48,326.63,-168.21,0.3268457181739948,0.2956751455960934,WIN,PROFIT_CLOSE | EA_MARKET_CLOSE | bestFloating=326.63 shieldArmed=N,WIN,v6.25.24,v62524-replay-consolidated-root-repair-20260722,V62524_M10_90D_20260422_20260721_RUN1,ENTRY_DATA_PRESENT
300,2026-07-17 04:32:30,2026-07-17 05:33:53,HOLDOUT_30D,CORE,140,CORE|BAR=1784262000|GEN=7982,XAUUSD,BUY,M10_ORIGINATED_CANDIDATE,B,1,ASIA,4,TB2|ROLE=CORE|EXEC=BUY|DECISION=BUY|ORIG=BUY|INV=N|REGIME=REGIME_TRENDING_DOWN|SETUP=M10_ORIGINATED_CANDIDATE|GRADE=B|SESSION=ASIA|BIAS=OPPOSED|BOS=OPPOSED|LOC=LOCATION_RESET_PENDING|EXH=EXHAUSTION_RESET_CONFIRMED|TIM=TIMING_WAIT_CONFIRMATION|HTF=HTF_TRANSITIONING|STRUCT=STRUCTURE_OPPOSES|PRESS=PRESSURE_TRANSITIONING|ACTION=TRANSITION_WATCH,3990.64,0.77,3977.38,13.26429,1021.35,27.0,0.04532,ANP_NONE,-1,-1,LOCATION_RESET_PENDING,EXHAUSTION_RESET_CONFIRMED,TIMING_WAIT_CONFIRMATION,HTF_TRANSITIONING,STRUCTURE_OPPOSES,PRESSURE_TRANSITIONING,TRANSITION_WATCH,3977.38,-1021.02,364.21,-1007.16,0.35659666128163703,-0.9996768982229401,APLUS_GIVEBACK_LOSS,BROKER_SL | bestFloating=364.21 shieldArmed=N,LOSS,v6.25.24,v62524-replay-consolidated-root-repair-20260722,V62524_M10_90D_20260422_20260721_RUN1,ENTRY_DATA_PRESENT
302,2026-07-17 11:22:33,2026-07-17 12:25:05,HOLDOUT_30D,CORE,141,CORE|BAR=1784286600|GEN=8023,XAUUSD,SELL,TREND_PULLBACK,A,1,LDN,11,TB2|ROLE=CORE|EXEC=SELL|DECISION=SELL|ORIG=SELL|INV=N|REGIME=REGIME_TRENDING_DOWN|SETUP=TREND_PULLBACK|GRADE=A|SESSION=LDN|BIAS=ALIGNED|BOS=ALIGNED|LOC=LOCATION_LATE|EXH=EXHAUSTION_MODERATE|TIM=TIMING_WAIT_PULLBACK|HTF=HTF_TRANSITIONING|STRUCT=STRUCTURE_SUPPORTS|PRESS=PRESSURE_TRANSITIONING|ACTION=TRANSITION_WATCH,3991.19,0.79,4002.78,11.59324,915.86,25.0,0.03746,ANP_NONE,-1,-1,LOCATION_LATE,EXHAUSTION_MODERATE,TIMING_WAIT_PULLBACK,HTF_TRANSITIONING,STRUCTURE_SUPPORTS,PRESSURE_TRANSITIONING,TRANSITION_WATCH,4002.79,-916.4,241.74,-914.82,0.2639486384381893,-1.0005896097656846,APLUS_GIVEBACK_LOSS,BROKER_SL | bestFloating=241.74 shieldArmed=N,LOSS,v6.25.24,v62524-replay-consolidated-root-repair-20260722,V62524_M10_90D_20260422_20260721_RUN1,ENTRY_DATA_PRESENT
304,2026-07-20 03:22:33,2026-07-20 04:00:07,HOLDOUT_30D,CORE,142,CORE|BAR=1784517000|GEN=8089,XAUUSD,BUY,TREND_PULLBACK,B,1,ASIA,3,TB2|ROLE=CORE|EXEC=BUY|DECISION=BUY|ORIG=BUY|INV=N|REGIME=REGIME_TRENDING_DOWN|SETUP=TREND_PULLBACK|GRADE=B|SESSION=ASIA|BIAS=OPPOSED|BOS=ALIGNED|LOC=LOCATION_EXCELLENT|EXH=EXHAUSTION_MODERATE|TIM=TIMING_READY|HTF=HTF_NEUTRAL|STRUCT=STRUCTURE_SUPPORTS|PRESS=PRESSURE_BALANCED|ACTION=ALLOW_CORE,4001.75,0.33,3977.08,24.66557,813.96,34.0,0.03879,ANP_NONE,-1,1,LOCATION_EXCELLENT,EXHAUSTION_MODERATE,TIMING_READY,HTF_NEUTRAL,STRUCTURE_SUPPORTS,PRESSURE_BALANCED,ALLOW_CORE,4011.26,313.83,312.51,-110.88,0.383937785640572,0.3855594869526758,WIN,SL_MOD:BASKET_050R_RESTORE_ORIGINAL_SL | sl=3976.47 | spread=74 avgSpread=35.6 | trade=TREND_PULLBACK [B] | EA_MARKET_CLOSE | EA_MARKET_CLOSE | bestFloating=312.51 shieldArmed=N,WIN,v6.25.24,v62524-replay-consolidated-root-repair-20260722,V62524_M10_90D_20260422_20260721_RUN1,ENTRY_DATA_PRESENT
305,2026-07-20 03:35:50,2026-07-20 04:00:07,HOLDOUT_30D,PYRAMID,142,CAMP-142|BUY|ADD1|BAR1784517600,XAUUSD,BUY,PYRAMID_TWO_GATE,PYRAMID,1,ASIA,3,TB2|ROLE=PYRAMID|DIR=BUY|REGIME=TREND_DN|SESSION=ASIA|ADD=1|TIM=TIMING_READY|MOVE=MOVE_065_109|EXH=EXH_MODERATE|HTF=HTF_NEUTRAL|STRUCT=STRUCTURE_SUPPORTS|PRESS=BUY_PRESSURE_MODERATE,4007.63,0.26,3976.47,31.16254,810.23,74.0,0.13078,ANP_NONE,0,1,LOCATION_EXCELLENT,EXH_MODERATE,TIMING_READY,HTF_NEUTRAL,STRUCTURE_SUPPORTS,BUY_PRESSURE_MODERATE,PYRAMID_TIMING_PLUS_EXHAUSTION_APPROVED,4011.26,94.38,93.34,-240.24,0.11520185626303642,0.11648544240524294,WEAK_RECOVERY_WIN,SL_MOD:BASKET_050R_RESTORE_ORIGINAL_SL | sl=3976.47 | spread=74 avgSpread=35.6 | trade=TREND_PULLBACK [B] | EA_MARKET_CLOSE | bestFloating=93.34 shieldArmed=N,WIN,v6.25.24,v62524-replay-consolidated-root-repair-20260722,V62524_M10_90D_20260422_20260721_RUN1,ENTRY_DATA_PRESENT
308,2026-07-20 08:52:30,2026-07-20 09:39:16,HOLDOUT_30D,CORE,143,CORE|BAR=1784536800|GEN=8122,XAUUSD,SELL,TREND_PULLBACK,A,0,LDN,8,TB2|ROLE=CORE|EXEC=SELL|DECISION=SELL|ORIG=SELL|INV=N|REGIME=REGIME_TRENDING_UP|SETUP=TREND_PULLBACK|GRADE=A|SESSION=LDN|BIAS=OPPOSED|BOS=OPPOSED|LOC=LOCATION_RESET_PENDING|EXH=EXHAUSTION_MODERATE|TIM=TIMING_WAIT_PULLBACK|HTF=HTF_TRANSITIONING|STRUCT=STRUCTURE_OPPOSES|PRESS=PRESSURE_TRANSITIONING|ACTION=TRANSITION_WATCH,4007.19,0.91,4016.8,9.61187,874.68,38.0,0.08262,ANP_NONE,1,1,LOCATION_RESET_PENDING,EXHAUSTION_MODERATE,TIMING_WAIT_PULLBACK,HTF_TRANSITIONING,STRUCTURE_OPPOSES,PRESSURE_TRANSITIONING,TRANSITION_WATCH,4004.55,240.24,370.37,-436.8,0.42343485617597293,0.27466044724927974,WEAK_RECOVERY_WIN,PROFIT_CLOSE | EA_MARKET_CLOSE | bestFloating=370.37 shieldArmed=N,WIN,v6.25.24,v62524-replay-consolidated-root-repair-20260722,V62524_M10_90D_20260422_20260721_RUN1,ENTRY_DATA_PRESENT
310,2026-07-20 15:12:33,2026-07-20 17:13:17,HOLDOUT_30D,CORE,144,CORE|BAR=1784559600|GEN=8160,XAUUSD,SELL,M10_ORIGINATED_CANDIDATE,B,0,NY,15,TB2|ROLE=CORE|EXEC=SELL|DECISION=SELL|ORIG=SELL|INV=N|REGIME=REGIME_TRENDING_UP|SETUP=M10_ORIGINATED_CANDIDATE|GRADE=B|SESSION=NY|BIAS=OPPOSED|BOS=OPPOSED|LOC=LOCATION_RESET_PENDING|EXH=EXHAUSTION_MODERATE|TIM=TIMING_WAIT_PULLBACK|HTF=HTF_TRANSITIONING|STRUCT=STRUCTURE_OPPOSES|PRESS=PRESSURE_TRANSITIONING|ACTION=TRANSITION_WATCH,4014.65,0.27,4046.89,32.24109,870.51,57.0,0.0997,ANP_NONE,1,1,LOCATION_RESET_PENDING,EXHAUSTION_MODERATE,TIMING_WAIT_PULLBACK,HTF_TRANSITIONING,STRUCTURE_OPPOSES,PRESSURE_TRANSITIONING,TRANSITION_WATCH,4001.51,354.78,430.92,-79.92,0.495020160595513,0.40755419236998996,WIN,SL_MOD:GENERAL_10M_EXTENSION_RESTORE_ORIGINAL_SL | sl=4046.89 | spread=36 avgSpread=32.8 | trade=M10_ORIGINATED_CANDIDATE [B] | EA_MARKET_CLOSE | bestFloating=430.92 shieldArmed=N,WIN,v6.25.24,v62524-replay-consolidated-root-repair-20260722,V62524_M10_90D_20260422_20260721_RUN1,ENTRY_DATA_PRESENT
