position_id,campaign_id,leg_role,entry_source_path,direction,entry_time,entry_regime,frozen_owner_exit_profile,trade_grade,trade_grade_source,trade_label,volume_lots,entry_price,broker_tp_at_entry,analytical_tp_price,original_sl,risk_distance,risk_usd,exit_time,exit_price,exit_authority,broker_sl_at_exit,exit_spread_points,realized_profit_usd,realized_r_at_exit,peak_r_while_open,period_membership,total_favorable_r_at_5m,missed_r_5m,maximum_adverse_r_after_exit_5m,returned_to_entry_5m,crossed_original_sl_5m,path_classification_5m,observed_through_5m,total_favorable_r_at_10m,missed_r_10m,maximum_adverse_r_after_exit_10m,returned_to_entry_10m,crossed_original_sl_10m,path_classification_10m,observed_through_10m,total_favorable_r_at_15m,missed_r_15m,maximum_adverse_r_after_exit_15m,returned_to_entry_15m,crossed_original_sl_15m,path_classification_15m,observed_through_15m,total_favorable_r_at_20m,missed_r_20m,maximum_adverse_r_after_exit_20m,returned_to_entry_20m,crossed_original_sl_20m,path_classification_20m,observed_through_20m,total_favorable_r_at_30m,missed_r_30m,maximum_adverse_r_after_exit_30m,returned_to_entry_30m,crossed_original_sl_30m,path_classification_30m,observed_through_30m,total_favorable_r_at_60m,missed_r_60m,maximum_adverse_r_after_exit_60m,returned_to_entry_60m,crossed_original_sl_60m,path_classification_60m,observed_through_60m,clean_continuation_or_immediate_reversal
2,CAMP-1,CORE,FRESH,BUY,2026.04.20 02:03:00,TREND_UP,GENERAL,DATA_UNAVAILABLE,DATA_UNAVAILABLE,,0.36,4778.88,NOT_CAPTURED_IN_FORENSIC_ROW,NOT_CAPTURED_IN_FORENSIC_ROW,4751.49159,27.38841,985.98,2026.04.20 02:43:13,4749.32,BROKER_SL,,,-1064.16,-1.079289,0.001826,FULL_90_DAYS+FIRST_60_DAYS,-0.577252,0.502037,0.452381,True,True,IMMEDIATE_REVERSAL,2026.04.20 02:48:13,-0.577252,0.502037,0.452381,True,True,IMMEDIATE_REVERSAL,2026.04.20 02:53:13,-0.577252,0.502037,0.452381,True,True,IMMEDIATE_REVERSAL,2026.04.20 02:58:13,-0.577252,0.502037,0.452381,True,True,IMMEDIATE_REVERSAL,2026.04.20 03:03:13,-0.577252,0.502037,0.452381,True,True,IMMEDIATE_REVERSAL,2026.04.20 03:13:13,-0.392502,0.686787,0.452381,True,True,IMMEDIATE_REVERSAL,2026.04.20 03:43:13,IMMEDIATE_REVERSAL
4,CAMP-2,CORE,FRESH,BUY,2026.04.20 04:33:30,TREND_DN,GENERAL,DATA_UNAVAILABLE,DATA_UNAVAILABLE,,0.14,4809.61,NOT_CAPTURED_IN_FORENSIC_ROW,NOT_CAPTURED_IN_FORENSIC_ROW,4747.40024,62.20976,870.94,2026.04.21 01:04:10,4821.24,PROFIT_CLOSE,,,161.06,0.184927,0.336511,FULL_90_DAYS+FIRST_60_DAYS,0.333457,0.14853,0.018164,False,False,CLEAN_CONTINUATION,2026.04.21 01:09:10,0.364481,0.179554,0.018164,False,False,CLEAN_CONTINUATION,2026.04.21 01:14:10,0.374126,0.189199,0.018164,False,False,CLEAN_CONTINUATION,2026.04.21 01:19:10,0.377823,0.192896,0.018164,False,False,CLEAN_CONTINUATION,2026.04.21 01:24:10,0.377823,0.192896,0.018164,False,False,CLEAN_CONTINUATION,2026.04.21 01:34:10,0.377823,0.192896,0.018164,False,False,CLEAN_CONTINUATION,2026.04.21 02:04:10,CLEAN_CONTINUATION
6,CAMP-3,CORE,FRESH,BUY,2026.04.22 01:33:00,TREND_DN,GENERAL,A,EXIT_TRADE_LABEL,M30_CONSENSUS_CORE_1776821400 [A],0.14,4718.94,NOT_CAPTURED_IN_FORENSIC_ROW,NOT_CAPTURED_IN_FORENSIC_ROW,4655.77847,63.16153,884.26,2026.04.22 04:00:02,4738.16,SL_MOD:OWNER_R_EXIT_FLOOR,4737.89,5.0,269.08,0.304299,0.451699,FULL_90_DAYS+FIRST_60_DAYS,0.416235,0.111935,0.006808,False,False,CLEAN_CONTINUATION,2026.04.22 04:05:02,0.416235,0.111935,0.035306,False,False,CLEAN_CONTINUATION,2026.04.22 04:10:02,0.416235,0.111935,0.035306,False,False,CLEAN_CONTINUATION,2026.04.22 04:15:02,0.416235,0.111935,0.035306,False,False,CLEAN_CONTINUATION,2026.04.22 04:20:02,0.478456,0.174157,0.035306,False,False,CLEAN_CONTINUATION,2026.04.22 04:30:02,0.565693,0.261393,0.035306,False,False,CLEAN_CONTINUATION,2026.04.22 05:00:02,CLEAN_CONTINUATION
8,CAMP-4,CORE,FRESH,SELL,2026.04.22 08:03:00,TREND_DN,GENERAL,DATA_UNAVAILABLE,DATA_UNAVAILABLE,,1.07,4752.96,NOT_CAPTURED_IN_FORENSIC_ROW,NOT_CAPTURED_IN_FORENSIC_ROW,4761.71049,8.75049,936.3,2026.04.22 08:16:15,4761.8,BROKER_SL,,,-945.88,-1.010228,0.063996,FULL_90_DAYS+FIRST_60_DAYS,-0.913091,0.097137,1.102796,True,True,IMMEDIATE_REVERSAL,2026.04.22 08:21:15,-0.913091,0.097137,1.150793,True,True,IMMEDIATE_REVERSAL,2026.04.22 08:26:15,-0.913091,0.097137,1.150793,True,True,IMMEDIATE_REVERSAL,2026.04.22 08:31:15,-0.913091,0.097137,1.150793,True,True,IMMEDIATE_REVERSAL,2026.04.22 08:36:15,-0.913091,0.097137,1.150793,True,True,IMMEDIATE_REVERSAL,2026.04.22 08:46:15,-0.699388,0.31084,1.195362,True,True,IMMEDIATE_REVERSAL,2026.04.22 09:16:15,IMMEDIATE_REVERSAL
10,CAMP-5,CORE,FRESH,SELL,2026.04.22 10:33:00,TREND_DN,GENERAL,DATA_UNAVAILABLE,DATA_UNAVAILABLE,,0.86,4765.14,NOT_CAPTURED_IN_FORENSIC_ROW,NOT_CAPTURED_IN_FORENSIC_ROW,4774.86969,9.72969,836.75,2026.04.22 10:47:00,4763.15,PROFIT_CLOSE,,,171.14,0.204528,0.372057,FULL_90_DAYS+FIRST_60_DAYS,0.405974,0.201445,0.151084,False,False,IMMEDIATE_REVERSAL,2026.04.22 10:52:00,0.547808,0.343279,0.151084,False,False,IMMEDIATE_REVERSAL,2026.04.22 10:57:00,0.555002,0.350474,0.151084,False,False,IMMEDIATE_REVERSAL,2026.04.22 11:02:00,0.635169,0.430641,0.151084,False,False,IMMEDIATE_REVERSAL,2026.04.22 11:07:00,0.896226,0.691698,0.151084,False,False,IMMEDIATE_REVERSAL,2026.04.22 11:17:00,1.352561,1.148033,0.151084,False,False,IMMEDIATE_REVERSAL,2026.04.22 11:47:00,IMMEDIATE_REVERSAL
12,CAMP-6,CORE,FRESH,SELL,2026.04.22 11:03:30,TREND_DN,GENERAL,DATA_UNAVAILABLE,DATA_UNAVAILABLE,,0.52,4759.53,NOT_CAPTURED_IN_FORENSIC_ROW,NOT_CAPTURED_IN_FORENSIC_ROW,4775.78571,16.25571,845.3,2026.04.22 11:32:05,4756.56,PROFIT_CLOSE,,,154.44,0.182705,0.340804,FULL_90_DAYS+FIRST_60_DAYS,0.463222,0.280517,0.03568,False,False,CLEAN_CONTINUATION,2026.04.22 11:37:05,0.464452,0.281747,0.03568,False,False,CLEAN_CONTINUATION,2026.04.22 11:42:05,0.464452,0.281747,0.03568,False,False,CLEAN_CONTINUATION,2026.04.22 11:47:05,0.464452,0.281747,0.03568,False,False,CLEAN_CONTINUATION,2026.04.22 11:52:05,0.464452,0.281747,0.244222,True,False,CLEAN_CONTINUATION,2026.04.22 12:02:05,0.464452,0.281747,0.340188,True,False,CLEAN_CONTINUATION,2026.04.22 12:32:05,CLEAN_CONTINUATION
14,CAMP-7,CORE,FRESH,SELL,2026.04.22 11:33:30,TREND_DN,GENERAL,A+,EXIT_TRADE_LABEL,M30_CONSENSUS_CORE_1776857400 [A+],0.78,4753.64,NOT_CAPTURED_IN_FORENSIC_ROW,NOT_CAPTURED_IN_FORENSIC_ROW,4764.80399,11.16399,870.79,2026.04.22 13:03:14,4749.99,SL_MOD:OWNER_R_EXIT_FLOOR,4750.29,17.0,284.7,0.326944,0.488176,FULL_90_DAYS+FIRST_60_DAYS,0.41383,0.086887,0.205124,False,False,IMMEDIATE_REVERSAL,2026.04.22 13:08:14,0.689717,0.362774,0.205124,False,False,IMMEDIATE_REVERSAL,2026.04.22 13:13:14,0.689717,0.362774,0.29201,False,False,IMMEDIATE_REVERSAL,2026.04.22 13:18:14,0.689717,0.362774,0.568793,True,False,IMMEDIATE_REVERSAL,2026.04.22 13:23:14,0.689717,0.362774,0.580438,True,False,IMMEDIATE_REVERSAL,2026.04.22 13:33:14,0.689717,0.362774,0.953065,True,False,IMMEDIATE_REVERSAL,2026.04.22 14:03:14,IMMEDIATE_REVERSAL
16,CAMP-8,CORE,FRESH,SELL,2026.04.22 19:03:00,TREND_DN,GENERAL,DATA_UNAVAILABLE,DATA_UNAVAILABLE,,0.56,4728.09,NOT_CAPTURED_IN_FORENSIC_ROW,NOT_CAPTURED_IN_FORENSIC_ROW,4744.12444,16.03444,897.93,2026.04.22 21:48:04,4744.12,BROKER_SL,,,-897.68,-0.999726,0.256948,FULL_90_DAYS+FIRST_60_DAYS,-0.975403,0.024323,0.338646,True,True,IMMEDIATE_REVERSAL,2026.04.22 21:53:04,-0.727811,0.271915,0.338646,True,True,IMMEDIATE_REVERSAL,2026.04.22 21:58:04,-0.704112,0.295614,0.338646,True,True,IMMEDIATE_REVERSAL,2026.04.22 22:03:04,-0.704112,0.295614,0.338646,True,True,IMMEDIATE_REVERSAL,2026.04.22 22:08:04,-0.558176,0.441549,0.338646,True,True,IMMEDIATE_REVERSAL,2026.04.22 22:18:04,-0.558176,0.441549,0.338646,True,True,IMMEDIATE_REVERSAL,2026.04.22 22:48:04,IMMEDIATE_REVERSAL
18,CAMP-9,CORE,FRESH,SELL,2026.04.23 16:33:25,TREND_DN,GENERAL,DATA_UNAVAILABLE,DATA_UNAVAILABLE,,0.5,4731.01,NOT_CAPTURED_IN_FORENSIC_ROW,NOT_CAPTURED_IN_FORENSIC_ROW,4747.25963,16.24963,812.48,2026.04.23 16:35:20,4727.74,PROFIT_CLOSE,,,163.5,0.201236,0.36924,FULL_90_DAYS+FIRST_60_DAYS,0.348316,0.14708,0.272622,True,False,CLEAN_CONTINUATION,2026.04.23 16:40:20,0.348316,0.14708,0.49355,True,False,CLEAN_CONTINUATION,2026.04.23 16:45:20,0.348316,0.14708,0.669554,True,False,CLEAN_CONTINUATION,2026.04.23 16:50:20,0.348316,0.14708,0.841865,True,False,CLEAN_CONTINUATION,2026.04.23 16:55:20,0.856635,0.6554,0.841865,True,False,CLEAN_CONTINUATION,2026.04.23 17:05:20,0.856635,0.6554,0.841865,True,False,CLEAN_CONTINUATION,2026.04.23 17:35:20,CLEAN_CONTINUATION
20,CAMP-10,CORE,FRESH,SELL,2026.04.23 19:03:00,TREND_DN,GENERAL,A+,EXIT_TRADE_LABEL,M30_CONSENSUS_CORE_1776970800 [A+],0.3,4719.54,NOT_CAPTURED_IN_FORENSIC_ROW,NOT_CAPTURED_IN_FORENSIC_ROW,4746.9114,27.3714,821.14,2026.04.23 20:10:56,4711.04,SL_MOD:OWNER_R_EXIT_FLOOR,4711.33,15.0,255.0,0.310543,0.499061,FULL_90_DAYS+FIRST_60_DAYS,0.372652,0.062109,0.211169,False,False,IMMEDIATE_REVERSAL,2026.04.23 20:15:56,0.542172,0.231629,0.241858,False,False,IMMEDIATE_REVERSAL,2026.04.23 20:20:56,0.542172,0.231629,0.241858,False,False,IMMEDIATE_REVERSAL,2026.04.23 20:25:56,0.560439,0.249896,0.270355,False,False,IMMEDIATE_REVERSAL,2026.04.23 20:30:56,0.98022,0.669677,0.270355,False,False,IMMEDIATE_REVERSAL,2026.04.23 20:40:56,2.010127,1.699584,0.41832,True,False,IMMEDIATE_REVERSAL,2026.04.23 21:10:56,IMMEDIATE_REVERSAL
22,CAMP-11,CORE,FRESH,BUY,2026.04.27 04:33:00,TREND_DN,GENERAL,A,EXIT_TRADE_LABEL,M30_CONSENSUS_CORE_1777264200 [A],0.71,4699.7,NOT_CAPTURED_IN_FORENSIC_ROW,NOT_CAPTURED_IN_FORENSIC_ROW,4687.73767,11.96233,849.32,2026.04.27 04:51:09,4704.11,SL_MOD:OWNER_R_EXIT_FLOOR,4703.94,6.0,313.11,0.368658,0.511607,FULL_90_DAYS+FIRST_60_DAYS,0.565944,0.197286,0.171371,False,False,CLEAN_CONTINUATION,2026.04.27 04:56:09,0.565944,0.197286,0.344415,False,False,CLEAN_CONTINUATION,2026.04.27 05:01:09,0.591859,0.223201,0.615265,True,False,CLEAN_CONTINUATION,2026.04.27 05:06:09,0.591859,0.223201,0.657899,True,False,CLEAN_CONTINUATION,2026.04.27 05:11:09,0.715581,0.346922,0.657899,True,False,CLEAN_CONTINUATION,2026.04.27 05:21:09,1.730433,1.361775,0.657899,True,False,CLEAN_CONTINUATION,2026.04.27 05:51:09,CLEAN_CONTINUATION
24,CAMP-12,CORE,FRESH,BUY,2026.04.27 05:03:00,TREND_DN,GENERAL,A,EXIT_TRADE_LABEL,M30_CONSENSUS_CORE_1777266000 [A],0.49,4704.5,NOT_CAPTURED_IN_FORENSIC_ROW,NOT_CAPTURED_IN_FORENSIC_ROW,4686.73113,17.76887,870.68,2026.04.27 05:40:12,4711.8,SL_MOD:OWNER_R_EXIT_FLOOR,4711.25,10.0,357.7,0.41083,0.566158,FULL_90_DAYS+FIRST_60_DAYS,0.559967,0.149137,0.048962,False,False,CLEAN_CONTINUATION,2026.04.27 05:45:12,0.828414,0.417584,0.048962,False,False,CLEAN_CONTINUATION,2026.04.27 05:50:12,1.036081,0.625251,0.048962,False,False,CLEAN_CONTINUATION,2026.04.27 05:55:12,1.069285,0.658455,0.048962,False,False,CLEAN_CONTINUATION,2026.04.27 06:00:12,1.069285,0.658455,0.048962,False,False,CLEAN_CONTINUATION,2026.04.27 06:10:12,1.182404,0.771574,0.048962,False,False,CLEAN_CONTINUATION,2026.04.27 06:40:12,CLEAN_CONTINUATION
26,CAMP-13,CORE,FRESH,BUY,2026.04.27 06:33:00,TREND_DN,GENERAL,DATA_UNAVAILABLE,DATA_UNAVAILABLE,,0.31,4719.77,NOT_CAPTURED_IN_FORENSIC_ROW,NOT_CAPTURED_IN_FORENSIC_ROW,4690.28274,29.48726,914.11,2026.04.27 06:47:38,4725.07,PROFIT_CLOSE,,,164.3,0.179738,0.327938,FULL_90_DAYS+FIRST_60_DAYS,0.19093,0.011191,0.0624,False,False,NO_DECISIVE_0.10R_MOVE,2026.04.27 06:52:38,0.222469,0.04273,0.084782,False,False,NO_DECISIVE_0.10R_MOVE,2026.04.27 06:57:38,0.238408,0.058669,0.084782,False,False,NO_DECISIVE_0.10R_MOVE,2026.04.27 07:02:38,0.262825,0.083087,0.084782,False,False,NO_DECISIVE_0.10R_MOVE,2026.04.27 07:07:38,0.283851,0.104113,0.084782,False,False,CLEAN_CONTINUATION,2026.04.27 07:17:38,0.35066,0.170921,0.084782,False,False,CLEAN_CONTINUATION,2026.04.27 07:47:38,CLEAN_CONTINUATION
28,CAMP-14,CORE,FRESH,SELL,2026.04.27 12:03:00,TREND_UP,GENERAL,DATA_UNAVAILABLE,DATA_UNAVAILABLE,,0.89,4706.78,NOT_CAPTURED_IN_FORENSIC_ROW,NOT_CAPTURED_IN_FORENSIC_ROW,4717.25154,10.47154,931.96,2026.04.27 12:12:19,4704.54,PROFIT_CLOSE,,,199.36,0.213914,0.396314,FULL_90_DAYS+FIRST_60_DAYS,0.300816,0.086902,0.166165,False,False,IMMEDIATE_REVERSAL,2026.04.27 12:17:19,0.300816,0.086902,0.166165,False,False,IMMEDIATE_REVERSAL,2026.04.27 12:22:19,0.300816,0.086902,0.212958,False,False,IMMEDIATE_REVERSAL,2026.04.27 12:27:19,0.678984,0.46507,0.212958,False,False,IMMEDIATE_REVERSAL,2026.04.27 12:32:19,0.678984,0.46507,0.212958,False,False,IMMEDIATE_REVERSAL,2026.04.27 12:42:19,0.678984,0.46507,0.237787,True,False,IMMEDIATE_REVERSAL,2026.04.27 13:12:19,IMMEDIATE_REVERSAL
30,CAMP-15,CORE,FRESH,BUY,2026.04.27 18:33:00,TREND_DN,GENERAL,B,EXIT_TRADE_LABEL,M30_CONSENSUS_CORE_1777314600 [B],0.58,4679.37,NOT_CAPTURED_IN_FORENSIC_ROW,NOT_CAPTURED_IN_FORENSIC_ROW,4663.1064,16.2636,943.29,2026.04.27 20:35:10,4685.93,SL_MOD:OWNER_R_EXIT_FLOOR,4684.25,17.0,380.48,0.403355,0.403355,FULL_90_DAYS+FIRST_60_DAYS,0.417497,0.014142,0.364618,False,False,IMMEDIATE_REVERSAL,2026.04.27 20:40:10,0.417497,0.014142,0.364618,False,False,IMMEDIATE_REVERSAL,2026.04.27 20:45:10,0.417497,0.014142,0.364618,False,False,IMMEDIATE_REVERSAL,2026.04.27 20:50:10,0.417497,0.014142,0.364618,False,False,IMMEDIATE_REVERSAL,2026.04.27 20:55:10,0.417497,0.014142,0.373226,False,False,IMMEDIATE_REVERSAL,2026.04.27 21:05:10,0.417497,0.014142,0.42795,True,False,IMMEDIATE_REVERSAL,2026.04.27 21:35:10,IMMEDIATE_REVERSAL
32,CAMP-16,CORE,FRESH,SELL,2026.04.28 04:03:00,TREND_DN,GENERAL,A+,EXIT_TRADE_LABEL,M30_CONSENSUS_CORE_1777348800 [A+],0.53,4686.14,NOT_CAPTURED_IN_FORENSIC_ROW,NOT_CAPTURED_IN_FORENSIC_ROW,4704.92819,18.78819,995.77,2026.04.28 05:00:06,4667.24,SL_MOD:OWNER_R_EXIT_FLOOR,4673.37,4.0,1001.7,1.005951,1.005951,FULL_90_DAYS+FIRST_60_DAYS,1.042144,0.036193,0.343833,False,False,IMMEDIATE_REVERSAL,2026.04.28 05:05:06,1.042144,0.036193,0.513621,False,False,IMMEDIATE_REVERSAL,2026.04.28 05:10:06,1.042144,0.036193,0.580152,False,False,IMMEDIATE_REVERSAL,2026.04.28 05:15:06,1.042144,0.036193,0.678618,False,False,IMMEDIATE_REVERSAL,2026.04.28 05:20:06,1.042144,0.036193,0.678618,False,False,IMMEDIATE_REVERSAL,2026.04.28 05:30:06,1.042144,0.036193,0.678618,False,False,IMMEDIATE_REVERSAL,2026.04.28 06:00:06,IMMEDIATE_REVERSAL
34,CAMP-17,CORE,FRESH,SELL,2026.04.29 03:33:30,TREND_DN,GENERAL,A+,EXIT_TRADE_LABEL,M30_CONSENSUS_CORE_1777433400 [A+],1.01,4602.01,NOT_CAPTURED_IN_FORENSIC_ROW,NOT_CAPTURED_IN_FORENSIC_ROW,4612.77923,10.76923,1087.69,2026.04.29 03:50:56,4598.49,SL_MOD:OWNER_R_EXIT_FLOOR,4598.78,21.0,355.52,0.326858,0.417858,FULL_90_DAYS+FIRST_60_DAYS,0.519072,0.192214,0.104,False,False,CLEAN_CONTINUATION,2026.04.29 03:55:56,0.587787,0.260929,0.338929,True,False,CLEAN_CONTINUATION,2026.04.29 04:00:56,1.998287,1.671429,0.338929,True,False,CLEAN_CONTINUATION,2026.04.29 04:05:56,2.404073,2.077215,0.338929,True,False,CLEAN_CONTINUATION,2026.04.29 04:10:56,2.404073,2.077215,0.338929,True,False,CLEAN_CONTINUATION,2026.04.29 04:20:56,2.404073,2.077215,0.338929,True,False,CLEAN_CONTINUATION,2026.04.29 04:50:56,CLEAN_CONTINUATION
36,CAMP-18,CORE,FRESH,SELL,2026.04.29 04:33:30,TREND_DN,GENERAL,DATA_UNAVAILABLE,DATA_UNAVAILABLE,,0.47,4586.07,NOT_CAPTURED_IN_FORENSIC_ROW,NOT_CAPTURED_IN_FORENSIC_ROW,4609.87616,23.80616,1118.89,2026.04.29 10:16:23,4581.33,PROFIT_CLOSE,,,222.78,0.199108,0.386034,FULL_90_DAYS+FIRST_60_DAYS,0.422159,0.223052,0.0021,False,False,CLEAN_CONTINUATION,2026.04.29 10:21:23,0.622948,0.42384,0.0021,False,False,CLEAN_CONTINUATION,2026.04.29 10:26:23,0.693098,0.49399,0.0021,False,False,CLEAN_CONTINUATION,2026.04.29 10:31:23,0.693098,0.49399,0.0021,False,False,CLEAN_CONTINUATION,2026.04.29 10:36:23,0.702759,0.503651,0.0021,False,False,CLEAN_CONTINUATION,2026.04.29 10:46:23,0.901027,0.701919,0.0021,False,False,CLEAN_CONTINUATION,2026.04.29 11:16:23,CLEAN_CONTINUATION
38,CAMP-19,CORE,FRESH,SELL,2026.04.29 10:33:30,TREND_DN,GENERAL,DATA_UNAVAILABLE,DATA_UNAVAILABLE,,0.79,4577.83,NOT_CAPTURED_IN_FORENSIC_ROW,NOT_CAPTURED_IN_FORENSIC_ROW,4592.33406,14.50406,1145.82,2026.04.29 10:37:31,4574.96,PROFIT_CLOSE,,,226.73,0.197875,0.365414,FULL_90_DAYS+FIRST_60_DAYS,0.532264,0.334389,0.173055,False,False,IMMEDIATE_REVERSAL,2026.04.29 10:42:31,0.686014,0.488139,0.173055,False,False,IMMEDIATE_REVERSAL,2026.04.29 10:47:31,0.701183,0.503307,0.173055,False,False,IMMEDIATE_REVERSAL,2026.04.29 10:52:31,0.701183,0.503307,0.173055,False,False,IMMEDIATE_REVERSAL,2026.04.29 10:57:31,0.862517,0.664642,0.173055,False,False,IMMEDIATE_REVERSAL,2026.04.29 11:07:31,1.356172,1.158297,0.173055,False,False,IMMEDIATE_REVERSAL,2026.04.29 11:37:31,IMMEDIATE_REVERSAL
40,CAMP-20,CORE,FRESH,SELL,2026.04.30 06:03:30,TREND_DN,GENERAL,DATA_UNAVAILABLE,DATA_UNAVAILABLE,,0.64,4568.56,NOT_CAPTURED_IN_FORENSIC_ROW,NOT_CAPTURED_IN_FORENSIC_ROW,4586.68651,18.12651,1160.1,2026.04.30 06:14:37,4565.52,PROFIT_CLOSE,,,194.56,0.16771,0.320525,FULL_90_DAYS+FIRST_60_DAYS,0.278598,0.110887,0.074477,False,False,CLEAN_CONTINUATION,2026.04.30 06:19:37,0.281356,0.113646,0.074477,False,False,CLEAN_CONTINUATION,2026.04.30 06:24:37,0.295148,0.127438,0.083303,False,False,CLEAN_CONTINUATION,2026.04.30 06:29:37,0.461203,0.293493,0.083303,False,False,CLEAN_CONTINUATION,2026.04.30 06:34:37,0.596364,0.428654,0.083303,False,False,CLEAN_CONTINUATION,2026.04.30 06:44:37,0.958817,0.791106,0.083303,False,False,CLEAN_CONTINUATION,2026.04.30 07:14:37,CLEAN_CONTINUATION
42,CAMP-21,CORE,FRESH,SELL,2026.04.30 07:03:30,TREND_DN,GENERAL,A+,EXIT_TRADE_LABEL,M30_CONSENSUS_CORE_1777532400 [A+],0.54,4551.49,NOT_CAPTURED_IN_FORENSIC_ROW,NOT_CAPTURED_IN_FORENSIC_ROW,4573.59169,22.10169,1193.49,2026.04.30 07:43:41,4544.57,SL_MOD:OWNER_R_EXIT_FLOOR,4544.86,19.0,373.68,0.313098,0.468742,FULL_90_DAYS+FIRST_60_DAYS,0.352009,0.038911,0.231657,False,False,IMMEDIATE_REVERSAL,2026.04.30 07:48:41,0.352009,0.038911,0.231657,False,False,IMMEDIATE_REVERSAL,2026.04.30 07:53:41,0.385038,0.07194,0.231657,False,False,IMMEDIATE_REVERSAL,2026.04.30 07:58:41,0.426664,0.113566,0.231657,False,False,IMMEDIATE_REVERSAL,2026.04.30 08:03:41,0.426664,0.113566,0.415353,True,False,IMMEDIATE_REVERSAL,2026.04.30 08:13:41,0.426664,0.113566,1.011235,True,False,IMMEDIATE_REVERSAL,2026.04.30 08:43:41,IMMEDIATE_REVERSAL
44,CAMP-22,CORE,FRESH,BUY,2026.05.01 01:33:33,TREND_UP,GENERAL,DATA_UNAVAILABLE,DATA_UNAVAILABLE,,0.64,4629.67,NOT_CAPTURED_IN_FORENSIC_ROW,NOT_CAPTURED_IN_FORENSIC_ROW,4610.59009,19.07991,1221.11,2026.05.01 05:18:52,4633.15,PROFIT_CLOSE,,,222.72,0.182391,0.332287,FULL_90_DAYS+FIRST_60_DAYS,0.226416,0.044025,0.223796,True,False,IMMEDIATE_REVERSAL,2026.05.01 05:23:52,0.226416,0.044025,0.224844,True,False,IMMEDIATE_REVERSAL,2026.05.01 05:28:52,0.226416,0.044025,0.245808,True,False,IMMEDIATE_REVERSAL,2026.05.01 05:33:50,0.226416,0.044025,0.267821,True,False,IMMEDIATE_REVERSAL,2026.05.01 05:38:52,0.226416,0.044025,0.665621,True,False,IMMEDIATE_REVERSAL,2026.05.01 05:48:52,0.226416,0.044025,0.870549,True,False,IMMEDIATE_REVERSAL,2026.05.01 06:18:51,IMMEDIATE_REVERSAL
46,CAMP-23,CORE,FRESH,BUY,2026.05.01 05:33:00,TREND_UP,GENERAL,DATA_UNAVAILABLE,DATA_UNAVAILABLE,,0.88,4629.76,NOT_CAPTURED_IN_FORENSIC_ROW,NOT_CAPTURED_IN_FORENSIC_ROW,4615.51609,14.24391,1253.46,2026.05.01 07:30:20,4615.46,BROKER_SL,,,-1258.4,-1.003939,0.152346,FULL_90_DAYS+FIRST_60_DAYS,-0.902141,0.101798,0.215531,True,True,CLEAN_CONTINUATION,2026.05.01 07:35:20,-0.882483,0.121455,0.215531,True,True,CLEAN_CONTINUATION,2026.05.01 07:40:20,-0.882483,0.121455,0.236592,True,True,CLEAN_CONTINUATION,2026.05.01 07:45:20,-0.882483,0.121455,0.378407,True,True,CLEAN_CONTINUATION,2026.05.01 07:50:20,-0.882483,0.121455,0.490736,True,True,CLEAN_CONTINUATION,2026.05.01 08:00:20,-0.882483,0.121455,0.554623,True,True,CLEAN_CONTINUATION,2026.05.01 08:30:20,CLEAN_CONTINUATION
48,CAMP-24,CORE,FRESH,SELL,2026.05.01 10:03:30,TREND_UP,GENERAL,DATA_UNAVAILABLE,DATA_UNAVAILABLE,,0.42,4594.95,NOT_CAPTURED_IN_FORENSIC_ROW,NOT_CAPTURED_IN_FORENSIC_ROW,4621.44793,26.49793,1112.91,2026.05.01 10:23:30,4589.66,PROFIT_CLOSE,,,222.18,0.199638,0.367199,FULL_90_DAYS+FIRST_60_DAYS,0.269078,0.069439,0.091328,False,False,NO_DECISIVE_0.10R_MOVE,2026.05.01 10:28:30,0.341914,0.142275,0.140766,False,False,IMMEDIATE_REVERSAL,2026.05.01 10:33:30,0.413617,0.213979,0.140766,False,False,IMMEDIATE_REVERSAL,2026.05.01 10:38:30,0.413617,0.213979,0.140766,False,False,IMMEDIATE_REVERSAL,2026.05.01 10:43:30,0.527211,0.327573,0.140766,False,False,IMMEDIATE_REVERSAL,2026.05.01 10:53:30,0.977058,0.777419,0.140766,False,False,IMMEDIATE_REVERSAL,2026.05.01 11:23:30,IMMEDIATE_REVERSAL
50,CAMP-25,CORE,FRESH,SELL,2026.05.01 10:33:30,TREND_UP,GENERAL,DATA_UNAVAILABLE,DATA_UNAVAILABLE,,0.79,4586.95,NOT_CAPTURED_IN_FORENSIC_ROW,NOT_CAPTURED_IN_FORENSIC_ROW,4601.42324,14.47324,1143.38,2026.05.01 10:50:40,4584.62,PROFIT_CLOSE,,,184.07,0.160987,0.300556,FULL_90_DAYS+FIRST_60_DAYS,0.546526,0.385539,0.031092,False,False,CLEAN_CONTINUATION,2026.05.01 10:55:40,0.751732,0.590745,0.031092,False,False,CLEAN_CONTINUATION,2026.05.01 11:00:40,0.751732,0.590745,0.031092,False,False,CLEAN_CONTINUATION,2026.05.01 11:05:40,0.751732,0.590745,0.031092,False,False,CLEAN_CONTINUATION,2026.05.01 11:10:40,1.151781,0.990794,0.031092,False,False,CLEAN_CONTINUATION,2026.05.01 11:20:40,1.428153,1.267166,0.031092,False,False,CLEAN_CONTINUATION,2026.05.01 11:50:40,CLEAN_CONTINUATION
52,CAMP-26,CORE,FRESH,SELL,2026.05.01 11:03:30,TREND_UP,GENERAL,A+,EXIT_TRADE_LABEL,M30_CONSENSUS_CORE_1777633200 [A+],0.49,4579.46,NOT_CAPTURED_IN_FORENSIC_ROW,NOT_CAPTURED_IN_FORENSIC_ROW,4603.04981,23.58981,1155.9,2026.05.01 11:32:02,4569.95,SL_MOD:OWNER_R_EXIT_FLOOR,4570.66,11.0,465.99,0.40314,0.558716,FULL_90_DAYS+FIRST_60_DAYS,0.553629,0.150489,0.101315,False,False,IMMEDIATE_REVERSAL,2026.05.01 11:37:02,0.553629,0.150489,0.101315,False,False,IMMEDIATE_REVERSAL,2026.05.01 11:42:02,0.553629,0.150489,0.120391,False,False,IMMEDIATE_REVERSAL,2026.05.01 11:47:02,0.553629,0.150489,0.120391,False,False,IMMEDIATE_REVERSAL,2026.05.01 11:52:02,0.600259,0.197119,0.120391,False,False,IMMEDIATE_REVERSAL,2026.05.01 12:02:02,0.636716,0.233575,0.120391,False,False,IMMEDIATE_REVERSAL,2026.05.01 12:32:02,IMMEDIATE_REVERSAL
54,CAMP-27,CORE,FRESH,SELL,2026.05.01 18:03:30,RANGING,GENERAL,DATA_UNAVAILABLE,DATA_UNAVAILABLE,,0.29,4627.17,NOT_CAPTURED_IN_FORENSIC_ROW,NOT_CAPTURED_IN_FORENSIC_ROW,4669.13529,41.96529,1216.99,2026.05.04 01:23:44,4619.19,WEEKEND_CLOSE,,,230.09,0.189064,0.344192,FULL_90_DAYS+FIRST_60_DAYS,0.236723,0.047658,0.086023,False,False,NO_DECISIVE_0.10R_MOVE,2026.05.04 01:28:44,0.236723,0.047658,0.090313,False,False,NO_DECISIVE_0.10R_MOVE,2026.05.04 01:33:43,0.236723,0.047658,0.170141,False,False,IMMEDIATE_REVERSAL,2026.05.04 01:38:44,0.236723,0.047658,0.246632,True,False,IMMEDIATE_REVERSAL,2026.05.04 01:43:44,0.236723,0.047658,0.246632,True,False,IMMEDIATE_REVERSAL,2026.05.04 01:53:44,0.371119,0.182055,0.246632,True,False,IMMEDIATE_REVERSAL,2026.05.04 02:23:44,IMMEDIATE_REVERSAL
56,CAMP-28,CORE,FRESH,SELL,2026.05.04 03:03:30,TREND_UP,GENERAL,DATA_UNAVAILABLE,DATA_UNAVAILABLE,,0.87,4607.75,NOT_CAPTURED_IN_FORENSIC_ROW,NOT_CAPTURED_IN_FORENSIC_ROW,4621.9793,14.2293,1237.95,2026.05.04 03:24:20,4604.92,PROFIT_CLOSE,,,246.21,0.198885,0.375282,FULL_90_DAYS+FIRST_60_DAYS,0.393554,0.194669,0.105416,False,False,CLEAN_CONTINUATION,2026.05.04 03:29:20,0.393554,0.194669,0.373174,True,False,CLEAN_CONTINUATION,2026.05.04 03:34:20,0.393554,0.194669,0.373174,True,False,CLEAN_CONTINUATION,2026.05.04 03:39:19,0.393554,0.194669,0.373174,True,False,CLEAN_CONTINUATION,2026.05.04 03:44:20,0.393554,0.194669,0.401285,True,False,CLEAN_CONTINUATION,2026.05.04 03:54:20,0.813111,0.614226,0.654284,True,False,CLEAN_CONTINUATION,2026.05.04 04:24:20,CLEAN_CONTINUATION
58,CAMP-29,CORE,FRESH,SELL,2026.05.05 06:33:30,TREND_DN,GENERAL,A+,EXIT_TRADE_LABEL,M30_CONSENSUS_CORE_1777962600 [A+],1.66,4537.14,NOT_CAPTURED_IN_FORENSIC_ROW,NOT_CAPTURED_IN_FORENSIC_ROW,4544.75739,7.61739,1264.49,2026.05.05 06:58:09,4533.82,SL_MOD:OWNER_R_EXIT_FLOOR,4534.35,21.0,551.12,0.435844,0.590753,FULL_90_DAYS+FIRST_60_DAYS,0.435844,0.0,0.280936,False,False,IMMEDIATE_REVERSAL,2026.05.05 07:03:09,0.481792,0.045948,0.280936,False,False,IMMEDIATE_REVERSAL,2026.05.05 07:08:09,0.481792,0.045948,0.280936,False,False,IMMEDIATE_REVERSAL,2026.05.05 07:13:07,0.572374,0.13653,0.280936,False,False,IMMEDIATE_REVERSAL,2026.05.05 07:18:09,0.943893,0.508048,0.280936,False,False,IMMEDIATE_REVERSAL,2026.05.05 07:28:09,1.17363,0.737786,0.393836,False,False,IMMEDIATE_REVERSAL,2026.05.05 07:58:09,IMMEDIATE_REVERSAL
60,CAMP-30,CORE,FRESH,SELL,2026.05.05 07:03:00,TREND_DN,GENERAL,A+,EXIT_TRADE_LABEL,M30_CONSENSUS_CORE_1777964400 [A+],1.28,4534.8,NOT_CAPTURED_IN_FORENSIC_ROW,NOT_CAPTURED_IN_FORENSIC_ROW,4545.10903,10.30903,1319.55,2026.05.05 07:21:49,4531.41,SL_MOD:OWNER_R_EXIT_FLOOR,4531.71,21.0,433.92,0.328839,0.470463,FULL_90_DAYS+FIRST_60_DAYS,0.460762,0.131923,0.165874,False,False,IMMEDIATE_REVERSAL,2026.05.05 07:26:49,0.640216,0.311378,0.165874,False,False,IMMEDIATE_REVERSAL,2026.05.05 07:31:49,0.640216,0.311378,0.246386,False,False,IMMEDIATE_REVERSAL,2026.05.05 07:36:48,0.640216,0.311378,0.246386,False,False,IMMEDIATE_REVERSAL,2026.05.05 07:41:49,0.640216,0.311378,0.386069,True,False,IMMEDIATE_REVERSAL,2026.05.05 07:51:49,0.640216,0.311378,1.381313,True,True,IMMEDIATE_REVERSAL,2026.05.05 08:21:49,IMMEDIATE_REVERSAL
62,CAMP-31,CORE,FRESH,SELL,2026.05.05 08:03:30,TREND_DN,GENERAL,DATA_UNAVAILABLE,DATA_UNAVAILABLE,,1.6,4536.27,NOT_CAPTURED_IN_FORENSIC_ROW,NOT_CAPTURED_IN_FORENSIC_ROW,4544.74843,8.47843,1356.54,2026.05.05 08:08:26,4544.88,BROKER_SL,,,-1377.6,-1.015522,0.062512,FULL_90_DAYS+FIRST_60_DAYS,-0.602709,0.412812,0.090819,True,True,CLEAN_CONTINUATION,2026.05.05 08:13:26,0.016509,1.032031,0.090819,True,True,CLEAN_CONTINUATION,2026.05.05 08:18:26,0.034201,1.049723,0.090819,True,True,CLEAN_CONTINUATION,2026.05.05 08:23:26,0.034201,1.049723,0.090819,True,True,CLEAN_CONTINUATION,2026.05.05 08:28:26,0.034201,1.049723,0.754857,True,True,CLEAN_CONTINUATION,2026.05.05 08:38:26,0.034201,1.049723,0.861009,True,True,CLEAN_CONTINUATION,2026.05.05 09:08:26,CLEAN_CONTINUATION
64,CAMP-32,CORE,FRESH,SELL,2026.05.05 09:33:00,TREND_DN,GENERAL,DATA_UNAVAILABLE,DATA_UNAVAILABLE,,0.84,4540.99,NOT_CAPTURED_IN_FORENSIC_ROW,NOT_CAPTURED_IN_FORENSIC_ROW,4555.41949,14.42949,1212.08,2026.05.05 10:13:39,4555.42,BROKER_SL,,,-1212.12,-1.000035,0.0,FULL_90_DAYS+FIRST_60_DAYS,-0.806681,0.193354,0.026335,True,True,CLEAN_CONTINUATION,2026.05.05 10:18:39,-0.801136,0.198898,0.026335,True,True,CLEAN_CONTINUATION,2026.05.05 10:23:39,-0.568973,0.431062,0.026335,True,True,CLEAN_CONTINUATION,2026.05.05 10:28:39,-0.528084,0.47195,0.026335,True,True,CLEAN_CONTINUATION,2026.05.05 10:33:39,-0.528084,0.47195,0.212066,True,True,CLEAN_CONTINUATION,2026.05.05 10:43:39,-0.173255,0.826779,0.212066,True,True,CLEAN_CONTINUATION,2026.05.05 11:13:39,CLEAN_CONTINUATION
66,CAMP-33,CORE,FRESH,SELL,2026.05.05 11:03:00,TREND_DN,GENERAL,DATA_UNAVAILABLE,DATA_UNAVAILABLE,,0.69,4546.06,NOT_CAPTURED_IN_FORENSIC_ROW,NOT_CAPTURED_IN_FORENSIC_ROW,4562.04571,15.98571,1103.01,2026.05.05 13:55:39,4542.95,PROFIT_CLOSE,,,214.59,0.194549,0.354692,FULL_90_DAYS+FIRST_60_DAYS,0.28025,0.085702,0.135121,False,False,IMMEDIATE_REVERSAL,2026.05.05 14:00:39,0.387846,0.193298,0.135121,False,False,IMMEDIATE_REVERSAL,2026.05.05 14:05:39,0.387846,0.193298,0.462288,True,False,IMMEDIATE_REVERSAL,2026.05.05 14:10:38,0.387846,0.193298,0.701251,True,False,IMMEDIATE_REVERSAL,2026.05.05 14:15:39,0.387846,0.193298,0.853887,True,False,IMMEDIATE_REVERSAL,2026.05.05 14:25:39,0.387846,0.193298,1.387489,True,True,IMMEDIATE_REVERSAL,2026.05.05 14:55:39,IMMEDIATE_REVERSAL
68,CAMP-34,CORE,FRESH,SELL,2026.05.05 14:03:30,TREND_DN,GENERAL,DATA_UNAVAILABLE,DATA_UNAVAILABLE,,0.72,4542.22,NOT_CAPTURED_IN_FORENSIC_ROW,NOT_CAPTURED_IN_FORENSIC_ROW,4557.70069,15.48069,1114.61,2026.05.05 14:28:48,4557.83,BROKER_SL,,,-1123.92,-1.008352,0.094957,FULL_90_DAYS+FIRST_60_DAYS,-0.841693,0.166659,0.078162,True,True,CLEAN_CONTINUATION,2026.05.05 14:33:48,-0.841693,0.166659,0.202187,True,True,CLEAN_CONTINUATION,2026.05.05 14:38:48,-0.841693,0.166659,0.461866,True,True,CLEAN_CONTINUATION,2026.05.05 14:43:48,-0.841693,0.166659,0.461866,True,True,CLEAN_CONTINUATION,2026.05.05 14:48:48,-0.841693,0.166659,0.471555,True,True,CLEAN_CONTINUATION,2026.05.05 14:58:48,-0.78291,0.225442,1.07618,True,True,CLEAN_CONTINUATION,2026.05.05 15:28:48,CLEAN_CONTINUATION
70,CAMP-35,CORE,FRESH,SELL,2026.05.05 15:03:30,TREND_DN,GENERAL,DATA_UNAVAILABLE,DATA_UNAVAILABLE,,0.91,4556.6,NOT_CAPTURED_IN_FORENSIC_ROW,NOT_CAPTURED_IN_FORENSIC_ROW,4567.74029,11.14029,1013.77,2026.05.05 15:21:26,4568.13,BROKER_SL,,,-1049.23,-1.034981,0.202867,FULL_90_DAYS+FIRST_60_DAYS,-0.82224,0.212741,0.570901,True,True,CLEAN_CONTINUATION,2026.05.05 15:26:26,-0.82224,0.212741,0.599626,True,True,CLEAN_CONTINUATION,2026.05.05 15:31:26,-0.82224,0.212741,0.599626,True,True,CLEAN_CONTINUATION,2026.05.05 15:36:26,-0.82224,0.212741,0.599626,True,True,CLEAN_CONTINUATION,2026.05.05 15:41:26,-0.542175,0.492806,0.599626,True,True,CLEAN_CONTINUATION,2026.05.05 15:51:26,-0.47934,0.555641,1.53856,True,True,CLEAN_CONTINUATION,2026.05.05 16:21:26,CLEAN_CONTINUATION
72,CAMP-36,CORE,FRESH,SELL,2026.05.05 19:33:00,TREND_UP,GENERAL,DATA_UNAVAILABLE,DATA_UNAVAILABLE,,0.27,4554.55,NOT_CAPTURED_IN_FORENSIC_ROW,NOT_CAPTURED_IN_FORENSIC_ROW,4587.82724,33.27724,898.48,2026.05.06 02:12:51,4587.85,BROKER_SL,,,-900.34,-1.002065,0.24233,FULL_90_DAYS+FIRST_60_DAYS,-0.882765,0.119301,0.091354,True,True,CLEAN_CONTINUATION,2026.05.06 02:17:51,-0.880961,0.121104,0.091354,True,True,CLEAN_CONTINUATION,2026.05.06 02:22:51,-0.865035,0.137031,0.091354,True,True,CLEAN_CONTINUATION,2026.05.06 02:27:51,-0.757153,0.244912,0.091354,True,True,CLEAN_CONTINUATION,2026.05.06 02:32:51,-0.757153,0.244912,0.091354,True,True,CLEAN_CONTINUATION,2026.05.06 02:42:50,-0.757153,0.244912,0.312826,True,True,CLEAN_CONTINUATION,2026.05.06 03:12:51,CLEAN_CONTINUATION
74,CAMP-37,CORE,FRESH,SELL,2026.05.06 15:03:00,TREND_UP,GENERAL,B,EXIT_TRADE_LABEL,M30_CONSENSUS_CORE_1778079600 [B],0.22,4686.07,NOT_CAPTURED_IN_FORENSIC_ROW,NOT_CAPTURED_IN_FORENSIC_ROW,4722.9997,36.9297,812.45,2026.05.06 15:15:08,4674.76,SL_MOD:OWNER_R_EXIT_FLOOR,4674.99,17.0,248.82,0.306258,0.404282,FULL_90_DAYS+FIRST_60_DAYS,0.693751,0.387493,0.063905,False,False,CLEAN_CONTINUATION,2026.05.06 15:20:08,0.693751,0.387493,0.289469,False,False,CLEAN_CONTINUATION,2026.05.06 15:25:08,0.693751,0.387493,0.382077,True,False,CLEAN_CONTINUATION,2026.05.06 15:30:08,0.693751,0.387493,0.382077,True,False,CLEAN_CONTINUATION,2026.05.06 15:35:08,0.693751,0.387493,0.382077,True,False,CLEAN_CONTINUATION,2026.05.06 15:45:08,0.693751,0.387493,0.487142,True,False,CLEAN_CONTINUATION,2026.05.06 16:15:08,CLEAN_CONTINUATION
76,CAMP-38,CORE,FRESH,SELL,2026.05.06 15:33:38,TREND_UP,GENERAL,DATA_UNAVAILABLE,DATA_UNAVAILABLE,,0.2,4682.23,NOT_CAPTURED_IN_FORENSIC_ROW,NOT_CAPTURED_IN_FORENSIC_ROW,4724.13014,41.90014,838.0,2026.05.06 16:08:54,4675.22,PROFIT_CLOSE,,,140.2,0.167303,0.306205,FULL_90_DAYS+FIRST_60_DAYS,0.316228,0.148926,0.142004,False,False,CLEAN_CONTINUATION,2026.05.06 16:13:54,0.316228,0.148926,0.384008,True,False,CLEAN_CONTINUATION,2026.05.06 16:18:54,0.316228,0.148926,0.384008,True,False,CLEAN_CONTINUATION,2026.05.06 16:23:54,0.316228,0.148926,0.384008,True,False,CLEAN_CONTINUATION,2026.05.06 16:28:54,0.316228,0.148926,0.577564,True,False,CLEAN_CONTINUATION,2026.05.06 16:38:54,0.316228,0.148926,0.83341,True,False,CLEAN_CONTINUATION,2026.05.06 17:08:54,CLEAN_CONTINUATION
78,CAMP-39,CORE,FRESH,SELL,2026.05.06 19:03:00,TREND_UP,GENERAL,DATA_UNAVAILABLE,DATA_UNAVAILABLE,,0.39,4686.59,NOT_CAPTURED_IN_FORENSIC_ROW,NOT_CAPTURED_IN_FORENSIC_ROW,4708.14093,21.55093,840.49,2026.05.06 19:58:41,4682.76,PROFIT_CLOSE,,,149.37,0.177719,0.324812,FULL_90_DAYS+FIRST_60_DAYS,0.31182,0.134101,0.156838,False,False,CLEAN_CONTINUATION,2026.05.06 20:03:41,0.31182,0.134101,0.252425,True,False,CLEAN_CONTINUATION,2026.05.06 20:08:41,0.31182,0.134101,0.252425,True,False,CLEAN_CONTINUATION,2026.05.06 20:13:41,0.31182,0.134101,0.252425,True,False,CLEAN_CONTINUATION,2026.05.06 20:18:41,0.31182,0.134101,0.252425,True,False,CLEAN_CONTINUATION,2026.05.06 20:28:41,0.347085,0.169366,0.252425,True,False,CLEAN_CONTINUATION,2026.05.06 20:58:41,CLEAN_CONTINUATION
80,CAMP-40,CORE,FRESH,BUY,2026.05.06 21:33:30,TREND_UP,GENERAL,DATA_UNAVAILABLE,DATA_UNAVAILABLE,,0.71,4688.31,NOT_CAPTURED_IN_FORENSIC_ROW,NOT_CAPTURED_IN_FORENSIC_ROW,4676.1534,12.1566,863.12,2026.05.06 22:05:03,4690.75,PROFIT_CLOSE,,,173.24,0.200714,0.370992,FULL_90_DAYS+FIRST_60_DAYS,0.528931,0.328217,0.002468,False,False,CLEAN_CONTINUATION,2026.05.06 22:10:03,0.609545,0.408831,0.002468,False,False,CLEAN_CONTINUATION,2026.05.06 22:15:02,0.806969,0.606255,0.002468,False,False,CLEAN_CONTINUATION,2026.05.06 22:20:03,0.972311,0.771597,0.002468,False,False,CLEAN_CONTINUATION,2026.05.06 22:25:03,0.972311,0.771597,0.002468,False,False,CLEAN_CONTINUATION,2026.05.06 22:35:03,0.972311,0.771597,0.002468,False,False,CLEAN_CONTINUATION,2026.05.06 22:59:59,CLEAN_CONTINUATION
82,CAMP-41,CORE,FRESH,BUY,2026.05.07 21:03:00,TREND_UP,GENERAL,DATA_UNAVAILABLE,DATA_UNAVAILABLE,,0.3,4709.84,NOT_CAPTURED_IN_FORENSIC_ROW,NOT_CAPTURED_IN_FORENSIC_ROW,4680.93869,28.90131,867.04,2026.05.08 01:00:15,4680.01,BROKER_SL,,,-898.68,-1.036493,0.216945,FULL_90_DAYS+FIRST_60_DAYS,-0.547242,0.489251,0.059513,True,True,CLEAN_CONTINUATION,2026.05.08 01:05:15,-0.547242,0.489251,0.059513,True,True,CLEAN_CONTINUATION,2026.05.08 01:10:15,-0.408494,0.627999,0.059513,True,True,CLEAN_CONTINUATION,2026.05.08 01:15:15,-0.408494,0.627999,0.059513,True,True,CLEAN_CONTINUATION,2026.05.08 01:20:15,-0.365589,0.670904,0.059513,True,True,CLEAN_CONTINUATION,2026.05.08 01:30:15,-0.365589,0.670904,0.059513,True,True,CLEAN_CONTINUATION,2026.05.08 02:00:15,CLEAN_CONTINUATION
84,CAMP-42,CORE,FRESH,BUY,2026.05.08 01:33:15,TREND_UP,GENERAL,DATA_UNAVAILABLE,DATA_UNAVAILABLE,,0.42,4692.54,NOT_CAPTURED_IN_FORENSIC_ROW,NOT_CAPTURED_IN_FORENSIC_ROW,4673.5545,18.9855,797.39,2026.05.08 02:31:23,4695.8,PROFIT_CLOSE,,,136.92,0.17171,0.312344,FULL_90_DAYS+FIRST_60_DAYS,0.316031,0.144321,0.043718,False,False,CLEAN_CONTINUATION,2026.05.08 02:36:23,0.345,0.17329,0.043718,False,False,CLEAN_CONTINUATION,2026.05.08 02:41:23,0.379764,0.208054,0.043718,False,False,CLEAN_CONTINUATION,2026.05.08 02:46:22,0.579916,0.408206,0.043718,False,False,CLEAN_CONTINUATION,2026.05.08 02:51:23,0.736878,0.565168,0.043718,False,False,CLEAN_CONTINUATION,2026.05.08 03:01:23,0.899107,0.727397,0.09797,False,False,CLEAN_CONTINUATION,2026.05.08 03:31:23,CLEAN_CONTINUATION
86,CAMP-43,CORE,FRESH,BUY,2026.05.08 02:33:30,TREND_UP,GENERAL,A+,EXIT_TRADE_LABEL,M30_CONSENSUS_CORE_1778207400 [A+],0.4,4697.4,NOT_CAPTURED_IN_FORENSIC_ROW,NOT_CAPTURED_IN_FORENSIC_ROW,4677.1467,20.2533,810.13,2026.05.08 03:01:02,4703.77,SL_MOD:OWNER_R_EXIT_FLOOR,4703.48,17.0,254.8,0.314517,0.450791,FULL_90_DAYS+FIRST_60_DAYS,0.431535,0.117018,0.110106,False,False,CLEAN_CONTINUATION,2026.05.08 03:06:02,0.602865,0.288348,0.110106,False,False,CLEAN_CONTINUATION,2026.05.08 03:11:02,0.602865,0.288348,0.289336,False,False,CLEAN_CONTINUATION,2026.05.08 03:16:02,0.602865,0.288348,0.485353,True,False,CLEAN_CONTINUATION,2026.05.08 03:21:02,0.602865,0.288348,0.485353,True,False,CLEAN_CONTINUATION,2026.05.08 03:31:02,0.602865,0.288348,0.485353,True,False,CLEAN_CONTINUATION,2026.05.08 04:01:02,CLEAN_CONTINUATION
88,CAMP-44,CORE,FRESH,BUY,2026.05.08 03:03:30,TREND_UP,GENERAL,DATA_UNAVAILABLE,DATA_UNAVAILABLE,,0.29,4704.57,NOT_CAPTURED_IN_FORENSIC_ROW,NOT_CAPTURED_IN_FORENSIC_ROW,4675.89103,28.67897,831.69,2026.05.08 04:02:00,4710.54,PROFIT_CLOSE,,,173.13,0.208166,0.380766,FULL_90_DAYS+FIRST_60_DAYS,0.51257,0.304404,0.046027,False,False,CLEAN_CONTINUATION,2026.05.08 04:07:00,0.51257,0.304404,0.046027,False,False,CLEAN_CONTINUATION,2026.05.08 04:12:00,0.51257,0.304404,0.046027,False,False,CLEAN_CONTINUATION,2026.05.08 04:17:00,0.51257,0.304404,0.046027,False,False,CLEAN_CONTINUATION,2026.05.08 04:22:00,0.51257,0.304404,0.046027,False,False,CLEAN_CONTINUATION,2026.05.08 04:32:00,0.727013,0.518847,0.187245,False,False,CLEAN_CONTINUATION,2026.05.08 05:02:00,CLEAN_CONTINUATION
90,CAMP-45,CORE,FRESH,BUY,2026.05.08 04:03:23,TREND_UP,GENERAL,DATA_UNAVAILABLE,DATA_UNAVAILABLE,,0.39,4710.72,NOT_CAPTURED_IN_FORENSIC_ROW,NOT_CAPTURED_IN_FORENSIC_ROW,4689.24917,21.47083,837.36,2026.05.08 04:09:52,4715.38,PROFIT_CLOSE,,,181.74,0.217039,0.398215,FULL_90_DAYS+FIRST_60_DAYS,0.344188,0.127149,0.126218,False,False,CLEAN_CONTINUATION,2026.05.08 04:14:52,0.344188,0.127149,0.176053,False,False,CLEAN_CONTINUATION,2026.05.08 04:19:52,0.374462,0.157423,0.176053,False,False,CLEAN_CONTINUATION,2026.05.08 04:24:52,0.374462,0.157423,0.181642,False,False,CLEAN_CONTINUATION,2026.05.08 04:29:52,0.374462,0.157423,0.475529,True,False,CLEAN_CONTINUATION,2026.05.08 04:39:52,1.027441,0.810402,0.475529,True,False,CLEAN_CONTINUATION,2026.05.08 05:09:52,CLEAN_CONTINUATION
92,CAMP-46,CORE,FRESH,BUY,2026.05.08 04:33:00,TREND_UP,GENERAL,A+,EXIT_TRADE_LABEL,M30_CONSENSUS_CORE_1778214600 [A+],0.39,4714.07,NOT_CAPTURED_IN_FORENSIC_ROW,NOT_CAPTURED_IN_FORENSIC_ROW,4692.13884,21.93116,855.32,2026.05.08 05:00:12,4722.29,SL_MOD:OWNER_R_EXIT_FLOOR,4721.76,20.0,320.58,0.374808,0.517528,FULL_90_DAYS+FIRST_60_DAYS,0.853123,0.478315,0.034654,False,False,CLEAN_CONTINUATION,2026.05.08 05:05:12,0.853123,0.478315,0.034654,False,False,CLEAN_CONTINUATION,2026.05.08 05:10:12,0.853123,0.478315,0.034654,False,False,CLEAN_CONTINUATION,2026.05.08 05:15:12,0.853123,0.478315,0.182845,False,False,CLEAN_CONTINUATION,2026.05.08 05:20:12,0.853123,0.478315,0.182845,False,False,CLEAN_CONTINUATION,2026.05.08 05:30:12,0.853123,0.478315,0.69627,True,False,CLEAN_CONTINUATION,2026.05.08 06:00:12,CLEAN_CONTINUATION
94,CAMP-47,CORE,FRESH,BUY,2026.05.08 05:03:42,TREND_UP,GENERAL,DATA_UNAVAILABLE,DATA_UNAVAILABLE,,0.29,4729.37,NOT_CAPTURED_IN_FORENSIC_ROW,NOT_CAPTURED_IN_FORENSIC_ROW,4698.66101,30.70899,890.56,2026.05.08 10:25:34,4698.64,BROKER_SL,,,-891.17,-1.000684,0.17389,FULL_90_DAYS+FIRST_60_DAYS,-0.702074,0.29861,0.039728,True,True,CLEAN_CONTINUATION,2026.05.08 10:30:34,-0.597219,0.403465,0.039728,True,True,CLEAN_CONTINUATION,2026.05.08 10:35:34,-0.569865,0.430819,0.039728,True,True,CLEAN_CONTINUATION,2026.05.08 10:40:34,-0.569865,0.430819,0.039728,True,True,CLEAN_CONTINUATION,2026.05.08 10:45:34,-0.51353,0.487154,0.039728,True,True,CLEAN_CONTINUATION,2026.05.08 10:55:34,-0.223387,0.777297,0.039728,True,True,CLEAN_CONTINUATION,2026.05.08 11:25:34,CLEAN_CONTINUATION
96,CAMP-48,CORE,FRESH,BUY,2026.05.11 01:33:00,TREND_UP,GENERAL,DATA_UNAVAILABLE,DATA_UNAVAILABLE,,0.49,4690.74,NOT_CAPTURED_IN_FORENSIC_ROW,NOT_CAPTURED_IN_FORENSIC_ROW,4674.15047,16.58953,812.89,2026.05.11 02:06:06,4694.11,PROFIT_CLOSE,,,165.13,0.203141,0.37373,FULL_90_DAYS+FIRST_60_DAYS,0.273064,0.069924,0.165164,False,False,IMMEDIATE_REVERSAL,2026.05.11 02:11:06,0.273064,0.069924,0.318273,True,False,IMMEDIATE_REVERSAL,2026.05.11 02:16:06,0.357455,0.154314,0.318273,True,False,IMMEDIATE_REVERSAL,2026.05.11 02:21:06,0.36288,0.159739,0.318273,True,False,IMMEDIATE_REVERSAL,2026.05.11 02:26:06,0.403267,0.200126,0.318273,True,False,IMMEDIATE_REVERSAL,2026.05.11 02:36:06,0.470176,0.267036,0.716717,True,False,IMMEDIATE_REVERSAL,2026.05.11 03:06:06,IMMEDIATE_REVERSAL
98,CAMP-49,CORE,FRESH,BUY,2026.05.11 04:33:00,TREND_DN,GENERAL,DATA_UNAVAILABLE,DATA_UNAVAILABLE,,0.25,4695.94,NOT_CAPTURED_IN_FORENSIC_ROW,NOT_CAPTURED_IN_FORENSIC_ROW,4663.25513,32.68487,817.12,2026.05.11 08:43:20,4663.25,BROKER_SL,,,-817.25,-1.000156,0.179594,FULL_90_DAYS+FIRST_60_DAYS,-0.911736,0.08842,0.141962,True,True,IMMEDIATE_REVERSAL,2026.05.11 08:48:20,-0.911736,0.08842,0.320944,True,True,IMMEDIATE_REVERSAL,2026.05.11 08:53:20,-0.911736,0.08842,0.462293,True,True,IMMEDIATE_REVERSAL,2026.05.11 08:58:20,-0.911736,0.08842,0.462293,True,True,IMMEDIATE_REVERSAL,2026.05.11 09:03:20,-0.882059,0.118097,0.462293,True,True,IMMEDIATE_REVERSAL,2026.05.11 09:13:20,-0.659632,0.340525,0.462293,True,True,IMMEDIATE_REVERSAL,2026.05.11 09:43:20,IMMEDIATE_REVERSAL
100,CAMP-50,CORE,FRESH,BUY,2026.05.11 14:33:30,TREND_DN,GENERAL,DATA_UNAVAILABLE,DATA_UNAVAILABLE,,0.48,4672.26,NOT_CAPTURED_IN_FORENSIC_ROW,NOT_CAPTURED_IN_FORENSIC_ROW,4656.83246,15.42754,740.52,2026.05.11 14:44:27,4674.98,PROFIT_CLOSE,,,130.56,0.176309,0.32993,FULL_90_DAYS+FIRST_60_DAYS,0.194458,0.018149,0.078431,False,False,NO_DECISIVE_0.10R_MOVE,2026.05.11 14:49:27,0.194458,0.018149,0.30465,True,False,IMMEDIATE_REVERSAL,2026.05.11 14:54:27,0.194458,0.018149,0.30465,True,False,IMMEDIATE_REVERSAL,2026.05.11 14:59:27,0.238535,0.062226,0.30465,True,False,IMMEDIATE_REVERSAL,2026.05.11 15:04:27,0.238535,0.062226,0.485495,True,False,IMMEDIATE_REVERSAL,2026.05.11 15:14:27,1.695669,1.519361,0.485495,True,False,IMMEDIATE_REVERSAL,2026.05.11 15:44:27,IMMEDIATE_REVERSAL
102,CAMP-51,CORE,FRESH,BUY,2026.05.11 15:03:30,TREND_DN,GENERAL,A+,EXIT_TRADE_LABEL,M30_CONSENSUS_CORE_1778511600 [A+],0.45,4673.44,NOT_CAPTURED_IN_FORENSIC_ROW,NOT_CAPTURED_IN_FORENSIC_ROW,4656.69854,16.74146,753.37,2026.05.11 15:21:25,4678.74,SL_MOD:OWNER_R_EXIT_FLOOR,4678.46,17.0,238.5,0.316579,0.415136,FULL_90_DAYS+FIRST_60_DAYS,1.313505,0.996926,0.129618,False,False,IMMEDIATE_REVERSAL,2026.05.11 15:26:25,1.313505,0.996926,0.129618,False,False,IMMEDIATE_REVERSAL,2026.05.11 15:31:25,1.436553,1.119974,0.129618,False,False,IMMEDIATE_REVERSAL,2026.05.11 15:36:25,1.492103,1.175525,0.129618,False,False,IMMEDIATE_REVERSAL,2026.05.11 15:41:25,1.492103,1.175525,0.129618,False,False,IMMEDIATE_REVERSAL,2026.05.11 15:51:25,3.56301,3.246432,0.129618,False,False,IMMEDIATE_REVERSAL,2026.05.11 16:21:25,IMMEDIATE_REVERSAL
104,CAMP-52,CORE,FRESH,BUY,2026.05.12 08:33:30,TREND_UP,GENERAL,DATA_UNAVAILABLE,DATA_UNAVAILABLE,,0.62,4718.22,NOT_CAPTURED_IN_FORENSIC_ROW,NOT_CAPTURED_IN_FORENSIC_ROW,4705.55126,12.66874,785.46,2026.05.12 09:00:23,4705.23,BROKER_SL,,,-805.38,-1.025362,0.153133,FULL_90_DAYS+FIRST_60_DAYS,-0.60622,0.419142,0.090775,True,True,CLEAN_CONTINUATION,2026.05.12 09:05:23,-0.60622,0.419142,0.187075,True,True,CLEAN_CONTINUATION,2026.05.12 09:10:23,-0.60622,0.419142,0.187075,True,True,CLEAN_CONTINUATION,2026.05.12 09:15:23,-0.60622,0.419142,0.389936,True,True,CLEAN_CONTINUATION,2026.05.12 09:20:23,-0.60622,0.419142,0.79487,True,True,CLEAN_CONTINUATION,2026.05.12 09:30:23,-0.60622,0.419142,0.852492,True,True,CLEAN_CONTINUATION,2026.05.12 10:00:23,CLEAN_CONTINUATION
106,CAMP-53,CORE,FRESH,BUY,2026.05.12 12:33:30,CHOPPY,GENERAL,A,EXIT_TRADE_LABEL,M30_CONSENSUS_CORE_1778589000 [A],1.15,4702.39,NOT_CAPTURED_IN_FORENSIC_ROW,NOT_CAPTURED_IN_FORENSIC_ROW,4696.26186,6.12814,704.73,2026.05.12 12:33:57,4704.86,SL_MOD:OWNER_R_EXIT_FLOOR,4704.23,4.0,284.05,0.403061,0.403061,FULL_90_DAYS+FIRST_60_DAYS,0.481388,0.078327,1.044362,True,False,IMMEDIATE_REVERSAL,2026.05.12 12:38:57,0.481388,0.078327,1.217335,True,False,IMMEDIATE_REVERSAL,2026.05.12 12:43:57,0.481388,0.078327,1.726461,True,True,IMMEDIATE_REVERSAL,2026.05.12 12:48:57,0.481388,0.078327,1.726461,True,True,IMMEDIATE_REVERSAL,2026.05.12 12:53:57,0.481388,0.078327,1.726461,True,True,IMMEDIATE_REVERSAL,2026.05.12 13:03:56,0.980724,0.577663,2.044665,True,True,IMMEDIATE_REVERSAL,2026.05.12 13:33:57,IMMEDIATE_REVERSAL
108,CAMP-54,CORE,FRESH,BUY,2026.05.12 13:03:00,TREND_DN,GENERAL,A+,EXIT_TRADE_LABEL,M30_CONSENSUS_CORE_1778590800 [A+],0.61,4703.34,NOT_CAPTURED_IN_FORENSIC_ROW,NOT_CAPTURED_IN_FORENSIC_ROW,4691.43506,11.90494,726.2,2026.05.12 13:08:55,4708.11,SL_MOD:OWNER_R_EXIT_FLOOR,4706.91,6.0,290.97,0.400675,0.400675,FULL_90_DAYS+FIRST_60_DAYS,0.425035,0.02436,0.316675,False,False,IMMEDIATE_REVERSAL,2026.05.12 13:13:55,0.425035,0.02436,0.769428,True,False,IMMEDIATE_REVERSAL,2026.05.12 13:18:55,0.425035,0.02436,0.769428,True,False,IMMEDIATE_REVERSAL,2026.05.12 13:23:55,0.425035,0.02436,0.769428,True,False,IMMEDIATE_REVERSAL,2026.05.12 13:28:54,0.425035,0.02436,1.364139,True,False,IMMEDIATE_REVERSAL,2026.05.12 13:38:55,0.425035,0.02436,1.926931,True,True,IMMEDIATE_REVERSAL,2026.05.12 14:08:55,IMMEDIATE_REVERSAL
110,CAMP-55,CORE,FRESH,BUY,2026.05.12 14:33:30,TREND_DN,GENERAL,A+,EXIT_TRADE_LABEL,M30_CONSENSUS_CORE_1778596200 [A+],0.47,4699.5,NOT_CAPTURED_IN_FORENSIC_ROW,NOT_CAPTURED_IN_FORENSIC_ROW,4683.41644,16.08356,755.93,2026.05.12 14:44:49,4704.63,SL_MOD:OWNER_R_EXIT_FLOOR,4704.33,17.0,241.11,0.318958,0.410978,FULL_90_DAYS+FIRST_60_DAYS,0.479992,0.161034,0.124972,False,False,CLEAN_CONTINUATION,2026.05.12 14:49:49,0.527867,0.208909,0.124972,False,False,CLEAN_CONTINUATION,2026.05.12 14:54:49,0.603721,0.284763,0.124972,False,False,CLEAN_CONTINUATION,2026.05.12 14:59:49,0.603721,0.284763,0.124972,False,False,CLEAN_CONTINUATION,2026.05.12 15:04:49,0.603721,0.284763,0.383622,True,False,CLEAN_CONTINUATION,2026.05.12 15:14:49,0.603721,0.284763,0.933873,True,False,CLEAN_CONTINUATION,2026.05.12 15:44:49,CLEAN_CONTINUATION
112,CAMP-56,CORE,FRESH,BUY,2026.05.12 15:03:30,TREND_DN,GENERAL,DATA_UNAVAILABLE,DATA_UNAVAILABLE,,0.34,4705.19,NOT_CAPTURED_IN_FORENSIC_ROW,NOT_CAPTURED_IN_FORENSIC_ROW,4682.26456,22.92544,779.46,2026.05.12 16:16:41,4682.24,BROKER_SL,,,-780.3,-1.001073,0.290507,FULL_90_DAYS+FIRST_60_DAYS,-0.668691,0.332382,0.119082,True,True,IMMEDIATE_REVERSAL,2026.05.12 16:21:41,-0.423549,0.577524,0.119082,True,True,IMMEDIATE_REVERSAL,2026.05.12 16:26:41,-0.423549,0.577524,0.119082,True,True,IMMEDIATE_REVERSAL,2026.05.12 16:31:41,-0.423549,0.577524,0.119082,True,True,IMMEDIATE_REVERSAL,2026.05.12 16:36:41,-0.153543,0.84753,0.119082,True,True,IMMEDIATE_REVERSAL,2026.05.12 16:46:41,-0.153543,0.84753,0.274804,True,True,IMMEDIATE_REVERSAL,2026.05.12 17:16:41,IMMEDIATE_REVERSAL
114,CAMP-57,CORE,FRESH,BUY,2026.05.12 20:33:00,TREND_DN,GENERAL,A,EXIT_TRADE_LABEL,M30_CONSENSUS_CORE_1778617800 [A],0.4,4678.56,NOT_CAPTURED_IN_FORENSIC_ROW,NOT_CAPTURED_IN_FORENSIC_ROW,4660.91657,17.64343,705.74,2026.05.12 21:30:00,4685.32,SL_MOD:OWNER_R_EXIT_FLOOR,4684.86,12.0,270.4,0.383146,0.523142,FULL_90_DAYS+FIRST_60_DAYS,0.676173,0.293027,0.013603,False,False,CLEAN_CONTINUATION,2026.05.12 21:35:00,0.824103,0.440957,0.013603,False,False,CLEAN_CONTINUATION,2026.05.12 21:40:00,1.076889,0.693743,0.013603,False,False,CLEAN_CONTINUATION,2026.05.12 21:45:00,1.076889,0.693743,0.013603,False,False,CLEAN_CONTINUATION,2026.05.12 21:50:00,1.114863,0.731717,0.013603,False,False,CLEAN_CONTINUATION,2026.05.12 22:00:00,1.472504,1.089357,0.013603,False,False,CLEAN_CONTINUATION,2026.05.12 22:30:00,CLEAN_CONTINUATION
116,CAMP-58,CORE,FRESH,BUY,2026.05.12 21:33:00,TREND_DN,GENERAL,B,EXIT_TRADE_LABEL,M30_CONSENSUS_CORE_1778621400 [B],0.41,4690.2,NOT_CAPTURED_IN_FORENSIC_ROW,NOT_CAPTURED_IN_FORENSIC_ROW,4672.52619,17.67381,724.63,2026.05.12 21:42:47,4695.64,SL_MOD:OWNER_R_EXIT_FLOOR,4695.5,17.0,223.04,0.3078,0.416436,FULL_90_DAYS+FIRST_60_DAYS,0.416436,0.108635,0.273851,False,False,CLEAN_CONTINUATION,2026.05.12 21:47:47,0.416436,0.108635,0.275549,False,False,CLEAN_CONTINUATION,2026.05.12 21:52:47,0.454345,0.146544,0.275549,False,False,CLEAN_CONTINUATION,2026.05.12 21:57:47,0.473016,0.165216,0.275549,False,False,CLEAN_CONTINUATION,2026.05.12 22:02:47,0.687458,0.379658,0.275549,False,False,CLEAN_CONTINUATION,2026.05.12 22:12:47,1.157645,0.849845,0.275549,False,False,CLEAN_CONTINUATION,2026.05.12 22:42:47,CLEAN_CONTINUATION
118,CAMP-59,CORE,FRESH,BUY,2026.05.13 03:33:00,CHOPPY,GENERAL,B,EXIT_TRADE_LABEL,M30_CONSENSUS_CORE_1778643000 [B],0.95,4720.78,NOT_CAPTURED_IN_FORENSIC_ROW,NOT_CAPTURED_IN_FORENSIC_ROW,4712.7742,8.0058,760.55,2026.05.13 03:40:49,4724.16,SL_MOD:OWNER_R_EXIT_FLOOR,4723.76,4.0,321.1,0.422194,0.562092,FULL_90_DAYS+FIRST_60_DAYS,0.46841,0.046216,0.845637,True,False,IMMEDIATE_REVERSAL,2026.05.13 03:45:49,0.46841,0.046216,0.966799,True,False,IMMEDIATE_REVERSAL,2026.05.13 03:50:49,0.46841,0.046216,1.112943,True,False,IMMEDIATE_REVERSAL,2026.05.13 03:55:49,0.46841,0.046216,1.712508,True,True,IMMEDIATE_REVERSAL,2026.05.13 04:00:49,0.46841,0.046216,2.093482,True,True,IMMEDIATE_REVERSAL,2026.05.13 04:10:49,0.46841,0.046216,2.797971,True,True,IMMEDIATE_REVERSAL,2026.05.13 04:40:49,IMMEDIATE_REVERSAL
120,CAMP-60,CORE,FRESH,BUY,2026.05.13 18:33:00,TREND_DN,GENERAL,B,EXIT_TRADE_LABEL,M30_CONSENSUS_CORE_1778697000 [B],0.44,4690.61,NOT_CAPTURED_IN_FORENSIC_ROW,NOT_CAPTURED_IN_FORENSIC_ROW,4672.94806,17.66194,777.12,2026.05.13 18:41:00,4697.24,SL_MOD:OWNER_R_EXIT_FLOOR,4696.82,16.0,291.72,0.375384,0.522028,FULL_90_DAYS+FIRST_60_DAYS,0.533351,0.157967,0.00736,False,False,CLEAN_CONTINUATION,2026.05.13 18:46:00,0.533351,0.157967,0.046428,False,False,CLEAN_CONTINUATION,2026.05.13 18:51:00,0.533351,0.157967,0.137018,False,False,CLEAN_CONTINUATION,2026.05.13 18:56:00,0.533351,0.157967,0.146643,False,False,CLEAN_CONTINUATION,2026.05.13 19:01:00,0.698678,0.323294,0.146643,False,False,CLEAN_CONTINUATION,2026.05.13 19:11:00,1.091047,0.715663,0.146643,False,False,CLEAN_CONTINUATION,2026.05.13 19:41:00,CLEAN_CONTINUATION
122,CAMP-61,CORE,FRESH,BUY,2026.05.13 19:33:00,TREND_DN,GENERAL,DATA_UNAVAILABLE,DATA_UNAVAILABLE,,0.65,4703.9,NOT_CAPTURED_IN_FORENSIC_ROW,NOT_CAPTURED_IN_FORENSIC_ROW,4691.38031,12.51969,813.78,2026.05.13 20:34:18,4691.32,BROKER_SL,,,-817.7,-1.004816,0.063101,FULL_90_DAYS+FIRST_60_DAYS,-0.888999,0.115818,0.096648,True,True,CLEAN_CONTINUATION,2026.05.13 20:39:18,-0.814716,0.190101,0.096648,True,True,CLEAN_CONTINUATION,2026.05.13 20:44:18,-0.755609,0.249208,0.096648,True,True,CLEAN_CONTINUATION,2026.05.13 20:49:18,-0.755609,0.249208,0.193296,True,True,CLEAN_CONTINUATION,2026.05.13 20:54:18,-0.755609,0.249208,0.553528,True,True,CLEAN_CONTINUATION,2026.05.13 21:04:18,-0.755609,0.249208,0.553528,True,True,CLEAN_CONTINUATION,2026.05.13 21:34:18,CLEAN_CONTINUATION
124,CAMP-62,CORE,FRESH,BUY,2026.05.13 21:33:30,TREND_DN,GENERAL,DATA_UNAVAILABLE,DATA_UNAVAILABLE,,0.82,4691.0,NOT_CAPTURED_IN_FORENSIC_ROW,NOT_CAPTURED_IN_FORENSIC_ROW,4682.05537,8.94463,733.46,2026.05.13 21:46:44,4681.81,BROKER_SL,,,-753.58,-1.027436,0.034658,FULL_90_DAYS+FIRST_60_DAYS,-0.904457,0.122979,0.46732,True,True,CLEAN_CONTINUATION,2026.05.13 21:51:44,-0.401361,0.626074,0.46732,True,True,CLEAN_CONTINUATION,2026.05.13 21:56:44,-0.394654,0.632782,0.46732,True,True,CLEAN_CONTINUATION,2026.05.13 22:01:44,-0.394654,0.632782,0.46732,True,True,CLEAN_CONTINUATION,2026.05.13 22:06:44,-0.205713,0.821722,0.46732,True,True,CLEAN_CONTINUATION,2026.05.13 22:16:44,-0.053667,0.973769,0.46732,True,True,CLEAN_CONTINUATION,2026.05.13 22:46:44,CLEAN_CONTINUATION
126,CAMP-63,CORE,FRESH,BUY,2026.05.13 22:33:00,TREND_DN,GENERAL,B,EXIT_TRADE_LABEL,M30_CONSENSUS_CORE_1778711400 [B],0.54,4686.85,NOT_CAPTURED_IN_FORENSIC_ROW,NOT_CAPTURED_IN_FORENSIC_ROW,4674.72876,12.12124,654.54,2026.05.14 01:00:51,4692.09,SL_MOD:OWNER_R_EXIT_FLOOR,4690.49,159.0,262.55,0.401118,0.401118,FULL_90_DAYS+FIRST_60_DAYS,0.557043,0.155925,0.235124,False,False,CLEAN_CONTINUATION,2026.05.14 01:05:48,0.557043,0.155925,0.263174,False,False,CLEAN_CONTINUATION,2026.05.14 01:10:51,0.557043,0.155925,0.263174,False,False,CLEAN_CONTINUATION,2026.05.14 01:15:49,0.725343,0.324224,0.263174,False,False,CLEAN_CONTINUATION,2026.05.14 01:20:51,0.944792,0.543674,0.263174,False,False,CLEAN_CONTINUATION,2026.05.14 01:30:51,1.104842,0.703723,0.263174,False,False,CLEAN_CONTINUATION,2026.05.14 02:00:51,CLEAN_CONTINUATION
128,CAMP-64,CORE,FRESH,BUY,2026.05.14 01:33:30,TREND_DN,GENERAL,DATA_UNAVAILABLE,DATA_UNAVAILABLE,,0.68,4696.57,NOT_CAPTURED_IN_FORENSIC_ROW,NOT_CAPTURED_IN_FORENSIC_ROW,4686.4093,10.1607,690.93,2026.05.14 01:45:36,4698.64,PROFIT_CLOSE,,,140.76,0.203726,0.371037,FULL_90_DAYS+FIRST_60_DAYS,0.282461,0.078735,0.196837,False,False,IMMEDIATE_REVERSAL,2026.05.14 01:50:36,0.396626,0.1929,0.196837,False,False,IMMEDIATE_REVERSAL,2026.05.14 01:55:36,0.396626,0.1929,0.196837,False,False,IMMEDIATE_REVERSAL,2026.05.14 02:00:36,0.437962,0.234236,0.196837,False,False,IMMEDIATE_REVERSAL,2026.05.14 02:05:36,0.545238,0.341512,0.196837,False,False,IMMEDIATE_REVERSAL,2026.05.14 02:15:36,0.545238,0.341512,0.424183,True,False,IMMEDIATE_REVERSAL,2026.05.14 02:45:36,IMMEDIATE_REVERSAL
130,CAMP-65,CORE,FRESH,BUY,2026.05.14 02:33:30,TREND_DN,GENERAL,A,EXIT_TRADE_LABEL,M30_CONSENSUS_CORE_1778725800 [A],0.78,4695.81,NOT_CAPTURED_IN_FORENSIC_ROW,NOT_CAPTURED_IN_FORENSIC_ROW,4686.80353,9.00647,702.51,2026.05.14 03:01:02,4698.76,SL_MOD:OWNER_R_EXIT_FLOOR,4698.51,21.0,230.1,0.327541,0.405263,FULL_90_DAYS+FIRST_60_DAYS,0.374174,0.046633,1.032591,True,False,IMMEDIATE_REVERSAL,2026.05.14 03:06:02,0.374174,0.046633,1.032591,True,False,IMMEDIATE_REVERSAL,2026.05.14 03:11:02,0.549604,0.222063,1.032591,True,False,IMMEDIATE_REVERSAL,2026.05.14 03:16:02,1.06701,0.739468,1.032591,True,False,IMMEDIATE_REVERSAL,2026.05.14 03:21:02,1.06701,0.739468,1.032591,True,False,IMMEDIATE_REVERSAL,2026.05.14 03:31:02,1.243549,0.916008,1.032591,True,False,IMMEDIATE_REVERSAL,2026.05.14 04:01:02,IMMEDIATE_REVERSAL
132,CAMP-66,CORE,FRESH,BUY,2026.05.14 10:03:00,TREND_DN,GENERAL,DATA_UNAVAILABLE,DATA_UNAVAILABLE,,0.36,4701.67,NOT_CAPTURED_IN_FORENSIC_ROW,NOT_CAPTURED_IN_FORENSIC_ROW,4681.74743,19.92257,717.21,2026.05.14 10:30:57,4705.02,PROFIT_CLOSE,,,120.6,0.168151,0.306185,FULL_90_DAYS+FIRST_60_DAYS,0.629939,0.461788,0.10591,False,False,IMMEDIATE_REVERSAL,2026.05.14 10:35:57,0.857821,0.68967,0.10591,False,False,IMMEDIATE_REVERSAL,2026.05.14 10:40:57,0.857821,0.68967,0.10591,False,False,IMMEDIATE_REVERSAL,2026.05.14 10:45:57,0.857821,0.68967,0.40808,True,False,IMMEDIATE_REVERSAL,2026.05.14 10:50:57,0.857821,0.68967,0.718783,True,False,IMMEDIATE_REVERSAL,2026.05.14 11:00:57,0.857821,0.68967,0.718783,True,False,IMMEDIATE_REVERSAL,2026.05.14 11:30:57,IMMEDIATE_REVERSAL
134,CAMP-67,CORE,FRESH,BUY,2026.05.14 20:03:00,TREND_DN,GENERAL,DATA_UNAVAILABLE,DATA_UNAVAILABLE,,0.58,4679.92,NOT_CAPTURED_IN_FORENSIC_ROW,NOT_CAPTURED_IN_FORENSIC_ROW,4667.19259,12.72741,738.19,2026.05.14 21:45:28,4667.19,BROKER_SL,,,-738.34,-1.000204,0.241212,FULL_90_DAYS+FIRST_60_DAYS,-0.759778,0.240426,0.014928,True,True,CLEAN_CONTINUATION,2026.05.14 21:50:28,-0.747993,0.252211,0.014928,True,True,CLEAN_CONTINUATION,2026.05.14 21:55:28,-0.630923,0.369282,0.014928,True,True,CLEAN_CONTINUATION,2026.05.14 22:00:28,-0.630923,0.369282,0.014928,True,True,CLEAN_CONTINUATION,2026.05.14 22:05:28,-0.630923,0.369282,0.0275,True,True,CLEAN_CONTINUATION,2026.05.14 22:15:28,-0.630923,0.369282,0.961704,True,True,CLEAN_CONTINUATION,2026.05.14 22:45:28,CLEAN_CONTINUATION
136,CAMP-68,CORE,FRESH,SELL,2026.05.18 03:03:27,TREND_DN,GENERAL,A+,EXIT_TRADE_LABEL,M30_CONSENSUS_CORE_1779073200 [A+],0.22,4531.33,NOT_CAPTURED_IN_FORENSIC_ROW,NOT_CAPTURED_IN_FORENSIC_ROW,4561.29511,29.96511,659.23,2026.05.18 03:33:59,4501.26,SL_MOD:OWNER_R_EXIT_FLOOR,4510.78,4.0,661.54,1.003501,1.003501,FULL_90_DAYS+FIRST_60_DAYS,1.449686,0.446186,0.074754,False,False,CLEAN_CONTINUATION,2026.05.18 03:38:59,1.57917,0.575669,0.074754,False,False,CLEAN_CONTINUATION,2026.05.18 03:43:59,1.695973,0.692472,0.074754,False,False,CLEAN_CONTINUATION,2026.05.18 03:48:59,1.695973,0.692472,0.074754,False,False,CLEAN_CONTINUATION,2026.05.18 03:53:59,1.695973,0.692472,0.520272,False,False,CLEAN_CONTINUATION,2026.05.18 04:03:59,1.695973,0.692472,0.520272,False,False,CLEAN_CONTINUATION,2026.05.18 04:33:59,CLEAN_CONTINUATION
138,CAMP-69,CORE,FRESH,SELL,2026.05.18 13:33:31,TREND_DN,GENERAL,DATA_UNAVAILABLE,DATA_UNAVAILABLE,,0.62,4536.22,NOT_CAPTURED_IN_FORENSIC_ROW,NOT_CAPTURED_IN_FORENSIC_ROW,4547.87046,11.65046,722.33,2026.05.18 13:35:11,4534.0,PROFIT_CLOSE,,,137.64,0.19055,0.359641,FULL_90_DAYS+FIRST_60_DAYS,0.212866,0.022317,0.484101,True,False,IMMEDIATE_REVERSAL,2026.05.18 13:40:11,0.212866,0.022317,0.953611,True,False,IMMEDIATE_REVERSAL,2026.05.18 13:45:11,0.212866,0.022317,1.199095,True,True,IMMEDIATE_REVERSAL,2026.05.18 13:50:11,0.212866,0.022317,1.199095,True,True,IMMEDIATE_REVERSAL,2026.05.18 13:55:11,0.212866,0.022317,1.199095,True,True,IMMEDIATE_REVERSAL,2026.05.18 14:05:11,0.543326,0.352776,1.199095,True,True,IMMEDIATE_REVERSAL,2026.05.18 14:35:11,IMMEDIATE_REVERSAL
140,CAMP-70,CORE,FRESH,SELL,2026.05.18 14:03:30,TREND_DN,GENERAL,DATA_UNAVAILABLE,DATA_UNAVAILABLE,,0.74,4540.47,NOT_CAPTURED_IN_FORENSIC_ROW,NOT_CAPTURED_IN_FORENSIC_ROW,4550.44821,9.97821,738.39,2026.05.18 14:09:32,4538.7,PROFIT_CLOSE,,,130.98,0.177387,0.32571,FULL_90_DAYS+FIRST_60_DAYS,1.06031,0.882924,0.080175,False,False,CLEAN_CONTINUATION,2026.05.18 14:14:32,1.06031,0.882924,0.170371,False,False,CLEAN_CONTINUATION,2026.05.18 14:19:32,1.06031,0.882924,0.170371,False,False,CLEAN_CONTINUATION,2026.05.18 14:24:32,1.06031,0.882924,0.170371,False,False,CLEAN_CONTINUATION,2026.05.18 14:29:32,1.06031,0.882924,1.451161,True,True,CLEAN_CONTINUATION,2026.05.18 14:39:32,1.06031,0.882924,2.87326,True,True,CLEAN_CONTINUATION,2026.05.18 15:09:32,CLEAN_CONTINUATION
142,CAMP-71,CORE,FRESH,SELL,2026.05.18 14:33:00,TREND_DN,GENERAL,DATA_UNAVAILABLE,DATA_UNAVAILABLE,,0.65,4539.15,NOT_CAPTURED_IN_FORENSIC_ROW,NOT_CAPTURED_IN_FORENSIC_ROW,4550.77033,11.62033,755.32,2026.05.18 14:39:23,4550.82,BROKER_SL,,,-758.55,-1.004277,0.0611,FULL_90_DAYS+FIRST_60_DAYS,-0.898428,0.105849,1.424228,True,True,IMMEDIATE_REVERSAL,2026.05.18 14:44:23,-0.898428,0.105849,1.424228,True,True,IMMEDIATE_REVERSAL,2026.05.18 14:49:23,-0.898428,0.105849,1.424228,True,True,IMMEDIATE_REVERSAL,2026.05.18 14:54:23,-0.898428,0.105849,1.424228,True,True,IMMEDIATE_REVERSAL,2026.05.18 14:59:23,-0.734921,0.269356,1.424228,True,True,IMMEDIATE_REVERSAL,2026.05.18 15:09:23,-0.540435,0.463842,1.424228,True,True,IMMEDIATE_REVERSAL,2026.05.18 15:39:23,IMMEDIATE_REVERSAL
144,CAMP-72,CORE,FRESH,SELL,2026.05.18 15:03:00,TREND_DN,GENERAL,DATA_UNAVAILABLE,DATA_UNAVAILABLE,,0.28,4548.64,NOT_CAPTURED_IN_FORENSIC_ROW,NOT_CAPTURED_IN_FORENSIC_ROW,4572.51901,23.87901,668.61,2026.05.18 15:46:00,4572.62,BROKER_SL,,,-671.44,-1.00423,0.134428,FULL_90_DAYS+FIRST_60_DAYS,-0.840488,0.163742,0.100925,True,True,CLEAN_CONTINUATION,2026.05.18 15:51:00,-0.58964,0.41459,0.100925,True,True,CLEAN_CONTINUATION,2026.05.18 15:56:00,-0.58964,0.41459,0.137359,True,True,CLEAN_CONTINUATION,2026.05.18 16:01:00,-0.58964,0.41459,0.185937,True,True,CLEAN_CONTINUATION,2026.05.18 16:06:00,-0.560325,0.443904,0.185937,True,True,CLEAN_CONTINUATION,2026.05.18 16:16:00,-0.560325,0.443904,0.313665,True,True,CLEAN_CONTINUATION,2026.05.18 16:46:00,CLEAN_CONTINUATION
146,CAMP-73,CORE,FRESH,BUY,2026.05.18 20:03:30,TREND_DN,GENERAL,A,EXIT_TRADE_LABEL,M30_CONSENSUS_CORE_1779134400 [A],0.25,4553.16,NOT_CAPTURED_IN_FORENSIC_ROW,NOT_CAPTURED_IN_FORENSIC_ROW,4528.53741,24.62259,615.57,2026.05.18 22:03:35,4563.27,SL_MOD:OWNER_R_EXIT_FLOOR,4560.55,9.0,252.75,0.410598,0.410598,FULL_90_DAYS+FIRST_60_DAYS,0.482484,0.071885,0.447963,True,False,IMMEDIATE_REVERSAL,2026.05.18 22:08:35,0.482484,0.071885,0.492231,True,False,IMMEDIATE_REVERSAL,2026.05.18 22:13:35,0.482484,0.071885,0.499135,True,False,IMMEDIATE_REVERSAL,2026.05.18 22:18:35,0.482484,0.071885,0.499135,True,False,IMMEDIATE_REVERSAL,2026.05.18 22:23:35,0.482484,0.071885,0.681894,True,False,IMMEDIATE_REVERSAL,2026.05.18 22:33:35,0.482484,0.071885,0.681894,True,False,IMMEDIATE_REVERSAL,2026.05.18 22:59:59,IMMEDIATE_REVERSAL
148,CAMP-74,CORE,FRESH,BUY,2026.05.18 22:33:00,TREND_DN,GENERAL,B,EXIT_TRADE_LABEL,M30_CONSENSUS_CORE_1779143400 [B],0.22,4556.67,NOT_CAPTURED_IN_FORENSIC_ROW,NOT_CAPTURED_IN_FORENSIC_ROW,4528.2525,28.4175,625.19,2026.05.19 02:13:47,4585.32,SL_MOD:OWNER_R_EXIT_FLOOR,4576.44,4.0,627.53,1.003751,1.003751,FULL_90_DAYS+FIRST_60_DAYS,1.054072,0.050321,0.049617,False,False,NO_DECISIVE_0.10R_MOVE,2026.05.19 02:18:47,1.133249,0.129498,0.070379,False,False,CLEAN_CONTINUATION,2026.05.19 02:23:47,1.133249,0.129498,0.070379,False,False,CLEAN_CONTINUATION,2026.05.19 02:28:47,1.133249,0.129498,0.090789,False,False,CLEAN_CONTINUATION,2026.05.19 02:33:47,1.133249,0.129498,0.090789,False,False,CLEAN_CONTINUATION,2026.05.19 02:43:47,1.141694,0.137943,0.299111,False,False,CLEAN_CONTINUATION,2026.05.19 03:13:47,CLEAN_CONTINUATION
150,CAMP-75,CORE,FRESH,SELL,2026.05.19 04:03:22,CHOPPY,GENERAL,DATA_UNAVAILABLE,DATA_UNAVAILABLE,,0.23,4562.14,NOT_CAPTURED_IN_FORENSIC_ROW,NOT_CAPTURED_IN_FORENSIC_ROW,4591.7644,29.6244,681.36,2026.05.19 05:12:12,4557.26,PROFIT_CLOSE,,,112.24,0.164729,0.302116,FULL_90_DAYS+FIRST_60_DAYS,0.350387,0.185658,0.019578,False,False,CLEAN_CONTINUATION,2026.05.19 05:17:12,0.350387,0.185658,0.098905,False,False,CLEAN_CONTINUATION,2026.05.19 05:22:12,0.350387,0.185658,0.098905,False,False,CLEAN_CONTINUATION,2026.05.19 05:27:12,0.350387,0.185658,0.173168,True,False,CLEAN_CONTINUATION,2026.05.19 05:32:12,0.36659,0.201861,0.173168,True,False,CLEAN_CONTINUATION,2026.05.19 05:42:12,0.620097,0.455368,0.173168,True,False,CLEAN_CONTINUATION,2026.05.19 06:12:12,CLEAN_CONTINUATION
152,CAMP-76,CORE,FRESH,BUY,2026.05.19 09:03:30,TREND_DN,GENERAL,A+,EXIT_TRADE_LABEL,M30_CONSENSUS_CORE_1779181200 [A+],0.64,4539.12,NOT_CAPTURED_IN_FORENSIC_ROW,NOT_CAPTURED_IN_FORENSIC_ROW,4528.04417,11.07583,708.85,2026.05.19 09:13:17,4543.93,SL_MOD:OWNER_R_EXIT_FLOOR,4542.44,4.0,307.84,0.43428,0.43428,FULL_90_DAYS+FIRST_60_DAYS,0.610339,0.176059,0.268151,False,False,CLEAN_CONTINUATION,2026.05.19 09:18:17,1.091567,0.657287,0.268151,False,False,CLEAN_CONTINUATION,2026.05.19 09:23:17,1.337147,0.902867,0.268151,False,False,CLEAN_CONTINUATION,2026.05.19 09:28:17,1.337147,0.902867,0.268151,False,False,CLEAN_CONTINUATION,2026.05.19 09:33:17,1.337147,0.902867,0.268151,False,False,CLEAN_CONTINUATION,2026.05.19 09:43:17,1.459937,1.025657,0.268151,False,False,CLEAN_CONTINUATION,2026.05.19 10:13:17,CLEAN_CONTINUATION
154,CAMP-77,CORE,FRESH,BUY,2026.05.19 09:33:00,TREND_DN,GENERAL,DATA_UNAVAILABLE,DATA_UNAVAILABLE,,0.35,4547.24,NOT_CAPTURED_IN_FORENSIC_ROW,NOT_CAPTURED_IN_FORENSIC_ROW,4526.29816,20.94184,732.96,2026.05.19 10:10:48,4551.35,PROFIT_CLOSE,,,143.85,0.196258,0.384399,FULL_90_DAYS+FIRST_60_DAYS,0.203421,0.007163,0.199123,True,False,IMMEDIATE_REVERSAL,2026.05.19 10:15:48,0.203421,0.007163,0.223476,True,False,IMMEDIATE_REVERSAL,2026.05.19 10:20:48,0.203421,0.007163,0.305131,True,False,IMMEDIATE_REVERSAL,2026.05.19 10:25:48,0.203421,0.007163,0.393471,True,False,IMMEDIATE_REVERSAL,2026.05.19 10:30:48,0.203421,0.007163,0.437879,True,False,IMMEDIATE_REVERSAL,2026.05.19 10:40:48,0.574926,0.378668,0.474648,True,False,IMMEDIATE_REVERSAL,2026.05.19 11:10:48,IMMEDIATE_REVERSAL
156,CAMP-78,CORE,FRESH,BUY,2026.05.19 11:03:00,TREND_DN,GENERAL,DATA_UNAVAILABLE,DATA_UNAVAILABLE,,0.46,4553.71,NOT_CAPTURED_IN_FORENSIC_ROW,NOT_CAPTURED_IN_FORENSIC_ROW,4537.27009,16.43991,756.24,2026.05.19 11:28:26,4537.27,BROKER_SL,,,-756.24,-1.000006,0.089417,FULL_90_DAYS+FIRST_60_DAYS,-0.801708,0.198298,0.05292,True,True,CLEAN_CONTINUATION,2026.05.19 11:33:26,-0.531634,0.468372,0.05292,True,True,CLEAN_CONTINUATION,2026.05.19 11:38:26,-0.531634,0.468372,0.05292,True,True,CLEAN_CONTINUATION,2026.05.19 11:43:26,-0.308397,0.691609,0.05292,True,True,CLEAN_CONTINUATION,2026.05.19 11:48:26,-0.308397,0.691609,0.05292,True,True,CLEAN_CONTINUATION,2026.05.19 11:58:26,-0.308397,0.691609,0.07056,True,True,CLEAN_CONTINUATION,2026.05.19 12:28:26,CLEAN_CONTINUATION
158,CAMP-79,CORE,FRESH,BUY,2026.05.19 14:03:30,TREND_DN,GENERAL,DATA_UNAVAILABLE,DATA_UNAVAILABLE,,0.25,4547.01,NOT_CAPTURED_IN_FORENSIC_ROW,NOT_CAPTURED_IN_FORENSIC_ROW,4519.8948,27.1152,677.88,2026.05.19 16:07:26,4519.84,BROKER_SL,,,-679.25,-1.002021,0.005532,FULL_90_DAYS+FIRST_60_DAYS,-0.755296,0.246725,0.184398,True,True,IMMEDIATE_REVERSAL,2026.05.19 16:12:26,-0.755296,0.246725,0.184398,True,True,IMMEDIATE_REVERSAL,2026.05.19 16:17:26,-0.755296,0.246725,0.388343,True,True,IMMEDIATE_REVERSAL,2026.05.19 16:22:26,-0.755296,0.246725,0.760828,True,True,IMMEDIATE_REVERSAL,2026.05.19 16:27:26,-0.755296,0.246725,2.034283,True,True,IMMEDIATE_REVERSAL,2026.05.19 16:37:26,-0.755296,0.246725,2.034283,True,True,IMMEDIATE_REVERSAL,2026.05.19 17:07:26,IMMEDIATE_REVERSAL
160,CAMP-80,CORE,FRESH,SELL,2026.05.20 16:33:00,TREND_DN,GENERAL,DATA_UNAVAILABLE,DATA_UNAVAILABLE,,0.3,4490.43,NOT_CAPTURED_IN_FORENSIC_ROW,NOT_CAPTURED_IN_FORENSIC_ROW,4510.59343,20.16343,604.9,2026.05.20 16:43:12,4486.57,PROFIT_CLOSE,,,115.8,0.191436,0.364522,FULL_90_DAYS+FIRST_60_DAYS,0.223177,0.031741,0.285666,True,False,IMMEDIATE_REVERSAL,2026.05.20 16:48:12,0.267316,0.07588,0.285666,True,False,IMMEDIATE_REVERSAL,2026.05.20 16:53:12,0.349643,0.158207,0.285666,True,False,IMMEDIATE_REVERSAL,2026.05.20 16:58:12,0.467183,0.275747,0.285666,True,False,IMMEDIATE_REVERSAL,2026.05.20 17:03:12,1.146135,0.954699,0.285666,True,False,IMMEDIATE_REVERSAL,2026.05.20 17:13:12,1.15159,0.960154,2.092898,True,True,IMMEDIATE_REVERSAL,2026.05.20 17:43:12,IMMEDIATE_REVERSAL
162,CAMP-81,CORE,FRESH,SELL,2026.05.20 17:03:00,TREND_DN,GENERAL,A+,EXIT_TRADE_LABEL,M30_CONSENSUS_CORE_1779296400 [A+],0.2,4481.77,NOT_CAPTURED_IN_FORENSIC_ROW,NOT_CAPTURED_IN_FORENSIC_ROW,4512.40026,30.63026,612.61,2026.05.20 17:14:04,4472.43,SL_MOD:OWNER_R_EXIT_FLOOR,4472.58,4.0,186.8,0.304927,0.475346,FULL_90_DAYS+FIRST_60_DAYS,0.304927,0.0,0.993789,True,False,IMMEDIATE_REVERSAL,2026.05.20 17:19:04,0.304927,0.0,1.271292,True,False,IMMEDIATE_REVERSAL,2026.05.20 17:24:04,0.304927,0.0,1.271292,True,False,IMMEDIATE_REVERSAL,2026.05.20 17:29:04,0.304927,0.0,1.765248,True,True,IMMEDIATE_REVERSAL,2026.05.20 17:34:04,0.304927,0.0,1.839358,True,True,IMMEDIATE_REVERSAL,2026.05.20 17:44:04,0.304927,0.0,2.123717,True,True,IMMEDIATE_REVERSAL,2026.05.20 18:14:04,IMMEDIATE_REVERSAL
164,CAMP-82,CORE,FRESH,BUY,2026.05.21 11:33:30,TREND_UP,GENERAL,A+,EXIT_TRADE_LABEL,M30_CONSENSUS_CORE_1779363000 [A+],0.26,4531.36,NOT_CAPTURED_IN_FORENSIC_ROW,NOT_CAPTURED_IN_FORENSIC_ROW,4506.60589,24.75411,643.61,2026.05.21 12:24:31,4539.07,SL_MOD:OWNER_R_EXIT_FLOOR,4538.79,17.0,200.46,0.311464,0.450834,FULL_90_DAYS+FIRST_60_DAYS,0.332066,0.020603,0.140987,False,False,IMMEDIATE_REVERSAL,2026.05.21 12:29:31,0.468609,0.157146,0.184616,False,False,IMMEDIATE_REVERSAL,2026.05.21 12:34:31,0.468609,0.157146,0.261775,False,False,IMMEDIATE_REVERSAL,2026.05.21 12:39:31,0.468609,0.157146,0.385794,True,False,IMMEDIATE_REVERSAL,2026.05.21 12:44:31,0.468609,0.157146,0.453258,True,False,IMMEDIATE_REVERSAL,2026.05.21 12:54:31,0.468609,0.157146,0.453258,True,False,IMMEDIATE_REVERSAL,2026.05.21 13:24:31,IMMEDIATE_REVERSAL
166,CAMP-83,CORE,FRESH,BUY,2026.05.21 17:03:30,TREND_DN,GENERAL,DATA_UNAVAILABLE,DATA_UNAVAILABLE,,0.24,4509.95,NOT_CAPTURED_IN_FORENSIC_ROW,NOT_CAPTURED_IN_FORENSIC_ROW,4482.66127,27.28873,654.93,2026.05.21 19:13:25,4515.92,PROFIT_CLOSE,,,143.28,0.218772,0.399066,FULL_90_DAYS+FIRST_60_DAYS,0.27887,0.060098,0.050204,False,False,NO_DECISIVE_0.10R_MOVE,2026.05.21 19:18:25,0.325043,0.106271,0.050204,False,False,CLEAN_CONTINUATION,2026.05.21 19:23:25,0.325043,0.106271,0.050204,False,False,CLEAN_CONTINUATION,2026.05.21 19:28:25,0.32944,0.110668,0.050204,False,False,CLEAN_CONTINUATION,2026.05.21 19:33:25,0.344831,0.126059,0.050204,False,False,CLEAN_CONTINUATION,2026.05.21 19:43:25,0.799964,0.581192,0.063763,False,False,CLEAN_CONTINUATION,2026.05.21 20:13:25,CLEAN_CONTINUATION
168,CAMP-84,CORE,FRESH,BUY,2026.05.21 19:33:30,TREND_DN,GENERAL,A,EXIT_TRADE_LABEL,M30_CONSENSUS_CORE_1779391800 [A],0.25,4517.51,NOT_CAPTURED_IN_FORENSIC_ROW,NOT_CAPTURED_IN_FORENSIC_ROW,4491.08111,26.42889,660.72,2026.05.21 20:11:55,4527.73,SL_MOD:OWNER_R_EXIT_FLOOR,4527.34,16.0,255.5,0.386698,0.539939,FULL_90_DAYS+FIRST_60_DAYS,0.740099,0.353401,0.172917,False,False,CLEAN_CONTINUATION,2026.05.21 20:16:55,1.086311,0.699613,0.172917,False,False,CLEAN_CONTINUATION,2026.05.21 20:21:55,1.090852,0.704154,0.172917,False,False,CLEAN_CONTINUATION,2026.05.21 20:26:55,1.194905,0.808207,0.172917,False,False,CLEAN_CONTINUATION,2026.05.21 20:31:55,1.194905,0.808207,0.172917,False,False,CLEAN_CONTINUATION,2026.05.21 20:41:55,1.580089,1.193391,0.172917,False,False,CLEAN_CONTINUATION,2026.05.21 21:11:55,CLEAN_CONTINUATION
170,CAMP-85,CORE,FRESH,SELL,2026.05.22 03:03:00,TREND_UP,GENERAL,DATA_UNAVAILABLE,DATA_UNAVAILABLE,,0.44,4532.54,NOT_CAPTURED_IN_FORENSIC_ROW,NOT_CAPTURED_IN_FORENSIC_ROW,4548.43657,15.89657,699.45,2026.05.22 03:55:46,4529.9,PROFIT_CLOSE,,,116.16,0.166073,0.303209,FULL_90_DAYS+FIRST_60_DAYS,0.420845,0.254772,0.184946,True,False,CLEAN_CONTINUATION,2026.05.22 04:00:46,0.546658,0.380585,0.416442,True,False,CLEAN_CONTINUATION,2026.05.22 04:05:46,0.56616,0.400086,0.416442,True,False,CLEAN_CONTINUATION,2026.05.22 04:10:46,0.56616,0.400086,0.416442,True,False,CLEAN_CONTINUATION,2026.05.22 04:15:46,0.56616,0.400086,0.416442,True,False,CLEAN_CONTINUATION,2026.05.22 04:25:46,0.708329,0.542255,0.416442,True,False,CLEAN_CONTINUATION,2026.05.22 04:55:46,CLEAN_CONTINUATION
172,CAMP-86,CORE,FRESH,BUY,2026.05.22 07:03:30,TREND_UP,GENERAL,DATA_UNAVAILABLE,DATA_UNAVAILABLE,,0.55,4529.16,NOT_CAPTURED_IN_FORENSIC_ROW,NOT_CAPTURED_IN_FORENSIC_ROW,4516.24329,12.91671,710.42,2026.05.22 08:42:02,4531.91,PROFIT_CLOSE,,,151.25,0.212903,0.388644,FULL_90_DAYS+FIRST_60_DAYS,0.398708,0.185806,0.035613,False,False,CLEAN_CONTINUATION,2026.05.22 08:47:02,0.398708,0.185806,0.060387,False,False,CLEAN_CONTINUATION,2026.05.22 08:52:02,0.398708,0.185806,1.285157,True,True,CLEAN_CONTINUATION,2026.05.22 08:57:02,0.398708,0.185806,1.886703,True,True,CLEAN_CONTINUATION,2026.05.22 09:02:02,0.398708,0.185806,1.886703,True,True,CLEAN_CONTINUATION,2026.05.22 09:12:02,0.398708,0.185806,1.886703,True,True,CLEAN_CONTINUATION,2026.05.22 09:42:02,CLEAN_CONTINUATION
174,CAMP-87,CORE,FRESH,BUY,2026.05.22 09:33:00,TREND_UP,GENERAL,DATA_UNAVAILABLE,DATA_UNAVAILABLE,,0.34,4524.18,NOT_CAPTURED_IN_FORENSIC_ROW,NOT_CAPTURED_IN_FORENSIC_ROW,4502.89671,21.28329,723.63,2026.05.22 11:21:27,4527.95,PROFIT_CLOSE,,,128.18,0.177134,0.331246,FULL_90_DAYS+FIRST_60_DAYS,0.220361,0.043226,0.09585,False,False,NO_DECISIVE_0.10R_MOVE,2026.05.22 11:26:27,0.220361,0.043226,0.166328,False,False,IMMEDIATE_REVERSAL,2026.05.22 11:31:27,0.220361,0.043226,0.514488,True,False,IMMEDIATE_REVERSAL,2026.05.22 11:36:27,0.220361,0.043226,0.514488,True,False,IMMEDIATE_REVERSAL,2026.05.22 11:41:27,0.220361,0.043226,0.514488,True,False,IMMEDIATE_REVERSAL,2026.05.22 11:51:27,0.220361,0.043226,0.601881,True,False,IMMEDIATE_REVERSAL,2026.05.22 12:21:27,IMMEDIATE_REVERSAL
176,CAMP-88,CORE,FRESH,BUY,2026.05.22 15:03:00,TREND_DN,GENERAL,A,EXIT_TRADE_LABEL,M30_CONSENSUS_CORE_1779462000 [A],0.58,4521.25,NOT_CAPTURED_IN_FORENSIC_ROW,NOT_CAPTURED_IN_FORENSIC_ROW,4508.46756,12.78244,741.38,2026.05.22 15:12:17,4526.43,SL_MOD:OWNER_R_EXIT_FLOOR,4525.08,4.0,300.44,0.405245,0.405245,FULL_90_DAYS+FIRST_60_DAYS,0.710351,0.305106,0.089967,False,False,CLEAN_CONTINUATION,2026.05.22 15:17:17,1.149234,0.743989,0.108743,False,False,CLEAN_CONTINUATION,2026.05.22 15:22:17,1.149234,0.743989,0.207316,False,False,CLEAN_CONTINUATION,2026.05.22 15:27:17,1.149234,0.743989,0.527286,True,False,CLEAN_CONTINUATION,2026.05.22 15:32:17,1.149234,0.743989,0.891848,True,False,CLEAN_CONTINUATION,2026.05.22 15:42:17,1.149234,0.743989,0.891848,True,False,CLEAN_CONTINUATION,2026.05.22 16:12:17,CLEAN_CONTINUATION
178,CAMP-89,CORE,FRESH,BUY,2026.05.22 16:03:29,RANGING,GENERAL,A,EXIT_TRADE_LABEL,M30_CONSENSUS_CORE_1779465600 [A],0.68,4523.4,NOT_CAPTURED_IN_FORENSIC_ROW,NOT_CAPTURED_IN_FORENSIC_ROW,4512.08327,11.31673,769.54,2026.05.22 16:10:09,4530.14,SL_MOD:OWNER_R_EXIT_FLOOR,4529.88,17.0,458.32,0.59558,0.821794,FULL_90_DAYS+FIRST_60_DAYS,0.965828,0.370248,0.27128,False,False,CLEAN_CONTINUATION,2026.05.22 16:15:09,0.965828,0.370248,0.390572,False,False,CLEAN_CONTINUATION,2026.05.22 16:20:09,0.965828,0.370248,0.622972,True,False,CLEAN_CONTINUATION,2026.05.22 16:25:09,0.965828,0.370248,0.87216,True,False,CLEAN_CONTINUATION,2026.05.22 16:30:09,0.965828,0.370248,1.044471,True,False,CLEAN_CONTINUATION,2026.05.22 16:40:09,0.965828,0.370248,2.384081,True,True,CLEAN_CONTINUATION,2026.05.22 17:10:09,CLEAN_CONTINUATION
180,CAMP-90,CORE,FRESH,SELL,2026.05.25 08:33:00,TREND_UP,GENERAL,DATA_UNAVAILABLE,DATA_UNAVAILABLE,,0.62,4555.77,NOT_CAPTURED_IN_FORENSIC_ROW,NOT_CAPTURED_IN_FORENSIC_ROW,4568.91609,13.14609,815.06,2026.05.25 09:06:11,4552.96,PROFIT_CLOSE,,,174.22,0.213752,0.39023,FULL_90_DAYS+FIRST_60_DAYS,0.329375,0.115624,0.071504,False,False,CLEAN_CONTINUATION,2026.05.25 09:11:10,0.329375,0.115624,0.114863,False,False,CLEAN_CONTINUATION,2026.05.25 09:16:11,0.329375,0.115624,0.194735,False,False,CLEAN_CONTINUATION,2026.05.25 09:21:11,0.329375,0.115624,0.301991,True,False,CLEAN_CONTINUATION,2026.05.25 09:26:11,0.329375,0.115624,0.343829,True,False,CLEAN_CONTINUATION,2026.05.25 09:36:11,0.329375,0.115624,0.912819,True,False,CLEAN_CONTINUATION,2026.05.25 10:06:11,CLEAN_CONTINUATION
182,CAMP-91,CORE,FRESH,BUY,2026.05.25 11:03:00,TREND_UP,GENERAL,A+,EXIT_TRADE_LABEL,M30_CONSENSUS_CORE_1779706800 [A+],0.57,4563.93,NOT_CAPTURED_IN_FORENSIC_ROW,NOT_CAPTURED_IN_FORENSIC_ROW,4549.29994,14.63006,833.92,2026.05.25 13:03:39,4568.54,SL_MOD:OWNER_R_EXIT_FLOOR,4568.32,4.0,262.77,0.315104,0.406012,FULL_90_DAYS+FIRST_60_DAYS,0.475732,0.160628,0.004101,False,False,CLEAN_CONTINUATION,2026.05.25 13:08:39,0.587146,0.272043,0.004101,False,False,CLEAN_CONTINUATION,2026.05.25 13:13:39,0.604918,0.289814,0.004101,False,False,CLEAN_CONTINUATION,2026.05.25 13:18:39,0.670536,0.355433,0.004101,False,False,CLEAN_CONTINUATION,2026.05.25 13:23:39,0.670536,0.355433,0.004101,False,False,CLEAN_CONTINUATION,2026.05.25 13:33:39,0.670536,0.355433,0.041695,False,False,CLEAN_CONTINUATION,2026.05.25 14:03:39,CLEAN_CONTINUATION
184,CAMP-92,CORE,FRESH,BUY,2026.05.25 13:33:31,TREND_UP,GENERAL,DATA_UNAVAILABLE,DATA_UNAVAILABLE,,0.38,4571.83,NOT_CAPTURED_IN_FORENSIC_ROW,NOT_CAPTURED_IN_FORENSIC_ROW,4549.0822,22.7478,864.42,2026.05.26 02:21:18,4576.55,PROFIT_CLOSE,,,174.57,0.201951,0.375594,FULL_90_DAYS+FIRST_60_DAYS,0.201951,0.0,0.189908,False,False,IMMEDIATE_REVERSAL,2026.05.26 02:26:18,0.201951,0.0,0.467738,True,False,IMMEDIATE_REVERSAL,2026.05.26 02:31:18,0.201951,0.0,0.832168,True,False,IMMEDIATE_REVERSAL,2026.05.26 02:36:18,0.201951,0.0,0.940311,True,False,IMMEDIATE_REVERSAL,2026.05.26 02:41:18,0.201951,0.0,0.947784,True,False,IMMEDIATE_REVERSAL,2026.05.26 02:51:18,0.201951,0.0,1.543006,True,True,IMMEDIATE_REVERSAL,2026.05.26 03:21:18,IMMEDIATE_REVERSAL
186,CAMP-93,CORE,FRESH,BUY,2026.05.26 11:03:00,TREND_DN,GENERAL,DATA_UNAVAILABLE,DATA_UNAVAILABLE,,0.49,4535.66,NOT_CAPTURED_IN_FORENSIC_ROW,NOT_CAPTURED_IN_FORENSIC_ROW,4517.69891,17.96109,880.09,2026.05.26 12:32:26,4517.64,BROKER_SL,,,-882.98,-1.003279,0.111909,FULL_90_DAYS+FIRST_60_DAYS,-0.804516,0.198763,0.07739,True,True,CLEAN_CONTINUATION,2026.05.26 12:37:26,-0.804516,0.198763,0.295082,True,True,CLEAN_CONTINUATION,2026.05.26 12:42:26,-0.804516,0.198763,0.309558,True,True,CLEAN_CONTINUATION,2026.05.26 12:47:26,-0.804516,0.198763,0.309558,True,True,CLEAN_CONTINUATION,2026.05.26 12:52:26,-0.678132,0.325147,0.309558,True,True,CLEAN_CONTINUATION,2026.05.26 13:02:26,0.003898,1.007177,0.309558,True,True,CLEAN_CONTINUATION,2026.05.26 13:32:26,CLEAN_CONTINUATION
188,CAMP-94,CORE,FRESH,SELL,2026.05.27 05:03:30,TREND_DN,GENERAL,DATA_UNAVAILABLE,DATA_UNAVAILABLE,,0.42,4506.31,NOT_CAPTURED_IN_FORENSIC_ROW,NOT_CAPTURED_IN_FORENSIC_ROW,4525.1536,18.8436,791.43,2026.05.27 05:18:04,4502.49,PROFIT_CLOSE,,,160.44,0.202721,0.37254,FULL_90_DAYS+FIRST_60_DAYS,0.366172,0.163451,0.005307,False,False,CLEAN_CONTINUATION,2026.05.27 05:23:04,0.366172,0.163451,0.153368,False,False,CLEAN_CONTINUATION,2026.05.27 05:28:04,0.366172,0.163451,0.188924,False,False,CLEAN_CONTINUATION,2026.05.27 05:33:04,0.366172,0.163451,0.200599,False,False,CLEAN_CONTINUATION,2026.05.27 05:38:04,0.424017,0.221295,0.200599,False,False,CLEAN_CONTINUATION,2026.05.27 05:48:04,0.424017,0.221295,0.421894,True,False,CLEAN_CONTINUATION,2026.05.27 06:18:04,CLEAN_CONTINUATION
190,CAMP-95,CORE,FRESH,SELL,2026.05.27 07:03:00,TREND_DN,GENERAL,DATA_UNAVAILABLE,DATA_UNAVAILABLE,,0.48,4498.61,NOT_CAPTURED_IN_FORENSIC_ROW,NOT_CAPTURED_IN_FORENSIC_ROW,4515.55036,16.94036,813.14,2026.05.27 07:49:28,4515.67,BROKER_SL,,,-818.88,-1.00706,0.035418,FULL_90_DAYS+FIRST_60_DAYS,-0.789237,0.217823,0.108026,True,True,IMMEDIATE_REVERSAL,2026.05.27 07:54:27,-0.642251,0.364809,0.108026,True,True,IMMEDIATE_REVERSAL,2026.05.27 07:59:28,-0.587352,0.419708,0.108026,True,True,IMMEDIATE_REVERSAL,2026.05.27 08:04:28,-0.587352,0.419708,0.108026,True,True,IMMEDIATE_REVERSAL,2026.05.27 08:09:27,-0.406128,0.600932,0.108026,True,True,IMMEDIATE_REVERSAL,2026.05.27 08:19:28,0.393147,1.400207,0.108026,True,True,IMMEDIATE_REVERSAL,2026.05.27 08:49:28,IMMEDIATE_REVERSAL
192,CAMP-96,CORE,FRESH,SELL,2026.05.27 08:03:00,TREND_DN,GENERAL,DATA_UNAVAILABLE,DATA_UNAVAILABLE,,0.69,4509.38,NOT_CAPTURED_IN_FORENSIC_ROW,NOT_CAPTURED_IN_FORENSIC_ROW,4519.91819,10.53819,727.14,2026.05.27 08:16:34,4507.42,PROFIT_CLOSE,,,135.24,0.18599,0.356797,FULL_90_DAYS+FIRST_60_DAYS,0.480158,0.294168,0.030366,False,False,CLEAN_CONTINUATION,2026.05.27 08:21:34,0.480158,0.294168,0.054089,False,False,CLEAN_CONTINUATION,2026.05.27 08:26:34,0.480158,0.294168,0.152778,False,False,CLEAN_CONTINUATION,2026.05.27 08:31:34,1.475586,1.289596,0.152778,False,False,CLEAN_CONTINUATION,2026.05.27 08:36:34,1.653985,1.467995,0.152778,False,False,CLEAN_CONTINUATION,2026.05.27 08:46:34,1.653985,1.467995,0.152778,False,False,CLEAN_CONTINUATION,2026.05.27 09:16:34,CLEAN_CONTINUATION
194,CAMP-97,CORE,FRESH,SELL,2026.05.28 02:33:00,TREND_DN,GENERAL,DATA_UNAVAILABLE,DATA_UNAVAILABLE,,0.47,4449.98,NOT_CAPTURED_IN_FORENSIC_ROW,NOT_CAPTURED_IN_FORENSIC_ROW,4465.79797,15.81797,743.45,2026.05.28 02:54:56,4446.81,PROFIT_CLOSE,,,148.99,0.200405,0.370464,FULL_90_DAYS+FIRST_60_DAYS,0.254141,0.053736,0.211784,True,False,IMMEDIATE_REVERSAL,2026.05.28 02:59:56,0.281957,0.081553,0.374258,True,False,IMMEDIATE_REVERSAL,2026.05.28 03:04:56,0.281957,0.081553,0.374258,True,False,IMMEDIATE_REVERSAL,2026.05.28 03:09:56,0.320521,0.120117,0.374258,True,False,IMMEDIATE_REVERSAL,2026.05.28 03:14:56,0.364775,0.16437,0.46719,True,False,IMMEDIATE_REVERSAL,2026.05.28 03:24:56,0.38374,0.183336,0.536731,True,False,IMMEDIATE_REVERSAL,2026.05.28 03:54:56,IMMEDIATE_REVERSAL
196,CAMP-98,CORE,FRESH,SELL,2026.05.28 03:03:00,TREND_DN,GENERAL,DATA_UNAVAILABLE,DATA_UNAVAILABLE,,0.57,4452.2,NOT_CAPTURED_IN_FORENSIC_ROW,NOT_CAPTURED_IN_FORENSIC_ROW,4465.43561,13.23561,754.43,2026.05.28 03:06:40,4449.54,PROFIT_CLOSE,,,151.62,0.200973,0.36568,FULL_90_DAYS+FIRST_60_DAYS,0.473722,0.272749,0.056665,False,False,CLEAN_CONTINUATION,2026.05.28 03:11:40,0.603675,0.402701,0.056665,False,False,CLEAN_CONTINUATION,2026.05.28 03:16:40,0.603675,0.402701,0.35208,True,False,CLEAN_CONTINUATION,2026.05.28 03:21:40,0.603675,0.402701,0.35208,True,False,CLEAN_CONTINUATION,2026.05.28 03:26:40,0.626341,0.425367,0.35208,True,False,CLEAN_CONTINUATION,2026.05.28 03:36:39,0.626341,0.425367,0.710961,True,False,CLEAN_CONTINUATION,2026.05.28 04:06:40,CLEAN_CONTINUATION
198,CAMP-99,CORE,FRESH,SELL,2026.05.28 22:03:30,TREND_UP,GENERAL,A+,EXIT_TRADE_LABEL,M30_CONSENSUS_CORE_1780005600 [A+],0.38,4500.59,NOT_CAPTURED_IN_FORENSIC_ROW,NOT_CAPTURED_IN_FORENSIC_ROW,4520.81257,20.22257,768.46,2026.05.29 01:09:31,4492.45,SL_MOD:OWNER_R_EXIT_FLOOR,4494.52,68.0,307.57,0.400243,0.400243,FULL_90_DAYS+FIRST_60_DAYS,0.412111,0.011868,0.148349,False,False,IMMEDIATE_REVERSAL,2026.05.29 01:14:31,0.412111,0.011868,0.148349,False,False,IMMEDIATE_REVERSAL,2026.05.29 01:19:29,0.412111,0.011868,0.148349,False,False,IMMEDIATE_REVERSAL,2026.05.29 01:24:30,0.412111,0.011868,0.209172,False,False,IMMEDIATE_REVERSAL,2026.05.29 01:29:31,0.412111,0.011868,0.214117,False,False,IMMEDIATE_REVERSAL,2026.05.29 01:39:31,0.465022,0.064779,0.214117,False,False,IMMEDIATE_REVERSAL,2026.05.29 02:09:31,IMMEDIATE_REVERSAL
200,CAMP-100,CORE,FRESH,SELL,2026.05.29 01:33:00,TREND_UP,GENERAL,DATA_UNAVAILABLE,DATA_UNAVAILABLE,,0.84,4495.73,NOT_CAPTURED_IN_FORENSIC_ROW,NOT_CAPTURED_IN_FORENSIC_ROW,4505.27364,9.54364,801.66,2026.05.29 01:52:37,4494.25,PROFIT_CLOSE,,,124.32,0.155078,0.323777,FULL_90_DAYS+FIRST_60_DAYS,0.279768,0.12469,0.062869,False,False,CLEAN_CONTINUATION,2026.05.29 01:57:37,0.480949,0.325871,0.062869,False,False,CLEAN_CONTINUATION,2026.05.29 02:02:37,0.480949,0.325871,0.17289,True,False,CLEAN_CONTINUATION,2026.05.29 02:07:37,0.480949,0.325871,0.17289,True,False,CLEAN_CONTINUATION,2026.05.29 02:12:37,0.480949,0.325871,0.317489,True,False,CLEAN_CONTINUATION,2026.05.29 02:22:37,0.675843,0.520766,0.317489,True,False,CLEAN_CONTINUATION,2026.05.29 02:52:37,CLEAN_CONTINUATION
202,CAMP-101,CORE,FRESH,BUY,2026.05.29 07:33:00,TREND_UP,GENERAL,DATA_UNAVAILABLE,DATA_UNAVAILABLE,,0.44,4509.32,NOT_CAPTURED_IN_FORENSIC_ROW,NOT_CAPTURED_IN_FORENSIC_ROW,4491.13066,18.18934,800.33,2026.05.29 08:00:53,4512.63,PROFIT_CLOSE,,,145.64,0.181975,0.337561,FULL_90_DAYS+FIRST_60_DAYS,0.181975,0.0,0.159434,False,False,IMMEDIATE_REVERSAL,2026.05.29 08:05:53,0.181975,0.0,0.173728,False,False,IMMEDIATE_REVERSAL,2026.05.29 08:10:53,0.181975,0.0,0.201766,True,False,IMMEDIATE_REVERSAL,2026.05.29 08:15:53,0.181975,0.0,0.201766,True,False,IMMEDIATE_REVERSAL,2026.05.29 08:20:53,0.181975,0.0,0.227056,True,False,IMMEDIATE_REVERSAL,2026.05.29 08:30:53,0.686116,0.504141,0.545924,True,False,IMMEDIATE_REVERSAL,2026.05.29 09:00:53,IMMEDIATE_REVERSAL
204,CAMP-102,CORE,FRESH,BUY,2026.05.29 08:03:30,TREND_UP,GENERAL,A+,EXIT_TRADE_LABEL,M30_CONSENSUS_CORE_1780041600 [A+],0.41,4510.84,NOT_CAPTURED_IN_FORENSIC_ROW,NOT_CAPTURED_IN_FORENSIC_ROW,4490.89789,19.94211,817.63,2026.05.29 09:01:02,4518.71,SL_MOD:OWNER_R_EXIT_FLOOR,4518.39,4.0,322.67,0.394642,0.549591,FULL_90_DAYS+FIRST_60_DAYS,0.582185,0.187543,0.05516,False,False,CLEAN_CONTINUATION,2026.05.29 09:06:02,0.582185,0.187543,0.252731,False,False,CLEAN_CONTINUATION,2026.05.29 09:11:02,0.582185,0.187543,0.381103,False,False,CLEAN_CONTINUATION,2026.05.29 09:16:02,0.582185,0.187543,0.43526,True,False,CLEAN_CONTINUATION,2026.05.29 09:21:02,0.582185,0.187543,0.43526,True,False,CLEAN_CONTINUATION,2026.05.29 09:31:02,0.663922,0.269279,0.43526,True,False,CLEAN_CONTINUATION,2026.05.29 10:01:02,CLEAN_CONTINUATION
206,CAMP-103,CORE,FRESH,SELL,2026.05.29 15:33:00,TREND_UP,GENERAL,DATA_UNAVAILABLE,DATA_UNAVAILABLE,,0.36,4520.23,NOT_CAPTURED_IN_FORENSIC_ROW,NOT_CAPTURED_IN_FORENSIC_ROW,4543.93797,23.70797,853.49,2026.05.29 15:48:28,4516.29,PROFIT_CLOSE,,,141.84,0.166189,0.308757,FULL_90_DAYS+FIRST_60_DAYS,0.2438,0.077611,0.164923,False,False,IMMEDIATE_REVERSAL,2026.05.29 15:53:28,0.2438,0.077611,0.164923,False,False,IMMEDIATE_REVERSAL,2026.05.29 15:58:27,0.2438,0.077611,0.35178,True,False,IMMEDIATE_REVERSAL,2026.05.29 16:03:28,0.2438,0.077611,0.404505,True,False,IMMEDIATE_REVERSAL,2026.05.29 16:08:28,0.2438,0.077611,0.457652,True,False,IMMEDIATE_REVERSAL,2026.05.29 16:18:28,0.2438,0.077611,0.828413,True,False,IMMEDIATE_REVERSAL,2026.05.29 16:48:28,IMMEDIATE_REVERSAL
208,CAMP-104,CORE,FRESH,BUY,2026.06.01 08:33:00,TREND_UP,GENERAL,A+,EXIT_TRADE_LABEL,M30_CONSENSUS_CORE_1780302600 [A+],0.85,4516.33,NOT_CAPTURED_IN_FORENSIC_ROW,NOT_CAPTURED_IN_FORENSIC_ROW,4506.05354,10.27646,873.5,2026.06.01 08:39:31,4520.58,SL_MOD:OWNER_R_EXIT_FLOOR,4519.97,17.0,361.25,0.413565,0.557583,FULL_90_DAYS+FIRST_60_DAYS,0.460274,0.046709,0.491414,True,False,IMMEDIATE_REVERSAL,2026.06.01 08:44:31,0.678248,0.264683,0.491414,True,False,IMMEDIATE_REVERSAL,2026.06.01 08:49:31,0.86119,0.447625,0.491414,True,False,IMMEDIATE_REVERSAL,2026.06.01 08:54:31,0.86119,0.447625,0.491414,True,False,IMMEDIATE_REVERSAL,2026.06.01 08:59:31,0.86119,0.447625,0.619863,True,False,IMMEDIATE_REVERSAL,2026.06.01 09:09:31,0.86119,0.447625,1.83137,True,True,IMMEDIATE_REVERSAL,2026.06.01 09:39:31,IMMEDIATE_REVERSAL
210,CAMP-105,CORE,FRESH,BUY,2026.06.01 19:03:00,TREND_DN,GENERAL,DATA_UNAVAILABLE,DATA_UNAVAILABLE,,0.31,4474.61,NOT_CAPTURED_IN_FORENSIC_ROW,NOT_CAPTURED_IN_FORENSIC_ROW,4445.99403,28.61597,887.1,2026.06.01 20:34:15,4480.52,PROFIT_CLOSE,,,183.21,0.206528,0.3844,FULL_90_DAYS+FIRST_60_DAYS,0.349106,0.142578,0.0,False,False,CLEAN_CONTINUATION,2026.06.01 20:39:15,0.561574,0.355046,0.0,False,False,CLEAN_CONTINUATION,2026.06.01 20:44:15,0.728264,0.521737,0.0,False,False,CLEAN_CONTINUATION,2026.06.01 20:49:15,0.728264,0.521737,0.0,False,False,CLEAN_CONTINUATION,2026.06.01 20:54:15,0.728264,0.521737,0.0,False,False,CLEAN_CONTINUATION,2026.06.01 21:04:15,0.728264,0.521737,0.0,False,False,CLEAN_CONTINUATION,2026.06.01 21:34:15,CLEAN_CONTINUATION
212,CAMP-106,CORE,FRESH,SELL,2026.06.02 12:03:00,TREND_UP,GENERAL,DATA_UNAVAILABLE,DATA_UNAVAILABLE,,0.61,4527.15,NOT_CAPTURED_IN_FORENSIC_ROW,NOT_CAPTURED_IN_FORENSIC_ROW,4542.38177,15.23177,929.14,2026.06.02 12:32:54,4524.51,PROFIT_CLOSE,,,161.04,0.173322,0.33023,FULL_90_DAYS+FIRST_60_DAYS,0.223874,0.050552,0.158222,False,False,IMMEDIATE_REVERSAL,2026.06.02 12:37:54,0.355835,0.182513,0.158222,False,False,IMMEDIATE_REVERSAL,2026.06.02 12:42:54,0.355835,0.182513,0.158222,False,False,IMMEDIATE_REVERSAL,2026.06.02 12:47:54,0.355835,0.182513,0.449718,True,False,IMMEDIATE_REVERSAL,2026.06.02 12:52:54,0.355835,0.182513,0.47204,True,False,IMMEDIATE_REVERSAL,2026.06.02 13:02:54,0.355835,0.182513,0.484514,True,False,IMMEDIATE_REVERSAL,2026.06.02 13:32:54,IMMEDIATE_REVERSAL
214,CAMP-107,CORE,FRESH,BUY,2026.06.02 22:33:00,TREND_DN,GENERAL,DATA_UNAVAILABLE,DATA_UNAVAILABLE,,0.78,4488.11,NOT_CAPTURED_IN_FORENSIC_ROW,NOT_CAPTURED_IN_FORENSIC_ROW,4476.01897,12.09103,943.1,2026.06.03 01:01:24,4490.35,PROFIT_CLOSE,,,164.89,0.174839,0.336943,FULL_90_DAYS+FIRST_60_DAYS,0.290627,0.115788,0.207592,True,False,CLEAN_CONTINUATION,2026.06.03 01:06:24,0.403934,0.229095,0.207592,True,False,CLEAN_CONTINUATION,2026.06.03 01:11:24,0.403934,0.229095,0.207592,True,False,CLEAN_CONTINUATION,2026.06.03 01:16:23,0.403934,0.229095,0.207592,True,False,CLEAN_CONTINUATION,2026.06.03 01:21:24,0.403934,0.229095,0.226614,True,False,CLEAN_CONTINUATION,2026.06.03 01:31:23,0.403934,0.229095,0.510296,True,False,CLEAN_CONTINUATION,2026.06.03 02:01:24,CLEAN_CONTINUATION
216,CAMP-108,CORE,FRESH,BUY,2026.06.03 01:33:00,TREND_DN,GENERAL,DATA_UNAVAILABLE,DATA_UNAVAILABLE,,0.67,4491.17,NOT_CAPTURED_IN_FORENSIC_ROW,NOT_CAPTURED_IN_FORENSIC_ROW,4476.9122,14.2578,955.27,2026.06.03 02:10:55,4476.67,BROKER_SL,,,-971.5,-1.016987,0.070838,FULL_90_DAYS+FIRST_60_DAYS,-0.768001,0.248987,0.155704,True,True,IMMEDIATE_REVERSAL,2026.06.03 02:15:54,-0.768001,0.248987,0.528833,True,True,IMMEDIATE_REVERSAL,2026.06.03 02:20:55,-0.768001,0.248987,0.704877,True,True,IMMEDIATE_REVERSAL,2026.06.03 02:25:55,-0.768001,0.248987,1.01348,True,True,IMMEDIATE_REVERSAL,2026.06.03 02:30:55,-0.768001,0.248987,1.01348,True,True,IMMEDIATE_REVERSAL,2026.06.03 02:40:55,-0.768001,0.248987,1.01348,True,True,IMMEDIATE_REVERSAL,2026.06.03 03:10:54,IMMEDIATE_REVERSAL
218,CAMP-109,CORE,FRESH,BUY,2026.06.03 03:03:00,TREND_DN,GENERAL,A,EXIT_TRADE_LABEL,M30_CONSENSUS_CORE_1780455600 [A],0.45,4477.06,NOT_CAPTURED_IN_FORENSIC_ROW,NOT_CAPTURED_IN_FORENSIC_ROW,4457.98724,19.07276,858.28,2026.06.03 03:41:14,4496.15,SL_MOD:OWNER_R_EXIT_FLOOR,4490.34,4.0,859.05,1.000902,1.000902,FULL_90_DAYS+FIRST_60_DAYS,1.032885,0.031983,0.159914,False,False,IMMEDIATE_REVERSAL,2026.06.03 03:46:14,1.032885,0.031983,0.369113,False,False,IMMEDIATE_REVERSAL,2026.06.03 03:51:14,1.032885,0.031983,0.456148,False,False,IMMEDIATE_REVERSAL,2026.06.03 03:56:14,1.032885,0.031983,0.881362,False,False,IMMEDIATE_REVERSAL,2026.06.03 04:01:14,1.032885,0.031983,1.519445,True,False,IMMEDIATE_REVERSAL,2026.06.03 04:11:14,1.032885,0.031983,1.720779,True,False,IMMEDIATE_REVERSAL,2026.06.03 04:41:14,IMMEDIATE_REVERSAL
220,CAMP-110,CORE,FRESH,BUY,2026.06.03 04:03:30,TREND_DN,GENERAL,DATA_UNAVAILABLE,DATA_UNAVAILABLE,,0.47,4477.88,NOT_CAPTURED_IN_FORENSIC_ROW,NOT_CAPTURED_IN_FORENSIC_ROW,4457.68876,20.19124,948.99,2026.06.03 05:44:19,4481.84,PROFIT_CLOSE,,,186.12,0.196125,0.359563,FULL_90_DAYS+FIRST_60_DAYS,0.196125,0.0,0.436823,True,False,IMMEDIATE_REVERSAL,2026.06.03 05:49:19,0.196125,0.0,0.436823,True,False,IMMEDIATE_REVERSAL,2026.06.03 05:54:19,0.196125,0.0,0.436823,True,False,IMMEDIATE_REVERSAL,2026.06.03 05:59:19,0.415527,0.219402,0.436823,True,False,IMMEDIATE_REVERSAL,2026.06.03 06:04:19,0.484369,0.288244,0.436823,True,False,IMMEDIATE_REVERSAL,2026.06.03 06:14:19,0.484369,0.288244,0.436823,True,False,IMMEDIATE_REVERSAL,2026.06.03 06:44:19,IMMEDIATE_REVERSAL
222,CAMP-111,CORE,FRESH,SELL,2026.06.04 04:03:30,TREND_DN,GENERAL,DATA_UNAVAILABLE,DATA_UNAVAILABLE,,0.7,4454.88,NOT_CAPTURED_IN_FORENSIC_ROW,NOT_CAPTURED_IN_FORENSIC_ROW,4468.61443,13.73443,961.41,2026.06.04 04:20:18,4468.63,BROKER_SL,,,-962.5,-1.001136,0.151445,FULL_90_DAYS+FIRST_60_DAYS,-0.866438,0.134698,0.367689,True,True,CLEAN_CONTINUATION,2026.06.04 04:25:18,-0.816927,0.184209,0.367689,True,True,CLEAN_CONTINUATION,2026.06.04 04:30:18,-0.747758,0.253378,0.367689,True,True,CLEAN_CONTINUATION,2026.06.04 04:35:18,-0.747758,0.253378,0.367689,True,True,CLEAN_CONTINUATION,2026.06.04 04:40:18,-0.289785,0.711351,0.367689,True,True,CLEAN_CONTINUATION,2026.06.04 04:50:18,-0.065531,0.935605,0.367689,True,True,CLEAN_CONTINUATION,2026.06.04 05:20:18,CLEAN_CONTINUATION
224,CAMP-112,CORE,FRESH,SELL,2026.06.04 17:33:00,TREND_UP,GENERAL,A+,EXIT_TRADE_LABEL,M30_CONSENSUS_CORE_1780594200 [A+],0.21,4482.68,NOT_CAPTURED_IN_FORENSIC_ROW,NOT_CAPTURED_IN_FORENSIC_ROW,4523.51626,40.83626,857.56,2026.06.04 17:50:26,4470.2,SL_MOD:OWNER_R_EXIT_FLOOR,4470.43,17.0,262.08,0.30561,0.423153,FULL_90_DAYS+FIRST_60_DAYS,0.620772,0.315161,0.005877,False,False,CLEAN_CONTINUATION,2026.06.04 17:55:26,0.620772,0.315161,0.005877,False,False,CLEAN_CONTINUATION,2026.06.04 18:00:26,0.620772,0.315161,0.042609,False,False,CLEAN_CONTINUATION,2026.06.04 18:05:26,0.620772,0.315161,0.062934,False,False,CLEAN_CONTINUATION,2026.06.04 18:10:26,0.620772,0.315161,0.114604,False,False,CLEAN_CONTINUATION,2026.06.04 18:20:26,0.620772,0.315161,0.175334,False,False,CLEAN_CONTINUATION,2026.06.04 18:50:26,CLEAN_CONTINUATION
226,CAMP-113,CORE,FRESH,BUY,2026.06.04 19:33:30,TREND_UP,GENERAL,DATA_UNAVAILABLE,DATA_UNAVAILABLE,,0.59,4480.7,NOT_CAPTURED_IN_FORENSIC_ROW,NOT_CAPTURED_IN_FORENSIC_ROW,4465.44663,15.25337,899.95,2026.06.05 02:02:19,4465.29,BROKER_SL,,,-916.62,-1.018523,0.216345,FULL_90_DAYS+FIRST_60_DAYS,-0.583865,0.434658,0.068837,True,True,CLEAN_CONTINUATION,2026.06.05 02:07:19,-0.442912,0.57561,0.068837,True,True,CLEAN_CONTINUATION,2026.06.05 02:12:19,-0.442912,0.57561,0.068837,True,True,CLEAN_CONTINUATION,2026.06.05 02:17:19,-0.442912,0.57561,0.068837,True,True,CLEAN_CONTINUATION,2026.06.05 02:22:19,-0.442912,0.57561,0.08326,True,True,CLEAN_CONTINUATION,2026.06.05 02:32:19,-0.442912,0.57561,0.379588,True,True,CLEAN_CONTINUATION,2026.06.05 03:02:19,CLEAN_CONTINUATION
228,CAMP-114,CORE,FRESH,SELL,2026.06.05 15:32:41,TREND_DN,GENERAL,A+,EXIT_TRADE_LABEL,M30_CONSENSUS_CORE_1780673400 [A+],0.29,4452.74,NOT_CAPTURED_IN_FORENSIC_ROW,NOT_CAPTURED_IN_FORENSIC_ROW,4480.71286,27.97286,811.21,2026.06.05 15:37:03,4444.14,SL_MOD:OWNER_R_EXIT_FLOOR,4444.35,17.0,249.4,0.30744,0.459016,FULL_90_DAYS+FIRST_60_DAYS,0.440784,0.133344,0.150146,False,False,CLEAN_CONTINUATION,2026.06.05 15:42:03,0.440784,0.133344,0.18232,False,False,CLEAN_CONTINUATION,2026.06.05 15:47:03,0.906235,0.598795,0.18232,False,False,CLEAN_CONTINUATION,2026.06.05 15:52:03,1.432102,1.124662,0.18232,False,False,CLEAN_CONTINUATION,2026.06.05 15:57:03,1.885041,1.577601,0.18232,False,False,CLEAN_CONTINUATION,2026.06.05 16:07:03,2.02482,1.717379,0.18232,False,False,CLEAN_CONTINUATION,2026.06.05 16:37:03,CLEAN_CONTINUATION
230,CAMP-115,CORE,FRESH,SELL,2026.06.08 17:33:00,TREND_DN,GENERAL,DATA_UNAVAILABLE,DATA_UNAVAILABLE,,0.27,4323.1,NOT_CAPTURED_IN_FORENSIC_ROW,NOT_CAPTURED_IN_FORENSIC_ROW,4353.10523,30.00523,810.14,2026.06.09 02:54:14,4317.66,PROFIT_CLOSE,,,145.64,0.179771,0.330079,FULL_90_DAYS+FIRST_60_DAYS,0.28142,0.101649,0.061323,False,False,CLEAN_CONTINUATION,2026.06.09 02:59:14,0.28142,0.101649,0.07432,False,False,CLEAN_CONTINUATION,2026.06.09 03:04:14,0.28142,0.101649,0.142642,False,False,CLEAN_CONTINUATION,2026.06.09 03:09:14,0.28142,0.101649,0.21063,True,False,CLEAN_CONTINUATION,2026.06.09 03:14:14,0.28142,0.101649,0.21063,True,False,CLEAN_CONTINUATION,2026.06.09 03:24:14,0.28142,0.101649,0.21063,True,False,CLEAN_CONTINUATION,2026.06.09 03:54:14,CLEAN_CONTINUATION
232,CAMP-116,CORE,FRESH,SELL,2026.06.09 07:33:00,TREND_DN,GENERAL,DATA_UNAVAILABLE,DATA_UNAVAILABLE,,0.5,4326.33,NOT_CAPTURED_IN_FORENSIC_ROW,NOT_CAPTURED_IN_FORENSIC_ROW,4343.15096,16.82096,841.05,2026.06.09 08:32:30,4343.16,BROKER_SL,,,-841.5,-1.000535,0.115927,FULL_90_DAYS+FIRST_60_DAYS,-0.759169,0.241366,0.063017,True,True,CLEAN_CONTINUATION,2026.06.09 08:37:30,-0.759169,0.241366,0.378694,True,True,CLEAN_CONTINUATION,2026.06.09 08:42:30,-0.759169,0.241366,0.505917,True,True,CLEAN_CONTINUATION,2026.06.09 08:47:30,-0.759169,0.241366,0.505917,True,True,CLEAN_CONTINUATION,2026.06.09 08:52:30,-0.759169,0.241366,0.505917,True,True,CLEAN_CONTINUATION,2026.06.09 09:02:30,-0.38642,0.614115,0.505917,True,True,CLEAN_CONTINUATION,2026.06.09 09:32:30,CLEAN_CONTINUATION
234,CAMP-117,CORE,FRESH,SELL,2026.06.09 10:03:30,TREND_DN,GENERAL,DATA_UNAVAILABLE,DATA_UNAVAILABLE,,0.79,4333.14,NOT_CAPTURED_IN_FORENSIC_ROW,NOT_CAPTURED_IN_FORENSIC_ROW,4342.83446,9.69446,765.87,2026.06.09 10:05:21,4331.47,PROFIT_CLOSE,,,131.93,0.172263,0.319769,FULL_90_DAYS+FIRST_60_DAYS,0.290887,0.118624,0.253753,True,False,CLEAN_CONTINUATION,2026.06.09 10:10:21,1.023264,0.851002,0.253753,True,False,CLEAN_CONTINUATION,2026.06.09 10:15:21,1.023264,0.851002,0.253753,True,False,CLEAN_CONTINUATION,2026.06.09 10:20:21,1.023264,0.851002,0.253753,True,False,CLEAN_CONTINUATION,2026.06.09 10:25:21,1.023264,0.851002,0.253753,True,False,CLEAN_CONTINUATION,2026.06.09 10:35:21,1.202748,1.030486,0.253753,True,False,CLEAN_CONTINUATION,2026.06.09 11:05:21,CLEAN_CONTINUATION
236,CAMP-118,CORE,FRESH,SELL,2026.06.09 10:33:30,TREND_DN,GENERAL,DATA_UNAVAILABLE,DATA_UNAVAILABLE,,0.43,4326.29,NOT_CAPTURED_IN_FORENSIC_ROW,NOT_CAPTURED_IN_FORENSIC_ROW,4344.30449,18.01449,774.62,2026.06.09 15:47:43,4344.39,BROKER_SL,,,-778.3,-1.004746,0.270893,FULL_90_DAYS+FIRST_60_DAYS,-0.803242,0.201505,0.000555,True,True,CLEAN_CONTINUATION,2026.06.09 15:52:43,-0.587859,0.416887,0.000555,True,True,CLEAN_CONTINUATION,2026.06.09 15:57:43,-0.587859,0.416887,0.068833,True,True,CLEAN_CONTINUATION,2026.06.09 16:02:43,-0.587859,0.416887,0.068833,True,True,CLEAN_CONTINUATION,2026.06.09 16:07:43,-0.587859,0.416887,0.068833,True,True,CLEAN_CONTINUATION,2026.06.09 16:17:43,0.058287,1.063033,0.068833,True,True,CLEAN_CONTINUATION,2026.06.09 16:47:43,CLEAN_CONTINUATION
238,CAMP-119,CORE,FRESH,SELL,2026.06.09 16:33:00,TREND_DN,GENERAL,DATA_UNAVAILABLE,DATA_UNAVAILABLE,,0.38,4330.92,NOT_CAPTURED_IN_FORENSIC_ROW,NOT_CAPTURED_IN_FORENSIC_ROW,4349.33974,18.41974,699.95,2026.06.09 16:42:29,4327.84,PROFIT_CLOSE,,,117.04,0.167212,0.308365,FULL_90_DAYS+FIRST_60_DAYS,0.17807,0.010858,0.610758,True,False,IMMEDIATE_REVERSAL,2026.06.09 16:47:29,0.17807,0.010858,1.948453,True,True,IMMEDIATE_REVERSAL,2026.06.09 16:52:29,0.232903,0.06569,1.948453,True,True,IMMEDIATE_REVERSAL,2026.06.09 16:57:29,0.232903,0.06569,1.948453,True,True,IMMEDIATE_REVERSAL,2026.06.09 17:02:29,0.31868,0.151468,1.948453,True,True,IMMEDIATE_REVERSAL,2026.06.09 17:12:29,1.5972,1.429987,1.948453,True,True,IMMEDIATE_REVERSAL,2026.06.09 17:42:29,IMMEDIATE_REVERSAL
240,CAMP-120,CORE,FRESH,SELL,2026.06.11 09:03:30,TREND_DN,GENERAL,A+,EXIT_TRADE_LABEL,M30_CONSENSUS_CORE_1781168400 [A+],0.32,4089.17,NOT_CAPTURED_IN_FORENSIC_ROW,NOT_CAPTURED_IN_FORENSIC_ROW,4111.3562,22.1862,709.96,2026.06.11 09:08:22,4082.37,SL_MOD:OWNER_R_EXIT_FLOOR,4082.51,17.0,217.6,0.306497,0.452083,FULL_90_DAYS+FIRST_60_DAYS,0.569724,0.263227,0.044172,False,False,CLEAN_CONTINUATION,2026.06.11 09:13:22,0.569724,0.263227,0.28351,False,False,CLEAN_CONTINUATION,2026.06.11 09:18:22,0.569724,0.263227,0.332188,True,False,CLEAN_CONTINUATION,2026.06.11 09:23:22,0.569724,0.263227,0.485437,True,False,CLEAN_CONTINUATION,2026.06.11 09:28:22,0.569724,0.263227,0.485437,True,False,CLEAN_CONTINUATION,2026.06.11 09:38:22,0.569724,0.263227,0.707196,True,False,CLEAN_CONTINUATION,2026.06.11 10:08:22,CLEAN_CONTINUATION
242,CAMP-121,CORE,FRESH,SELL,2026.06.11 09:33:00,TREND_DN,GENERAL,DATA_UNAVAILABLE,DATA_UNAVAILABLE,,0.29,4087.19,NOT_CAPTURED_IN_FORENSIC_ROW,NOT_CAPTURED_IN_FORENSIC_ROW,4111.84644,24.65644,715.04,2026.06.11 11:01:16,4111.88,BROKER_SL,,,-716.01,-1.001363,0.161824,FULL_90_DAYS+FIRST_60_DAYS,-0.738957,0.262406,0.01744,True,True,CLEAN_CONTINUATION,2026.06.11 11:06:16,-0.738957,0.262406,0.039746,True,True,CLEAN_CONTINUATION,2026.06.11 11:11:16,-0.738957,0.262406,0.039746,True,True,CLEAN_CONTINUATION,2026.06.11 11:16:16,-0.5893,0.412063,0.039746,True,True,CLEAN_CONTINUATION,2026.06.11 11:21:16,-0.369479,0.631884,0.039746,True,True,CLEAN_CONTINUATION,2026.06.11 11:31:16,0.141543,1.142906,0.039746,True,True,CLEAN_CONTINUATION,2026.06.11 12:01:16,CLEAN_CONTINUATION
244,CAMP-122,CORE,FRESH,SELL,2026.06.11 12:03:00,TREND_DN,GENERAL,A+,EXIT_TRADE_LABEL,M30_CONSENSUS_CORE_1781179200 [A+],0.2,4086.64,NOT_CAPTURED_IN_FORENSIC_ROW,NOT_CAPTURED_IN_FORENSIC_ROW,4119.25776,32.61776,652.36,2026.06.11 15:13:05,4076.92,SL_MOD:OWNER_R_EXIT_FLOOR,4076.85,4.0,194.4,0.297997,0.421242,FULL_90_DAYS+FIRST_60_DAYS,0.335093,0.037096,0.162795,False,False,IMMEDIATE_REVERSAL,2026.06.11 15:18:05,0.718013,0.420017,0.162795,False,False,IMMEDIATE_REVERSAL,2026.06.11 15:23:05,0.767373,0.469376,0.162795,False,False,IMMEDIATE_REVERSAL,2026.06.11 15:28:05,0.864866,0.566869,0.162795,False,False,IMMEDIATE_REVERSAL,2026.06.11 15:33:05,0.885407,0.58741,0.162795,False,False,IMMEDIATE_REVERSAL,2026.06.11 15:43:05,0.885407,0.58741,0.289719,False,False,IMMEDIATE_REVERSAL,2026.06.11 16:13:05,IMMEDIATE_REVERSAL
246,CAMP-123,CORE,FRESH,SELL,2026.06.15 09:33:00,TREND_UP,GENERAL,DATA_UNAVAILABLE,DATA_UNAVAILABLE,,0.19,4304.42,NOT_CAPTURED_IN_FORENSIC_ROW,NOT_CAPTURED_IN_FORENSIC_ROW,4339.87387,35.45387,673.62,2026.06.15 11:33:37,4339.88,BROKER_SL,,,-673.74,-1.000172,0.095899,FULL_90_DAYS+FIRST_60_DAYS,-0.983531,0.016641,0.159926,True,True,IMMEDIATE_REVERSAL,2026.06.15 11:38:37,-0.983531,0.016641,0.159926,True,True,IMMEDIATE_REVERSAL,2026.06.15 11:43:37,-0.983531,0.016641,0.159926,True,True,IMMEDIATE_REVERSAL,2026.06.15 11:48:37,-0.859426,0.140746,0.159926,True,True,IMMEDIATE_REVERSAL,2026.06.15 11:53:37,-0.843349,0.156823,0.159926,True,True,IMMEDIATE_REVERSAL,2026.06.15 12:03:34,-0.843349,0.156823,0.159926,True,True,IMMEDIATE_REVERSAL,2026.06.15 12:33:37,IMMEDIATE_REVERSAL
248,CAMP-124,CORE,FRESH,SELL,2026.06.15 15:03:30,TREND_UP,GENERAL,B,EXIT_TRADE_LABEL,M30_CONSENSUS_CORE_1781535600 [B],0.45,4337.15,NOT_CAPTURED_IN_FORENSIC_ROW,NOT_CAPTURED_IN_FORENSIC_ROW,4350.55923,13.40923,603.41,2026.06.15 15:14:34,4331.66,SL_MOD:OWNER_R_EXIT_FLOOR,4333.13,11.0,247.05,0.40942,0.40942,FULL_90_DAYS+FIRST_60_DAYS,0.929212,0.519791,0.12305,False,False,IMMEDIATE_REVERSAL,2026.06.15 15:19:34,0.929212,0.519791,0.12305,False,False,IMMEDIATE_REVERSAL,2026.06.15 15:24:34,0.929212,0.519791,0.505622,True,False,IMMEDIATE_REVERSAL,2026.06.15 15:29:33,0.929212,0.519791,0.850161,True,False,IMMEDIATE_REVERSAL,2026.06.15 15:34:34,0.929212,0.519791,1.132802,True,False,IMMEDIATE_REVERSAL,2026.06.15 15:44:34,0.929212,0.519791,1.416935,True,True,IMMEDIATE_REVERSAL,2026.06.15 16:14:34,IMMEDIATE_REVERSAL
250,CAMP-125,CORE,FRESH,SELL,2026.06.15 19:33:00,TREND_UP,GENERAL,DATA_UNAVAILABLE,DATA_UNAVAILABLE,,0.23,4339.2,NOT_CAPTURED_IN_FORENSIC_ROW,NOT_CAPTURED_IN_FORENSIC_ROW,4366.50746,27.30746,628.07,2026.06.15 20:15:43,4334.62,PROFIT_CLOSE,,,105.34,0.167719,0.305411,FULL_90_DAYS+FIRST_60_DAYS,0.328848,0.161128,0.013916,False,False,CLEAN_CONTINUATION,2026.06.15 20:20:43,0.368763,0.201044,0.013916,False,False,CLEAN_CONTINUATION,2026.06.15 20:25:43,0.417834,0.250115,0.013916,False,False,CLEAN_CONTINUATION,2026.06.15 20:30:43,0.496201,0.328482,0.013916,False,False,CLEAN_CONTINUATION,2026.06.15 20:35:43,0.655498,0.487779,0.013916,False,False,CLEAN_CONTINUATION,2026.06.15 20:45:43,0.767556,0.599836,0.013916,False,False,CLEAN_CONTINUATION,2026.06.15 21:15:43,CLEAN_CONTINUATION
252,CAMP-126,CORE,FRESH,BUY,2026.06.16 01:33:00,TREND_UP,GENERAL,A+,EXIT_TRADE_LABEL,M30_CONSENSUS_CORE_1781573400 [A+],0.74,4309.34,NOT_CAPTURED_IN_FORENSIC_ROW,NOT_CAPTURED_IN_FORENSIC_ROW,4300.5386,8.8014,651.3,2026.06.16 01:43:55,4313.17,SL_MOD:OWNER_R_EXIT_FLOOR,4312.51,0.0,283.42,0.435158,0.587407,FULL_90_DAYS+FIRST_60_DAYS,0.452201,0.017043,0.217011,False,False,IMMEDIATE_REVERSAL,2026.06.16 01:48:55,0.455609,0.020451,0.301088,False,False,IMMEDIATE_REVERSAL,2026.06.16 01:53:50,0.562411,0.127252,0.301088,False,False,IMMEDIATE_REVERSAL,2026.06.16 01:58:55,0.59536,0.160202,0.301088,False,False,IMMEDIATE_REVERSAL,2026.06.16 02:03:55,0.804417,0.369259,0.301088,False,False,IMMEDIATE_REVERSAL,2026.06.16 02:13:55,1.121413,0.686254,0.301088,False,False,IMMEDIATE_REVERSAL,2026.06.16 02:43:55,IMMEDIATE_REVERSAL
254,CAMP-127,CORE,FRESH,BUY,2026.06.16 02:03:30,TREND_UP,GENERAL,A+,EXIT_TRADE_LABEL,M30_CONSENSUS_CORE_1781575200 [A+],0.64,4313.84,NOT_CAPTURED_IN_FORENSIC_ROW,NOT_CAPTURED_IN_FORENSIC_ROW,4303.3721,10.4679,669.95,2026.06.16 02:35:57,4317.71,SL_MOD:OWNER_R_EXIT_FLOOR,4317.54,12.0,247.68,0.369702,0.512997,FULL_90_DAYS+FIRST_60_DAYS,0.415556,0.045854,0.356327,False,False,IMMEDIATE_REVERSAL,2026.06.16 02:40:57,0.451858,0.082156,0.401227,True,False,IMMEDIATE_REVERSAL,2026.06.16 02:45:57,0.451858,0.082156,0.431796,True,False,IMMEDIATE_REVERSAL,2026.06.16 02:50:57,0.501533,0.131832,0.431796,True,False,IMMEDIATE_REVERSAL,2026.06.16 02:55:57,0.501533,0.131832,0.431796,True,False,IMMEDIATE_REVERSAL,2026.06.16 03:05:57,0.501533,0.131832,1.037457,True,False,IMMEDIATE_REVERSAL,2026.06.16 03:35:57,IMMEDIATE_REVERSAL
256,CAMP-128,CORE,FRESH,BUY,2026.06.16 04:03:30,TREND_UP,GENERAL,DATA_UNAVAILABLE,DATA_UNAVAILABLE,,0.3,4325.1,NOT_CAPTURED_IN_FORENSIC_ROW,NOT_CAPTURED_IN_FORENSIC_ROW,4302.3099,22.7901,683.7,2026.06.16 06:53:27,4329.39,PROFIT_CLOSE,,,128.7,0.18824,0.344448,FULL_90_DAYS+FIRST_60_DAYS,0.354101,0.165861,0.017113,False,False,CLEAN_CONTINUATION,2026.06.16 06:58:27,0.354101,0.165861,0.017113,False,False,CLEAN_CONTINUATION,2026.06.16 07:03:27,0.354101,0.165861,0.050899,False,False,CLEAN_CONTINUATION,2026.06.16 07:08:27,0.354101,0.165861,0.163229,False,False,CLEAN_CONTINUATION,2026.06.16 07:13:27,0.354101,0.165861,0.212373,True,False,CLEAN_CONTINUATION,2026.06.16 07:23:27,0.354101,0.165861,0.358928,True,False,CLEAN_CONTINUATION,2026.06.16 07:53:27,CLEAN_CONTINUATION
258,CAMP-129,CORE,FRESH,BUY,2026.06.16 10:33:00,TREND_UP,GENERAL,DATA_UNAVAILABLE,DATA_UNAVAILABLE,,0.36,4329.52,NOT_CAPTURED_IN_FORENSIC_ROW,NOT_CAPTURED_IN_FORENSIC_ROW,4310.1001,19.4199,699.12,2026.06.16 11:00:31,4332.85,PROFIT_CLOSE,,,119.88,0.171474,0.312051,FULL_90_DAYS+FIRST_60_DAYS,0.312051,0.140577,0.002575,False,False,CLEAN_CONTINUATION,2026.06.16 11:05:31,0.510816,0.339343,0.002575,False,False,CLEAN_CONTINUATION,2026.06.16 11:10:31,0.551496,0.380023,0.002575,False,False,CLEAN_CONTINUATION,2026.06.16 11:15:31,0.639035,0.467562,0.002575,False,False,CLEAN_CONTINUATION,2026.06.16 11:20:31,0.720395,0.548921,0.002575,False,False,CLEAN_CONTINUATION,2026.06.16 11:30:31,0.952116,0.780643,0.002575,False,False,CLEAN_CONTINUATION,2026.06.16 12:00:31,CLEAN_CONTINUATION
260,CAMP-130,CORE,FRESH,BUY,2026.06.16 11:03:00,TREND_UP,GENERAL,A+,EXIT_TRADE_LABEL,M30_CONSENSUS_CORE_1781607600 [A+],0.59,4333.63,NOT_CAPTURED_IN_FORENSIC_ROW,NOT_CAPTURED_IN_FORENSIC_ROW,4321.4098,12.2202,720.99,2026.06.16 11:11:17,4338.43,SL_MOD:OWNER_R_EXIT_FLOOR,4337.94,13.0,283.2,0.392792,0.540089,FULL_90_DAYS+FIRST_60_DAYS,0.529451,0.136659,0.121929,False,False,IMMEDIATE_REVERSAL,2026.06.16 11:16:17,0.679203,0.286411,0.121929,False,False,IMMEDIATE_REVERSAL,2026.06.16 11:21:17,0.708663,0.31587,0.121929,False,False,IMMEDIATE_REVERSAL,2026.06.16 11:26:17,0.808497,0.415705,0.121929,False,False,IMMEDIATE_REVERSAL,2026.06.16 11:31:17,0.808497,0.415705,0.121929,False,False,IMMEDIATE_REVERSAL,2026.06.16 11:41:17,1.198016,0.805224,0.121929,False,False,IMMEDIATE_REVERSAL,2026.06.16 12:11:17,IMMEDIATE_REVERSAL
262,CAMP-131,CORE,FRESH,BUY,2026.06.16 11:33:30,TREND_UP,GENERAL,DATA_UNAVAILABLE,DATA_UNAVAILABLE,,0.35,4341.06,NOT_CAPTURED_IN_FORENSIC_ROW,NOT_CAPTURED_IN_FORENSIC_ROW,4319.90824,21.15176,740.31,2026.06.16 12:04:02,4344.87,PROFIT_CLOSE,,,133.35,0.180127,0.328577,FULL_90_DAYS+FIRST_60_DAYS,0.293592,0.113466,0.03924,False,False,CLEAN_CONTINUATION,2026.06.16 12:09:02,0.34087,0.160743,0.03924,False,False,CLEAN_CONTINUATION,2026.06.16 12:14:02,0.34087,0.160743,0.074226,False,False,CLEAN_CONTINUATION,2026.06.16 12:19:02,0.34087,0.160743,0.230714,True,False,CLEAN_CONTINUATION,2026.06.16 12:24:02,0.34087,0.160743,0.305412,True,False,CLEAN_CONTINUATION,2026.06.16 12:34:02,0.343234,0.163107,0.305412,True,False,CLEAN_CONTINUATION,2026.06.16 13:04:02,CLEAN_CONTINUATION
264,CAMP-132,CORE,FRESH,BUY,2026.06.16 14:03:00,TREND_UP,GENERAL,DATA_UNAVAILABLE,DATA_UNAVAILABLE,,1.1,4347.39,NOT_CAPTURED_IN_FORENSIC_ROW,NOT_CAPTURED_IN_FORENSIC_ROW,4340.39794,6.99206,769.13,2026.06.16 14:09:41,4340.23,BROKER_SL,,,-787.6,-1.024013,0.020023,FULL_90_DAYS+FIRST_60_DAYS,-0.702219,0.321794,0.101544,True,True,IMMEDIATE_REVERSAL,2026.06.16 14:14:41,-0.702219,0.321794,0.215959,True,True,IMMEDIATE_REVERSAL,2026.06.16 14:19:41,-0.702219,0.321794,0.215959,True,True,IMMEDIATE_REVERSAL,2026.06.16 14:24:41,-0.56492,0.459092,0.215959,True,True,IMMEDIATE_REVERSAL,2026.06.16 14:29:41,-0.56492,0.459092,0.730829,True,True,IMMEDIATE_REVERSAL,2026.06.16 14:39:41,-0.336089,0.687923,0.730829,True,True,IMMEDIATE_REVERSAL,2026.06.16 15:09:41,IMMEDIATE_REVERSAL
266,CAMP-133,CORE,FRESH,SELL,2026.06.16 17:03:00,TREND_UP,GENERAL,B,EXIT_TRADE_LABEL,M30_CONSENSUS_CORE_1781629200 [B],0.28,4335.39,NOT_CAPTURED_IN_FORENSIC_ROW,NOT_CAPTURED_IN_FORENSIC_ROW,4360.04936,24.65936,690.46,2026.06.16 17:21:17,4325.55,SL_MOD:OWNER_R_EXIT_FLOOR,4326.19,13.0,275.52,0.399036,0.557597,FULL_90_DAYS+FIRST_60_DAYS,0.495552,0.096515,0.02352,False,False,NO_DECISIVE_0.10R_MOVE,2026.06.16 17:26:17,0.782258,0.383222,0.02352,False,False,CLEAN_CONTINUATION,2026.06.16 17:31:17,0.888911,0.489875,0.02352,False,False,CLEAN_CONTINUATION,2026.06.16 17:36:17,0.888911,0.489875,0.036092,False,False,CLEAN_CONTINUATION,2026.06.16 17:41:17,0.888911,0.489875,0.120441,False,False,CLEAN_CONTINUATION,2026.06.16 17:51:17,0.888911,0.489875,0.131796,False,False,CLEAN_CONTINUATION,2026.06.16 18:21:17,CLEAN_CONTINUATION
268,CAMP-134,CORE,FRESH,BUY,2026.06.16 19:03:00,TREND_UP,GENERAL,DATA_UNAVAILABLE,DATA_UNAVAILABLE,,0.35,4337.71,NOT_CAPTURED_IN_FORENSIC_ROW,NOT_CAPTURED_IN_FORENSIC_ROW,4317.41963,20.29037,710.16,2026.06.16 19:11:14,4341.07,PROFIT_CLOSE,,,117.6,0.165596,0.316406,FULL_90_DAYS+FIRST_60_DAYS,0.458838,0.293243,-0.0,False,False,CLEAN_CONTINUATION,2026.06.16 19:16:14,0.458838,0.293243,-0.0,False,False,CLEAN_CONTINUATION,2026.06.16 19:21:14,0.458838,0.293243,-0.0,False,False,CLEAN_CONTINUATION,2026.06.16 19:26:14,0.458838,0.293243,-0.0,False,False,CLEAN_CONTINUATION,2026.06.16 19:31:14,0.458838,0.293243,0.046327,False,False,CLEAN_CONTINUATION,2026.06.16 19:41:14,0.458838,0.293243,0.215866,True,False,CLEAN_CONTINUATION,2026.06.16 20:11:14,CLEAN_CONTINUATION
270,CAMP-135,CORE,FRESH,BUY,2026.06.16 19:33:30,TREND_UP,GENERAL,A+,EXIT_TRADE_LABEL,M30_CONSENSUS_CORE_1781638200 [A+],0.28,4342.42,NOT_CAPTURED_IN_FORENSIC_ROW,NOT_CAPTURED_IN_FORENSIC_ROW,4316.51247,25.90753,725.41,2026.06.17 17:24:48,4356.39,SL_MOD:OWNER_R_EXIT_FLOOR,4355.78,13.0,387.63,0.53436,0.756689,FULL_90_DAYS+FIRST_60_DAYS,0.706511,0.172151,0.045933,False,False,CLEAN_CONTINUATION,2026.06.17 17:29:48,0.834659,0.300299,0.045933,False,False,CLEAN_CONTINUATION,2026.06.17 17:34:48,0.834659,0.300299,0.224259,False,False,CLEAN_CONTINUATION,2026.06.17 17:39:48,0.834659,0.300299,0.345459,False,False,CLEAN_CONTINUATION,2026.06.17 17:44:48,0.834659,0.300299,0.9862,True,False,CLEAN_CONTINUATION,2026.06.17 17:54:48,0.834659,0.300299,0.9862,True,False,CLEAN_CONTINUATION,2026.06.17 18:24:48,CLEAN_CONTINUATION
272,CAMP-136,CORE,FRESH,BUY,2026.06.18 02:33:00,TREND_DN,GENERAL,B,EXIT_TRADE_LABEL,M30_CONSENSUS_CORE_1781749800 [B],0.29,4280.39,NOT_CAPTURED_IN_FORENSIC_ROW,NOT_CAPTURED_IN_FORENSIC_ROW,4253.94783,26.44217,766.82,2026.06.18 03:03:33,4291.04,SL_MOD:OWNER_R_EXIT_FLOOR,4288.32,17.0,308.85,0.402765,0.402765,FULL_90_DAYS+LATEST_30_DAYS,0.686403,0.283638,0.06656,False,False,CLEAN_CONTINUATION,2026.06.18 03:08:33,0.686403,0.283638,0.06656,False,False,CLEAN_CONTINUATION,2026.06.18 03:13:33,0.746156,0.343391,0.06656,False,False,CLEAN_CONTINUATION,2026.06.18 03:18:33,0.792295,0.389529,0.06656,False,False,CLEAN_CONTINUATION,2026.06.18 03:23:33,1.088034,0.685269,0.06656,False,False,CLEAN_CONTINUATION,2026.06.18 03:33:33,1.715063,1.312298,0.06656,False,False,CLEAN_CONTINUATION,2026.06.18 04:03:33,CLEAN_CONTINUATION
274,CAMP-137,CORE,FRESH,BUY,2026.06.18 04:33:30,TREND_DN,GENERAL,DATA_UNAVAILABLE,DATA_UNAVAILABLE,,0.47,4319.43,NOT_CAPTURED_IN_FORENSIC_ROW,NOT_CAPTURED_IN_FORENSIC_ROW,4302.67076,16.75924,787.68,2026.06.18 04:44:26,4322.53,PROFIT_CLOSE,,,145.7,0.184973,0.340112,FULL_90_DAYS+LATEST_30_DAYS,0.39799,0.213017,0.176022,False,False,IMMEDIATE_REVERSAL,2026.06.18 04:49:26,0.39799,0.213017,0.31147,True,False,IMMEDIATE_REVERSAL,2026.06.18 04:54:26,0.39799,0.213017,0.31147,True,False,IMMEDIATE_REVERSAL,2026.06.18 04:59:26,0.39799,0.213017,0.369348,True,False,IMMEDIATE_REVERSAL,2026.06.18 05:04:26,0.625327,0.440354,0.369348,True,False,IMMEDIATE_REVERSAL,2026.06.18 05:14:26,0.625327,0.440354,0.378895,True,False,IMMEDIATE_REVERSAL,2026.06.18 05:44:26,IMMEDIATE_REVERSAL
276,CAMP-138,CORE,FRESH,SELL,2026.06.18 09:03:00,TREND_DN,GENERAL,A+,EXIT_TRADE_LABEL,M30_CONSENSUS_CORE_1781773200 [A+],0.37,4307.41,NOT_CAPTURED_IN_FORENSIC_ROW,NOT_CAPTURED_IN_FORENSIC_ROW,4329.36961,21.95961,812.51,2026.06.18 09:09:10,4300.54,SL_MOD:OWNER_R_EXIT_FLOOR,4300.82,13.0,254.19,0.312847,0.491812,FULL_90_DAYS+LATEST_30_DAYS,0.50092,0.188073,0.044172,False,False,CLEAN_CONTINUATION,2026.06.18 09:14:10,0.50092,0.188073,0.085156,False,False,CLEAN_CONTINUATION,2026.06.18 09:19:10,0.50092,0.188073,0.226325,False,False,CLEAN_CONTINUATION,2026.06.18 09:24:10,0.50092,0.188073,0.226325,False,False,CLEAN_CONTINUATION,2026.06.18 09:29:10,0.50092,0.188073,0.231334,False,False,CLEAN_CONTINUATION,2026.06.18 09:39:10,0.50092,0.188073,0.330607,True,False,CLEAN_CONTINUATION,2026.06.18 10:09:10,CLEAN_CONTINUATION
278,CAMP-139,CORE,FRESH,SELL,2026.06.18 09:33:00,TREND_DN,GENERAL,DATA_UNAVAILABLE,DATA_UNAVAILABLE,,0.31,4303.71,NOT_CAPTURED_IN_FORENSIC_ROW,NOT_CAPTURED_IN_FORENSIC_ROW,4330.25194,26.54194,822.8,2026.06.18 10:44:16,4298.06,PROFIT_CLOSE,,,175.15,0.212871,0.387312,FULL_90_DAYS+LATEST_30_DAYS,0.319871,0.107,0.032402,False,False,CLEAN_CONTINUATION,2026.06.18 10:49:16,0.438552,0.225681,0.032402,False,False,CLEAN_CONTINUATION,2026.06.18 10:54:16,0.604704,0.391833,0.032402,False,False,CLEAN_CONTINUATION,2026.06.18 10:59:16,0.677795,0.464925,0.032402,False,False,CLEAN_CONTINUATION,2026.06.18 11:04:16,0.712458,0.499587,0.032402,False,False,CLEAN_CONTINUATION,2026.06.18 11:14:16,0.850353,0.637482,0.032402,False,False,CLEAN_CONTINUATION,2026.06.18 11:44:16,CLEAN_CONTINUATION
280,CAMP-140,CORE,FRESH,SELL,2026.06.18 11:03:00,TREND_DN,GENERAL,DATA_UNAVAILABLE,DATA_UNAVAILABLE,,0.38,4291.97,NOT_CAPTURED_IN_FORENSIC_ROW,NOT_CAPTURED_IN_FORENSIC_ROW,4314.40533,22.43533,852.54,2026.06.18 11:14:57,4287.77,PROFIT_CLOSE,,,159.6,0.187205,0.342763,FULL_90_DAYS+LATEST_30_DAYS,0.261641,0.074436,0.105191,False,False,IMMEDIATE_REVERSAL,2026.06.18 11:19:57,0.263424,0.076219,0.105191,False,False,IMMEDIATE_REVERSAL,2026.06.18 11:24:57,0.350786,0.163581,0.105191,False,False,IMMEDIATE_REVERSAL,2026.06.18 11:29:57,0.37441,0.187205,0.105191,False,False,IMMEDIATE_REVERSAL,2026.06.18 11:34:57,0.482721,0.295516,0.105191,False,False,IMMEDIATE_REVERSAL,2026.06.18 11:44:57,1.43702,1.249815,0.105191,False,False,IMMEDIATE_REVERSAL,2026.06.18 12:14:57,IMMEDIATE_REVERSAL
282,CAMP-141,CORE,FRESH,SELL,2026.06.18 11:33:00,TREND_DN,GENERAL,DATA_UNAVAILABLE,DATA_UNAVAILABLE,,0.33,4288.92,NOT_CAPTURED_IN_FORENSIC_ROW,NOT_CAPTURED_IN_FORENSIC_ROW,4314.79007,25.87007,853.71,2026.06.18 11:36:25,4284.65,PROFIT_CLOSE,,,140.91,0.165055,0.300733,FULL_90_DAYS+LATEST_30_DAYS,0.255507,0.090452,0.142636,False,False,IMMEDIATE_REVERSAL,2026.06.18 11:41:25,0.44105,0.275995,0.142636,False,False,IMMEDIATE_REVERSAL,2026.06.18 11:46:25,0.486276,0.321221,0.142636,False,False,IMMEDIATE_REVERSAL,2026.06.18 11:51:25,0.61345,0.448395,0.142636,False,False,IMMEDIATE_REVERSAL,2026.06.18 11:56:25,1.057206,0.892151,0.142636,False,False,IMMEDIATE_REVERSAL,2026.06.18 12:06:25,1.128331,0.963275,0.142636,False,False,IMMEDIATE_REVERSAL,2026.06.18 12:36:25,IMMEDIATE_REVERSAL
284,CAMP-142,CORE,FRESH,SELL,2026.06.18 14:33:30,TREND_DN,GENERAL,DATA_UNAVAILABLE,DATA_UNAVAILABLE,,0.28,4247.67,NOT_CAPTURED_IN_FORENSIC_ROW,NOT_CAPTURED_IN_FORENSIC_ROW,4279.13859,31.46859,881.12,2026.06.18 17:16:19,4242.03,PROFIT_CLOSE,,,157.92,0.179226,0.326675,FULL_90_DAYS+LATEST_30_DAYS,0.181451,0.002224,0.270746,True,False,IMMEDIATE_REVERSAL,2026.06.18 17:21:19,0.181451,0.002224,0.448066,True,False,IMMEDIATE_REVERSAL,2026.06.18 17:26:19,0.191302,0.012076,0.448066,True,False,IMMEDIATE_REVERSAL,2026.06.18 17:31:19,0.191302,0.012076,0.448066,True,False,IMMEDIATE_REVERSAL,2026.06.18 17:36:19,0.201153,0.021927,0.448066,True,False,IMMEDIATE_REVERSAL,2026.06.18 17:46:19,0.230071,0.050844,0.448066,True,False,IMMEDIATE_REVERSAL,2026.06.18 18:16:19,IMMEDIATE_REVERSAL
286,CAMP-143,CORE,FRESH,SELL,2026.06.19 14:03:30,TREND_DN,GENERAL,DATA_UNAVAILABLE,DATA_UNAVAILABLE,,0.38,4148.28,NOT_CAPTURED_IN_FORENSIC_ROW,NOT_CAPTURED_IN_FORENSIC_ROW,4171.96941,23.68941,900.2,2026.06.19 15:53:06,4171.99,BROKER_SL,,,-900.98,-1.00087,0.264253,FULL_90_DAYS+LATEST_30_DAYS,-0.89787,0.103,0.257499,True,True,CLEAN_CONTINUATION,2026.06.19 15:58:06,-0.886895,0.113975,0.413687,True,True,CLEAN_CONTINUATION,2026.06.19 16:03:06,-0.691449,0.309421,0.413687,True,True,CLEAN_CONTINUATION,2026.06.19 16:08:06,-0.691449,0.309421,0.468564,True,True,CLEAN_CONTINUATION,2026.06.19 16:13:06,-0.584228,0.416642,0.468564,True,True,CLEAN_CONTINUATION,2026.06.19 16:23:06,-0.281561,0.719309,0.468564,True,True,CLEAN_CONTINUATION,2026.06.19 16:53:06,CLEAN_CONTINUATION
288,CAMP-144,CORE,FRESH,BUY,2026.06.19 18:33:00,TREND_DN,GENERAL,A,EXIT_TRADE_LABEL,M30_CONSENSUS_CORE_1781893800 [A],0.63,4152.05,NOT_CAPTURED_IN_FORENSIC_ROW,NOT_CAPTURED_IN_FORENSIC_ROW,4139.31873,12.73127,802.07,2026.06.19 19:48:24,4157.33,SL_MOD:OWNER_R_EXIT_FLOOR,4155.87,5.0,332.64,0.414726,0.414726,FULL_90_DAYS+LATEST_30_DAYS,0.458712,0.043986,0.32754,False,False,IMMEDIATE_REVERSAL,2026.06.19 19:53:24,0.458712,0.043986,0.483063,True,False,IMMEDIATE_REVERSAL,2026.06.19 19:58:24,0.458712,0.043986,0.483063,True,False,IMMEDIATE_REVERSAL,2026.06.19 19:59:59,0.458712,0.043986,0.483063,True,False,IMMEDIATE_REVERSAL,2026.06.19 19:59:59,0.458712,0.043986,0.483063,True,False,IMMEDIATE_REVERSAL,2026.06.19 19:59:59,0.458712,0.043986,0.483063,True,False,IMMEDIATE_REVERSAL,2026.06.19 19:59:59,IMMEDIATE_REVERSAL
290,CAMP-145,CORE,FRESH,BUY,2026.06.22 03:33:30,TREND_DN,GENERAL,B,EXIT_TRADE_LABEL,M30_CONSENSUS_CORE_1782099000 [B],0.21,4167.38,NOT_CAPTURED_IN_FORENSIC_ROW,NOT_CAPTURED_IN_FORENSIC_ROW,4128.80729,38.57271,810.03,2026.06.22 04:00:04,4205.97,SL_MOD:OWNER_R_EXIT_FLOOR,4194.38,2.0,810.39,1.000449,1.000449,FULL_90_DAYS+LATEST_30_DAYS,1.387769,0.38732,0.087367,False,False,CLEAN_CONTINUATION,2026.06.22 04:05:04,1.387769,0.38732,0.087367,False,False,CLEAN_CONTINUATION,2026.06.22 04:10:04,1.387769,0.38732,0.087367,False,False,CLEAN_CONTINUATION,2026.06.22 04:15:04,1.387769,0.38732,0.087367,False,False,CLEAN_CONTINUATION,2026.06.22 04:20:04,1.387769,0.38732,0.087367,False,False,CLEAN_CONTINUATION,2026.06.22 04:30:04,1.387769,0.38732,0.424393,False,False,CLEAN_CONTINUATION,2026.06.22 05:00:04,CLEAN_CONTINUATION
292,CAMP-146,CORE,FRESH,BUY,2026.06.22 04:33:00,TREND_DN,GENERAL,DATA_UNAVAILABLE,DATA_UNAVAILABLE,,0.12,4198.28,NOT_CAPTURED_IN_FORENSIC_ROW,NOT_CAPTURED_IN_FORENSIC_ROW,4122.08999,76.19001,914.28,2026.06.23 07:59:06,4122.04,BROKER_SL,,,-916.39,-1.002308,0.223914,FULL_90_DAYS+LATEST_30_DAYS,-0.871188,0.13112,0.095682,True,True,CLEAN_CONTINUATION,2026.06.23 08:04:06,-0.799919,0.202389,0.095682,True,True,CLEAN_CONTINUATION,2026.06.23 08:09:06,-0.799919,0.202389,0.095682,True,True,CLEAN_CONTINUATION,2026.06.23 08:14:06,-0.799919,0.202389,0.095682,True,True,CLEAN_CONTINUATION,2026.06.23 08:19:06,-0.799919,0.202389,0.095682,True,True,CLEAN_CONTINUATION,2026.06.23 08:29:06,-0.799919,0.202389,0.095682,True,True,CLEAN_CONTINUATION,2026.06.23 08:59:06,CLEAN_CONTINUATION
294,CAMP-147,CORE,FRESH,SELL,2026.06.23 20:03:00,TREND_DN,GENERAL,DATA_UNAVAILABLE,DATA_UNAVAILABLE,,0.56,4132.59,NOT_CAPTURED_IN_FORENSIC_ROW,NOT_CAPTURED_IN_FORENSIC_ROW,4147.38,14.79,828.24,2026.06.23 20:34:57,4130.13,PROFIT_CLOSE,,,137.76,0.166329,0.314402,FULL_90_DAYS+LATEST_30_DAYS,0.24476,0.078431,0.066261,False,False,NO_DECISIVE_0.10R_MOVE,2026.06.23 20:39:57,0.24476,0.078431,0.160243,False,False,IMMEDIATE_REVERSAL,2026.06.23 20:44:57,0.24476,0.078431,0.214334,True,False,IMMEDIATE_REVERSAL,2026.06.23 20:49:57,0.281947,0.115619,0.214334,True,False,IMMEDIATE_REVERSAL,2026.06.23 20:54:57,0.400947,0.234618,0.214334,True,False,IMMEDIATE_REVERSAL,2026.06.23 21:04:57,0.866126,0.699797,0.214334,True,False,IMMEDIATE_REVERSAL,2026.06.23 21:34:57,IMMEDIATE_REVERSAL
296,CAMP-148,CORE,FRESH,SELL,2026.06.23 21:33:30,TREND_DN,GENERAL,A+,EXIT_TRADE_LABEL,M30_CONSENSUS_CORE_1782250200 [A+],0.59,4121.99,NOT_CAPTURED_IN_FORENSIC_ROW,NOT_CAPTURED_IN_FORENSIC_ROW,4136.39047,14.40047,849.63,2026.06.23 21:48:40,4115.49,SL_MOD:OWNER_R_EXIT_FLOOR,4115.91,0.0,383.5,0.451373,0.622895,FULL_90_DAYS+LATEST_30_DAYS,0.531232,0.079858,0.138884,False,False,IMMEDIATE_REVERSAL,2026.06.23 21:53:40,0.540259,0.088886,0.138884,False,False,IMMEDIATE_REVERSAL,2026.06.23 21:58:40,0.540259,0.088886,0.547204,True,False,IMMEDIATE_REVERSAL,2026.06.23 22:03:40,0.540259,0.088886,0.745809,True,False,IMMEDIATE_REVERSAL,2026.06.23 22:08:40,0.540259,0.088886,0.745809,True,False,IMMEDIATE_REVERSAL,2026.06.23 22:18:40,0.540259,0.088886,0.745809,True,False,IMMEDIATE_REVERSAL,2026.06.23 22:48:40,IMMEDIATE_REVERSAL
298,CAMP-149,CORE,FRESH,SELL,2026.06.23 22:03:30,TREND_DN,GENERAL,DATA_UNAVAILABLE,DATA_UNAVAILABLE,,0.65,4122.61,NOT_CAPTURED_IN_FORENSIC_ROW,NOT_CAPTURED_IN_FORENSIC_ROW,4136.24834,13.63834,886.49,2026.06.23 22:22:34,4119.85,PROFIT_CLOSE,,,179.4,0.202371,0.368081,FULL_90_DAYS+LATEST_30_DAYS,0.295491,0.09312,0.197238,False,False,IMMEDIATE_REVERSAL,2026.06.23 22:27:34,0.295491,0.09312,0.267628,True,False,IMMEDIATE_REVERSAL,2026.06.23 22:32:34,0.295491,0.09312,0.338751,True,False,IMMEDIATE_REVERSAL,2026.06.23 22:37:34,0.295491,0.09312,0.338751,True,False,IMMEDIATE_REVERSAL,2026.06.23 22:42:34,0.544055,0.341684,0.338751,True,False,IMMEDIATE_REVERSAL,2026.06.23 22:52:34,0.790419,0.588048,0.338751,True,False,IMMEDIATE_REVERSAL,2026.06.23 22:59:59,IMMEDIATE_REVERSAL
300,CAMP-150,CORE,FRESH,SELL,2026.06.25 14:33:30,TREND_DN,GENERAL,A+,EXIT_TRADE_LABEL,M30_CONSENSUS_CORE_1782397800 [A+],0.96,3979.17,NOT_CAPTURED_IN_FORENSIC_ROW,NOT_CAPTURED_IN_FORENSIC_ROW,3988.5903,9.4203,904.35,2026.06.25 14:36:27,3976.12,SL_MOD:OWNER_R_EXIT_FLOOR,3976.34,13.0,292.8,0.323769,0.442661,FULL_90_DAYS+LATEST_30_DAYS,0.564738,0.240969,0.917168,True,False,CLEAN_CONTINUATION,2026.06.25 14:41:27,0.564738,0.240969,1.255799,True,False,CLEAN_CONTINUATION,2026.06.25 14:46:27,0.564738,0.240969,1.255799,True,False,CLEAN_CONTINUATION,2026.06.25 14:51:27,0.564738,0.240969,1.255799,True,False,CLEAN_CONTINUATION,2026.06.25 14:56:27,0.564738,0.240969,1.255799,True,False,CLEAN_CONTINUATION,2026.06.25 15:06:27,0.564738,0.240969,3.838519,True,True,CLEAN_CONTINUATION,2026.06.25 15:36:27,CLEAN_CONTINUATION
302,CAMP-151,CORE,FRESH,SELL,2026.06.25 17:03:00,TREND_DN,GENERAL,DATA_UNAVAILABLE,DATA_UNAVAILABLE,,0.27,4007.47,NOT_CAPTURED_IN_FORENSIC_ROW,NOT_CAPTURED_IN_FORENSIC_ROW,4041.91081,34.44081,929.9,2026.06.25 18:56:25,4042.04,BROKER_SL,,,-933.39,-1.003751,0.066491,FULL_90_DAYS+LATEST_30_DAYS,-0.895159,0.108592,0.029035,True,True,CLEAN_CONTINUATION,2026.06.25 19:01:25,-0.799923,0.203828,0.029035,True,True,CLEAN_CONTINUATION,2026.06.25 19:06:25,-0.762178,0.241574,0.029035,True,True,CLEAN_CONTINUATION,2026.06.25 19:11:25,-0.762178,0.241574,0.029035,True,True,CLEAN_CONTINUATION,2026.06.25 19:16:25,-0.762178,0.241574,0.063007,True,True,CLEAN_CONTINUATION,2026.06.25 19:26:25,-0.479954,0.523797,0.063007,True,True,CLEAN_CONTINUATION,2026.06.25 19:56:25,CLEAN_CONTINUATION
304,CAMP-152,CORE,FRESH,BUY,2026.06.26 07:03:00,TREND_DN,GENERAL,A,EXIT_TRADE_LABEL,M30_CONSENSUS_CORE_1782457200 [A],0.58,4003.42,NOT_CAPTURED_IN_FORENSIC_ROW,NOT_CAPTURED_IN_FORENSIC_ROW,3989.01169,14.40831,835.68,2026.06.26 07:14:10,4009.27,SL_MOD:OWNER_R_EXIT_FLOOR,4007.74,17.0,339.3,0.406016,0.406016,FULL_90_DAYS+LATEST_30_DAYS,0.596878,0.190862,0.172817,False,False,IMMEDIATE_REVERSAL,2026.06.26 07:19:10,0.596878,0.190862,0.172817,False,False,IMMEDIATE_REVERSAL,2026.06.26 07:24:10,0.596878,0.190862,0.229034,False,False,IMMEDIATE_REVERSAL,2026.06.26 07:29:10,0.596878,0.190862,0.268595,False,False,IMMEDIATE_REVERSAL,2026.06.26 07:34:10,0.596878,0.190862,0.525391,True,False,IMMEDIATE_REVERSAL,2026.06.26 07:44:10,0.823136,0.41712,0.525391,True,False,IMMEDIATE_REVERSAL,2026.06.26 08:14:10,IMMEDIATE_REVERSAL
306,CAMP-153,CORE,FRESH,BUY,2026.06.26 07:33:00,TREND_DN,GENERAL,A,EXIT_TRADE_LABEL,M30_CONSENSUS_CORE_1782459000 [A],0.5,4006.02,NOT_CAPTURED_IN_FORENSIC_ROW,NOT_CAPTURED_IN_FORENSIC_ROW,3988.53913,17.48087,874.04,2026.06.26 07:56:31,4012.56,SL_MOD:OWNER_R_EXIT_FLOOR,4012.21,17.0,327.0,0.374123,0.529721,FULL_90_DAYS+LATEST_30_DAYS,0.455354,0.081232,0.099537,False,False,NO_DECISIVE_0.10R_MOVE,2026.06.26 08:01:31,0.455354,0.081232,0.348953,False,False,IMMEDIATE_REVERSAL,2026.06.26 08:06:31,0.525717,0.151594,0.348953,False,False,IMMEDIATE_REVERSAL,2026.06.26 08:11:31,0.756827,0.382704,0.348953,False,False,IMMEDIATE_REVERSAL,2026.06.26 08:16:31,0.756827,0.382704,0.348953,False,False,IMMEDIATE_REVERSAL,2026.06.26 08:26:31,0.892975,0.518853,0.391285,True,False,IMMEDIATE_REVERSAL,2026.06.26 08:56:31,IMMEDIATE_REVERSAL
308,CAMP-154,CORE,FRESH,BUY,2026.06.26 08:03:30,TREND_DN,GENERAL,A,EXIT_TRADE_LABEL,M30_CONSENSUS_CORE_1782460800 [A],0.69,4011.51,NOT_CAPTURED_IN_FORENSIC_ROW,NOT_CAPTURED_IN_FORENSIC_ROW,3998.41834,13.09166,903.33,2026.06.26 08:17:02,4017.09,SL_MOD:OWNER_R_EXIT_FLOOR,4016.61,4.0,385.02,0.426224,0.591214,FULL_90_DAYS+LATEST_30_DAYS,0.426224,0.0,0.346022,False,False,IMMEDIATE_REVERSAL,2026.06.26 08:22:02,0.426224,0.0,0.399491,False,False,IMMEDIATE_REVERSAL,2026.06.26 08:27:02,0.77301,0.346786,0.399491,False,False,IMMEDIATE_REVERSAL,2026.06.26 08:32:02,0.77301,0.346786,0.399491,False,False,IMMEDIATE_REVERSAL,2026.06.26 08:37:02,0.77301,0.346786,0.735583,True,False,IMMEDIATE_REVERSAL,2026.06.26 08:47:02,0.77301,0.346786,0.868492,True,False,IMMEDIATE_REVERSAL,2026.06.26 09:17:02,IMMEDIATE_REVERSAL
310,CAMP-155,CORE,FRESH,BUY,2026.06.26 08:33:30,TREND_DN,GENERAL,A+,EXIT_TRADE_LABEL,M30_CONSENSUS_CORE_1782462600 [A+],0.65,4017.58,NOT_CAPTURED_IN_FORENSIC_ROW,NOT_CAPTURED_IN_FORENSIC_ROW,4003.01097,14.56903,946.99,2026.06.26 09:22:24,4023.47,SL_MOD:OWNER_R_EXIT_FLOOR,4021.95,8.0,382.85,0.404283,0.404283,FULL_90_DAYS+LATEST_30_DAYS,0.503809,0.099526,0.256709,False,False,IMMEDIATE_REVERSAL,2026.06.26 09:27:24,0.521655,0.117372,0.256709,False,False,IMMEDIATE_REVERSAL,2026.06.26 09:32:24,0.695311,0.291028,0.256709,False,False,IMMEDIATE_REVERSAL,2026.06.26 09:37:24,0.695311,0.291028,0.256709,False,False,IMMEDIATE_REVERSAL,2026.06.26 09:42:24,0.744045,0.339762,0.256709,False,False,IMMEDIATE_REVERSAL,2026.06.26 09:52:24,1.121558,0.717275,0.256709,False,False,IMMEDIATE_REVERSAL,2026.06.26 10:22:24,IMMEDIATE_REVERSAL
312,CAMP-156,CORE,FRESH,BUY,2026.06.26 09:33:30,TREND_DN,GENERAL,A+,EXIT_TRADE_LABEL,M30_CONSENSUS_CORE_1782466200 [A+],0.37,4026.65,NOT_CAPTURED_IN_FORENSIC_ROW,NOT_CAPTURED_IN_FORENSIC_ROW,4000.08603,26.56397,982.87,2026.06.26 10:37:26,4034.9,SL_MOD:OWNER_R_EXIT_FLOOR,4034.62,13.0,305.25,0.310571,0.49616,FULL_90_DAYS+LATEST_30_DAYS,0.368168,0.057597,0.059103,False,False,NO_DECISIVE_0.10R_MOVE,2026.06.26 10:42:26,0.368168,0.057597,0.211941,False,False,IMMEDIATE_REVERSAL,2026.06.26 10:47:26,0.368168,0.057597,0.264644,False,False,IMMEDIATE_REVERSAL,2026.06.26 10:52:26,0.368168,0.057597,0.264644,False,False,IMMEDIATE_REVERSAL,2026.06.26 10:57:26,0.368168,0.057597,0.341816,True,False,IMMEDIATE_REVERSAL,2026.06.26 11:07:26,0.368168,0.057597,0.341816,True,False,IMMEDIATE_REVERSAL,2026.06.26 11:37:26,IMMEDIATE_REVERSAL
314,CAMP-157,CORE,FRESH,SELL,2026.06.29 01:33:30,TREND_UP,GENERAL,DATA_UNAVAILABLE,DATA_UNAVAILABLE,,0.32,4060.67,NOT_CAPTURED_IN_FORENSIC_ROW,NOT_CAPTURED_IN_FORENSIC_ROW,4091.84951,31.17951,997.74,2026.06.29 03:33:55,4054.01,PROFIT_CLOSE,,,213.12,0.213602,0.392886,FULL_90_DAYS+LATEST_30_DAYS,0.237656,0.024054,0.240543,True,False,IMMEDIATE_REVERSAL,2026.06.29 03:38:55,0.237656,0.024054,0.466653,True,False,IMMEDIATE_REVERSAL,2026.06.29 03:43:55,0.237656,0.024054,0.517648,True,False,IMMEDIATE_REVERSAL,2026.06.29 03:48:55,0.237656,0.024054,0.517648,True,False,IMMEDIATE_REVERSAL,2026.06.29 03:53:55,0.237656,0.024054,0.654276,True,False,IMMEDIATE_REVERSAL,2026.06.29 04:03:55,0.237656,0.024054,0.665501,True,False,IMMEDIATE_REVERSAL,2026.06.29 04:33:55,IMMEDIATE_REVERSAL
316,CAMP-158,CORE,FRESH,SELL,2026.06.30 12:03:00,TREND_DN,GENERAL,DATA_UNAVAILABLE,DATA_UNAVAILABLE,,0.76,4016.73,NOT_CAPTURED_IN_FORENSIC_ROW,NOT_CAPTURED_IN_FORENSIC_ROW,4030.38857,13.65857,1038.05,2026.06.30 12:37:07,4014.47,PROFIT_CLOSE,,,171.76,0.165464,0.300909,FULL_90_DAYS+LATEST_30_DAYS,0.174249,0.008786,0.243803,True,False,IMMEDIATE_REVERSAL,2026.06.30 12:42:07,0.174249,0.008786,0.452463,True,False,IMMEDIATE_REVERSAL,2026.06.30 12:47:07,0.174249,0.008786,0.452463,True,False,IMMEDIATE_REVERSAL,2026.06.30 12:52:07,0.174249,0.008786,0.634034,True,False,IMMEDIATE_REVERSAL,2026.06.30 12:57:07,0.174249,0.008786,0.896873,True,False,IMMEDIATE_REVERSAL,2026.06.30 13:07:07,0.174249,0.008786,1.053551,True,False,IMMEDIATE_REVERSAL,2026.06.30 13:37:07,IMMEDIATE_REVERSAL
318,CAMP-159,CORE,FRESH,SELL,2026.06.30 15:33:00,TREND_DN,GENERAL,A+,EXIT_TRADE_LABEL,M30_CONSENSUS_CORE_1782833400 [A+],0.44,4018.53,NOT_CAPTURED_IN_FORENSIC_ROW,NOT_CAPTURED_IN_FORENSIC_ROW,4042.02604,23.49604,1033.82,2026.06.30 15:59:19,4011.34,SL_MOD:OWNER_R_EXIT_FLOOR,4011.48,5.0,316.36,0.30601,0.412411,FULL_90_DAYS+LATEST_30_DAYS,0.379639,0.073629,0.300051,False,False,IMMEDIATE_REVERSAL,2026.06.30 16:04:19,0.379639,0.073629,0.458375,True,False,IMMEDIATE_REVERSAL,2026.06.30 16:09:19,0.379639,0.073629,0.628191,True,False,IMMEDIATE_REVERSAL,2026.06.30 16:14:19,0.379639,0.073629,0.749488,True,False,IMMEDIATE_REVERSAL,2026.06.30 16:19:19,0.379639,0.073629,0.940584,True,False,IMMEDIATE_REVERSAL,2026.06.30 16:29:19,0.379639,0.073629,0.940584,True,False,IMMEDIATE_REVERSAL,2026.06.30 16:59:19,IMMEDIATE_REVERSAL
320,CAMP-160,CORE,FRESH,SELL,2026.06.30 16:03:30,TREND_DN,GENERAL,DATA_UNAVAILABLE,DATA_UNAVAILABLE,,0.39,4015.38,NOT_CAPTURED_IN_FORENSIC_ROW,NOT_CAPTURED_IN_FORENSIC_ROW,4042.76546,27.38546,1068.03,2026.06.30 17:09:45,4042.94,BROKER_SL,,,-1074.84,-1.006372,0.076683,FULL_90_DAYS+LATEST_30_DAYS,-0.792755,0.213617,0.210696,True,True,IMMEDIATE_REVERSAL,2026.06.30 17:14:45,-0.792755,0.213617,0.237717,True,True,IMMEDIATE_REVERSAL,2026.06.30 17:19:45,-0.792755,0.213617,0.75551,True,True,IMMEDIATE_REVERSAL,2026.06.30 17:24:45,-0.792755,0.213617,0.759162,True,True,IMMEDIATE_REVERSAL,2026.06.30 17:29:45,-0.792755,0.213617,0.759162,True,True,IMMEDIATE_REVERSAL,2026.06.30 17:39:45,-0.623322,0.38305,0.759162,True,True,IMMEDIATE_REVERSAL,2026.06.30 18:09:45,IMMEDIATE_REVERSAL
322,CAMP-161,CORE,FRESH,SELL,2026.06.30 18:02:53,TREND_UP,GENERAL,DATA_UNAVAILABLE,DATA_UNAVAILABLE,,0.27,4035.92,NOT_CAPTURED_IN_FORENSIC_ROW,NOT_CAPTURED_IN_FORENSIC_ROW,4071.1835,35.2635,952.11,2026.06.30 18:24:29,4028.6,PROFIT_CLOSE,,,197.64,0.20758,0.383683,FULL_90_DAYS+LATEST_30_DAYS,0.254938,0.047358,0.063805,False,False,NO_DECISIVE_0.10R_MOVE,2026.06.30 18:29:29,0.254938,0.047358,0.081671,False,False,NO_DECISIVE_0.10R_MOVE,2026.06.30 18:34:29,0.254938,0.047358,0.086208,False,False,NO_DECISIVE_0.10R_MOVE,2026.06.30 18:39:29,0.254938,0.047358,0.086208,False,False,NO_DECISIVE_0.10R_MOVE,2026.06.30 18:44:29,0.254938,0.047358,0.182342,False,False,IMMEDIATE_REVERSAL,2026.06.30 18:54:29,0.279893,0.072313,0.182342,False,False,IMMEDIATE_REVERSAL,2026.06.30 19:24:29,IMMEDIATE_REVERSAL
324,CAMP-162,CORE,FRESH,SELL,2026.06.30 18:33:30,TREND_UP,GENERAL,DATA_UNAVAILABLE,DATA_UNAVAILABLE,,0.23,4029.64,NOT_CAPTURED_IN_FORENSIC_ROW,NOT_CAPTURED_IN_FORENSIC_ROW,4072.4197,42.7797,983.93,2026.07.01 01:00:00,4025.26,PROFIT_CLOSE,,,99.68,0.101308,0.345958,FULL_90_DAYS+LATEST_30_DAYS,0.414307,0.312999,0.0,False,False,CLEAN_CONTINUATION,2026.07.01 01:05:00,0.414307,0.312999,0.0,False,False,CLEAN_CONTINUATION,2026.07.01 01:10:00,0.414307,0.312999,0.0,False,False,CLEAN_CONTINUATION,2026.07.01 01:15:00,0.414307,0.312999,0.0,False,False,CLEAN_CONTINUATION,2026.07.01 01:20:00,0.414307,0.312999,0.0,False,False,CLEAN_CONTINUATION,2026.07.01 01:30:00,0.427631,0.326323,0.0,False,False,CLEAN_CONTINUATION,2026.07.01 02:00:00,CLEAN_CONTINUATION
326,CAMP-163,CORE,FRESH,SELL,2026.07.01 03:03:30,TREND_DN,GENERAL,A+,EXIT_TRADE_LABEL,M30_CONSENSUS_CORE_1782874800 [A+],1.2,4006.41,NOT_CAPTURED_IN_FORENSIC_ROW,NOT_CAPTURED_IN_FORENSIC_ROW,4014.80134,8.39134,1006.96,2026.07.01 03:20:12,4003.06,SL_MOD:OWNER_R_EXIT_FLOOR,4003.39,24.0,402.0,0.399223,0.548187,FULL_90_DAYS+LATEST_30_DAYS,0.46,0.060777,0.445697,True,False,IMMEDIATE_REVERSAL,2026.07.01 03:25:12,0.585129,0.185906,0.445697,True,False,IMMEDIATE_REVERSAL,2026.07.01 03:30:12,0.660206,0.260983,0.445697,True,False,IMMEDIATE_REVERSAL,2026.07.01 03:35:12,0.674507,0.275284,0.445697,True,False,IMMEDIATE_REVERSAL,2026.07.01 03:40:12,1.323986,0.924763,0.445697,True,False,IMMEDIATE_REVERSAL,2026.07.01 03:50:12,3.635892,3.236669,0.445697,True,False,IMMEDIATE_REVERSAL,2026.07.01 04:20:12,IMMEDIATE_REVERSAL
328,CAMP-164,CORE,FRESH,SELL,2026.07.01 03:33:42,TREND_DN,GENERAL,A+,EXIT_TRADE_LABEL,M30_CONSENSUS_CORE_1782876600 [A+],1.17,4003.07,NOT_CAPTURED_IN_FORENSIC_ROW,NOT_CAPTURED_IN_FORENSIC_ROW,4012.03507,8.96507,1048.92,2026.07.01 03:42:50,3998.12,SL_MOD:OWNER_R_EXIT_FLOOR,3998.76,8.0,579.15,0.552141,0.750689,FULL_90_DAYS+LATEST_30_DAYS,0.799769,0.247628,0.015616,False,False,CLEAN_CONTINUATION,2026.07.01 03:47:50,0.866695,0.314554,0.070273,False,False,CLEAN_CONTINUATION,2026.07.01 03:52:50,1.090899,0.538758,0.161739,False,False,CLEAN_CONTINUATION,2026.07.01 03:57:50,1.39876,0.846619,0.196317,False,False,CLEAN_CONTINUATION,2026.07.01 04:02:50,2.683747,2.131606,0.196317,False,False,CLEAN_CONTINUATION,2026.07.01 04:12:50,3.079728,2.527587,0.196317,False,False,CLEAN_CONTINUATION,2026.07.01 04:42:50,CLEAN_CONTINUATION
330,CAMP-165,CORE,FRESH,SELL,2026.07.01 05:03:00,TREND_DN,GENERAL,A+,EXIT_TRADE_LABEL,M30_CONSENSUS_CORE_1782882000 [A+],0.72,3976.87,NOT_CAPTURED_IN_FORENSIC_ROW,NOT_CAPTURED_IN_FORENSIC_ROW,3992.25391,15.38391,1107.64,2026.07.01 05:06:32,3972.07,SL_MOD:OWNER_R_EXIT_FLOOR,3972.25,16.0,345.6,0.312015,0.42187,FULL_90_DAYS+LATEST_30_DAYS,0.408219,0.096204,0.112455,False,False,IMMEDIATE_REVERSAL,2026.07.01 05:11:32,0.408219,0.096204,0.42837,True,False,IMMEDIATE_REVERSAL,2026.07.01 05:16:32,0.408219,0.096204,0.609078,True,False,IMMEDIATE_REVERSAL,2026.07.01 05:21:32,0.408219,0.096204,0.687081,True,False,IMMEDIATE_REVERSAL,2026.07.01 05:26:32,0.408219,0.096204,0.892491,True,False,IMMEDIATE_REVERSAL,2026.07.01 05:36:32,0.408219,0.096204,0.921742,True,False,IMMEDIATE_REVERSAL,2026.07.01 06:06:32,IMMEDIATE_REVERSAL
332,CAMP-166,CORE,FRESH,SELL,2026.07.01 20:03:00,TREND_UP,GENERAL,DATA_UNAVAILABLE,DATA_UNAVAILABLE,,0.71,4073.08,NOT_CAPTURED_IN_FORENSIC_ROW,NOT_CAPTURED_IN_FORENSIC_ROW,4089.07249,15.99249,1135.47,2026.07.01 20:12:59,4070.24,PROFIT_CLOSE,,,201.64,0.177583,0.325778,FULL_90_DAYS+LATEST_30_DAYS,0.314523,0.136939,0.126935,False,False,CLEAN_CONTINUATION,2026.07.01 20:17:59,0.317649,0.140066,0.126935,False,False,CLEAN_CONTINUATION,2026.07.01 20:22:59,0.317649,0.140066,0.126935,False,False,CLEAN_CONTINUATION,2026.07.01 20:27:59,0.32015,0.142567,0.128185,False,False,CLEAN_CONTINUATION,2026.07.01 20:32:59,0.32015,0.142567,0.200094,True,False,CLEAN_CONTINUATION,2026.07.01 20:42:59,0.355167,0.177583,0.200094,True,False,CLEAN_CONTINUATION,2026.07.01 21:12:59,CLEAN_CONTINUATION
334,CAMP-167,CORE,FRESH,SELL,2026.07.01 20:33:31,TREND_UP,GENERAL,A+,EXIT_TRADE_LABEL,M30_CONSENSUS_CORE_1782937800 [A+],0.6,4070.09,NOT_CAPTURED_IN_FORENSIC_ROW,NOT_CAPTURED_IN_FORENSIC_ROW,4089.33954,19.24954,1154.97,2026.07.01 21:31:46,4064.04,SL_MOD:OWNER_R_EXIT_FLOOR,4064.32,13.0,363.0,0.314294,0.455596,FULL_90_DAYS+LATEST_30_DAYS,0.352736,0.038442,0.113249,False,False,IMMEDIATE_REVERSAL,2026.07.01 21:36:46,0.408322,0.094028,0.113249,False,False,IMMEDIATE_REVERSAL,2026.07.01 21:41:46,0.442089,0.127795,0.113249,False,False,IMMEDIATE_REVERSAL,2026.07.01 21:46:46,0.567287,0.252993,0.113249,False,False,IMMEDIATE_REVERSAL,2026.07.01 21:51:46,0.629107,0.314813,0.138185,False,False,IMMEDIATE_REVERSAL,2026.07.01 22:01:46,0.691446,0.377152,0.23585,False,False,IMMEDIATE_REVERSAL,2026.07.01 22:31:46,IMMEDIATE_REVERSAL
336,CAMP-168,CORE,FRESH,BUY,2026.07.02 04:33:00,TREND_UP,GENERAL,DATA_UNAVAILABLE,DATA_UNAVAILABLE,,0.73,4050.52,NOT_CAPTURED_IN_FORENSIC_ROW,NOT_CAPTURED_IN_FORENSIC_ROW,4034.18551,16.33449,1192.42,2026.07.02 04:40:56,4053.22,PROFIT_CLOSE,,,197.1,0.165294,0.304876,FULL_90_DAYS+LATEST_30_DAYS,0.205087,0.039793,0.487925,True,False,IMMEDIATE_REVERSAL,2026.07.02 04:45:56,0.205087,0.039793,0.487925,True,False,IMMEDIATE_REVERSAL,2026.07.02 04:50:56,0.295081,0.129787,0.487925,True,False,IMMEDIATE_REVERSAL,2026.07.02 04:55:56,0.361199,0.195905,0.487925,True,False,IMMEDIATE_REVERSAL,2026.07.02 05:00:56,0.361199,0.195905,0.738315,True,False,IMMEDIATE_REVERSAL,2026.07.02 05:10:56,0.361199,0.195905,0.738315,True,False,IMMEDIATE_REVERSAL,2026.07.02 05:40:56,IMMEDIATE_REVERSAL
338,CAMP-169,CORE,FRESH,BUY,2026.07.02 05:33:30,TREND_UP,GENERAL,DATA_UNAVAILABLE,DATA_UNAVAILABLE,,0.81,4052.22,NOT_CAPTURED_IN_FORENSIC_ROW,NOT_CAPTURED_IN_FORENSIC_ROW,4037.28429,14.93571,1209.79,2026.07.02 05:47:06,4055.2,PROFIT_CLOSE,,,241.38,0.199522,0.363558,FULL_90_DAYS+LATEST_30_DAYS,0.451937,0.252415,0.059589,False,False,CLEAN_CONTINUATION,2026.07.02 05:52:06,0.451937,0.252415,0.059589,False,False,CLEAN_CONTINUATION,2026.07.02 05:57:06,0.584505,0.384983,0.059589,False,False,CLEAN_CONTINUATION,2026.07.02 06:02:06,0.584505,0.384983,0.059589,False,False,CLEAN_CONTINUATION,2026.07.02 06:07:06,0.584505,0.384983,0.059589,False,False,CLEAN_CONTINUATION,2026.07.02 06:17:06,1.048494,0.848972,0.059589,False,False,CLEAN_CONTINUATION,2026.07.02 06:47:06,CLEAN_CONTINUATION
340,CAMP-170,CORE,FRESH,BUY,2026.07.02 06:33:00,TREND_UP,GENERAL,A+,EXIT_TRADE_LABEL,M30_CONSENSUS_CORE_1782973800 [A+],0.93,4065.29,NOT_CAPTURED_IN_FORENSIC_ROW,NOT_CAPTURED_IN_FORENSIC_ROW,4051.97253,13.31747,1238.53,2026.07.02 06:57:23,4071.76,SL_MOD:OWNER_R_EXIT_FLOOR,4071.04,1.0,601.71,0.485827,0.663788,FULL_90_DAYS+LATEST_30_DAYS,0.554909,0.069082,0.186222,False,False,IMMEDIATE_REVERSAL,2026.07.02 07:02:23,0.582692,0.096865,0.186222,False,False,IMMEDIATE_REVERSAL,2026.07.02 07:07:23,0.582692,0.096865,0.250047,False,False,IMMEDIATE_REVERSAL,2026.07.02 07:12:23,0.582692,0.096865,0.265816,False,False,IMMEDIATE_REVERSAL,2026.07.02 07:17:23,0.582692,0.096865,0.53764,True,False,IMMEDIATE_REVERSAL,2026.07.02 07:27:23,0.582692,0.096865,0.771167,True,False,IMMEDIATE_REVERSAL,2026.07.02 07:57:23,IMMEDIATE_REVERSAL
342,CAMP-171,CORE,FRESH,BUY,2026.07.02 07:03:30,TREND_UP,GENERAL,A+,EXIT_TRADE_LABEL,M30_CONSENSUS_CORE_1782975600 [A+],0.64,4071.19,NOT_CAPTURED_IN_FORENSIC_ROW,NOT_CAPTURED_IN_FORENSIC_ROW,4050.92277,20.26723,1297.1,2026.07.02 09:23:07,4077.57,SL_MOD:OWNER_R_EXIT_FLOOR,4077.27,13.0,408.32,0.314794,0.425811,FULL_90_DAYS+LATEST_30_DAYS,0.418903,0.104109,0.04194,False,False,CLEAN_CONTINUATION,2026.07.02 09:28:07,0.418903,0.104109,0.207231,False,False,CLEAN_CONTINUATION,2026.07.02 09:33:07,0.418903,0.104109,0.207231,False,False,CLEAN_CONTINUATION,2026.07.02 09:38:07,0.418903,0.104109,0.570379,True,False,CLEAN_CONTINUATION,2026.07.02 09:43:07,0.418903,0.104109,0.571859,True,False,CLEAN_CONTINUATION,2026.07.02 09:53:07,0.418903,0.104109,0.646364,True,False,CLEAN_CONTINUATION,2026.07.02 10:23:07,CLEAN_CONTINUATION
344,CAMP-172,CORE,FRESH,SELL,2026.07.03 07:03:00,TREND_UP,GENERAL,DATA_UNAVAILABLE,DATA_UNAVAILABLE,,0.88,4175.06,NOT_CAPTURED_IN_FORENSIC_ROW,NOT_CAPTURED_IN_FORENSIC_ROW,4190.27904,15.21904,1339.27,2026.07.03 08:51:47,4172.31,PROFIT_CLOSE,,,242.0,0.180695,0.369932,FULL_90_DAYS+LATEST_30_DAYS,0.29174,0.111045,0.099218,False,False,CLEAN_CONTINUATION,2026.07.03 08:56:47,0.403442,0.222747,0.099218,False,False,CLEAN_CONTINUATION,2026.07.03 09:01:47,0.68007,0.499374,0.099218,False,False,CLEAN_CONTINUATION,2026.07.03 09:06:47,0.68007,0.499374,0.099218,False,False,CLEAN_CONTINUATION,2026.07.03 09:11:47,0.944869,0.764174,0.099218,False,False,CLEAN_CONTINUATION,2026.07.03 09:21:47,0.944869,0.764174,0.107103,False,False,CLEAN_CONTINUATION,2026.07.03 09:51:47,CLEAN_CONTINUATION
346,CAMP-173,CORE,FRESH,SELL,2026.07.03 09:03:00,TREND_UP,GENERAL,A,EXIT_TRADE_LABEL,M30_CONSENSUS_CORE_1783069200 [A],0.77,4167.94,NOT_CAPTURED_IN_FORENSIC_ROW,NOT_CAPTURED_IN_FORENSIC_ROW,4185.56127,17.62127,1356.84,2026.07.03 09:16:53,4162.36,SL_MOD:OWNER_R_EXIT_FLOOR,4162.65,13.0,429.66,0.316662,0.412001,FULL_90_DAYS+LATEST_30_DAYS,0.334822,0.01816,0.284883,False,False,IMMEDIATE_REVERSAL,2026.07.03 09:21:53,0.334822,0.01816,0.284883,False,False,IMMEDIATE_REVERSAL,2026.07.03 09:26:53,0.334822,0.01816,0.284883,False,False,IMMEDIATE_REVERSAL,2026.07.03 09:31:52,0.334822,0.01816,0.65035,True,False,IMMEDIATE_REVERSAL,2026.07.03 09:36:53,0.334822,0.01816,0.65035,True,False,IMMEDIATE_REVERSAL,2026.07.03 09:46:53,0.334822,0.01816,1.077107,True,False,IMMEDIATE_REVERSAL,2026.07.03 10:16:53,IMMEDIATE_REVERSAL
348,CAMP-174,CORE,FRESH,BUY,2026.07.06 11:03:00,TREND_UP,GENERAL,DATA_UNAVAILABLE,DATA_UNAVAILABLE,,1.0,4161.87,NOT_CAPTURED_IN_FORENSIC_ROW,NOT_CAPTURED_IN_FORENSIC_ROW,4147.88044,13.98956,1398.96,2026.07.06 11:46:18,4147.81,BROKER_SL,,,-1406.0,-1.005032,0.075771,FULL_90_DAYS+LATEST_30_DAYS,-0.865643,0.13939,0.049323,True,True,CLEAN_CONTINUATION,2026.07.06 11:51:18,-0.63976,0.365272,0.049323,True,True,CLEAN_CONTINUATION,2026.07.06 11:56:18,-0.63976,0.365272,0.049323,True,True,CLEAN_CONTINUATION,2026.07.06 12:01:18,-0.63976,0.365272,0.049323,True,True,CLEAN_CONTINUATION,2026.07.06 12:06:18,-0.63976,0.365272,0.049323,True,True,CLEAN_CONTINUATION,2026.07.06 12:16:17,-0.63976,0.365272,0.817038,True,True,CLEAN_CONTINUATION,2026.07.06 12:46:18,CLEAN_CONTINUATION
350,CAMP-175,CORE,FRESH,BUY,2026.07.06 14:03:00,TREND_UP,GENERAL,DATA_UNAVAILABLE,DATA_UNAVAILABLE,,0.61,4152.91,NOT_CAPTURED_IN_FORENSIC_ROW,NOT_CAPTURED_IN_FORENSIC_ROW,4132.24291,20.66709,1260.69,2026.07.06 14:28:18,4156.58,PROFIT_CLOSE,,,223.87,0.177577,0.323703,FULL_90_DAYS+LATEST_30_DAYS,0.28451,0.106933,0.083224,False,False,CLEAN_CONTINUATION,2026.07.06 14:33:18,0.28451,0.106933,0.093385,False,False,CLEAN_CONTINUATION,2026.07.06 14:38:18,0.28451,0.106933,0.146126,False,False,CLEAN_CONTINUATION,2026.07.06 14:43:18,0.28451,0.106933,0.20806,True,False,CLEAN_CONTINUATION,2026.07.06 14:48:18,0.28451,0.106933,0.224512,True,False,CLEAN_CONTINUATION,2026.07.06 14:58:17,0.28451,0.106933,0.536118,True,False,CLEAN_CONTINUATION,2026.07.06 15:28:18,CLEAN_CONTINUATION
352,CAMP-176,CORE,FRESH,SELL,2026.07.07 03:03:00,TREND_UP,GENERAL,DATA_UNAVAILABLE,DATA_UNAVAILABLE,,1.09,4155.98,NOT_CAPTURED_IN_FORENSIC_ROW,NOT_CAPTURED_IN_FORENSIC_ROW,4167.74339,11.76339,1282.21,2026.07.07 03:18:42,4153.97,PROFIT_CLOSE,,,219.09,0.170869,0.322186,FULL_90_DAYS+LATEST_30_DAYS,0.232926,0.062057,0.582315,True,False,IMMEDIATE_REVERSAL,2026.07.07 03:23:42,0.232926,0.062057,0.582315,True,False,IMMEDIATE_REVERSAL,2026.07.07 03:28:42,0.232926,0.062057,0.758285,True,False,IMMEDIATE_REVERSAL,2026.07.07 03:33:42,0.438649,0.26778,0.758285,True,False,IMMEDIATE_REVERSAL,2026.07.07 03:38:42,0.693678,0.522809,0.758285,True,False,IMMEDIATE_REVERSAL,2026.07.07 03:48:42,1.807303,1.636434,0.758285,True,False,IMMEDIATE_REVERSAL,2026.07.07 04:18:42,IMMEDIATE_REVERSAL
354,CAMP-177,CORE,FRESH,SELL,2026.07.07 03:33:00,TREND_UP,GENERAL,A+,EXIT_TRADE_LABEL,M30_CONSENSUS_CORE_1783395000 [A+],1.99,4160.25,NOT_CAPTURED_IN_FORENSIC_ROW,NOT_CAPTURED_IN_FORENSIC_ROW,4166.84824,6.59824,1313.04,2026.07.07 03:34:39,4157.61,SL_MOD:OWNER_R_EXIT_FLOOR,4158.27,4.0,525.36,0.400109,0.400109,FULL_90_DAYS+LATEST_30_DAYS,1.429171,1.029062,0.006062,False,False,CLEAN_CONTINUATION,2026.07.07 03:39:39,1.773202,1.373093,0.006062,False,False,CLEAN_CONTINUATION,2026.07.07 03:44:39,1.883837,1.483728,0.006062,False,False,CLEAN_CONTINUATION,2026.07.07 03:49:39,1.883837,1.483728,0.006062,False,False,CLEAN_CONTINUATION,2026.07.07 03:54:39,2.931086,2.530977,0.006062,False,False,CLEAN_CONTINUATION,2026.07.07 04:04:39,5.183201,4.783092,0.006062,False,False,CLEAN_CONTINUATION,2026.07.07 04:34:39,CLEAN_CONTINUATION
356,CAMP-178,CORE,FRESH,BUY,2026.07.08 04:03:19,TREND_DN,GENERAL,DATA_UNAVAILABLE,DATA_UNAVAILABLE,,0.55,4115.23,NOT_CAPTURED_IN_FORENSIC_ROW,NOT_CAPTURED_IN_FORENSIC_ROW,4090.53593,24.69407,1358.18,2026.07.08 05:28:24,4120.46,PROFIT_CLOSE,,,287.65,0.211791,0.390782,FULL_90_DAYS+LATEST_30_DAYS,0.266865,0.055074,0.168866,False,False,IMMEDIATE_REVERSAL,2026.07.08 05:33:24,0.266865,0.055074,0.168866,False,False,IMMEDIATE_REVERSAL,2026.07.08 05:38:24,0.266865,0.055074,0.168866,False,False,IMMEDIATE_REVERSAL,2026.07.08 05:43:24,0.266865,0.055074,0.168866,False,False,IMMEDIATE_REVERSAL,2026.07.08 05:48:24,0.266865,0.055074,0.283874,True,False,IMMEDIATE_REVERSAL,2026.07.08 05:58:24,0.638615,0.426823,0.283874,True,False,IMMEDIATE_REVERSAL,2026.07.08 06:28:24,IMMEDIATE_REVERSAL
358,CAMP-179,CORE,FRESH,BUY,2026.07.08 06:33:30,TREND_DN,GENERAL,DATA_UNAVAILABLE,DATA_UNAVAILABLE,,0.77,4127.22,NOT_CAPTURED_IN_FORENSIC_ROW,NOT_CAPTURED_IN_FORENSIC_ROW,4109.18143,18.03857,1388.97,2026.07.08 08:08:53,4130.72,PROFIT_CLOSE,,,269.5,0.194028,0.374752,FULL_90_DAYS+LATEST_30_DAYS,0.213986,0.019957,0.293815,True,False,IMMEDIATE_REVERSAL,2026.07.08 08:13:53,0.213986,0.019957,0.30712,True,False,IMMEDIATE_REVERSAL,2026.07.08 08:18:53,0.213986,0.019957,0.45181,True,False,IMMEDIATE_REVERSAL,2026.07.08 08:23:53,0.213986,0.019957,0.45181,True,False,IMMEDIATE_REVERSAL,2026.07.08 08:28:53,0.213986,0.019957,0.529421,True,False,IMMEDIATE_REVERSAL,2026.07.08 08:38:53,0.250019,0.055991,0.529421,True,False,IMMEDIATE_REVERSAL,2026.07.08 09:08:53,IMMEDIATE_REVERSAL
360,CAMP-180,CORE,FRESH,SELL,2026.07.08 08:33:00,TREND_DN,GENERAL,DATA_UNAVAILABLE,DATA_UNAVAILABLE,,1.44,4126.6,NOT_CAPTURED_IN_FORENSIC_ROW,NOT_CAPTURED_IN_FORENSIC_ROW,4136.45371,9.85371,1418.93,2026.07.08 09:05:50,4124.96,PROFIT_CLOSE,,,236.16,0.166435,0.312573,FULL_90_DAYS+LATEST_30_DAYS,0.42928,0.262845,0.107574,False,False,CLEAN_CONTINUATION,2026.07.08 09:10:50,0.42928,0.262845,0.714451,True,False,CLEAN_CONTINUATION,2026.07.08 09:15:50,0.42928,0.262845,0.831159,True,False,CLEAN_CONTINUATION,2026.07.08 09:20:50,0.42928,0.262845,0.879871,True,False,CLEAN_CONTINUATION,2026.07.08 09:25:50,0.42928,0.262845,0.879871,True,False,CLEAN_CONTINUATION,2026.07.08 09:35:50,0.82304,0.656605,0.879871,True,False,CLEAN_CONTINUATION,2026.07.08 10:05:50,CLEAN_CONTINUATION
362,CAMP-181,CORE,FRESH,SELL,2026.07.08 10:33:00,TREND_DN,GENERAL,A+,EXIT_TRADE_LABEL,M30_CONSENSUS_CORE_1783506600 [A+],1.33,4125.44,NOT_CAPTURED_IN_FORENSIC_ROW,NOT_CAPTURED_IN_FORENSIC_ROW,4136.30561,10.86561,1445.12,2026.07.08 10:37:15,4120.25,SL_MOD:OWNER_R_EXIT_FLOOR,4120.61,0.0,690.27,0.477654,0.645155,FULL_90_DAYS+LATEST_30_DAYS,0.657119,0.179465,0.244809,False,False,CLEAN_CONTINUATION,2026.07.08 10:42:15,0.657119,0.179465,0.651597,True,False,CLEAN_CONTINUATION,2026.07.08 10:47:15,0.657119,0.179465,0.651597,True,False,CLEAN_CONTINUATION,2026.07.08 10:52:15,0.657119,0.179465,0.651597,True,False,CLEAN_CONTINUATION,2026.07.08 10:57:15,0.801612,0.323958,0.651597,True,False,CLEAN_CONTINUATION,2026.07.08 11:07:15,5.068283,4.590629,0.651597,True,False,CLEAN_CONTINUATION,2026.07.08 11:37:15,CLEAN_CONTINUATION
364,CAMP-182,CORE,FRESH,SELL,2026.07.08 11:03:30,TREND_DN,GENERAL,A+,EXIT_TRADE_LABEL,M30_CONSENSUS_CORE_1783508400 [A+],1.32,4118.63,NOT_CAPTURED_IN_FORENSIC_ROW,NOT_CAPTURED_IN_FORENSIC_ROW,4130.09771,11.46771,1513.74,2026.07.08 11:16:41,4113.7,SL_MOD:OWNER_R_EXIT_FLOOR,4113.93,12.0,650.76,0.429903,0.585122,FULL_90_DAYS+LATEST_30_DAYS,3.293595,2.863692,0.15173,False,False,IMMEDIATE_REVERSAL,2026.07.08 11:21:41,3.293595,2.863692,0.15173,False,False,IMMEDIATE_REVERSAL,2026.07.08 11:26:41,3.293595,2.863692,0.15173,False,False,IMMEDIATE_REVERSAL,2026.07.08 11:31:41,3.925805,3.495902,0.15173,False,False,IMMEDIATE_REVERSAL,2026.07.08 11:36:41,5.027158,4.597254,0.15173,False,False,IMMEDIATE_REVERSAL,2026.07.08 11:46:41,5.951492,5.521589,0.15173,False,False,IMMEDIATE_REVERSAL,2026.07.08 12:16:41,IMMEDIATE_REVERSAL
366,CAMP-183,CORE,FRESH,BUY,2026.07.08 15:03:28,TREND_DN,GENERAL,B,EXIT_TRADE_LABEL,M30_CONSENSUS_CORE_1783522800 [B],0.53,4064.86,NOT_CAPTURED_IN_FORENSIC_ROW,NOT_CAPTURED_IN_FORENSIC_ROW,4035.16604,29.69396,1573.78,2026.07.08 15:20:01,4074.05,SL_MOD:OWNER_R_EXIT_FLOOR,4073.77,41.0,487.07,0.30949,0.432074,FULL_90_DAYS+LATEST_30_DAYS,0.402775,0.093285,0.278845,False,False,IMMEDIATE_REVERSAL,2026.07.08 15:25:01,0.402775,0.093285,0.278845,False,False,IMMEDIATE_REVERSAL,2026.07.08 15:30:01,0.402775,0.093285,0.278845,False,False,IMMEDIATE_REVERSAL,2026.07.08 15:35:01,0.402775,0.093285,0.278845,False,False,IMMEDIATE_REVERSAL,2026.07.08 15:40:01,0.614603,0.305113,0.278845,False,False,IMMEDIATE_REVERSAL,2026.07.08 15:50:01,0.724053,0.414562,0.278845,False,False,IMMEDIATE_REVERSAL,2026.07.08 16:20:01,IMMEDIATE_REVERSAL
368,CAMP-184,CORE,FRESH,SELL,2026.07.09 01:33:00,TREND_DN,GENERAL,DATA_UNAVAILABLE,DATA_UNAVAILABLE,,0.89,4077.1,NOT_CAPTURED_IN_FORENSIC_ROW,NOT_CAPTURED_IN_FORENSIC_ROW,4095.36769,18.26769,1625.83,2026.07.09 03:55:39,4073.5,PROFIT_CLOSE,,,320.4,0.197069,0.358556,FULL_90_DAYS+LATEST_30_DAYS,0.273707,0.076638,0.147802,False,False,IMMEDIATE_REVERSAL,2026.07.09 04:00:39,0.639928,0.442859,0.301626,True,False,IMMEDIATE_REVERSAL,2026.07.09 04:05:39,0.639928,0.442859,0.301626,True,False,IMMEDIATE_REVERSAL,2026.07.09 04:10:39,0.639928,0.442859,0.301626,True,False,IMMEDIATE_REVERSAL,2026.07.09 04:15:39,0.639928,0.442859,0.301626,True,False,IMMEDIATE_REVERSAL,2026.07.09 04:25:39,0.784445,0.587376,0.301626,True,False,IMMEDIATE_REVERSAL,2026.07.09 04:55:39,IMMEDIATE_REVERSAL
370,CAMP-185,CORE,FRESH,SELL,2026.07.09 04:33:30,TREND_DN,GENERAL,DATA_UNAVAILABLE,DATA_UNAVAILABLE,,1.58,4071.02,NOT_CAPTURED_IN_FORENSIC_ROW,NOT_CAPTURED_IN_FORENSIC_ROW,4081.508,10.488,1657.1,2026.07.09 05:25:26,4081.68,BROKER_SL,,,-1684.28,-1.0164,0.170671,FULL_90_DAYS+LATEST_30_DAYS,-0.824752,0.191648,0.134439,True,True,CLEAN_CONTINUATION,2026.07.09 05:30:26,-0.04386,0.97254,0.134439,True,True,CLEAN_CONTINUATION,2026.07.09 05:35:26,0.04958,1.06598,0.134439,True,True,CLEAN_CONTINUATION,2026.07.09 05:40:26,0.088673,1.105072,0.134439,True,True,CLEAN_CONTINUATION,2026.07.09 05:45:26,0.478642,1.495042,0.134439,True,True,CLEAN_CONTINUATION,2026.07.09 05:55:26,1.579901,2.596301,0.134439,True,True,CLEAN_CONTINUATION,2026.07.09 06:25:26,CLEAN_CONTINUATION
372,CAMP-186,CORE,FRESH,SELL,2026.07.09 06:03:00,TREND_DN,GENERAL,A+,EXIT_TRADE_LABEL,M30_CONSENSUS_CORE_1783576800 [A+],0.71,4066.36,NOT_CAPTURED_IN_FORENSIC_ROW,NOT_CAPTURED_IN_FORENSIC_ROW,4087.21223,20.85223,1480.51,2026.07.09 06:14:02,4058.61,SL_MOD:OWNER_R_EXIT_FLOOR,4059.0,47.0,550.25,0.371663,0.516013,FULL_90_DAYS+LATEST_30_DAYS,0.571162,0.199499,0.0446,False,False,CLEAN_CONTINUATION,2026.07.09 06:19:02,0.571162,0.199499,0.0446,False,False,CLEAN_CONTINUATION,2026.07.09 06:24:01,0.571162,0.199499,0.134758,False,False,CLEAN_CONTINUATION,2026.07.09 06:29:02,0.571162,0.199499,0.215325,False,False,CLEAN_CONTINUATION,2026.07.09 06:34:02,0.571162,0.199499,0.247456,False,False,CLEAN_CONTINUATION,2026.07.09 06:44:02,0.571162,0.199499,0.300687,False,False,CLEAN_CONTINUATION,2026.07.09 07:14:02,CLEAN_CONTINUATION
374,CAMP-187,CORE,FRESH,SELL,2026.07.09 21:33:00,TREND_UP,GENERAL,DATA_UNAVAILABLE,DATA_UNAVAILABLE,,0.82,4123.1,NOT_CAPTURED_IN_FORENSIC_ROW,NOT_CAPTURED_IN_FORENSIC_ROW,4141.87846,18.77846,1539.84,2026.07.10 03:29:50,4119.98,PROFIT_CLOSE,,,252.07,0.163699,0.309078,FULL_90_DAYS+LATEST_30_DAYS,0.452328,0.288629,0.007455,False,False,CLEAN_CONTINUATION,2026.07.10 03:34:50,0.452328,0.288629,0.021834,False,False,CLEAN_CONTINUATION,2026.07.10 03:39:47,0.452328,0.288629,0.230051,True,False,CLEAN_CONTINUATION,2026.07.10 03:44:50,0.452328,0.288629,0.334958,True,False,CLEAN_CONTINUATION,2026.07.10 03:49:50,0.452328,0.288629,0.457972,True,False,CLEAN_CONTINUATION,2026.07.10 03:59:50,0.452328,0.288629,0.610274,True,False,CLEAN_CONTINUATION,2026.07.10 04:29:50,CLEAN_CONTINUATION
376,CAMP-188,CORE,FRESH,SELL,2026.07.13 13:33:30,TREND_DN,GENERAL,A+,EXIT_TRADE_LABEL,M30_CONSENSUS_CORE_1783949400 [A+],1.3,4067.25,NOT_CAPTURED_IN_FORENSIC_ROW,NOT_CAPTURED_IN_FORENSIC_ROW,4079.28381,12.03381,1564.39,2026.07.13 13:41:56,4054.7,SL_MOD:OWNER_R_EXIT_FLOOR,4059.14,55.0,1631.5,1.042896,1.042896,FULL_90_DAYS+LATEST_30_DAYS,1.701041,0.658145,0.11717,False,False,IMMEDIATE_REVERSAL,2026.07.13 13:46:56,1.701041,0.658145,0.21772,False,False,IMMEDIATE_REVERSAL,2026.07.13 13:51:56,1.701041,0.658145,0.493609,False,False,IMMEDIATE_REVERSAL,2026.07.13 13:56:56,1.701041,0.658145,0.71216,False,False,IMMEDIATE_REVERSAL,2026.07.13 14:01:56,1.701041,0.658145,1.146769,True,False,IMMEDIATE_REVERSAL,2026.07.13 14:11:56,1.701041,0.658145,1.165881,True,False,IMMEDIATE_REVERSAL,2026.07.13 14:41:56,IMMEDIATE_REVERSAL
378,CAMP-189,CORE,FRESH,SELL,2026.07.13 14:03:30,TREND_DN,GENERAL,DATA_UNAVAILABLE,DATA_UNAVAILABLE,,0.92,4061.87,NOT_CAPTURED_IN_FORENSIC_ROW,NOT_CAPTURED_IN_FORENSIC_ROW,4080.54997,18.67997,1718.56,2026.07.13 14:55:45,4058.25,PROFIT_CLOSE,,,333.04,0.19379,0.35439,FULL_90_DAYS+LATEST_30_DAYS,0.298715,0.104925,0.052998,False,False,CLEAN_CONTINUATION,2026.07.13 15:00:45,0.298715,0.104925,0.132227,False,False,CLEAN_CONTINUATION,2026.07.13 15:05:45,0.352249,0.158458,0.132227,False,False,CLEAN_CONTINUATION,2026.07.13 15:10:45,0.428266,0.234476,0.134904,False,False,CLEAN_CONTINUATION,2026.07.13 15:15:45,0.428266,0.234476,0.302998,True,False,CLEAN_CONTINUATION,2026.07.13 15:25:45,0.428266,0.234476,0.467345,True,False,CLEAN_CONTINUATION,2026.07.13 15:55:45,CLEAN_CONTINUATION
380,CAMP-190,CORE,FRESH,SELL,2026.07.14 11:03:00,TREND_DN,GENERAL,DATA_UNAVAILABLE,DATA_UNAVAILABLE,,1.34,4019.62,NOT_CAPTURED_IN_FORENSIC_ROW,NOT_CAPTURED_IN_FORENSIC_ROW,4032.78966,13.16966,1764.74,2026.07.14 11:10:07,4016.99,PROFIT_CLOSE,,,352.42,0.199701,0.365992,FULL_90_DAYS+LATEST_30_DAYS,0.246019,0.046319,0.107064,False,False,IMMEDIATE_REVERSAL,2026.07.14 11:15:07,0.246019,0.046319,0.326508,True,False,IMMEDIATE_REVERSAL,2026.07.14 11:20:07,0.246019,0.046319,0.326508,True,False,IMMEDIATE_REVERSAL,2026.07.14 11:25:07,0.246019,0.046319,0.483688,True,False,IMMEDIATE_REVERSAL,2026.07.14 11:30:07,0.246019,0.046319,0.536081,True,False,IMMEDIATE_REVERSAL,2026.07.14 11:40:07,0.422941,0.22324,0.536081,True,False,IMMEDIATE_REVERSAL,2026.07.14 12:10:07,IMMEDIATE_REVERSAL
382,CAMP-191,CORE,FRESH,SELL,2026.07.14 11:33:30,TREND_DN,GENERAL,A+,EXIT_TRADE_LABEL,M30_CONSENSUS_CORE_1784028600 [A+],1.43,4020.15,NOT_CAPTURED_IN_FORENSIC_ROW,NOT_CAPTURED_IN_FORENSIC_ROW,4032.73971,12.58971,1800.33,2026.07.14 12:00:51,4016.08,SL_MOD:OWNER_R_EXIT_FLOOR,4016.37,20.0,582.01,0.32328,0.484523,FULL_90_DAYS+LATEST_30_DAYS,0.332812,0.009532,0.366172,True,False,IMMEDIATE_REVERSAL,2026.07.14 12:05:51,0.332812,0.009532,0.483728,True,False,IMMEDIATE_REVERSAL,2026.07.14 12:10:51,0.332812,0.009532,0.687069,True,False,IMMEDIATE_REVERSAL,2026.07.14 12:15:51,0.332812,0.009532,0.687069,True,False,IMMEDIATE_REVERSAL,2026.07.14 12:20:51,0.417007,0.093727,0.687069,True,False,IMMEDIATE_REVERSAL,2026.07.14 12:30:51,0.488494,0.165214,0.687069,True,False,IMMEDIATE_REVERSAL,2026.07.14 13:00:51,IMMEDIATE_REVERSAL
384,CAMP-192,CORE,FRESH,SELL,2026.07.14 12:33:30,TREND_DN,GENERAL,DATA_UNAVAILABLE,DATA_UNAVAILABLE,,1.56,4015.23,NOT_CAPTURED_IN_FORENSIC_ROW,NOT_CAPTURED_IN_FORENSIC_ROW,4027.15907,11.92907,1860.94,2026.07.14 14:24:48,4027.23,BROKER_SL,,,-1872.0,-1.005943,0.103109,FULL_90_DAYS+LATEST_30_DAYS,-0.81649,0.189453,0.116522,True,True,IMMEDIATE_REVERSAL,2026.07.14 14:29:48,-0.798048,0.207895,0.171011,True,True,IMMEDIATE_REVERSAL,2026.07.14 14:34:48,-0.798048,0.207895,0.279988,True,True,IMMEDIATE_REVERSAL,2026.07.14 14:39:48,-0.798048,0.207895,0.279988,True,True,IMMEDIATE_REVERSAL,2026.07.14 14:44:48,-0.798048,0.207895,0.300945,True,True,IMMEDIATE_REVERSAL,2026.07.14 14:54:48,-0.685717,0.320226,0.759489,True,True,IMMEDIATE_REVERSAL,2026.07.14 15:24:48,IMMEDIATE_REVERSAL
386,CAMP-193,CORE,FRESH,SELL,2026.07.14 19:03:00,TREND_UP,GENERAL,A+,EXIT_TRADE_LABEL,M30_CONSENSUS_CORE_1784055600 [A+],0.36,4064.08,NOT_CAPTURED_IN_FORENSIC_ROW,NOT_CAPTURED_IN_FORENSIC_ROW,4110.00194,45.92194,1653.19,2026.07.14 21:48:28,4050.0,SL_MOD:OWNER_R_EXIT_FLOOR,4050.3,34.0,506.88,0.306608,0.457298,FULL_90_DAYS+LATEST_30_DAYS,0.368887,0.06228,0.036148,False,False,NO_DECISIVE_0.10R_MOVE,2026.07.14 21:53:28,0.368887,0.06228,0.062497,False,False,NO_DECISIVE_0.10R_MOVE,2026.07.14 21:58:28,0.368887,0.06228,0.111058,False,False,IMMEDIATE_REVERSAL,2026.07.14 22:03:28,0.368887,0.06228,0.111058,False,False,IMMEDIATE_REVERSAL,2026.07.14 22:08:28,0.368887,0.06228,0.163756,False,False,IMMEDIATE_REVERSAL,2026.07.14 22:18:28,0.368887,0.06228,0.163756,False,False,IMMEDIATE_REVERSAL,2026.07.14 22:48:28,IMMEDIATE_REVERSAL
388,CAMP-194,CORE,FRESH,BUY,2026.07.15 03:03:00,TREND_UP,GENERAL,DATA_UNAVAILABLE,DATA_UNAVAILABLE,,1.94,4053.2,NOT_CAPTURED_IN_FORENSIC_ROW,NOT_CAPTURED_IN_FORENSIC_ROW,4044.3389,8.8611,1719.05,2026.07.15 03:04:53,4054.82,PROFIT_CLOSE,,,314.28,0.182822,0.334044,FULL_90_DAYS+LATEST_30_DAYS,0.279875,0.097053,0.266333,True,False,IMMEDIATE_REVERSAL,2026.07.15 03:09:53,0.279875,0.097053,0.434483,True,False,IMMEDIATE_REVERSAL,2026.07.15 03:14:53,0.331787,0.148966,0.434483,True,False,IMMEDIATE_REVERSAL,2026.07.15 03:19:53,0.3837,0.200878,0.434483,True,False,IMMEDIATE_REVERSAL,2026.07.15 03:24:53,0.604891,0.422069,0.434483,True,False,IMMEDIATE_REVERSAL,2026.07.15 03:34:53,1.008904,0.826083,0.434483,True,False,IMMEDIATE_REVERSAL,2026.07.15 04:04:53,IMMEDIATE_REVERSAL
390,CAMP-195,CORE,FRESH,BUY,2026.07.15 03:33:00,TREND_UP,GENERAL,DATA_UNAVAILABLE,DATA_UNAVAILABLE,,2.3,4056.73,NOT_CAPTURED_IN_FORENSIC_ROW,NOT_CAPTURED_IN_FORENSIC_ROW,4049.1196,7.6104,1750.39,2026.07.15 03:56:03,4057.89,PROFIT_CLOSE,,,266.8,0.152423,0.316672,FULL_90_DAYS+LATEST_30_DAYS,0.710869,0.558446,0.057816,False,False,CLEAN_CONTINUATION,2026.07.15 04:01:03,0.710869,0.558446,0.32587,True,False,CLEAN_CONTINUATION,2026.07.15 04:06:03,0.710869,0.558446,0.366604,True,False,CLEAN_CONTINUATION,2026.07.15 04:11:03,0.710869,0.558446,0.394197,True,False,CLEAN_CONTINUATION,2026.07.15 04:16:03,0.710869,0.558446,0.691159,True,False,CLEAN_CONTINUATION,2026.07.15 04:26:03,0.710869,0.558446,2.823767,True,True,CLEAN_CONTINUATION,2026.07.15 04:56:03,CLEAN_CONTINUATION
392,CAMP-196,CORE,FRESH,BUY,2026.07.15 04:03:00,TREND_UP,GENERAL,DATA_UNAVAILABLE,DATA_UNAVAILABLE,,1.88,4058.18,NOT_CAPTURED_IN_FORENSIC_ROW,NOT_CAPTURED_IN_FORENSIC_ROW,4048.71813,9.46187,1778.84,2026.07.15 04:06:54,4059.98,PROFIT_CLOSE,,,338.4,0.190237,0.368848,FULL_90_DAYS+LATEST_30_DAYS,0.191294,0.001057,0.447057,True,False,IMMEDIATE_REVERSAL,2026.07.15 04:11:54,0.191294,0.001057,0.537949,True,False,IMMEDIATE_REVERSAL,2026.07.15 04:16:54,0.191294,0.001057,0.775745,True,False,IMMEDIATE_REVERSAL,2026.07.15 04:21:54,0.191294,0.001057,0.776802,True,False,IMMEDIATE_REVERSAL,2026.07.15 04:26:54,0.191294,0.001057,1.525068,True,True,IMMEDIATE_REVERSAL,2026.07.15 04:36:54,0.191294,0.001057,2.755269,True,True,IMMEDIATE_REVERSAL,2026.07.15 05:06:54,IMMEDIATE_REVERSAL
394,CAMP-197,CORE,FRESH,BUY,2026.07.15 06:03:30,TREND_UP,GENERAL,DATA_UNAVAILABLE,DATA_UNAVAILABLE,,1.46,4038.37,NOT_CAPTURED_IN_FORENSIC_ROW,NOT_CAPTURED_IN_FORENSIC_ROW,4025.97014,12.39986,1810.39,2026.07.15 08:11:34,4025.8,BROKER_SL,,,-1835.22,-1.013718,0.157259,FULL_90_DAYS+LATEST_30_DAYS,-0.81049,0.203228,0.060485,True,True,CLEAN_CONTINUATION,2026.07.15 08:16:34,-0.791135,0.222583,0.060485,True,True,CLEAN_CONTINUATION,2026.07.15 08:21:34,-0.791135,0.222583,0.060485,True,True,CLEAN_CONTINUATION,2026.07.15 08:26:34,-0.791135,0.222583,0.300003,True,True,CLEAN_CONTINUATION,2026.07.15 08:31:34,-0.424195,0.589523,0.300003,True,True,CLEAN_CONTINUATION,2026.07.15 08:41:34,-0.144353,0.869365,0.300003,True,True,CLEAN_CONTINUATION,2026.07.15 09:11:34,CLEAN_CONTINUATION
396,CAMP-198,CORE,FRESH,BUY,2026.07.15 09:03:30,TREND_DN,GENERAL,DATA_UNAVAILABLE,DATA_UNAVAILABLE,,1.22,4032.45,NOT_CAPTURED_IN_FORENSIC_ROW,NOT_CAPTURED_IN_FORENSIC_ROW,4019.0529,13.3971,1634.45,2026.07.15 11:13:43,4019.04,BROKER_SL,,,-1636.02,-1.000963,0.137343,FULL_90_DAYS+LATEST_30_DAYS,-0.582962,0.418001,0.133611,True,True,IMMEDIATE_REVERSAL,2026.07.15 11:18:43,-0.534444,0.466519,0.133611,True,True,IMMEDIATE_REVERSAL,2026.07.15 11:23:43,-0.502348,0.498615,0.133611,True,True,IMMEDIATE_REVERSAL,2026.07.15 11:28:43,-0.240351,0.760612,0.133611,True,True,IMMEDIATE_REVERSAL,2026.07.15 11:33:43,-0.240351,0.760612,0.133611,True,True,IMMEDIATE_REVERSAL,2026.07.15 11:43:41,0.131372,1.132335,0.133611,True,True,IMMEDIATE_REVERSAL,2026.07.15 12:13:43,IMMEDIATE_REVERSAL
398,CAMP-199,CORE,FRESH,BUY,2026.07.15 11:33:30,TREND_DN,GENERAL,DATA_UNAVAILABLE,DATA_UNAVAILABLE,,0.95,4029.15,NOT_CAPTURED_IN_FORENSIC_ROW,NOT_CAPTURED_IN_FORENSIC_ROW,4013.76609,15.38391,1461.47,2026.07.15 12:03:08,4031.62,PROFIT_CLOSE,,,234.65,0.160557,0.328915,FULL_90_DAYS+LATEST_30_DAYS,0.318515,0.157957,0.055253,False,False,CLEAN_CONTINUATION,2026.07.15 12:08:08,0.318515,0.157957,0.103355,False,False,CLEAN_CONTINUATION,2026.07.15 12:13:08,0.318515,0.157957,0.189809,True,False,CLEAN_CONTINUATION,2026.07.15 12:18:08,0.318515,0.157957,0.189809,True,False,CLEAN_CONTINUATION,2026.07.15 12:23:08,0.318515,0.157957,0.303564,True,False,CLEAN_CONTINUATION,2026.07.15 12:33:08,0.318515,0.157957,0.402368,True,False,CLEAN_CONTINUATION,2026.07.15 13:03:08,CLEAN_CONTINUATION
400,CAMP-200,CORE,FRESH,BUY,2026.07.15 12:33:00,TREND_DN,GENERAL,DATA_UNAVAILABLE,DATA_UNAVAILABLE,,1.04,4028.4,NOT_CAPTURED_IN_FORENSIC_ROW,NOT_CAPTURED_IN_FORENSIC_ROW,4014.03,14.37,1494.48,2026.07.15 13:08:01,4030.85,PROFIT_CLOSE,,,254.8,0.170494,0.316632,FULL_90_DAYS+LATEST_30_DAYS,0.216423,0.045929,0.151009,False,False,IMMEDIATE_REVERSAL,2026.07.15 13:13:01,0.524704,0.35421,0.151009,False,False,IMMEDIATE_REVERSAL,2026.07.15 13:18:01,0.524704,0.35421,0.151009,False,False,IMMEDIATE_REVERSAL,2026.07.15 13:23:01,0.524704,0.35421,0.283925,True,False,IMMEDIATE_REVERSAL,2026.07.15 13:28:01,0.524704,0.35421,0.302714,True,False,IMMEDIATE_REVERSAL,2026.07.15 13:38:01,0.524704,0.35421,0.302714,True,False,IMMEDIATE_REVERSAL,2026.07.15 14:08:01,IMMEDIATE_REVERSAL
402,CAMP-201,CORE,FRESH,BUY,2026.07.15 14:33:30,TREND_DN,GENERAL,A+,EXIT_TRADE_LABEL,M30_CONSENSUS_CORE_1784125800 [A+],1.98,4032.65,NOT_CAPTURED_IN_FORENSIC_ROW,NOT_CAPTURED_IN_FORENSIC_ROW,4025.00137,7.64863,1514.42,2026.07.15 14:44:39,4037.58,SL_MOD:OWNER_R_EXIT_FLOOR,4037.12,10.0,976.14,0.644562,0.8799,FULL_90_DAYS+LATEST_30_DAYS,0.801453,0.156891,0.278481,False,False,CLEAN_CONTINUATION,2026.07.15 14:49:39,0.983185,0.338623,0.278481,False,False,CLEAN_CONTINUATION,2026.07.15 14:54:39,0.983185,0.338623,0.278481,False,False,CLEAN_CONTINUATION,2026.07.15 14:59:39,1.294352,0.64979,0.278481,False,False,CLEAN_CONTINUATION,2026.07.15 15:04:39,1.294352,0.64979,0.278481,False,False,CLEAN_CONTINUATION,2026.07.15 15:14:39,4.369413,3.724851,0.278481,False,False,CLEAN_CONTINUATION,2026.07.15 15:44:39,CLEAN_CONTINUATION
404,CAMP-202,CORE,FRESH,BUY,2026.07.15 15:03:00,TREND_DN,GENERAL,A,EXIT_TRADE_LABEL,M30_CONSENSUS_CORE_1784127600 [A],0.94,4040.6,NOT_CAPTURED_IN_FORENSIC_ROW,NOT_CAPTURED_IN_FORENSIC_ROW,4023.40199,17.19801,1616.61,2026.07.15 15:30:07,4046.05,SL_MOD:OWNER_R_EXIT_FLOOR,4045.76,40.0,512.3,0.316897,0.432608,FULL_90_DAYS+LATEST_30_DAYS,0.82684,0.509943,0.003489,False,False,CLEAN_CONTINUATION,2026.07.15 15:35:07,1.480985,1.164088,0.003489,False,False,CLEAN_CONTINUATION,2026.07.15 15:40:07,1.480985,1.164088,0.003489,False,False,CLEAN_CONTINUATION,2026.07.15 15:45:07,1.480985,1.164088,0.003489,False,False,CLEAN_CONTINUATION,2026.07.15 15:50:07,1.791486,1.474589,0.003489,False,False,CLEAN_CONTINUATION,2026.07.15 16:00:07,1.943248,1.626351,0.003489,False,False,CLEAN_CONTINUATION,2026.07.15 16:30:07,CLEAN_CONTINUATION
406,CAMP-203,CORE,FRESH,BUY,2026.07.15 16:33:00,TREND_DN,GENERAL,DATA_UNAVAILABLE,DATA_UNAVAILABLE,,0.54,4060.18,NOT_CAPTURED_IN_FORENSIC_ROW,NOT_CAPTURED_IN_FORENSIC_ROW,4029.56491,30.61509,1653.22,2026.07.15 19:35:13,4029.47,BROKER_SL,,,-1658.34,-1.0031,0.199575,FULL_90_DAYS+LATEST_30_DAYS,-0.940059,0.063041,0.073167,True,True,NO_DECISIVE_0.10R_MOVE,2026.07.15 19:40:13,-0.926667,0.076433,0.090152,True,True,NO_DECISIVE_0.10R_MOVE,2026.07.15 19:45:13,-0.760736,0.242364,0.090152,True,True,CLEAN_CONTINUATION,2026.07.15 19:50:13,-0.725786,0.277314,0.090152,True,True,CLEAN_CONTINUATION,2026.07.15 19:55:13,-0.698021,0.305078,0.090152,True,True,CLEAN_CONTINUATION,2026.07.15 20:05:13,-0.143066,0.860034,0.090152,True,True,CLEAN_CONTINUATION,2026.07.15 20:35:13,CLEAN_CONTINUATION
408,CAMP-204,CORE,FRESH,BUY,2026.07.16 10:03:00,TREND_DN,GENERAL,A,EXIT_TRADE_LABEL,M30_CONSENSUS_CORE_1784196000 [A],1.57,4030.06,NOT_CAPTURED_IN_FORENSIC_ROW,NOT_CAPTURED_IN_FORENSIC_ROW,4020.50157,9.55843,1500.67,2026.07.16 11:02:43,4033.93,SL_MOD:OWNER_R_EXIT_FLOOR,4032.93,36.0,607.59,0.404879,0.404879,FULL_90_DAYS+LATEST_30_DAYS,0.424757,0.019878,0.569131,True,False,IMMEDIATE_REVERSAL,2026.07.16 11:07:43,0.424757,0.019878,0.873575,True,False,IMMEDIATE_REVERSAL,2026.07.16 11:12:43,0.424757,0.019878,0.912284,True,False,IMMEDIATE_REVERSAL,2026.07.16 11:17:43,0.424757,0.019878,0.912284,True,False,IMMEDIATE_REVERSAL,2026.07.16 11:22:43,0.526238,0.121359,0.912284,True,False,IMMEDIATE_REVERSAL,2026.07.16 11:32:43,0.717692,0.312813,0.912284,True,False,IMMEDIATE_REVERSAL,2026.07.16 12:02:43,IMMEDIATE_REVERSAL
410,CAMP-205,CORE,FRESH,BUY,2026.07.16 11:03:30,TREND_DN,GENERAL,DATA_UNAVAILABLE,DATA_UNAVAILABLE,,1.17,4033.18,NOT_CAPTURED_IN_FORENSIC_ROW,NOT_CAPTURED_IN_FORENSIC_ROW,4019.91687,13.26313,1551.78,2026.07.16 12:04:57,4035.4,PROFIT_CLOSE,,,259.74,0.167382,0.308374,FULL_90_DAYS+LATEST_30_DAYS,0.275953,0.108572,0.00377,False,False,CLEAN_CONTINUATION,2026.07.16 12:09:57,0.326469,0.159088,0.00377,False,False,CLEAN_CONTINUATION,2026.07.16 12:14:57,0.345319,0.177937,0.00377,False,False,CLEAN_CONTINUATION,2026.07.16 12:19:57,0.345319,0.177937,0.233731,True,False,CLEAN_CONTINUATION,2026.07.16 12:24:57,0.345319,0.177937,0.385279,True,False,CLEAN_CONTINUATION,2026.07.16 12:34:57,0.345319,0.177937,0.425993,True,False,CLEAN_CONTINUATION,2026.07.16 13:04:57,CLEAN_CONTINUATION
412,CAMP-206,CORE,FRESH,BUY,2026.07.16 15:03:30,TREND_DN,GENERAL,DATA_UNAVAILABLE,DATA_UNAVAILABLE,,0.64,4040.98,NOT_CAPTURED_IN_FORENSIC_ROW,NOT_CAPTURED_IN_FORENSIC_ROW,4016.16606,24.81394,1588.09,2026.07.16 15:16:17,4016.08,BROKER_SL,,,-1593.6,-1.00347,0.092287,FULL_90_DAYS+LATEST_30_DAYS,-0.469899,0.533571,0.137423,True,True,CLEAN_CONTINUATION,2026.07.16 15:21:17,-0.469899,0.533571,0.137423,True,True,CLEAN_CONTINUATION,2026.07.16 15:26:17,-0.462645,0.540825,0.137423,True,True,CLEAN_CONTINUATION,2026.07.16 15:31:17,-0.462645,0.540825,0.137423,True,True,CLEAN_CONTINUATION,2026.07.16 15:36:17,-0.462645,0.540825,0.683084,True,True,CLEAN_CONTINUATION,2026.07.16 15:46:17,-0.462645,0.540825,1.71315,True,True,CLEAN_CONTINUATION,2026.07.16 16:16:17,CLEAN_CONTINUATION
414,CAMP-207,CORE,FRESH,BUY,2026.07.16 15:33:30,TREND_DN,GENERAL,DATA_UNAVAILABLE,DATA_UNAVAILABLE,,0.96,4023.88,NOT_CAPTURED_IN_FORENSIC_ROW,NOT_CAPTURED_IN_FORENSIC_ROW,4009.00266,14.87734,1428.22,2026.07.16 15:40:56,4008.88,BROKER_SL,,,-1440.0,-1.008247,0.0,FULL_90_DAYS+LATEST_30_DAYS,-0.926244,0.082004,0.655359,True,True,IMMEDIATE_REVERSAL,2026.07.16 15:45:56,-0.926244,0.082004,0.864402,True,True,IMMEDIATE_REVERSAL,2026.07.16 15:50:56,-0.926244,0.082004,1.133267,True,True,IMMEDIATE_REVERSAL,2026.07.16 15:55:56,-0.926244,0.082004,1.24619,True,True,IMMEDIATE_REVERSAL,2026.07.16 16:00:56,-0.926244,0.082004,2.373408,True,True,IMMEDIATE_REVERSAL,2026.07.16 16:10:56,-0.926244,0.082004,2.373408,True,True,IMMEDIATE_REVERSAL,2026.07.16 16:40:56,IMMEDIATE_REVERSAL
416,CAMP-208,CORE,FRESH,SELL,2026.07.17 08:03:30,TREND_DN,GENERAL,DATA_UNAVAILABLE,DATA_UNAVAILABLE,,1.04,3980.87,NOT_CAPTURED_IN_FORENSIC_ROW,NOT_CAPTURED_IN_FORENSIC_ROW,3993.20784,12.33784,1283.13,2026.07.17 08:17:13,3978.56,PROFIT_CLOSE,,,240.24,0.187229,0.355817,FULL_90_DAYS+LATEST_30_DAYS,0.42471,0.237481,0.177503,False,False,IMMEDIATE_REVERSAL,2026.07.17 08:22:13,0.42471,0.237481,0.177503,False,False,IMMEDIATE_REVERSAL,2026.07.17 08:27:13,0.42471,0.237481,0.651654,True,False,IMMEDIATE_REVERSAL,2026.07.17 08:32:13,0.42471,0.237481,0.651654,True,False,IMMEDIATE_REVERSAL,2026.07.17 08:37:13,0.42471,0.237481,0.995312,True,False,IMMEDIATE_REVERSAL,2026.07.17 08:47:13,0.42471,0.237481,1.832573,True,True,IMMEDIATE_REVERSAL,2026.07.17 09:17:13,IMMEDIATE_REVERSAL
418,CAMP-209,CORE,FRESH,SELL,2026.07.17 14:03:30,TREND_DN,GENERAL,DATA_UNAVAILABLE,DATA_UNAVAILABLE,,1.4,3992.05,NOT_CAPTURED_IN_FORENSIC_ROW,NOT_CAPTURED_IN_FORENSIC_ROW,4001.35201,9.30201,1302.28,2026.07.17 15:07:23,3990.21,PROFIT_CLOSE,,,257.6,0.197807,0.367663,FULL_90_DAYS+LATEST_30_DAYS,0.341862,0.144055,0.419264,True,False,CLEAN_CONTINUATION,2026.07.17 15:12:23,0.341862,0.144055,0.419264,True,False,CLEAN_CONTINUATION,2026.07.17 15:17:23,0.758976,0.561169,0.419264,True,False,CLEAN_CONTINUATION,2026.07.17 15:22:23,0.807352,0.609545,0.419264,True,False,CLEAN_CONTINUATION,2026.07.17 15:27:23,1.200815,1.003009,0.419264,True,False,CLEAN_CONTINUATION,2026.07.17 15:37:23,3.465916,3.268109,0.419264,True,False,CLEAN_CONTINUATION,2026.07.17 16:07:23,CLEAN_CONTINUATION
