ea_event_date,device_local_time,broker_server_time,m10_closed_bar_time,latest_bid_ask_time,symbol,spread,candidate_direction,candidate_confidence,candidate_freshness,thesis_action,execution_readiness,exact_blocker_or_reason,hourly_advisory_state,database_record,notification_eligibility,notification_result,frontend_state,ea_runtime,evidence_id,source_log,source_line
20260720,00:00:00.071,NOT_LOGGED_IN_EVENT,2026.07.20,NOT_LOGGED_IN_EVENT,XAUUSD,NOT_LOGGED_IN_EVENT,NONE,49.4,FRESHNESS_RECORDED_IN_ADJACENT_M10_EVIDENCE_EVENT,TRANSITION_WATCH,NOT_PROVEN_BY_ANALYSIS_EVENT,"buyCaseScore=45.9 sellCaseScore=45.3 -- too close to call, evidence conflicted",NOT_PRESENT_IN_MT5_LOG,UNVERIFIED_NO_PRODUCTION_DB_ACCESS,REQUIRES_EXPLICIT_EXECUTION_READY_EVENT,UNVERIFIED_NO_PRODUCTION_NOTIFICATION_LOG,UNVERIFIED_NO_AUTHENTICATED_OWNER_SESSION,"XAUUSD_AI_Sniper_EA_v6.25.15_FINAL (XAUUSD,M15)",8,20260720.log,7
20260720,00:10:00.349,NOT_LOGGED_IN_EVENT,2026.07.20,NOT_LOGGED_IN_EVENT,XAUUSD,NOT_LOGGED_IN_EVENT,NONE,47.5,FRESHNESS_RECORDED_IN_ADJACENT_M10_EVIDENCE_EVENT,TRANSITION_WATCH,NOT_PROVEN_BY_ANALYSIS_EVENT,"buyCaseScore=40.5 sellCaseScore=43.0 -- too close to call, evidence conflicted",NOT_PRESENT_IN_MT5_LOG,UNVERIFIED_NO_PRODUCTION_DB_ACCESS,REQUIRES_EXPLICIT_EXECUTION_READY_EVENT,UNVERIFIED_NO_PRODUCTION_NOTIFICATION_LOG,UNVERIFIED_NO_AUTHENTICATED_OWNER_SESSION,"XAUUSD_AI_Sniper_EA_v6.25.15_FINAL (XAUUSD,M15)",9,20260720.log,587
20260720,00:20:00.343,NOT_LOGGED_IN_EVENT,2026.07.20,NOT_LOGGED_IN_EVENT,XAUUSD,NOT_LOGGED_IN_EVENT,NONE,45.7,FRESHNESS_RECORDED_IN_ADJACENT_M10_EVIDENCE_EVENT,NO_VALID_SIGNAL,NOT_PROVEN_BY_ANALYSIS_EVENT,neither case cleared the 55.0 bar (buy=34.9 sell=45.7),NOT_PRESENT_IN_MT5_LOG,UNVERIFIED_NO_PRODUCTION_DB_ACCESS,REQUIRES_EXPLICIT_EXECUTION_READY_EVENT,UNVERIFIED_NO_PRODUCTION_NOTIFICATION_LOG,UNVERIFIED_NO_AUTHENTICATED_OWNER_SESSION,"XAUUSD_AI_Sniper_EA_v6.25.15_FINAL (XAUUSD,M15)",10,20260720.log,887
20260720,00:29:59.784,NOT_LOGGED_IN_EVENT,2026.07.20,NOT_LOGGED_IN_EVENT,XAUUSD,NOT_LOGGED_IN_EVENT,NONE,45.1,FRESHNESS_RECORDED_IN_ADJACENT_M10_EVIDENCE_EVENT,TRANSITION_WATCH,NOT_PROVEN_BY_ANALYSIS_EVENT,"buyCaseScore=40.0 sellCaseScore=35.1 -- too close to call, evidence conflicted",NOT_PRESENT_IN_MT5_LOG,UNVERIFIED_NO_PRODUCTION_DB_ACCESS,REQUIRES_EXPLICIT_EXECUTION_READY_EVENT,UNVERIFIED_NO_PRODUCTION_NOTIFICATION_LOG,UNVERIFIED_NO_AUTHENTICATED_OWNER_SESSION,"XAUUSD_AI_Sniper_EA_v6.25.15_FINAL (XAUUSD,M15)",11,20260720.log,1083
20260720,00:39:59.826,NOT_LOGGED_IN_EVENT,2026.07.20,NOT_LOGGED_IN_EVENT,XAUUSD,NOT_LOGGED_IN_EVENT,SELL,59.4,FRESHNESS_RECORDED_IN_ADJACENT_M10_EVIDENCE_EVENT,SELL_CANDIDATE,NOT_PROVEN_BY_ANALYSIS_EVENT,"dominant case wins (score=59.4 vs opposite=39.5), location=LOCATION_RESET_CONFIRMED acceptable-or-better",NOT_PRESENT_IN_MT5_LOG,UNVERIFIED_NO_PRODUCTION_DB_ACCESS,REQUIRES_EXPLICIT_EXECUTION_READY_EVENT,UNVERIFIED_NO_PRODUCTION_NOTIFICATION_LOG,UNVERIFIED_NO_AUTHENTICATED_OWNER_SESSION,"XAUUSD_AI_Sniper_EA_v6.25.15_FINAL (XAUUSD,M30)",12,20260720.log,1358
20260720,00:49:59.852,NOT_LOGGED_IN_EVENT,2026.07.20,NOT_LOGGED_IN_EVENT,XAUUSD,NOT_LOGGED_IN_EVENT,SELL,57.8,FRESHNESS_RECORDED_IN_ADJACENT_M10_EVIDENCE_EVENT,SELL_CANDIDATE,NOT_PROVEN_BY_ANALYSIS_EVENT,"dominant case wins (score=57.8 vs opposite=33.9), location=LOCATION_RESET_CONFIRMED acceptable-or-better",NOT_PRESENT_IN_MT5_LOG,UNVERIFIED_NO_PRODUCTION_DB_ACCESS,REQUIRES_EXPLICIT_EXECUTION_READY_EVENT,UNVERIFIED_NO_PRODUCTION_NOTIFICATION_LOG,UNVERIFIED_NO_AUTHENTICATED_OWNER_SESSION,"XAUUSD_AI_Sniper_EA_v6.25.15_FINAL (XAUUSD,M30)",13,20260720.log,1986
20260720,00:59:59.830,NOT_LOGGED_IN_EVENT,2026.07.20,NOT_LOGGED_IN_EVENT,XAUUSD,NOT_LOGGED_IN_EVENT,SELL,58.0,FRESHNESS_RECORDED_IN_ADJACENT_M10_EVIDENCE_EVENT,SELL_CANDIDATE,NOT_PROVEN_BY_ANALYSIS_EVENT,"dominant case wins (score=58.0 vs opposite=41.7), location=LOCATION_RESET_CONFIRMED acceptable-or-better",NOT_PRESENT_IN_MT5_LOG,UNVERIFIED_NO_PRODUCTION_DB_ACCESS,REQUIRES_EXPLICIT_EXECUTION_READY_EVENT,UNVERIFIED_NO_PRODUCTION_NOTIFICATION_LOG,UNVERIFIED_NO_AUTHENTICATED_OWNER_SESSION,"XAUUSD_AI_Sniper_EA_v6.25.15_FINAL (XAUUSD,M30)",14,20260720.log,2886
20260720,01:09:59.870,NOT_LOGGED_IN_EVENT,2026.07.20,NOT_LOGGED_IN_EVENT,XAUUSD,NOT_LOGGED_IN_EVENT,SELL,61.8,FRESHNESS_RECORDED_IN_ADJACENT_M10_EVIDENCE_EVENT,SELL_CANDIDATE,NOT_PROVEN_BY_ANALYSIS_EVENT,"dominant case wins (score=61.8 vs opposite=34.5), location=LOCATION_RESET_CONFIRMED acceptable-or-better",NOT_PRESENT_IN_MT5_LOG,UNVERIFIED_NO_PRODUCTION_DB_ACCESS,REQUIRES_EXPLICIT_EXECUTION_READY_EVENT,UNVERIFIED_NO_PRODUCTION_NOTIFICATION_LOG,UNVERIFIED_NO_AUTHENTICATED_OWNER_SESSION,"XAUUSD_AI_Sniper_EA_v6.25.15_FINAL (XAUUSD,M30)",15,20260720.log,3654
20260720,01:19:59.841,NOT_LOGGED_IN_EVENT,2026.07.20,NOT_LOGGED_IN_EVENT,XAUUSD,NOT_LOGGED_IN_EVENT,SELL,57.5,FRESHNESS_RECORDED_IN_ADJACENT_M10_EVIDENCE_EVENT,SELL_CANDIDATE,NOT_PROVEN_BY_ANALYSIS_EVENT,"dominant case wins (score=57.5 vs opposite=38.4), location=LOCATION_RESET_CONFIRMED acceptable-or-better",NOT_PRESENT_IN_MT5_LOG,UNVERIFIED_NO_PRODUCTION_DB_ACCESS,REQUIRES_EXPLICIT_EXECUTION_READY_EVENT,UNVERIFIED_NO_PRODUCTION_NOTIFICATION_LOG,UNVERIFIED_NO_AUTHENTICATED_OWNER_SESSION,"XAUUSD_AI_Sniper_EA_v6.25.15_FINAL (XAUUSD,M30)",16,20260720.log,5062
20260720,01:29:59.834,NOT_LOGGED_IN_EVENT,2026.07.20,NOT_LOGGED_IN_EVENT,XAUUSD,NOT_LOGGED_IN_EVENT,BUY,55.5,FRESHNESS_RECORDED_IN_ADJACENT_M10_EVIDENCE_EVENT,BUY_CANDIDATE,NOT_PROVEN_BY_ANALYSIS_EVENT,"dominant case wins (score=55.5 vs opposite=35.1), location=LOCATION_RESET_CONFIRMED acceptable-or-better",NOT_PRESENT_IN_MT5_LOG,UNVERIFIED_NO_PRODUCTION_DB_ACCESS,REQUIRES_EXPLICIT_EXECUTION_READY_EVENT,UNVERIFIED_NO_PRODUCTION_NOTIFICATION_LOG,UNVERIFIED_NO_AUTHENTICATED_OWNER_SESSION,"XAUUSD_AI_Sniper_EA_v6.25.15_FINAL (XAUUSD,M30)",17,20260720.log,5807
20260720,01:39:59.811,NOT_LOGGED_IN_EVENT,2026.07.20,NOT_LOGGED_IN_EVENT,XAUUSD,NOT_LOGGED_IN_EVENT,NONE,47.2,FRESHNESS_RECORDED_IN_ADJACENT_M10_EVIDENCE_EVENT,TRANSITION_WATCH,NOT_PROVEN_BY_ANALYSIS_EVENT,"buyCaseScore=48.8 sellCaseScore=51.6 -- too close to call, evidence conflicted",NOT_PRESENT_IN_MT5_LOG,UNVERIFIED_NO_PRODUCTION_DB_ACCESS,REQUIRES_EXPLICIT_EXECUTION_READY_EVENT,UNVERIFIED_NO_PRODUCTION_NOTIFICATION_LOG,UNVERIFIED_NO_AUTHENTICATED_OWNER_SESSION,"XAUUSD_AI_Sniper_EA_v6.25.15_FINAL (XAUUSD,M30)",18,20260720.log,6843
20260720,01:49:59.880,NOT_LOGGED_IN_EVENT,2026.07.20,NOT_LOGGED_IN_EVENT,XAUUSD,NOT_LOGGED_IN_EVENT,NONE,49.2,FRESHNESS_RECORDED_IN_ADJACENT_M10_EVIDENCE_EVENT,TRANSITION_WATCH,NOT_PROVEN_BY_ANALYSIS_EVENT,"buyCaseScore=55.6 sellCaseScore=54.8 -- too close to call, evidence conflicted",NOT_PRESENT_IN_MT5_LOG,UNVERIFIED_NO_PRODUCTION_DB_ACCESS,REQUIRES_EXPLICIT_EXECUTION_READY_EVENT,UNVERIFIED_NO_PRODUCTION_NOTIFICATION_LOG,UNVERIFIED_NO_AUTHENTICATED_OWNER_SESSION,"XAUUSD_AI_Sniper_EA_v6.25.15_FINAL (XAUUSD,M30)",19,20260720.log,7661
20260720,01:59:59.850,NOT_LOGGED_IN_EVENT,2026.07.20,NOT_LOGGED_IN_EVENT,XAUUSD,NOT_LOGGED_IN_EVENT,NONE,43.5,FRESHNESS_RECORDED_IN_ADJACENT_M10_EVIDENCE_EVENT,TRANSITION_WATCH,NOT_PROVEN_BY_ANALYSIS_EVENT,"buyCaseScore=54.1 sellCaseScore=47.6 -- too close to call, evidence conflicted",NOT_PRESENT_IN_MT5_LOG,UNVERIFIED_NO_PRODUCTION_DB_ACCESS,REQUIRES_EXPLICIT_EXECUTION_READY_EVENT,UNVERIFIED_NO_PRODUCTION_NOTIFICATION_LOG,UNVERIFIED_NO_AUTHENTICATED_OWNER_SESSION,"XAUUSD_AI_Sniper_EA_v6.25.15_FINAL (XAUUSD,M30)",20,20260720.log,8159
20260720,02:00:30.708,NOT_LOGGED_IN_EVENT,2026.07.20,NOT_LOGGED_IN_EVENT,XAUUSD,NOT_LOGGED_IN_EVENT,BUY,57.9,FRESHNESS_RECORDED_IN_ADJACENT_M10_EVIDENCE_EVENT,BUY_CANDIDATE,NOT_PROVEN_BY_ANALYSIS_EVENT,"dominant case wins (score=57.9 vs opposite=47.6), location=LOCATION_RESET_CONFIRMED acceptable-or-better",NOT_PRESENT_IN_MT5_LOG,UNVERIFIED_NO_PRODUCTION_DB_ACCESS,REQUIRES_EXPLICIT_EXECUTION_READY_EVENT,UNVERIFIED_NO_PRODUCTION_NOTIFICATION_LOG,UNVERIFIED_NO_AUTHENTICATED_OWNER_SESSION,"XAUUSD_AI_Sniper_EA_v6.25.15_FINAL (XAUUSD,M30)",20,20260720.log,9130
20260720,02:09:59.891,NOT_LOGGED_IN_EVENT,2026.07.20,NOT_LOGGED_IN_EVENT,XAUUSD,NOT_LOGGED_IN_EVENT,NONE,49.5,FRESHNESS_RECORDED_IN_ADJACENT_M10_EVIDENCE_EVENT,NO_VALID_SIGNAL,NOT_PROVEN_BY_ANALYSIS_EVENT,neither case cleared the 55.0 bar (buy=38.8 sell=49.5),NOT_PRESENT_IN_MT5_LOG,UNVERIFIED_NO_PRODUCTION_DB_ACCESS,REQUIRES_EXPLICIT_EXECUTION_READY_EVENT,UNVERIFIED_NO_PRODUCTION_NOTIFICATION_LOG,UNVERIFIED_NO_AUTHENTICATED_OWNER_SESSION,"XAUUSD_AI_Sniper_EA_v6.25.15_FINAL (XAUUSD,M30)",21,20260720.log,9206
20260720,02:19:59.947,NOT_LOGGED_IN_EVENT,2026.07.20,NOT_LOGGED_IN_EVENT,XAUUSD,NOT_LOGGED_IN_EVENT,SELL,59.2,FRESHNESS_RECORDED_IN_ADJACENT_M10_EVIDENCE_EVENT,SELL_CANDIDATE,NOT_PROVEN_BY_ANALYSIS_EVENT,"dominant case wins (score=59.2 vs opposite=38.6), location=LOCATION_EXCELLENT acceptable-or-better",NOT_PRESENT_IN_MT5_LOG,UNVERIFIED_NO_PRODUCTION_DB_ACCESS,REQUIRES_EXPLICIT_EXECUTION_READY_EVENT,UNVERIFIED_NO_PRODUCTION_NOTIFICATION_LOG,UNVERIFIED_NO_AUTHENTICATED_OWNER_SESSION,"XAUUSD_AI_Sniper_EA_v6.25.15_FINAL (XAUUSD,M30)",22,20260720.log,10052
20260720,02:29:59.798,NOT_LOGGED_IN_EVENT,2026.07.20,NOT_LOGGED_IN_EVENT,XAUUSD,NOT_LOGGED_IN_EVENT,SELL,55.9,FRESHNESS_RECORDED_IN_ADJACENT_M10_EVIDENCE_EVENT,SELL_CANDIDATE,NOT_PROVEN_BY_ANALYSIS_EVENT,"dominant case wins (score=55.9 vs opposite=37.4), location=LOCATION_EXCELLENT acceptable-or-better",NOT_PRESENT_IN_MT5_LOG,UNVERIFIED_NO_PRODUCTION_DB_ACCESS,REQUIRES_EXPLICIT_EXECUTION_READY_EVENT,UNVERIFIED_NO_PRODUCTION_NOTIFICATION_LOG,UNVERIFIED_NO_AUTHENTICATED_OWNER_SESSION,"XAUUSD_AI_Sniper_EA_v6.25.15_FINAL (XAUUSD,M30)",23,20260720.log,10929
20260720,02:39:59.775,NOT_LOGGED_IN_EVENT,2026.07.20,NOT_LOGGED_IN_EVENT,XAUUSD,NOT_LOGGED_IN_EVENT,SELL,56.6,FRESHNESS_RECORDED_IN_ADJACENT_M10_EVIDENCE_EVENT,SELL_CANDIDATE,NOT_PROVEN_BY_ANALYSIS_EVENT,"dominant case wins (score=56.6 vs opposite=34.9), location=LOCATION_EXCELLENT acceptable-or-better",NOT_PRESENT_IN_MT5_LOG,UNVERIFIED_NO_PRODUCTION_DB_ACCESS,REQUIRES_EXPLICIT_EXECUTION_READY_EVENT,UNVERIFIED_NO_PRODUCTION_NOTIFICATION_LOG,UNVERIFIED_NO_AUTHENTICATED_OWNER_SESSION,"XAUUSD_AI_Sniper_EA_v6.25.15_FINAL (XAUUSD,M30)",24,20260720.log,12425
20260720,02:49:59.956,NOT_LOGGED_IN_EVENT,2026.07.20,NOT_LOGGED_IN_EVENT,XAUUSD,NOT_LOGGED_IN_EVENT,SELL,68.8,FRESHNESS_RECORDED_IN_ADJACENT_M10_EVIDENCE_EVENT,SELL_CANDIDATE,NOT_PROVEN_BY_ANALYSIS_EVENT,"dominant case wins (score=68.8 vs opposite=34.7), location=LOCATION_EXCELLENT acceptable-or-better",NOT_PRESENT_IN_MT5_LOG,UNVERIFIED_NO_PRODUCTION_DB_ACCESS,REQUIRES_EXPLICIT_EXECUTION_READY_EVENT,UNVERIFIED_NO_PRODUCTION_NOTIFICATION_LOG,UNVERIFIED_NO_AUTHENTICATED_OWNER_SESSION,"XAUUSD_AI_Sniper_EA_v6.25.15_FINAL (XAUUSD,M30)",25,20260720.log,15497
20260720,02:59:59.988,NOT_LOGGED_IN_EVENT,2026.07.20,NOT_LOGGED_IN_EVENT,XAUUSD,NOT_LOGGED_IN_EVENT,SELL,67.8,FRESHNESS_RECORDED_IN_ADJACENT_M10_EVIDENCE_EVENT,SELL_CANDIDATE,NOT_PROVEN_BY_ANALYSIS_EVENT,"dominant case wins (score=67.8 vs opposite=34.3), location=LOCATION_EXCELLENT acceptable-or-better",NOT_PRESENT_IN_MT5_LOG,UNVERIFIED_NO_PRODUCTION_DB_ACCESS,REQUIRES_EXPLICIT_EXECUTION_READY_EVENT,UNVERIFIED_NO_PRODUCTION_NOTIFICATION_LOG,UNVERIFIED_NO_AUTHENTICATED_OWNER_SESSION,"XAUUSD_AI_Sniper_EA_v6.25.15_FINAL (XAUUSD,M30)",26,20260720.log,19239
20260720,03:10:00.361,NOT_LOGGED_IN_EVENT,2026.07.20,NOT_LOGGED_IN_EVENT,XAUUSD,NOT_LOGGED_IN_EVENT,NONE,40.4,FRESHNESS_RECORDED_IN_ADJACENT_M10_EVIDENCE_EVENT,TRANSITION_WATCH,NOT_PROVEN_BY_ANALYSIS_EVENT,"buyCaseScore=52.2 sellCaseScore=61.8 -- too close to call, evidence conflicted",NOT_PRESENT_IN_MT5_LOG,UNVERIFIED_NO_PRODUCTION_DB_ACCESS,REQUIRES_EXPLICIT_EXECUTION_READY_EVENT,UNVERIFIED_NO_PRODUCTION_NOTIFICATION_LOG,UNVERIFIED_NO_AUTHENTICATED_OWNER_SESSION,"XAUUSD_AI_Sniper_EA_v6.25.15_FINAL (XAUUSD,M30)",27,20260720.log,23062
20260720,03:20:00.056,NOT_LOGGED_IN_EVENT,2026.07.20,NOT_LOGGED_IN_EVENT,XAUUSD,NOT_LOGGED_IN_EVENT,SELL,54.6,FRESHNESS_RECORDED_IN_ADJACENT_M10_EVIDENCE_EVENT,TREND_CONTINUATION_NO_ENTRY_YET,NOT_PROVEN_BY_ANALYSIS_EVENT,neither case cleared the 55.0 bar (buy=35.4 sell=54.6),NOT_PRESENT_IN_MT5_LOG,UNVERIFIED_NO_PRODUCTION_DB_ACCESS,REQUIRES_EXPLICIT_EXECUTION_READY_EVENT,UNVERIFIED_NO_PRODUCTION_NOTIFICATION_LOG,UNVERIFIED_NO_AUTHENTICATED_OWNER_SESSION,"XAUUSD_AI_Sniper_EA_v6.25.15_FINAL (XAUUSD,M30)",28,20260720.log,26217
20260720,03:29:59.953,NOT_LOGGED_IN_EVENT,2026.07.20,NOT_LOGGED_IN_EVENT,XAUUSD,NOT_LOGGED_IN_EVENT,SELL,56.2,FRESHNESS_RECORDED_IN_ADJACENT_M10_EVIDENCE_EVENT,SELL_CANDIDATE,NOT_PROVEN_BY_ANALYSIS_EVENT,"dominant case wins (score=56.2 vs opposite=44.1), location=LOCATION_EXCELLENT acceptable-or-better",NOT_PRESENT_IN_MT5_LOG,UNVERIFIED_NO_PRODUCTION_DB_ACCESS,REQUIRES_EXPLICIT_EXECUTION_READY_EVENT,UNVERIFIED_NO_PRODUCTION_NOTIFICATION_LOG,UNVERIFIED_NO_AUTHENTICATED_OWNER_SESSION,"XAUUSD_AI_Sniper_EA_v6.25.15_FINAL (XAUUSD,M30)",29,20260720.log,29257
20260720,03:39:59.988,NOT_LOGGED_IN_EVENT,2026.07.20,NOT_LOGGED_IN_EVENT,XAUUSD,NOT_LOGGED_IN_EVENT,NONE,46.8,FRESHNESS_RECORDED_IN_ADJACENT_M10_EVIDENCE_EVENT,TRANSITION_WATCH,NOT_PROVEN_BY_ANALYSIS_EVENT,"buyCaseScore=54.6 sellCaseScore=57.8 -- too close to call, evidence conflicted",NOT_PRESENT_IN_MT5_LOG,UNVERIFIED_NO_PRODUCTION_DB_ACCESS,REQUIRES_EXPLICIT_EXECUTION_READY_EVENT,UNVERIFIED_NO_PRODUCTION_NOTIFICATION_LOG,UNVERIFIED_NO_AUTHENTICATED_OWNER_SESSION,"XAUUSD_AI_Sniper_EA_v6.25.15_FINAL (XAUUSD,M30)",30,20260720.log,33031
20260720,03:49:59.955,NOT_LOGGED_IN_EVENT,2026.07.20,NOT_LOGGED_IN_EVENT,XAUUSD,NOT_LOGGED_IN_EVENT,NONE,42.1,FRESHNESS_RECORDED_IN_ADJACENT_M10_EVIDENCE_EVENT,TRANSITION_WATCH,NOT_PROVEN_BY_ANALYSIS_EVENT,"buyCaseScore=37.2 sellCaseScore=45.0 -- too close to call, evidence conflicted",NOT_PRESENT_IN_MT5_LOG,UNVERIFIED_NO_PRODUCTION_DB_ACCESS,REQUIRES_EXPLICIT_EXECUTION_READY_EVENT,UNVERIFIED_NO_PRODUCTION_NOTIFICATION_LOG,UNVERIFIED_NO_AUTHENTICATED_OWNER_SESSION,"XAUUSD_AI_Sniper_EA_v6.25.15_FINAL (XAUUSD,M30)",31,20260720.log,36271
20260720,04:00:00.023,NOT_LOGGED_IN_EVENT,2026.07.20,NOT_LOGGED_IN_EVENT,XAUUSD,NOT_LOGGED_IN_EVENT,NONE,43.0,FRESHNESS_RECORDED_IN_ADJACENT_M10_EVIDENCE_EVENT,TRANSITION_WATCH,NOT_PROVEN_BY_ANALYSIS_EVENT,"buyCaseScore=37.8 sellCaseScore=44.8 -- too close to call, evidence conflicted",NOT_PRESENT_IN_MT5_LOG,UNVERIFIED_NO_PRODUCTION_DB_ACCESS,REQUIRES_EXPLICIT_EXECUTION_READY_EVENT,UNVERIFIED_NO_PRODUCTION_NOTIFICATION_LOG,UNVERIFIED_NO_AUTHENTICATED_OWNER_SESSION,"XAUUSD_AI_Sniper_EA_v6.25.15_FINAL (XAUUSD,M30)",32,20260720.log,37335
20260720,04:10:00.003,NOT_LOGGED_IN_EVENT,2026.07.20,NOT_LOGGED_IN_EVENT,XAUUSD,NOT_LOGGED_IN_EVENT,SELL,50.3,FRESHNESS_RECORDED_IN_ADJACENT_M10_EVIDENCE_EVENT,TREND_CONTINUATION_NO_ENTRY_YET,NOT_PROVEN_BY_ANALYSIS_EVENT,neither case cleared the 55.0 bar (buy=38.8 sell=50.3),NOT_PRESENT_IN_MT5_LOG,UNVERIFIED_NO_PRODUCTION_DB_ACCESS,REQUIRES_EXPLICIT_EXECUTION_READY_EVENT,UNVERIFIED_NO_PRODUCTION_NOTIFICATION_LOG,UNVERIFIED_NO_AUTHENTICATED_OWNER_SESSION,"XAUUSD_AI_Sniper_EA_v6.25.15_FINAL (XAUUSD,M30)",33,20260720.log,38435
20260720,04:19:59.936,NOT_LOGGED_IN_EVENT,2026.07.20,NOT_LOGGED_IN_EVENT,XAUUSD,NOT_LOGGED_IN_EVENT,NONE,49.8,FRESHNESS_RECORDED_IN_ADJACENT_M10_EVIDENCE_EVENT,NO_VALID_SIGNAL,NOT_PROVEN_BY_ANALYSIS_EVENT,neither case cleared the 55.0 bar (buy=36.6 sell=49.8),NOT_PRESENT_IN_MT5_LOG,UNVERIFIED_NO_PRODUCTION_DB_ACCESS,REQUIRES_EXPLICIT_EXECUTION_READY_EVENT,UNVERIFIED_NO_PRODUCTION_NOTIFICATION_LOG,UNVERIFIED_NO_AUTHENTICATED_OWNER_SESSION,"XAUUSD_AI_Sniper_EA_v6.25.15_FINAL (XAUUSD,M30)",34,20260720.log,38974
20260720,04:29:59.944,NOT_LOGGED_IN_EVENT,2026.07.20,NOT_LOGGED_IN_EVENT,XAUUSD,NOT_LOGGED_IN_EVENT,NONE,50.8,FRESHNESS_RECORDED_IN_ADJACENT_M10_EVIDENCE_EVENT,NO_VALID_SIGNAL,NOT_PROVEN_BY_ANALYSIS_EVENT,neither case cleared the 55.0 bar (buy=32.7 sell=50.8),NOT_PRESENT_IN_MT5_LOG,UNVERIFIED_NO_PRODUCTION_DB_ACCESS,REQUIRES_EXPLICIT_EXECUTION_READY_EVENT,UNVERIFIED_NO_PRODUCTION_NOTIFICATION_LOG,UNVERIFIED_NO_AUTHENTICATED_OWNER_SESSION,"XAUUSD_AI_Sniper_EA_v6.25.15_FINAL (XAUUSD,M30)",35,20260720.log,39574
20260720,04:40:00.224,NOT_LOGGED_IN_EVENT,2026.07.20,NOT_LOGGED_IN_EVENT,XAUUSD,NOT_LOGGED_IN_EVENT,NONE,48.5,FRESHNESS_RECORDED_IN_ADJACENT_M10_EVIDENCE_EVENT,NO_VALID_SIGNAL,NOT_PROVEN_BY_ANALYSIS_EVENT,neither case cleared the 55.0 bar (buy=35.7 sell=48.5),NOT_PRESENT_IN_MT5_LOG,UNVERIFIED_NO_PRODUCTION_DB_ACCESS,REQUIRES_EXPLICIT_EXECUTION_READY_EVENT,UNVERIFIED_NO_PRODUCTION_NOTIFICATION_LOG,UNVERIFIED_NO_AUTHENTICATED_OWNER_SESSION,"XAUUSD_AI_Sniper_EA_v6.25.15_FINAL (XAUUSD,M30)",36,20260720.log,40057
20260720,04:50:00.010,NOT_LOGGED_IN_EVENT,2026.07.20,NOT_LOGGED_IN_EVENT,XAUUSD,NOT_LOGGED_IN_EVENT,NONE,50.6,FRESHNESS_RECORDED_IN_ADJACENT_M10_EVIDENCE_EVENT,NO_VALID_SIGNAL,NOT_PROVEN_BY_ANALYSIS_EVENT,neither case cleared the 55.0 bar (buy=35.2 sell=50.6),NOT_PRESENT_IN_MT5_LOG,UNVERIFIED_NO_PRODUCTION_DB_ACCESS,REQUIRES_EXPLICIT_EXECUTION_READY_EVENT,UNVERIFIED_NO_PRODUCTION_NOTIFICATION_LOG,UNVERIFIED_NO_AUTHENTICATED_OWNER_SESSION,"XAUUSD_AI_Sniper_EA_v6.25.15_FINAL (XAUUSD,M30)",37,20260720.log,40699
20260720,04:59:59.783,NOT_LOGGED_IN_EVENT,2026.07.20,NOT_LOGGED_IN_EVENT,XAUUSD,NOT_LOGGED_IN_EVENT,NONE,55.2,FRESHNESS_RECORDED_IN_ADJACENT_M10_EVIDENCE_EVENT,NO_VALID_SIGNAL,NOT_PROVEN_BY_ANALYSIS_EVENT,neither case cleared the 55.0 bar (buy=34.7 sell=55.2),NOT_PRESENT_IN_MT5_LOG,UNVERIFIED_NO_PRODUCTION_DB_ACCESS,REQUIRES_EXPLICIT_EXECUTION_READY_EVENT,UNVERIFIED_NO_PRODUCTION_NOTIFICATION_LOG,UNVERIFIED_NO_AUTHENTICATED_OWNER_SESSION,"XAUUSD_AI_Sniper_EA_v6.25.15_FINAL (XAUUSD,M30)",38,20260720.log,41315
20260720,05:09:59.799,NOT_LOGGED_IN_EVENT,2026.07.20,NOT_LOGGED_IN_EVENT,XAUUSD,NOT_LOGGED_IN_EVENT,NONE,57.0,FRESHNESS_RECORDED_IN_ADJACENT_M10_EVIDENCE_EVENT,NO_VALID_SIGNAL,NOT_PROVEN_BY_ANALYSIS_EVENT,neither case cleared the 55.0 bar (buy=31.8 sell=57.0),NOT_PRESENT_IN_MT5_LOG,UNVERIFIED_NO_PRODUCTION_DB_ACCESS,REQUIRES_EXPLICIT_EXECUTION_READY_EVENT,UNVERIFIED_NO_PRODUCTION_NOTIFICATION_LOG,UNVERIFIED_NO_AUTHENTICATED_OWNER_SESSION,"XAUUSD_AI_Sniper_EA_v6.25.15_FINAL (XAUUSD,M30)",39,20260720.log,41748
20260720,05:19:59.870,NOT_LOGGED_IN_EVENT,2026.07.20,NOT_LOGGED_IN_EVENT,XAUUSD,NOT_LOGGED_IN_EVENT,SELL,71.6,FRESHNESS_RECORDED_IN_ADJACENT_M10_EVIDENCE_EVENT,TRANSITION_WATCH,NOT_PROVEN_BY_ANALYSIS_EVENT,"opposite case building (score=71.6 vs dominant=32.7) with real reaction evidence -- preferred direction changing, normal entry path must still confirm",NOT_PRESENT_IN_MT5_LOG,UNVERIFIED_NO_PRODUCTION_DB_ACCESS,REQUIRES_EXPLICIT_EXECUTION_READY_EVENT,UNVERIFIED_NO_PRODUCTION_NOTIFICATION_LOG,UNVERIFIED_NO_AUTHENTICATED_OWNER_SESSION,"XAUUSD_AI_Sniper_EA_v6.25.15_FINAL (XAUUSD,M30)",40,20260720.log,41984
20260720,05:29:59.834,NOT_LOGGED_IN_EVENT,2026.07.20,NOT_LOGGED_IN_EVENT,XAUUSD,NOT_LOGGED_IN_EVENT,NONE,59.6,FRESHNESS_RECORDED_IN_ADJACENT_M10_EVIDENCE_EVENT,NO_VALID_SIGNAL,NOT_PROVEN_BY_ANALYSIS_EVENT,neither case cleared the 55.0 bar (buy=36.3 sell=59.6),NOT_PRESENT_IN_MT5_LOG,UNVERIFIED_NO_PRODUCTION_DB_ACCESS,REQUIRES_EXPLICIT_EXECUTION_READY_EVENT,UNVERIFIED_NO_PRODUCTION_NOTIFICATION_LOG,UNVERIFIED_NO_AUTHENTICATED_OWNER_SESSION,"XAUUSD_AI_Sniper_EA_v6.25.15_FINAL (XAUUSD,M30)",41,20260720.log,42346
20260720,05:40:00.098,NOT_LOGGED_IN_EVENT,2026.07.20,NOT_LOGGED_IN_EVENT,XAUUSD,NOT_LOGGED_IN_EVENT,NONE,60.9,FRESHNESS_RECORDED_IN_ADJACENT_M10_EVIDENCE_EVENT,NO_VALID_SIGNAL,NOT_PROVEN_BY_ANALYSIS_EVENT,neither case cleared the 55.0 bar (buy=30.4 sell=60.9),NOT_PRESENT_IN_MT5_LOG,UNVERIFIED_NO_PRODUCTION_DB_ACCESS,REQUIRES_EXPLICIT_EXECUTION_READY_EVENT,UNVERIFIED_NO_PRODUCTION_NOTIFICATION_LOG,UNVERIFIED_NO_AUTHENTICATED_OWNER_SESSION,"XAUUSD_AI_Sniper_EA_v6.25.15_FINAL (XAUUSD,M30)",42,20260720.log,42774
20260720,05:49:59.915,NOT_LOGGED_IN_EVENT,2026.07.20,NOT_LOGGED_IN_EVENT,XAUUSD,NOT_LOGGED_IN_EVENT,SELL,72.7,FRESHNESS_RECORDED_IN_ADJACENT_M10_EVIDENCE_EVENT,TRANSITION_WATCH,NOT_PROVEN_BY_ANALYSIS_EVENT,"opposite case building (score=72.7 vs dominant=31.5) with real reaction evidence -- preferred direction changing, normal entry path must still confirm",NOT_PRESENT_IN_MT5_LOG,UNVERIFIED_NO_PRODUCTION_DB_ACCESS,REQUIRES_EXPLICIT_EXECUTION_READY_EVENT,UNVERIFIED_NO_PRODUCTION_NOTIFICATION_LOG,UNVERIFIED_NO_AUTHENTICATED_OWNER_SESSION,"XAUUSD_AI_Sniper_EA_v6.25.15_FINAL (XAUUSD,M30)",43,20260720.log,43488
20260720,05:59:59.943,NOT_LOGGED_IN_EVENT,2026.07.20,NOT_LOGGED_IN_EVENT,XAUUSD,NOT_LOGGED_IN_EVENT,SELL,74.2,FRESHNESS_RECORDED_IN_ADJACENT_M10_EVIDENCE_EVENT,TRANSITION_WATCH,NOT_PROVEN_BY_ANALYSIS_EVENT,"opposite case building (score=74.2 vs dominant=29.9) with real reaction evidence -- preferred direction changing, normal entry path must still confirm",NOT_PRESENT_IN_MT5_LOG,UNVERIFIED_NO_PRODUCTION_DB_ACCESS,REQUIRES_EXPLICIT_EXECUTION_READY_EVENT,UNVERIFIED_NO_PRODUCTION_NOTIFICATION_LOG,UNVERIFIED_NO_AUTHENTICATED_OWNER_SESSION,"XAUUSD_AI_Sniper_EA_v6.25.15_FINAL (XAUUSD,M30)",44,20260720.log,43714
20260720,06:10:00.270,NOT_LOGGED_IN_EVENT,2026.07.20,NOT_LOGGED_IN_EVENT,XAUUSD,NOT_LOGGED_IN_EVENT,SELL,89.2,FRESHNESS_RECORDED_IN_ADJACENT_M10_EVIDENCE_EVENT,TRANSITION_WATCH,NOT_PROVEN_BY_ANALYSIS_EVENT,"opposite case building (score=89.2 vs dominant=26.6) with real reaction evidence -- preferred direction changing, normal entry path must still confirm",NOT_PRESENT_IN_MT5_LOG,UNVERIFIED_NO_PRODUCTION_DB_ACCESS,REQUIRES_EXPLICIT_EXECUTION_READY_EVENT,UNVERIFIED_NO_PRODUCTION_NOTIFICATION_LOG,UNVERIFIED_NO_AUTHENTICATED_OWNER_SESSION,"XAUUSD_AI_Sniper_EA_v6.25.15_FINAL (XAUUSD,M30)",45,20260720.log,44403
20260720,06:19:59.814,NOT_LOGGED_IN_EVENT,2026.07.20,NOT_LOGGED_IN_EVENT,XAUUSD,NOT_LOGGED_IN_EVENT,SELL,87.7,FRESHNESS_RECORDED_IN_ADJACENT_M10_EVIDENCE_EVENT,TRANSITION_WATCH,NOT_PROVEN_BY_ANALYSIS_EVENT,"opposite case building (score=87.7 vs dominant=25.7) with real reaction evidence -- preferred direction changing, normal entry path must still confirm",NOT_PRESENT_IN_MT5_LOG,UNVERIFIED_NO_PRODUCTION_DB_ACCESS,REQUIRES_EXPLICIT_EXECUTION_READY_EVENT,UNVERIFIED_NO_PRODUCTION_NOTIFICATION_LOG,UNVERIFIED_NO_AUTHENTICATED_OWNER_SESSION,"XAUUSD_AI_Sniper_EA_v6.25.15_FINAL (XAUUSD,M30)",46,20260720.log,44814
20260720,06:29:59.828,NOT_LOGGED_IN_EVENT,2026.07.20,NOT_LOGGED_IN_EVENT,XAUUSD,NOT_LOGGED_IN_EVENT,SELL,89.2,FRESHNESS_RECORDED_IN_ADJACENT_M10_EVIDENCE_EVENT,TRANSITION_WATCH,NOT_PROVEN_BY_ANALYSIS_EVENT,"opposite case building (score=89.2 vs dominant=29.6) with real reaction evidence -- preferred direction changing, normal entry path must still confirm",NOT_PRESENT_IN_MT5_LOG,UNVERIFIED_NO_PRODUCTION_DB_ACCESS,REQUIRES_EXPLICIT_EXECUTION_READY_EVENT,UNVERIFIED_NO_PRODUCTION_NOTIFICATION_LOG,UNVERIFIED_NO_AUTHENTICATED_OWNER_SESSION,"XAUUSD_AI_Sniper_EA_v6.25.15_FINAL (XAUUSD,M30)",47,20260720.log,45178
20260720,06:39:59.848,NOT_LOGGED_IN_EVENT,2026.07.20,NOT_LOGGED_IN_EVENT,XAUUSD,NOT_LOGGED_IN_EVENT,SELL,87.7,FRESHNESS_RECORDED_IN_ADJACENT_M10_EVIDENCE_EVENT,TRANSITION_WATCH,NOT_PROVEN_BY_ANALYSIS_EVENT,"opposite case building (score=87.7 vs dominant=30.1) with real reaction evidence -- preferred direction changing, normal entry path must still confirm",NOT_PRESENT_IN_MT5_LOG,UNVERIFIED_NO_PRODUCTION_DB_ACCESS,REQUIRES_EXPLICIT_EXECUTION_READY_EVENT,UNVERIFIED_NO_PRODUCTION_NOTIFICATION_LOG,UNVERIFIED_NO_AUTHENTICATED_OWNER_SESSION,"XAUUSD_AI_Sniper_EA_v6.25.15_FINAL (XAUUSD,M30)",48,20260720.log,46460
20260720,06:49:59.840,NOT_LOGGED_IN_EVENT,2026.07.20,NOT_LOGGED_IN_EVENT,XAUUSD,NOT_LOGGED_IN_EVENT,SELL,82.6,FRESHNESS_RECORDED_IN_ADJACENT_M10_EVIDENCE_EVENT,SELL_CANDIDATE,NOT_PROVEN_BY_ANALYSIS_EVENT,"dominant case wins (score=82.6 vs opposite=49.6), location=LOCATION_RESET_PENDING acceptable-or-better",NOT_PRESENT_IN_MT5_LOG,UNVERIFIED_NO_PRODUCTION_DB_ACCESS,REQUIRES_EXPLICIT_EXECUTION_READY_EVENT,UNVERIFIED_NO_PRODUCTION_NOTIFICATION_LOG,UNVERIFIED_NO_AUTHENTICATED_OWNER_SESSION,"XAUUSD_AI_Sniper_EA_v6.25.15_FINAL (XAUUSD,M30)",49,20260720.log,47025
20260720,06:59:59.961,NOT_LOGGED_IN_EVENT,2026.07.20,NOT_LOGGED_IN_EVENT,XAUUSD,NOT_LOGGED_IN_EVENT,SELL,82.6,FRESHNESS_RECORDED_IN_ADJACENT_M10_EVIDENCE_EVENT,SELL_CANDIDATE,NOT_PROVEN_BY_ANALYSIS_EVENT,"dominant case wins (score=82.6 vs opposite=59.3), location=LOCATION_GOOD acceptable-or-better",NOT_PRESENT_IN_MT5_LOG,UNVERIFIED_NO_PRODUCTION_DB_ACCESS,REQUIRES_EXPLICIT_EXECUTION_READY_EVENT,UNVERIFIED_NO_PRODUCTION_NOTIFICATION_LOG,UNVERIFIED_NO_AUTHENTICATED_OWNER_SESSION,"XAUUSD_AI_Sniper_EA_v6.25.15_FINAL (XAUUSD,M30)",50,20260720.log,48092
20260720,07:09:59.872,NOT_LOGGED_IN_EVENT,2026.07.20,NOT_LOGGED_IN_EVENT,XAUUSD,NOT_LOGGED_IN_EVENT,NONE,66.7,FRESHNESS_RECORDED_IN_ADJACENT_M10_EVIDENCE_EVENT,NO_VALID_SIGNAL,NOT_PROVEN_BY_ANALYSIS_EVENT,neither case cleared the 55.0 bar (buy=34.7 sell=66.7),NOT_PRESENT_IN_MT5_LOG,UNVERIFIED_NO_PRODUCTION_DB_ACCESS,REQUIRES_EXPLICIT_EXECUTION_READY_EVENT,UNVERIFIED_NO_PRODUCTION_NOTIFICATION_LOG,UNVERIFIED_NO_AUTHENTICATED_OWNER_SESSION,"XAUUSD_AI_Sniper_EA_v6.25.15_FINAL (XAUUSD,M30)",51,20260720.log,49316
20260720,07:19:59.910,NOT_LOGGED_IN_EVENT,2026.07.20,NOT_LOGGED_IN_EVENT,XAUUSD,NOT_LOGGED_IN_EVENT,SELL,75.5,FRESHNESS_RECORDED_IN_ADJACENT_M10_EVIDENCE_EVENT,TRANSITION_WATCH,NOT_PROVEN_BY_ANALYSIS_EVENT,"opposite case building (score=75.5 vs dominant=34.0) with real reaction evidence -- preferred direction changing, normal entry path must still confirm",NOT_PRESENT_IN_MT5_LOG,UNVERIFIED_NO_PRODUCTION_DB_ACCESS,REQUIRES_EXPLICIT_EXECUTION_READY_EVENT,UNVERIFIED_NO_PRODUCTION_NOTIFICATION_LOG,UNVERIFIED_NO_AUTHENTICATED_OWNER_SESSION,"XAUUSD_AI_Sniper_EA_v6.25.15_FINAL (XAUUSD,M30)",52,20260720.log,50237
20260720,07:29:59.946,NOT_LOGGED_IN_EVENT,2026.07.20,NOT_LOGGED_IN_EVENT,XAUUSD,NOT_LOGGED_IN_EVENT,SELL,85.9,FRESHNESS_RECORDED_IN_ADJACENT_M10_EVIDENCE_EVENT,TRANSITION_WATCH,NOT_PROVEN_BY_ANALYSIS_EVENT,"opposite case building (score=85.9 vs dominant=32.9) with real reaction evidence -- preferred direction changing, normal entry path must still confirm",NOT_PRESENT_IN_MT5_LOG,UNVERIFIED_NO_PRODUCTION_DB_ACCESS,REQUIRES_EXPLICIT_EXECUTION_READY_EVENT,UNVERIFIED_NO_PRODUCTION_NOTIFICATION_LOG,UNVERIFIED_NO_AUTHENTICATED_OWNER_SESSION,"XAUUSD_AI_Sniper_EA_v6.25.15_FINAL (XAUUSD,M30)",53,20260720.log,50830
20260720,07:39:59.778,NOT_LOGGED_IN_EVENT,2026.07.20,NOT_LOGGED_IN_EVENT,XAUUSD,NOT_LOGGED_IN_EVENT,SELL,83.9,FRESHNESS_RECORDED_IN_ADJACENT_M10_EVIDENCE_EVENT,TRANSITION_WATCH,NOT_PROVEN_BY_ANALYSIS_EVENT,"opposite case building (score=83.9 vs dominant=32.5) with real reaction evidence -- preferred direction changing, normal entry path must still confirm",NOT_PRESENT_IN_MT5_LOG,UNVERIFIED_NO_PRODUCTION_DB_ACCESS,REQUIRES_EXPLICIT_EXECUTION_READY_EVENT,UNVERIFIED_NO_PRODUCTION_NOTIFICATION_LOG,UNVERIFIED_NO_AUTHENTICATED_OWNER_SESSION,"XAUUSD_AI_Sniper_EA_v6.25.15_FINAL (XAUUSD,M30)",54,20260720.log,51676
20260720,07:49:59.959,NOT_LOGGED_IN_EVENT,2026.07.20,NOT_LOGGED_IN_EVENT,XAUUSD,NOT_LOGGED_IN_EVENT,NONE,65.4,FRESHNESS_RECORDED_IN_ADJACENT_M10_EVIDENCE_EVENT,NO_VALID_SIGNAL,NOT_PROVEN_BY_ANALYSIS_EVENT,neither case cleared the 55.0 bar (buy=36.6 sell=65.4),NOT_PRESENT_IN_MT5_LOG,UNVERIFIED_NO_PRODUCTION_DB_ACCESS,REQUIRES_EXPLICIT_EXECUTION_READY_EVENT,UNVERIFIED_NO_PRODUCTION_NOTIFICATION_LOG,UNVERIFIED_NO_AUTHENTICATED_OWNER_SESSION,"XAUUSD_AI_Sniper_EA_v6.25.15_FINAL (XAUUSD,M30)",55,20260720.log,52160
20260720,07:59:59.826,NOT_LOGGED_IN_EVENT,2026.07.20,NOT_LOGGED_IN_EVENT,XAUUSD,NOT_LOGGED_IN_EVENT,SELL,77.5,FRESHNESS_RECORDED_IN_ADJACENT_M10_EVIDENCE_EVENT,TRANSITION_WATCH,NOT_PROVEN_BY_ANALYSIS_EVENT,"opposite case building (score=77.5 vs dominant=33.9) with real reaction evidence -- preferred direction changing, normal entry path must still confirm",NOT_PRESENT_IN_MT5_LOG,UNVERIFIED_NO_PRODUCTION_DB_ACCESS,REQUIRES_EXPLICIT_EXECUTION_READY_EVENT,UNVERIFIED_NO_PRODUCTION_NOTIFICATION_LOG,UNVERIFIED_NO_AUTHENTICATED_OWNER_SESSION,"XAUUSD_AI_Sniper_EA_v6.25.15_FINAL (XAUUSD,M30)",56,20260720.log,52994
20260720,08:09:59.901,NOT_LOGGED_IN_EVENT,2026.07.20,NOT_LOGGED_IN_EVENT,XAUUSD,NOT_LOGGED_IN_EVENT,NONE,65.4,FRESHNESS_RECORDED_IN_ADJACENT_M10_EVIDENCE_EVENT,NO_VALID_SIGNAL,NOT_PROVEN_BY_ANALYSIS_EVENT,neither case cleared the 55.0 bar (buy=37.9 sell=65.4),NOT_PRESENT_IN_MT5_LOG,UNVERIFIED_NO_PRODUCTION_DB_ACCESS,REQUIRES_EXPLICIT_EXECUTION_READY_EVENT,UNVERIFIED_NO_PRODUCTION_NOTIFICATION_LOG,UNVERIFIED_NO_AUTHENTICATED_OWNER_SESSION,"XAUUSD_AI_Sniper_EA_v6.25.15_FINAL (XAUUSD,M30)",57,20260720.log,53492
20260720,08:19:59.930,NOT_LOGGED_IN_EVENT,2026.07.20,NOT_LOGGED_IN_EVENT,XAUUSD,NOT_LOGGED_IN_EVENT,SELL,74.5,FRESHNESS_RECORDED_IN_ADJACENT_M10_EVIDENCE_EVENT,TRANSITION_WATCH,NOT_PROVEN_BY_ANALYSIS_EVENT,"opposite case building (score=74.5 vs dominant=32.7) with real reaction evidence -- preferred direction changing, normal entry path must still confirm",NOT_PRESENT_IN_MT5_LOG,UNVERIFIED_NO_PRODUCTION_DB_ACCESS,REQUIRES_EXPLICIT_EXECUTION_READY_EVENT,UNVERIFIED_NO_PRODUCTION_NOTIFICATION_LOG,UNVERIFIED_NO_AUTHENTICATED_OWNER_SESSION,"XAUUSD_AI_Sniper_EA_v6.25.15_FINAL (XAUUSD,M30)",58,20260720.log,54290
20260720,08:30:00.931,NOT_LOGGED_IN_EVENT,2026.07.20,NOT_LOGGED_IN_EVENT,XAUUSD,NOT_LOGGED_IN_EVENT,NONE,65.8,FRESHNESS_RECORDED_IN_ADJACENT_M10_EVIDENCE_EVENT,NO_VALID_SIGNAL,NOT_PROVEN_BY_ANALYSIS_EVENT,neither case cleared the 55.0 bar (buy=32.8 sell=65.8),NOT_PRESENT_IN_MT5_LOG,UNVERIFIED_NO_PRODUCTION_DB_ACCESS,REQUIRES_EXPLICIT_EXECUTION_READY_EVENT,UNVERIFIED_NO_PRODUCTION_NOTIFICATION_LOG,UNVERIFIED_NO_AUTHENTICATED_OWNER_SESSION,"XAUUSD_AI_Sniper_EA_v6.25.15_FINAL (XAUUSD,M30)",59,20260720.log,54893
20260720,08:39:59.812,NOT_LOGGED_IN_EVENT,2026.07.20,NOT_LOGGED_IN_EVENT,XAUUSD,NOT_LOGGED_IN_EVENT,NONE,66.1,FRESHNESS_RECORDED_IN_ADJACENT_M10_EVIDENCE_EVENT,NO_VALID_SIGNAL,NOT_PROVEN_BY_ANALYSIS_EVENT,neither case cleared the 55.0 bar (buy=42.0 sell=66.1),NOT_PRESENT_IN_MT5_LOG,UNVERIFIED_NO_PRODUCTION_DB_ACCESS,REQUIRES_EXPLICIT_EXECUTION_READY_EVENT,UNVERIFIED_NO_PRODUCTION_NOTIFICATION_LOG,UNVERIFIED_NO_AUTHENTICATED_OWNER_SESSION,"XAUUSD_AI_Sniper_EA_v6.25.15_FINAL (XAUUSD,M30)",60,20260720.log,56136
20260720,08:49:59.877,NOT_LOGGED_IN_EVENT,2026.07.20,NOT_LOGGED_IN_EVENT,XAUUSD,NOT_LOGGED_IN_EVENT,NONE,65.6,FRESHNESS_RECORDED_IN_ADJACENT_M10_EVIDENCE_EVENT,NO_VALID_SIGNAL,NOT_PROVEN_BY_ANALYSIS_EVENT,neither case cleared the 55.0 bar (buy=40.8 sell=65.6),NOT_PRESENT_IN_MT5_LOG,UNVERIFIED_NO_PRODUCTION_DB_ACCESS,REQUIRES_EXPLICIT_EXECUTION_READY_EVENT,UNVERIFIED_NO_PRODUCTION_NOTIFICATION_LOG,UNVERIFIED_NO_AUTHENTICATED_OWNER_SESSION,"XAUUSD_AI_Sniper_EA_v6.25.15_FINAL (XAUUSD,M30)",61,20260720.log,56709
20260720,08:59:59.906,NOT_LOGGED_IN_EVENT,2026.07.20,NOT_LOGGED_IN_EVENT,XAUUSD,NOT_LOGGED_IN_EVENT,NONE,65.1,FRESHNESS_RECORDED_IN_ADJACENT_M10_EVIDENCE_EVENT,NO_VALID_SIGNAL,NOT_PROVEN_BY_ANALYSIS_EVENT,neither case cleared the 55.0 bar (buy=40.9 sell=65.1),NOT_PRESENT_IN_MT5_LOG,UNVERIFIED_NO_PRODUCTION_DB_ACCESS,REQUIRES_EXPLICIT_EXECUTION_READY_EVENT,UNVERIFIED_NO_PRODUCTION_NOTIFICATION_LOG,UNVERIFIED_NO_AUTHENTICATED_OWNER_SESSION,"XAUUSD_AI_Sniper_EA_v6.25.15_FINAL (XAUUSD,M30)",62,20260720.log,57379
20260720,09:10:03.703,NOT_LOGGED_IN_EVENT,2026.07.20,NOT_LOGGED_IN_EVENT,XAUUSD,NOT_LOGGED_IN_EVENT,NONE,52.1,FRESHNESS_RECORDED_IN_ADJACENT_M10_EVIDENCE_EVENT,NO_VALID_SIGNAL,NOT_PROVEN_BY_ANALYSIS_EVENT,neither case cleared the 55.0 bar (buy=39.3 sell=52.1),NOT_PRESENT_IN_MT5_LOG,UNVERIFIED_NO_PRODUCTION_DB_ACCESS,REQUIRES_EXPLICIT_EXECUTION_READY_EVENT,UNVERIFIED_NO_PRODUCTION_NOTIFICATION_LOG,UNVERIFIED_NO_AUTHENTICATED_OWNER_SESSION,"XAUUSD_AI_Sniper_EA_v6.25.15_FINAL_BASKET_050R (XAUUSD,M5)",1,20260720.log,58699
20260720,09:19:59.827,NOT_LOGGED_IN_EVENT,2026.07.20,NOT_LOGGED_IN_EVENT,XAUUSD,NOT_LOGGED_IN_EVENT,NONE,52.7,FRESHNESS_RECORDED_IN_ADJACENT_M10_EVIDENCE_EVENT,NO_VALID_SIGNAL,NOT_PROVEN_BY_ANALYSIS_EVENT,neither case cleared the 55.0 bar (buy=37.6 sell=52.7),NOT_PRESENT_IN_MT5_LOG,UNVERIFIED_NO_PRODUCTION_DB_ACCESS,REQUIRES_EXPLICIT_EXECUTION_READY_EVENT,UNVERIFIED_NO_PRODUCTION_NOTIFICATION_LOG,UNVERIFIED_NO_AUTHENTICATED_OWNER_SESSION,"XAUUSD_AI_Sniper_EA_v6.25.15_FINAL_BASKET_050R (XAUUSD,M5)",2,20260720.log,59175
20260720,09:29:59.888,NOT_LOGGED_IN_EVENT,2026.07.20,NOT_LOGGED_IN_EVENT,XAUUSD,NOT_LOGGED_IN_EVENT,SELL,61.6,FRESHNESS_RECORDED_IN_ADJACENT_M10_EVIDENCE_EVENT,TRANSITION_WATCH,NOT_PROVEN_BY_ANALYSIS_EVENT,"opposite case building (score=61.6 vs dominant=39.6) with real reaction evidence -- preferred direction changing, normal entry path must still confirm",NOT_PRESENT_IN_MT5_LOG,UNVERIFIED_NO_PRODUCTION_DB_ACCESS,REQUIRES_EXPLICIT_EXECUTION_READY_EVENT,UNVERIFIED_NO_PRODUCTION_NOTIFICATION_LOG,UNVERIFIED_NO_AUTHENTICATED_OWNER_SESSION,"XAUUSD_AI_Sniper_EA_v6.25.15_FINAL_BASKET_050R (XAUUSD,M5)",3,20260720.log,59812
20260720,09:39:59.858,NOT_LOGGED_IN_EVENT,2026.07.20,NOT_LOGGED_IN_EVENT,XAUUSD,NOT_LOGGED_IN_EVENT,NONE,52.8,FRESHNESS_RECORDED_IN_ADJACENT_M10_EVIDENCE_EVENT,NO_VALID_SIGNAL,NOT_PROVEN_BY_ANALYSIS_EVENT,neither case cleared the 55.0 bar (buy=38.6 sell=52.8),NOT_PRESENT_IN_MT5_LOG,UNVERIFIED_NO_PRODUCTION_DB_ACCESS,REQUIRES_EXPLICIT_EXECUTION_READY_EVENT,UNVERIFIED_NO_PRODUCTION_NOTIFICATION_LOG,UNVERIFIED_NO_AUTHENTICATED_OWNER_SESSION,"XAUUSD_AI_Sniper_EA_v6.25.15_FINAL_BASKET_050R (XAUUSD,M5)",4,20260720.log,60520
20260720,09:49:59.848,NOT_LOGGED_IN_EVENT,2026.07.20,NOT_LOGGED_IN_EVENT,XAUUSD,NOT_LOGGED_IN_EVENT,SELL,60.8,FRESHNESS_RECORDED_IN_ADJACENT_M10_EVIDENCE_EVENT,TRANSITION_WATCH,NOT_PROVEN_BY_ANALYSIS_EVENT,"opposite case building (score=60.8 vs dominant=39.4) with real reaction evidence -- preferred direction changing, normal entry path must still confirm",NOT_PRESENT_IN_MT5_LOG,UNVERIFIED_NO_PRODUCTION_DB_ACCESS,REQUIRES_EXPLICIT_EXECUTION_READY_EVENT,UNVERIFIED_NO_PRODUCTION_NOTIFICATION_LOG,UNVERIFIED_NO_AUTHENTICATED_OWNER_SESSION,"XAUUSD_AI_Sniper_EA_v6.25.15_FINAL_BASKET_050R (XAUUSD,M5)",5,20260720.log,60917
20260720,09:59:59.849,NOT_LOGGED_IN_EVENT,2026.07.20,NOT_LOGGED_IN_EVENT,XAUUSD,NOT_LOGGED_IN_EVENT,SELL,70.6,FRESHNESS_RECORDED_IN_ADJACENT_M10_EVIDENCE_EVENT,TRANSITION_WATCH,NOT_PROVEN_BY_ANALYSIS_EVENT,"opposite case building (score=70.6 vs dominant=35.7) with real reaction evidence -- preferred direction changing, normal entry path must still confirm",NOT_PRESENT_IN_MT5_LOG,UNVERIFIED_NO_PRODUCTION_DB_ACCESS,REQUIRES_EXPLICIT_EXECUTION_READY_EVENT,UNVERIFIED_NO_PRODUCTION_NOTIFICATION_LOG,UNVERIFIED_NO_AUTHENTICATED_OWNER_SESSION,"XAUUSD_AI_Sniper_EA_v6.25.15_FINAL_BASKET_050R (XAUUSD,M5)",6,20260720.log,61456
20260720,10:09:59.949,NOT_LOGGED_IN_EVENT,2026.07.20,NOT_LOGGED_IN_EVENT,XAUUSD,NOT_LOGGED_IN_EVENT,NONE,41.9,FRESHNESS_RECORDED_IN_ADJACENT_M10_EVIDENCE_EVENT,TRANSITION_WATCH,NOT_PROVEN_BY_ANALYSIS_EVENT,"buyCaseScore=45.6 sellCaseScore=53.8 -- too close to call, evidence conflicted",NOT_PRESENT_IN_MT5_LOG,UNVERIFIED_NO_PRODUCTION_DB_ACCESS,REQUIRES_EXPLICIT_EXECUTION_READY_EVENT,UNVERIFIED_NO_PRODUCTION_NOTIFICATION_LOG,UNVERIFIED_NO_AUTHENTICATED_OWNER_SESSION,"XAUUSD_AI_Sniper_EA_v6.25.15_FINAL_BASKET_050R (XAUUSD,M5)",7,20260720.log,62359
20260720,10:19:59.847,NOT_LOGGED_IN_EVENT,2026.07.20,NOT_LOGGED_IN_EVENT,XAUUSD,NOT_LOGGED_IN_EVENT,NONE,60.8,FRESHNESS_RECORDED_IN_ADJACENT_M10_EVIDENCE_EVENT,NO_VALID_SIGNAL,NOT_PROVEN_BY_ANALYSIS_EVENT,neither case cleared the 55.0 bar (buy=35.2 sell=60.8),NOT_PRESENT_IN_MT5_LOG,UNVERIFIED_NO_PRODUCTION_DB_ACCESS,REQUIRES_EXPLICIT_EXECUTION_READY_EVENT,UNVERIFIED_NO_PRODUCTION_NOTIFICATION_LOG,UNVERIFIED_NO_AUTHENTICATED_OWNER_SESSION,"XAUUSD_AI_Sniper_EA_v6.25.15_FINAL_BASKET_050R (XAUUSD,M5)",8,20260720.log,62707
20260720,10:22:10.286,NOT_LOGGED_IN_EVENT,2026.07.20,NOT_LOGGED_IN_EVENT,XAUUSD,NOT_LOGGED_IN_EVENT,NONE,51.0,FRESHNESS_RECORDED_IN_ADJACENT_M10_EVIDENCE_EVENT,NO_VALID_SIGNAL,NOT_PROVEN_BY_ANALYSIS_EVENT,neither case cleared the 55.0 bar (buy=31.8 sell=51.0),NOT_PRESENT_IN_MT5_LOG,UNVERIFIED_NO_PRODUCTION_DB_ACCESS,REQUIRES_EXPLICIT_EXECUTION_READY_EVENT,UNVERIFIED_NO_PRODUCTION_NOTIFICATION_LOG,UNVERIFIED_NO_AUTHENTICATED_OWNER_SESSION,"XAUUSD_AI_Sniper_EA_v6.25.15_FINAL_BASKET_050R_AUDIT_FIXED (XAUUSD,M5)",1,20260720.log,63141
20260720,10:29:59.907,NOT_LOGGED_IN_EVENT,2026.07.20,NOT_LOGGED_IN_EVENT,XAUUSD,NOT_LOGGED_IN_EVENT,NONE,53.4,FRESHNESS_RECORDED_IN_ADJACENT_M10_EVIDENCE_EVENT,NO_VALID_SIGNAL,NOT_PROVEN_BY_ANALYSIS_EVENT,neither case cleared the 55.0 bar (buy=31.3 sell=53.4),NOT_PRESENT_IN_MT5_LOG,UNVERIFIED_NO_PRODUCTION_DB_ACCESS,REQUIRES_EXPLICIT_EXECUTION_READY_EVENT,UNVERIFIED_NO_PRODUCTION_NOTIFICATION_LOG,UNVERIFIED_NO_AUTHENTICATED_OWNER_SESSION,"XAUUSD_AI_Sniper_EA_v6.25.15_FINAL_BASKET_050R_AUDIT_FIXED (XAUUSD,M5)",2,20260720.log,63567
20260720,10:39:59.914,NOT_LOGGED_IN_EVENT,2026.07.20,NOT_LOGGED_IN_EVENT,XAUUSD,NOT_LOGGED_IN_EVENT,NONE,55.5,FRESHNESS_RECORDED_IN_ADJACENT_M10_EVIDENCE_EVENT,NO_VALID_SIGNAL,NOT_PROVEN_BY_ANALYSIS_EVENT,neither case cleared the 55.0 bar (buy=28.4 sell=55.5),NOT_PRESENT_IN_MT5_LOG,UNVERIFIED_NO_PRODUCTION_DB_ACCESS,REQUIRES_EXPLICIT_EXECUTION_READY_EVENT,UNVERIFIED_NO_PRODUCTION_NOTIFICATION_LOG,UNVERIFIED_NO_AUTHENTICATED_OWNER_SESSION,"XAUUSD_AI_Sniper_EA_v6.25.15_FINAL_BASKET_050R_AUDIT_FIXED (XAUUSD,M5)",3,20260720.log,63990
20260720,10:49:59.867,NOT_LOGGED_IN_EVENT,2026.07.20,NOT_LOGGED_IN_EVENT,XAUUSD,NOT_LOGGED_IN_EVENT,NONE,53.0,FRESHNESS_RECORDED_IN_ADJACENT_M10_EVIDENCE_EVENT,NO_VALID_SIGNAL,NOT_PROVEN_BY_ANALYSIS_EVENT,neither case cleared the 55.0 bar (buy=31.8 sell=53.0),NOT_PRESENT_IN_MT5_LOG,UNVERIFIED_NO_PRODUCTION_DB_ACCESS,REQUIRES_EXPLICIT_EXECUTION_READY_EVENT,UNVERIFIED_NO_PRODUCTION_NOTIFICATION_LOG,UNVERIFIED_NO_AUTHENTICATED_OWNER_SESSION,"XAUUSD_AI_Sniper_EA_v6.25.15_FINAL_BASKET_050R_AUDIT_FIXED (XAUUSD,M5)",4,20260720.log,64656
20260720,10:59:59.927,NOT_LOGGED_IN_EVENT,2026.07.20,NOT_LOGGED_IN_EVENT,XAUUSD,NOT_LOGGED_IN_EVENT,NONE,51.6,FRESHNESS_RECORDED_IN_ADJACENT_M10_EVIDENCE_EVENT,NO_VALID_SIGNAL,NOT_PROVEN_BY_ANALYSIS_EVENT,neither case cleared the 55.0 bar (buy=27.8 sell=51.6),NOT_PRESENT_IN_MT5_LOG,UNVERIFIED_NO_PRODUCTION_DB_ACCESS,REQUIRES_EXPLICIT_EXECUTION_READY_EVENT,UNVERIFIED_NO_PRODUCTION_NOTIFICATION_LOG,UNVERIFIED_NO_AUTHENTICATED_OWNER_SESSION,"XAUUSD_AI_Sniper_EA_v6.25.15_FINAL_BASKET_050R_AUDIT_FIXED (XAUUSD,M5)",5,20260720.log,65040
20260720,11:09:59.899,NOT_LOGGED_IN_EVENT,2026.07.20,NOT_LOGGED_IN_EVENT,XAUUSD,NOT_LOGGED_IN_EVENT,SELL,60.3,FRESHNESS_RECORDED_IN_ADJACENT_M10_EVIDENCE_EVENT,TRANSITION_WATCH,NOT_PROVEN_BY_ANALYSIS_EVENT,"opposite case building (score=60.3 vs dominant=28.5) with real reaction evidence -- preferred direction changing, normal entry path must still confirm",NOT_PRESENT_IN_MT5_LOG,UNVERIFIED_NO_PRODUCTION_DB_ACCESS,REQUIRES_EXPLICIT_EXECUTION_READY_EVENT,UNVERIFIED_NO_PRODUCTION_NOTIFICATION_LOG,UNVERIFIED_NO_AUTHENTICATED_OWNER_SESSION,"XAUUSD_AI_Sniper_EA_v6.25.15_FINAL_BASKET_050R_AUDIT_FIXED (XAUUSD,M5)",6,20260720.log,65679
20260720,11:19:59.996,NOT_LOGGED_IN_EVENT,2026.07.20,NOT_LOGGED_IN_EVENT,XAUUSD,NOT_LOGGED_IN_EVENT,SELL,62.1,FRESHNESS_RECORDED_IN_ADJACENT_M10_EVIDENCE_EVENT,TRANSITION_WATCH,NOT_PROVEN_BY_ANALYSIS_EVENT,"opposite case building (score=62.1 vs dominant=29.9) with real reaction evidence -- preferred direction changing, normal entry path must still confirm",NOT_PRESENT_IN_MT5_LOG,UNVERIFIED_NO_PRODUCTION_DB_ACCESS,REQUIRES_EXPLICIT_EXECUTION_READY_EVENT,UNVERIFIED_NO_PRODUCTION_NOTIFICATION_LOG,UNVERIFIED_NO_AUTHENTICATED_OWNER_SESSION,"XAUUSD_AI_Sniper_EA_v6.25.15_FINAL_BASKET_050R_AUDIT_FIXED (XAUUSD,M5)",7,20260720.log,65923
20260720,11:29:59.875,NOT_LOGGED_IN_EVENT,2026.07.20,NOT_LOGGED_IN_EVENT,XAUUSD,NOT_LOGGED_IN_EVENT,NONE,54.0,FRESHNESS_RECORDED_IN_ADJACENT_M10_EVIDENCE_EVENT,NO_VALID_SIGNAL,NOT_PROVEN_BY_ANALYSIS_EVENT,neither case cleared the 55.0 bar (buy=34.1 sell=54.0),NOT_PRESENT_IN_MT5_LOG,UNVERIFIED_NO_PRODUCTION_DB_ACCESS,REQUIRES_EXPLICIT_EXECUTION_READY_EVENT,UNVERIFIED_NO_PRODUCTION_NOTIFICATION_LOG,UNVERIFIED_NO_AUTHENTICATED_OWNER_SESSION,"XAUUSD_AI_Sniper_EA_v6.25.15_FINAL_BASKET_050R_AUDIT_FIXED (XAUUSD,M5)",8,20260720.log,66248
20260720,11:35:22.793,NOT_LOGGED_IN_EVENT,2026.07.20,NOT_LOGGED_IN_EVENT,XAUUSD,NOT_LOGGED_IN_EVENT,NONE,50.6,FRESHNESS_RECORDED_IN_ADJACENT_M10_EVIDENCE_EVENT,NO_VALID_SIGNAL,NOT_PROVEN_BY_ANALYSIS_EVENT,neither case cleared the 55.0 bar (buy=30.5 sell=50.6),NOT_PRESENT_IN_MT5_LOG,UNVERIFIED_NO_PRODUCTION_DB_ACCESS,REQUIRES_EXPLICIT_EXECUTION_READY_EVENT,UNVERIFIED_NO_PRODUCTION_NOTIFICATION_LOG,UNVERIFIED_NO_AUTHENTICATED_OWNER_SESSION,"XAUUSD_AI_Sniper_EA_v6.25.15_FINAL_BASKET_050R_AUDIT_FIXED_M30_DEFAULT (XAUUSD,M5)",1,20260720.log,66769
20260720,11:36:48.924,NOT_LOGGED_IN_EVENT,2026.07.20,NOT_LOGGED_IN_EVENT,XAUUSD,NOT_LOGGED_IN_EVENT,NONE,50.6,FRESHNESS_RECORDED_IN_ADJACENT_M10_EVIDENCE_EVENT,NO_VALID_SIGNAL,NOT_PROVEN_BY_ANALYSIS_EVENT,neither case cleared the 55.0 bar (buy=30.5 sell=50.6),NOT_PRESENT_IN_MT5_LOG,UNVERIFIED_NO_PRODUCTION_DB_ACCESS,REQUIRES_EXPLICIT_EXECUTION_READY_EVENT,UNVERIFIED_NO_PRODUCTION_NOTIFICATION_LOG,UNVERIFIED_NO_AUTHENTICATED_OWNER_SESSION,"XAUUSD_AI_Sniper_EA_v6.25.15_FINAL_BASKET_050R_AUDIT_FIXED_M30_DEFAULT (XAUUSD,M5)",1,20260720.log,67198
20260720,11:40:00.320,NOT_LOGGED_IN_EVENT,2026.07.20,NOT_LOGGED_IN_EVENT,XAUUSD,NOT_LOGGED_IN_EVENT,NONE,54.8,FRESHNESS_RECORDED_IN_ADJACENT_M10_EVIDENCE_EVENT,NO_VALID_SIGNAL,NOT_PROVEN_BY_ANALYSIS_EVENT,neither case cleared the 55.0 bar (buy=41.3 sell=54.8),NOT_PRESENT_IN_MT5_LOG,UNVERIFIED_NO_PRODUCTION_DB_ACCESS,REQUIRES_EXPLICIT_EXECUTION_READY_EVENT,UNVERIFIED_NO_PRODUCTION_NOTIFICATION_LOG,UNVERIFIED_NO_AUTHENTICATED_OWNER_SESSION,"XAUUSD_AI_Sniper_EA_v6.25.15_FINAL_BASKET_050R_AUDIT_FIXED_M30_DEFAULT (XAUUSD,M5)",2,20260720.log,67545
20260720,11:50:00.186,NOT_LOGGED_IN_EVENT,2026.07.20,NOT_LOGGED_IN_EVENT,XAUUSD,NOT_LOGGED_IN_EVENT,NONE,45.3,FRESHNESS_RECORDED_IN_ADJACENT_M10_EVIDENCE_EVENT,TRANSITION_WATCH,NOT_PROVEN_BY_ANALYSIS_EVENT,"buyCaseScore=41.3 sellCaseScore=45.9 -- too close to call, evidence conflicted",NOT_PRESENT_IN_MT5_LOG,UNVERIFIED_NO_PRODUCTION_DB_ACCESS,REQUIRES_EXPLICIT_EXECUTION_READY_EVENT,UNVERIFIED_NO_PRODUCTION_NOTIFICATION_LOG,UNVERIFIED_NO_AUTHENTICATED_OWNER_SESSION,"XAUUSD_AI_Sniper_EA_v6.25.15_FINAL_BASKET_050R_AUDIT_FIXED_M30_DEFAULT (XAUUSD,M5)",3,20260720.log,67933
20260720,11:59:59.940,NOT_LOGGED_IN_EVENT,2026.07.20,NOT_LOGGED_IN_EVENT,XAUUSD,NOT_LOGGED_IN_EVENT,BUY,64.8,FRESHNESS_RECORDED_IN_ADJACENT_M10_EVIDENCE_EVENT,TRANSITION_WATCH,NOT_PROVEN_BY_ANALYSIS_EVENT,"opposite case building (score=64.8 vs dominant=45.9) with real reaction evidence -- preferred direction changing, normal entry path must still confirm",NOT_PRESENT_IN_MT5_LOG,UNVERIFIED_NO_PRODUCTION_DB_ACCESS,REQUIRES_EXPLICIT_EXECUTION_READY_EVENT,UNVERIFIED_NO_PRODUCTION_NOTIFICATION_LOG,UNVERIFIED_NO_AUTHENTICATED_OWNER_SESSION,"XAUUSD_AI_Sniper_EA_v6.25.15_FINAL_BASKET_050R_AUDIT_FIXED_M30_DEFAULT (XAUUSD,M5)",4,20260720.log,68256
20260720,12:10:00.008,NOT_LOGGED_IN_EVENT,2026.07.20,NOT_LOGGED_IN_EVENT,XAUUSD,NOT_LOGGED_IN_EVENT,NONE,42.3,FRESHNESS_RECORDED_IN_ADJACENT_M10_EVIDENCE_EVENT,TRANSITION_WATCH,NOT_PROVEN_BY_ANALYSIS_EVENT,"buyCaseScore=42.6 sellCaseScore=50.3 -- too close to call, evidence conflicted",NOT_PRESENT_IN_MT5_LOG,UNVERIFIED_NO_PRODUCTION_DB_ACCESS,REQUIRES_EXPLICIT_EXECUTION_READY_EVENT,UNVERIFIED_NO_PRODUCTION_NOTIFICATION_LOG,UNVERIFIED_NO_AUTHENTICATED_OWNER_SESSION,"XAUUSD_AI_Sniper_EA_v6.25.15_FINAL_BASKET_050R_AUDIT_FIXED_M30_DEFAULT (XAUUSD,M5)",5,20260720.log,68858
20260720,12:20:00.632,NOT_LOGGED_IN_EVENT,2026.07.20,NOT_LOGGED_IN_EVENT,XAUUSD,NOT_LOGGED_IN_EVENT,NONE,41.5,FRESHNESS_RECORDED_IN_ADJACENT_M10_EVIDENCE_EVENT,TRANSITION_WATCH,NOT_PROVEN_BY_ANALYSIS_EVENT,"buyCaseScore=45.5 sellCaseScore=54.0 -- too close to call, evidence conflicted",NOT_PRESENT_IN_MT5_LOG,UNVERIFIED_NO_PRODUCTION_DB_ACCESS,REQUIRES_EXPLICIT_EXECUTION_READY_EVENT,UNVERIFIED_NO_PRODUCTION_NOTIFICATION_LOG,UNVERIFIED_NO_AUTHENTICATED_OWNER_SESSION,"XAUUSD_AI_Sniper_EA_v6.25.15_FINAL_BASKET_050R_AUDIT_FIXED_M30_DEFAULT (XAUUSD,M5)",6,20260720.log,69238
20260720,12:30:00.094,NOT_LOGGED_IN_EVENT,2026.07.20,NOT_LOGGED_IN_EVENT,XAUUSD,NOT_LOGGED_IN_EVENT,NONE,41.2,FRESHNESS_RECORDED_IN_ADJACENT_M10_EVIDENCE_EVENT,TRANSITION_WATCH,NOT_PROVEN_BY_ANALYSIS_EVENT,"buyCaseScore=45.2 sellCaseScore=53.9 -- too close to call, evidence conflicted",NOT_PRESENT_IN_MT5_LOG,UNVERIFIED_NO_PRODUCTION_DB_ACCESS,REQUIRES_EXPLICIT_EXECUTION_READY_EVENT,UNVERIFIED_NO_PRODUCTION_NOTIFICATION_LOG,UNVERIFIED_NO_AUTHENTICATED_OWNER_SESSION,"XAUUSD_AI_Sniper_EA_v6.25.15_FINAL_BASKET_050R_AUDIT_FIXED_M30_DEFAULT (XAUUSD,M5)",7,20260720.log,69594
20260720,12:40:00.048,NOT_LOGGED_IN_EVENT,2026.07.20,NOT_LOGGED_IN_EVENT,XAUUSD,NOT_LOGGED_IN_EVENT,NONE,42.4,FRESHNESS_RECORDED_IN_ADJACENT_M10_EVIDENCE_EVENT,TRANSITION_WATCH,NOT_PROVEN_BY_ANALYSIS_EVENT,"buyCaseScore=44.5 sellCaseScore=52.1 -- too close to call, evidence conflicted",NOT_PRESENT_IN_MT5_LOG,UNVERIFIED_NO_PRODUCTION_DB_ACCESS,REQUIRES_EXPLICIT_EXECUTION_READY_EVENT,UNVERIFIED_NO_PRODUCTION_NOTIFICATION_LOG,UNVERIFIED_NO_AUTHENTICATED_OWNER_SESSION,"XAUUSD_AI_Sniper_EA_v6.25.15_FINAL_BASKET_050R_AUDIT_FIXED_M30_DEFAULT (XAUUSD,M5)",8,20260720.log,71106
20260720,12:50:00.083,NOT_LOGGED_IN_EVENT,2026.07.20,NOT_LOGGED_IN_EVENT,XAUUSD,NOT_LOGGED_IN_EVENT,NONE,44.9,FRESHNESS_RECORDED_IN_ADJACENT_M10_EVIDENCE_EVENT,TRANSITION_WATCH,NOT_PROVEN_BY_ANALYSIS_EVENT,"buyCaseScore=58.4 sellCaseScore=53.3 -- too close to call, evidence conflicted",NOT_PRESENT_IN_MT5_LOG,UNVERIFIED_NO_PRODUCTION_DB_ACCESS,REQUIRES_EXPLICIT_EXECUTION_READY_EVENT,UNVERIFIED_NO_PRODUCTION_NOTIFICATION_LOG,UNVERIFIED_NO_AUTHENTICATED_OWNER_SESSION,"XAUUSD_AI_Sniper_EA_v6.25.15_FINAL_BASKET_050R_AUDIT_FIXED_M30_DEFAULT (XAUUSD,M5)",9,20260720.log,71646
20260720,12:59:59.892,NOT_LOGGED_IN_EVENT,2026.07.20,NOT_LOGGED_IN_EVENT,XAUUSD,NOT_LOGGED_IN_EVENT,SELL,57.8,FRESHNESS_RECORDED_IN_ADJACENT_M10_EVIDENCE_EVENT,SELL_CANDIDATE,NOT_PROVEN_BY_ANALYSIS_EVENT,"dominant case wins (score=57.8 vs opposite=42.8), location=LOCATION_EXCELLENT acceptable-or-better",NOT_PRESENT_IN_MT5_LOG,UNVERIFIED_NO_PRODUCTION_DB_ACCESS,REQUIRES_EXPLICIT_EXECUTION_READY_EVENT,UNVERIFIED_NO_PRODUCTION_NOTIFICATION_LOG,UNVERIFIED_NO_AUTHENTICATED_OWNER_SESSION,"XAUUSD_AI_Sniper_EA_v6.25.15_FINAL_BASKET_050R_AUDIT_FIXED_M30_DEFAULT (XAUUSD,M5)",10,20260720.log,72678
20260720,13:09:59.940,NOT_LOGGED_IN_EVENT,2026.07.20,NOT_LOGGED_IN_EVENT,XAUUSD,NOT_LOGGED_IN_EVENT,SELL,65.4,FRESHNESS_RECORDED_IN_ADJACENT_M10_EVIDENCE_EVENT,SELL_CANDIDATE,NOT_PROVEN_BY_ANALYSIS_EVENT,"dominant case wins (score=65.4 vs opposite=37.5), location=LOCATION_ACCEPTABLE acceptable-or-better",NOT_PRESENT_IN_MT5_LOG,UNVERIFIED_NO_PRODUCTION_DB_ACCESS,REQUIRES_EXPLICIT_EXECUTION_READY_EVENT,UNVERIFIED_NO_PRODUCTION_NOTIFICATION_LOG,UNVERIFIED_NO_AUTHENTICATED_OWNER_SESSION,"XAUUSD_AI_Sniper_EA_v6.25.15_FINAL_BASKET_050R_AUDIT_FIXED_M30_DEFAULT (XAUUSD,M5)",11,20260720.log,73314
20260720,13:19:59.843,NOT_LOGGED_IN_EVENT,2026.07.20,NOT_LOGGED_IN_EVENT,XAUUSD,NOT_LOGGED_IN_EVENT,SELL,69.9,FRESHNESS_RECORDED_IN_ADJACENT_M10_EVIDENCE_EVENT,SELL_CANDIDATE,NOT_PROVEN_BY_ANALYSIS_EVENT,"dominant case wins (score=69.9 vs opposite=39.5), location=LOCATION_ACCEPTABLE acceptable-or-better",NOT_PRESENT_IN_MT5_LOG,UNVERIFIED_NO_PRODUCTION_DB_ACCESS,REQUIRES_EXPLICIT_EXECUTION_READY_EVENT,UNVERIFIED_NO_PRODUCTION_NOTIFICATION_LOG,UNVERIFIED_NO_AUTHENTICATED_OWNER_SESSION,"XAUUSD_AI_Sniper_EA_v6.25.15_FINAL_BASKET_050R_AUDIT_FIXED_M30_DEFAULT (XAUUSD,M5)",12,20260720.log,74222
20260720,13:29:59.861,NOT_LOGGED_IN_EVENT,2026.07.20,NOT_LOGGED_IN_EVENT,XAUUSD,NOT_LOGGED_IN_EVENT,SELL,70.7,FRESHNESS_RECORDED_IN_ADJACENT_M10_EVIDENCE_EVENT,SELL_CANDIDATE,NOT_PROVEN_BY_ANALYSIS_EVENT,"dominant case wins (score=70.7 vs opposite=38.2), location=LOCATION_ACCEPTABLE acceptable-or-better",NOT_PRESENT_IN_MT5_LOG,UNVERIFIED_NO_PRODUCTION_DB_ACCESS,REQUIRES_EXPLICIT_EXECUTION_READY_EVENT,UNVERIFIED_NO_PRODUCTION_NOTIFICATION_LOG,UNVERIFIED_NO_AUTHENTICATED_OWNER_SESSION,"XAUUSD_AI_Sniper_EA_v6.25.15_FINAL_BASKET_050R_AUDIT_FIXED_M30_DEFAULT (XAUUSD,M5)",13,20260720.log,74572
20260720,13:40:00.842,NOT_LOGGED_IN_EVENT,2026.07.20,NOT_LOGGED_IN_EVENT,XAUUSD,NOT_LOGGED_IN_EVENT,SELL,73.6,FRESHNESS_RECORDED_IN_ADJACENT_M10_EVIDENCE_EVENT,SELL_CANDIDATE,NOT_PROVEN_BY_ANALYSIS_EVENT,"dominant case wins (score=73.6 vs opposite=36.3), location=LOCATION_ACCEPTABLE acceptable-or-better",NOT_PRESENT_IN_MT5_LOG,UNVERIFIED_NO_PRODUCTION_DB_ACCESS,REQUIRES_EXPLICIT_EXECUTION_READY_EVENT,UNVERIFIED_NO_PRODUCTION_NOTIFICATION_LOG,UNVERIFIED_NO_AUTHENTICATED_OWNER_SESSION,"XAUUSD_AI_Sniper_EA_v6.25.15_FINAL_BASKET_050R_AUDIT_FIXED_M30_DEFAULT (XAUUSD,M5)",14,20260720.log,77137
20260720,13:50:00.086,NOT_LOGGED_IN_EVENT,2026.07.20,NOT_LOGGED_IN_EVENT,XAUUSD,NOT_LOGGED_IN_EVENT,SELL,70.0,FRESHNESS_RECORDED_IN_ADJACENT_M10_EVIDENCE_EVENT,SELL_CANDIDATE,NOT_PROVEN_BY_ANALYSIS_EVENT,"dominant case wins (score=70.0 vs opposite=36.2), location=LOCATION_ACCEPTABLE acceptable-or-better",NOT_PRESENT_IN_MT5_LOG,UNVERIFIED_NO_PRODUCTION_DB_ACCESS,REQUIRES_EXPLICIT_EXECUTION_READY_EVENT,UNVERIFIED_NO_PRODUCTION_NOTIFICATION_LOG,UNVERIFIED_NO_AUTHENTICATED_OWNER_SESSION,"XAUUSD_AI_Sniper_EA_v6.25.15_FINAL_BASKET_050R_AUDIT_FIXED_M30_DEFAULT (XAUUSD,M5)",15,20260720.log,80504
20260720,14:00:00.139,NOT_LOGGED_IN_EVENT,2026.07.20,NOT_LOGGED_IN_EVENT,XAUUSD,NOT_LOGGED_IN_EVENT,SELL,59.3,FRESHNESS_RECORDED_IN_ADJACENT_M10_EVIDENCE_EVENT,WAIT_FOR_SELL_RETRACE,NOT_PROVEN_BY_ANALYSIS_EVENT,"dominant case wins (score=59.3) but location=LOCATION_LATE -- valid direction, poor entry price, wait for retrace",NOT_PRESENT_IN_MT5_LOG,UNVERIFIED_NO_PRODUCTION_DB_ACCESS,REQUIRES_EXPLICIT_EXECUTION_READY_EVENT,UNVERIFIED_NO_PRODUCTION_NOTIFICATION_LOG,UNVERIFIED_NO_AUTHENTICATED_OWNER_SESSION,"XAUUSD_AI_Sniper_EA_v6.25.15_FINAL_BASKET_050R_AUDIT_FIXED_M30_DEFAULT (XAUUSD,M5)",16,20260720.log,83580
20260720,14:10:00.096,NOT_LOGGED_IN_EVENT,2026.07.20,NOT_LOGGED_IN_EVENT,XAUUSD,NOT_LOGGED_IN_EVENT,SELL,54.7,FRESHNESS_RECORDED_IN_ADJACENT_M10_EVIDENCE_EVENT,TREND_CONTINUATION_NO_ENTRY_YET,NOT_PROVEN_BY_ANALYSIS_EVENT,neither case cleared the 55.0 bar (buy=41.5 sell=54.7),NOT_PRESENT_IN_MT5_LOG,UNVERIFIED_NO_PRODUCTION_DB_ACCESS,REQUIRES_EXPLICIT_EXECUTION_READY_EVENT,UNVERIFIED_NO_PRODUCTION_NOTIFICATION_LOG,UNVERIFIED_NO_AUTHENTICATED_OWNER_SESSION,"XAUUSD_AI_Sniper_EA_v6.25.15_FINAL_BASKET_050R_AUDIT_FIXED_M30_DEFAULT (XAUUSD,M5)",17,20260720.log,86984
20260720,14:20:00.057,NOT_LOGGED_IN_EVENT,2026.07.20,NOT_LOGGED_IN_EVENT,XAUUSD,NOT_LOGGED_IN_EVENT,SELL,57.6,FRESHNESS_RECORDED_IN_ADJACENT_M10_EVIDENCE_EVENT,SELL_CANDIDATE,NOT_PROVEN_BY_ANALYSIS_EVENT,"dominant case wins (score=57.6 vs opposite=32.2), location=LOCATION_GOOD acceptable-or-better",NOT_PRESENT_IN_MT5_LOG,UNVERIFIED_NO_PRODUCTION_DB_ACCESS,REQUIRES_EXPLICIT_EXECUTION_READY_EVENT,UNVERIFIED_NO_PRODUCTION_NOTIFICATION_LOG,UNVERIFIED_NO_AUTHENTICATED_OWNER_SESSION,"XAUUSD_AI_Sniper_EA_v6.25.15_FINAL_BASKET_050R_AUDIT_FIXED_M30_DEFAULT (XAUUSD,M5)",18,20260720.log,90330
20260720,14:30:00.071,NOT_LOGGED_IN_EVENT,2026.07.20,NOT_LOGGED_IN_EVENT,XAUUSD,NOT_LOGGED_IN_EVENT,SELL,48.4,FRESHNESS_RECORDED_IN_ADJACENT_M10_EVIDENCE_EVENT,TREND_CONTINUATION_NO_ENTRY_YET,NOT_PROVEN_BY_ANALYSIS_EVENT,neither case cleared the 55.0 bar (buy=33.9 sell=48.4),NOT_PRESENT_IN_MT5_LOG,UNVERIFIED_NO_PRODUCTION_DB_ACCESS,REQUIRES_EXPLICIT_EXECUTION_READY_EVENT,UNVERIFIED_NO_PRODUCTION_NOTIFICATION_LOG,UNVERIFIED_NO_AUTHENTICATED_OWNER_SESSION,"XAUUSD_AI_Sniper_EA_v6.25.15_FINAL_BASKET_050R_AUDIT_FIXED_M30_DEFAULT (XAUUSD,M5)",19,20260720.log,93652
20260720,14:40:00.064,NOT_LOGGED_IN_EVENT,2026.07.20,NOT_LOGGED_IN_EVENT,XAUUSD,NOT_LOGGED_IN_EVENT,BUY,71.9,FRESHNESS_RECORDED_IN_ADJACENT_M10_EVIDENCE_EVENT,TRANSITION_WATCH,NOT_PROVEN_BY_ANALYSIS_EVENT,"opposite case building (score=71.9 vs dominant=42.0) with real reaction evidence -- preferred direction changing, normal entry path must still confirm",NOT_PRESENT_IN_MT5_LOG,UNVERIFIED_NO_PRODUCTION_DB_ACCESS,REQUIRES_EXPLICIT_EXECUTION_READY_EVENT,UNVERIFIED_NO_PRODUCTION_NOTIFICATION_LOG,UNVERIFIED_NO_AUTHENTICATED_OWNER_SESSION,"XAUUSD_AI_Sniper_EA_v6.25.15_FINAL_BASKET_050R_AUDIT_FIXED_M30_DEFAULT (XAUUSD,M5)",20,20260720.log,96960
20260720,14:44:52.072,NOT_LOGGED_IN_EVENT,2026.07.20,NOT_LOGGED_IN_EVENT,XAUUSD,NOT_LOGGED_IN_EVENT,NONE,49.1,FRESHNESS_RECORDED_IN_ADJACENT_M10_EVIDENCE_EVENT,TRANSITION_WATCH,NOT_PROVEN_BY_ANALYSIS_EVENT,"buyCaseScore=47.5 sellCaseScore=48.4 -- too close to call, evidence conflicted",NOT_PRESENT_IN_MT5_LOG,UNVERIFIED_NO_PRODUCTION_DB_ACCESS,REQUIRES_EXPLICIT_EXECUTION_READY_EVENT,UNVERIFIED_NO_PRODUCTION_NOTIFICATION_LOG,UNVERIFIED_NO_AUTHENTICATED_OWNER_SESSION,"XAUUSD_AI_Sniper_EA_v6.25.15_FINAL_BASKET_050R_AUDIT_FIXED_M30_DEFAULT (XAUUSD,M5)",1,20260720.log,98940
20260720,14:50:00.284,NOT_LOGGED_IN_EVENT,2026.07.20,NOT_LOGGED_IN_EVENT,XAUUSD,NOT_LOGGED_IN_EVENT,BUY,57.4,FRESHNESS_RECORDED_IN_ADJACENT_M10_EVIDENCE_EVENT,BUY_CANDIDATE,NOT_PROVEN_BY_ANALYSIS_EVENT,"dominant case wins (score=57.4 vs opposite=44.6), location=LOCATION_EXCELLENT acceptable-or-better",NOT_PRESENT_IN_MT5_LOG,UNVERIFIED_NO_PRODUCTION_DB_ACCESS,REQUIRES_EXPLICIT_EXECUTION_READY_EVENT,UNVERIFIED_NO_PRODUCTION_NOTIFICATION_LOG,UNVERIFIED_NO_AUTHENTICATED_OWNER_SESSION,"XAUUSD_AI_Sniper_EA_v6.25.15_FINAL_BASKET_050R_AUDIT_FIXED_M30_DEFAULT (XAUUSD,M5)",2,20260720.log,101083
20260720,15:00:00.143,NOT_LOGGED_IN_EVENT,2026.07.20,NOT_LOGGED_IN_EVENT,XAUUSD,NOT_LOGGED_IN_EVENT,SELL,62.6,FRESHNESS_RECORDED_IN_ADJACENT_M10_EVIDENCE_EVENT,SELL_CANDIDATE,NOT_PROVEN_BY_ANALYSIS_EVENT,"dominant case wins (score=62.6 vs opposite=42.1), location=LOCATION_EXCELLENT acceptable-or-better",NOT_PRESENT_IN_MT5_LOG,UNVERIFIED_NO_PRODUCTION_DB_ACCESS,REQUIRES_EXPLICIT_EXECUTION_READY_EVENT,UNVERIFIED_NO_PRODUCTION_NOTIFICATION_LOG,UNVERIFIED_NO_AUTHENTICATED_OWNER_SESSION,"XAUUSD_AI_Sniper_EA_v6.25.15_FINAL_BASKET_050R_AUDIT_FIXED_M30_DEFAULT (XAUUSD,M5)",3,20260720.log,104475
20260720,15:10:00.357,NOT_LOGGED_IN_EVENT,2026.07.20,NOT_LOGGED_IN_EVENT,XAUUSD,NOT_LOGGED_IN_EVENT,SELL,64.1,FRESHNESS_RECORDED_IN_ADJACENT_M10_EVIDENCE_EVENT,SELL_CANDIDATE,NOT_PROVEN_BY_ANALYSIS_EVENT,"dominant case wins (score=64.1 vs opposite=42.2), location=LOCATION_GOOD acceptable-or-better",NOT_PRESENT_IN_MT5_LOG,UNVERIFIED_NO_PRODUCTION_DB_ACCESS,REQUIRES_EXPLICIT_EXECUTION_READY_EVENT,UNVERIFIED_NO_PRODUCTION_NOTIFICATION_LOG,UNVERIFIED_NO_AUTHENTICATED_OWNER_SESSION,"XAUUSD_AI_Sniper_EA_v6.25.15_FINAL_BASKET_050R_AUDIT_FIXED_M30_DEFAULT (XAUUSD,M5)",4,20260720.log,105163
20260720,15:17:58.552,NOT_LOGGED_IN_EVENT,2026.07.20,NOT_LOGGED_IN_EVENT,XAUUSD,NOT_LOGGED_IN_EVENT,SELL,65.1,FRESHNESS_RECORDED_IN_ADJACENT_M10_EVIDENCE_EVENT,SELL_CANDIDATE,NOT_PROVEN_BY_ANALYSIS_EVENT,"dominant case wins (score=65.1 vs opposite=45.8), location=LOCATION_GOOD acceptable-or-better",NOT_PRESENT_IN_MT5_LOG,UNVERIFIED_NO_PRODUCTION_DB_ACCESS,REQUIRES_EXPLICIT_EXECUTION_READY_EVENT,UNVERIFIED_NO_PRODUCTION_NOTIFICATION_LOG,UNVERIFIED_NO_AUTHENTICATED_OWNER_SESSION,"XAUUSD_AI_Sniper_EA_v6.25.15_FINAL_BASKET_050R_AUDIT_FIXED_M30_DEFAULT (XAUUSD,M5)",1,20260720.log,106074
20260720,15:19:59.969,NOT_LOGGED_IN_EVENT,2026.07.20,NOT_LOGGED_IN_EVENT,XAUUSD,NOT_LOGGED_IN_EVENT,NONE,49.7,FRESHNESS_RECORDED_IN_ADJACENT_M10_EVIDENCE_EVENT,TRANSITION_WATCH,NOT_PROVEN_BY_ANALYSIS_EVENT,"buyCaseScore=50.6 sellCaseScore=50.9 -- too close to call, evidence conflicted",NOT_PRESENT_IN_MT5_LOG,UNVERIFIED_NO_PRODUCTION_DB_ACCESS,REQUIRES_EXPLICIT_EXECUTION_READY_EVENT,UNVERIFIED_NO_PRODUCTION_NOTIFICATION_LOG,UNVERIFIED_NO_AUTHENTICATED_OWNER_SESSION,"XAUUSD_AI_Sniper_EA_v6.25.15_FINAL_BASKET_050R_AUDIT_FIXED_M30_DEFAULT (XAUUSD,M5)",2,20260720.log,106681
20260720,15:30:00.040,NOT_LOGGED_IN_EVENT,2026.07.20,NOT_LOGGED_IN_EVENT,XAUUSD,NOT_LOGGED_IN_EVENT,BUY,62.6,FRESHNESS_RECORDED_IN_ADJACENT_M10_EVIDENCE_EVENT,TRANSITION_WATCH,NOT_PROVEN_BY_ANALYSIS_EVENT,"opposite case building (score=62.6 vs dominant=51.5) with real reaction evidence -- preferred direction changing, normal entry path must still confirm",NOT_PRESENT_IN_MT5_LOG,UNVERIFIED_NO_PRODUCTION_DB_ACCESS,REQUIRES_EXPLICIT_EXECUTION_READY_EVENT,UNVERIFIED_NO_PRODUCTION_NOTIFICATION_LOG,UNVERIFIED_NO_AUTHENTICATED_OWNER_SESSION,"XAUUSD_AI_Sniper_EA_v6.25.15_FINAL_BASKET_050R_AUDIT_FIXED_M30_DEFAULT (XAUUSD,M5)",3,20260720.log,107335
20260720,15:40:00.040,NOT_LOGGED_IN_EVENT,2026.07.20,NOT_LOGGED_IN_EVENT,XAUUSD,NOT_LOGGED_IN_EVENT,NONE,48.4,FRESHNESS_RECORDED_IN_ADJACENT_M10_EVIDENCE_EVENT,TRANSITION_WATCH,NOT_PROVEN_BY_ANALYSIS_EVENT,"buyCaseScore=48.4 sellCaseScore=46.8 -- too close to call, evidence conflicted",NOT_PRESENT_IN_MT5_LOG,UNVERIFIED_NO_PRODUCTION_DB_ACCESS,REQUIRES_EXPLICIT_EXECUTION_READY_EVENT,UNVERIFIED_NO_PRODUCTION_NOTIFICATION_LOG,UNVERIFIED_NO_AUTHENTICATED_OWNER_SESSION,"XAUUSD_AI_Sniper_EA_v6.25.15_FINAL_BASKET_050R_AUDIT_FIXED_M30_DEFAULT (XAUUSD,M5)",4,20260720.log,107963
20260720,15:49:59.978,NOT_LOGGED_IN_EVENT,2026.07.20,NOT_LOGGED_IN_EVENT,XAUUSD,NOT_LOGGED_IN_EVENT,NONE,47.7,FRESHNESS_RECORDED_IN_ADJACENT_M10_EVIDENCE_EVENT,TRANSITION_WATCH,NOT_PROVEN_BY_ANALYSIS_EVENT,"buyCaseScore=48.8 sellCaseScore=46.4 -- too close to call, evidence conflicted",NOT_PRESENT_IN_MT5_LOG,UNVERIFIED_NO_PRODUCTION_DB_ACCESS,REQUIRES_EXPLICIT_EXECUTION_READY_EVENT,UNVERIFIED_NO_PRODUCTION_NOTIFICATION_LOG,UNVERIFIED_NO_AUTHENTICATED_OWNER_SESSION,"XAUUSD_AI_Sniper_EA_v6.25.15_FINAL_BASKET_050R_AUDIT_FIXED_M30_DEFAULT (XAUUSD,M5)",5,20260720.log,109108
20260720,16:00:00.085,NOT_LOGGED_IN_EVENT,2026.07.20,NOT_LOGGED_IN_EVENT,XAUUSD,NOT_LOGGED_IN_EVENT,NONE,58.3,FRESHNESS_RECORDED_IN_ADJACENT_M10_EVIDENCE_EVENT,NO_VALID_SIGNAL,NOT_PROVEN_BY_ANALYSIS_EVENT,neither case cleared the 55.0 bar (buy=58.3 sell=45.7),NOT_PRESENT_IN_MT5_LOG,UNVERIFIED_NO_PRODUCTION_DB_ACCESS,REQUIRES_EXPLICIT_EXECUTION_READY_EVENT,UNVERIFIED_NO_PRODUCTION_NOTIFICATION_LOG,UNVERIFIED_NO_AUTHENTICATED_OWNER_SESSION,"XAUUSD_AI_Sniper_EA_v6.25.15_FINAL_BASKET_050R_AUDIT_FIXED_M30_DEFAULT (XAUUSD,M5)",6,20260720.log,109786
20260720,16:09:59.955,NOT_LOGGED_IN_EVENT,2026.07.20,NOT_LOGGED_IN_EVENT,XAUUSD,NOT_LOGGED_IN_EVENT,NONE,41.5,FRESHNESS_RECORDED_IN_ADJACENT_M10_EVIDENCE_EVENT,TRANSITION_WATCH,NOT_PROVEN_BY_ANALYSIS_EVENT,"buyCaseScore=51.6 sellCaseScore=43.0 -- too close to call, evidence conflicted",NOT_PRESENT_IN_MT5_LOG,UNVERIFIED_NO_PRODUCTION_DB_ACCESS,REQUIRES_EXPLICIT_EXECUTION_READY_EVENT,UNVERIFIED_NO_PRODUCTION_NOTIFICATION_LOG,UNVERIFIED_NO_AUTHENTICATED_OWNER_SESSION,"XAUUSD_AI_Sniper_EA_v6.25.15_FINAL_BASKET_050R_AUDIT_FIXED_M30_DEFAULT (XAUUSD,M5)",7,20260720.log,111129
20260720,16:20:00.122,NOT_LOGGED_IN_EVENT,2026.07.20,NOT_LOGGED_IN_EVENT,XAUUSD,NOT_LOGGED_IN_EVENT,NONE,40.1,FRESHNESS_RECORDED_IN_ADJACENT_M10_EVIDENCE_EVENT,TRANSITION_WATCH,NOT_PROVEN_BY_ANALYSIS_EVENT,"buyCaseScore=62.5 sellCaseScore=52.7 -- too close to call, evidence conflicted",NOT_PRESENT_IN_MT5_LOG,UNVERIFIED_NO_PRODUCTION_DB_ACCESS,REQUIRES_EXPLICIT_EXECUTION_READY_EVENT,UNVERIFIED_NO_PRODUCTION_NOTIFICATION_LOG,UNVERIFIED_NO_AUTHENTICATED_OWNER_SESSION,"XAUUSD_AI_Sniper_EA_v6.25.15_FINAL_BASKET_050R_AUDIT_FIXED_M30_DEFAULT (XAUUSD,M5)",8,20260720.log,111727
20260720,16:30:00.021,NOT_LOGGED_IN_EVENT,2026.07.20,NOT_LOGGED_IN_EVENT,XAUUSD,NOT_LOGGED_IN_EVENT,BUY,55.4,FRESHNESS_RECORDED_IN_ADJACENT_M10_EVIDENCE_EVENT,WAIT_FOR_BUY_RETRACE,NOT_PROVEN_BY_ANALYSIS_EVENT,"dominant case wins (score=55.4) but location=LOCATION_LATE -- valid direction, poor entry price, wait for retrace",NOT_PRESENT_IN_MT5_LOG,UNVERIFIED_NO_PRODUCTION_DB_ACCESS,REQUIRES_EXPLICIT_EXECUTION_READY_EVENT,UNVERIFIED_NO_PRODUCTION_NOTIFICATION_LOG,UNVERIFIED_NO_AUTHENTICATED_OWNER_SESSION,"XAUUSD_AI_Sniper_EA_v6.25.15_FINAL_BASKET_050R_AUDIT_FIXED_M30_DEFAULT (XAUUSD,M5)",9,20260720.log,112485
20260720,16:30:31.219,NOT_LOGGED_IN_EVENT,2026.07.20,NOT_LOGGED_IN_EVENT,XAUUSD,NOT_LOGGED_IN_EVENT,NONE,40.9,FRESHNESS_RECORDED_IN_ADJACENT_M10_EVIDENCE_EVENT,TRANSITION_WATCH,NOT_PROVEN_BY_ANALYSIS_EVENT,"buyCaseScore=55.4 sellCaseScore=46.3 -- too close to call, evidence conflicted",NOT_PRESENT_IN_MT5_LOG,UNVERIFIED_NO_PRODUCTION_DB_ACCESS,REQUIRES_EXPLICIT_EXECUTION_READY_EVENT,UNVERIFIED_NO_PRODUCTION_NOTIFICATION_LOG,UNVERIFIED_NO_AUTHENTICATED_OWNER_SESSION,"XAUUSD_AI_Sniper_EA_v6.25.15_FINAL_BASKET_050R_AUDIT_FIXED_M30_DEFAULT (XAUUSD,M5)",9,20260720.log,113097
20260720,16:40:00.360,NOT_LOGGED_IN_EVENT,2026.07.20,NOT_LOGGED_IN_EVENT,XAUUSD,NOT_LOGGED_IN_EVENT,NONE,48.7,FRESHNESS_RECORDED_IN_ADJACENT_M10_EVIDENCE_EVENT,TRANSITION_WATCH,NOT_PROVEN_BY_ANALYSIS_EVENT,"buyCaseScore=48.1 sellCaseScore=49.4 -- too close to call, evidence conflicted",NOT_PRESENT_IN_MT5_LOG,UNVERIFIED_NO_PRODUCTION_DB_ACCESS,REQUIRES_EXPLICIT_EXECUTION_READY_EVENT,UNVERIFIED_NO_PRODUCTION_NOTIFICATION_LOG,UNVERIFIED_NO_AUTHENTICATED_OWNER_SESSION,"XAUUSD_AI_Sniper_EA_v6.25.15_FINAL_BASKET_050R_AUDIT_FIXED_M30_DEFAULT (XAUUSD,M5)",10,20260720.log,115497
20260720,16:50:00.262,NOT_LOGGED_IN_EVENT,2026.07.20,NOT_LOGGED_IN_EVENT,XAUUSD,NOT_LOGGED_IN_EVENT,NONE,48.8,FRESHNESS_RECORDED_IN_ADJACENT_M10_EVIDENCE_EVENT,TRANSITION_WATCH,NOT_PROVEN_BY_ANALYSIS_EVENT,"buyCaseScore=46.0 sellCaseScore=47.3 -- too close to call, evidence conflicted",NOT_PRESENT_IN_MT5_LOG,UNVERIFIED_NO_PRODUCTION_DB_ACCESS,REQUIRES_EXPLICIT_EXECUTION_READY_EVENT,UNVERIFIED_NO_PRODUCTION_NOTIFICATION_LOG,UNVERIFIED_NO_AUTHENTICATED_OWNER_SESSION,"XAUUSD_AI_Sniper_EA_v6.25.15_FINAL_BASKET_050R_AUDIT_FIXED_M30_DEFAULT (XAUUSD,M5)",11,20260720.log,118742
20260720,17:00:00.201,NOT_LOGGED_IN_EVENT,2026.07.20,NOT_LOGGED_IN_EVENT,XAUUSD,NOT_LOGGED_IN_EVENT,NONE,41.1,FRESHNESS_RECORDED_IN_ADJACENT_M10_EVIDENCE_EVENT,TRANSITION_WATCH,NOT_PROVEN_BY_ANALYSIS_EVENT,"buyCaseScore=44.1 sellCaseScore=53.0 -- too close to call, evidence conflicted",NOT_PRESENT_IN_MT5_LOG,UNVERIFIED_NO_PRODUCTION_DB_ACCESS,REQUIRES_EXPLICIT_EXECUTION_READY_EVENT,UNVERIFIED_NO_PRODUCTION_NOTIFICATION_LOG,UNVERIFIED_NO_AUTHENTICATED_OWNER_SESSION,"XAUUSD_AI_Sniper_EA_v6.25.15_FINAL_BASKET_050R_AUDIT_FIXED_M30_DEFAULT (XAUUSD,M5)",12,20260720.log,121980
20260720,17:10:00.317,NOT_LOGGED_IN_EVENT,2026.07.20,NOT_LOGGED_IN_EVENT,XAUUSD,NOT_LOGGED_IN_EVENT,BUY,65.1,FRESHNESS_RECORDED_IN_ADJACENT_M10_EVIDENCE_EVENT,TRANSITION_WATCH,NOT_PROVEN_BY_ANALYSIS_EVENT,"opposite case building (score=65.1 vs dominant=43.4) with real reaction evidence -- preferred direction changing, normal entry path must still confirm",NOT_PRESENT_IN_MT5_LOG,UNVERIFIED_NO_PRODUCTION_DB_ACCESS,REQUIRES_EXPLICIT_EXECUTION_READY_EVENT,UNVERIFIED_NO_PRODUCTION_NOTIFICATION_LOG,UNVERIFIED_NO_AUTHENTICATED_OWNER_SESSION,"XAUUSD_AI_Sniper_EA_v6.25.15_FINAL_BASKET_050R_AUDIT_FIXED_M30_DEFAULT (XAUUSD,M5)",13,20260720.log,125234
20260720,17:20:00.298,NOT_LOGGED_IN_EVENT,2026.07.20,NOT_LOGGED_IN_EVENT,XAUUSD,NOT_LOGGED_IN_EVENT,NONE,45.3,FRESHNESS_RECORDED_IN_ADJACENT_M10_EVIDENCE_EVENT,TRANSITION_WATCH,NOT_PROVEN_BY_ANALYSIS_EVENT,"buyCaseScore=48.1 sellCaseScore=52.8 -- too close to call, evidence conflicted",NOT_PRESENT_IN_MT5_LOG,UNVERIFIED_NO_PRODUCTION_DB_ACCESS,REQUIRES_EXPLICIT_EXECUTION_READY_EVENT,UNVERIFIED_NO_PRODUCTION_NOTIFICATION_LOG,UNVERIFIED_NO_AUTHENTICATED_OWNER_SESSION,"XAUUSD_AI_Sniper_EA_v6.25.15_FINAL_BASKET_050R_AUDIT_FIXED_M30_DEFAULT (XAUUSD,M5)",14,20260720.log,128165
20260720,17:30:00.210,NOT_LOGGED_IN_EVENT,2026.07.20,NOT_LOGGED_IN_EVENT,XAUUSD,NOT_LOGGED_IN_EVENT,NONE,45.3,FRESHNESS_RECORDED_IN_ADJACENT_M10_EVIDENCE_EVENT,TRANSITION_WATCH,NOT_PROVEN_BY_ANALYSIS_EVENT,"buyCaseScore=49.8 sellCaseScore=54.5 -- too close to call, evidence conflicted",NOT_PRESENT_IN_MT5_LOG,UNVERIFIED_NO_PRODUCTION_DB_ACCESS,REQUIRES_EXPLICIT_EXECUTION_READY_EVENT,UNVERIFIED_NO_PRODUCTION_NOTIFICATION_LOG,UNVERIFIED_NO_AUTHENTICATED_OWNER_SESSION,"XAUUSD_AI_Sniper_EA_v6.25.15_FINAL_BASKET_050R_AUDIT_FIXED_M30_DEFAULT (XAUUSD,M5)",15,20260720.log,131085
20260720,17:40:00.343,NOT_LOGGED_IN_EVENT,2026.07.20,NOT_LOGGED_IN_EVENT,XAUUSD,NOT_LOGGED_IN_EVENT,SELL,64.4,FRESHNESS_RECORDED_IN_ADJACENT_M10_EVIDENCE_EVENT,SELL_CANDIDATE,NOT_PROVEN_BY_ANALYSIS_EVENT,"dominant case wins (score=64.4 vs opposite=48.5), location=LOCATION_EXCELLENT acceptable-or-better",NOT_PRESENT_IN_MT5_LOG,UNVERIFIED_NO_PRODUCTION_DB_ACCESS,REQUIRES_EXPLICIT_EXECUTION_READY_EVENT,UNVERIFIED_NO_PRODUCTION_NOTIFICATION_LOG,UNVERIFIED_NO_AUTHENTICATED_OWNER_SESSION,"XAUUSD_AI_Sniper_EA_v6.25.15_FINAL_BASKET_050R_AUDIT_FIXED_M30_DEFAULT (XAUUSD,M5)",16,20260720.log,134202
20260720,17:50:01.186,NOT_LOGGED_IN_EVENT,2026.07.20,NOT_LOGGED_IN_EVENT,XAUUSD,NOT_LOGGED_IN_EVENT,SELL,69.1,FRESHNESS_RECORDED_IN_ADJACENT_M10_EVIDENCE_EVENT,SELL_CANDIDATE,NOT_PROVEN_BY_ANALYSIS_EVENT,"dominant case wins (score=69.1 vs opposite=50.5), location=LOCATION_EXCELLENT acceptable-or-better",NOT_PRESENT_IN_MT5_LOG,UNVERIFIED_NO_PRODUCTION_DB_ACCESS,REQUIRES_EXPLICIT_EXECUTION_READY_EVENT,UNVERIFIED_NO_PRODUCTION_NOTIFICATION_LOG,UNVERIFIED_NO_AUTHENTICATED_OWNER_SESSION,"XAUUSD_AI_Sniper_EA_v6.25.15_FINAL_BASKET_050R_AUDIT_FIXED_M30_DEFAULT (XAUUSD,M5)",17,20260720.log,137251
20260720,18:00:00.072,NOT_LOGGED_IN_EVENT,2026.07.20,NOT_LOGGED_IN_EVENT,XAUUSD,NOT_LOGGED_IN_EVENT,SELL,64.5,FRESHNESS_RECORDED_IN_ADJACENT_M10_EVIDENCE_EVENT,SELL_CANDIDATE,NOT_PROVEN_BY_ANALYSIS_EVENT,"dominant case wins (score=64.5 vs opposite=50.7), location=LOCATION_EXCELLENT acceptable-or-better",NOT_PRESENT_IN_MT5_LOG,UNVERIFIED_NO_PRODUCTION_DB_ACCESS,REQUIRES_EXPLICIT_EXECUTION_READY_EVENT,UNVERIFIED_NO_PRODUCTION_NOTIFICATION_LOG,UNVERIFIED_NO_AUTHENTICATED_OWNER_SESSION,"XAUUSD_AI_Sniper_EA_v6.25.15_FINAL_BASKET_050R_AUDIT_FIXED_M30_DEFAULT (XAUUSD,M5)",18,20260720.log,139845
20260720,18:10:00.018,NOT_LOGGED_IN_EVENT,2026.07.20,NOT_LOGGED_IN_EVENT,XAUUSD,NOT_LOGGED_IN_EVENT,NONE,44.2,FRESHNESS_RECORDED_IN_ADJACENT_M10_EVIDENCE_EVENT,TRANSITION_WATCH,NOT_PROVEN_BY_ANALYSIS_EVENT,"buyCaseScore=59.1 sellCaseScore=64.9 -- too close to call, evidence conflicted",NOT_PRESENT_IN_MT5_LOG,UNVERIFIED_NO_PRODUCTION_DB_ACCESS,REQUIRES_EXPLICIT_EXECUTION_READY_EVENT,UNVERIFIED_NO_PRODUCTION_NOTIFICATION_LOG,UNVERIFIED_NO_AUTHENTICATED_OWNER_SESSION,"XAUUSD_AI_Sniper_EA_v6.25.15_FINAL_BASKET_050R_AUDIT_FIXED_M30_DEFAULT (XAUUSD,M5)",19,20260720.log,142192
20260720,18:20:00.020,NOT_LOGGED_IN_EVENT,2026.07.20,NOT_LOGGED_IN_EVENT,XAUUSD,NOT_LOGGED_IN_EVENT,NONE,48.9,FRESHNESS_RECORDED_IN_ADJACENT_M10_EVIDENCE_EVENT,TRANSITION_WATCH,NOT_PROVEN_BY_ANALYSIS_EVENT,"buyCaseScore=52.2 sellCaseScore=53.3 -- too close to call, evidence conflicted",NOT_PRESENT_IN_MT5_LOG,UNVERIFIED_NO_PRODUCTION_DB_ACCESS,REQUIRES_EXPLICIT_EXECUTION_READY_EVENT,UNVERIFIED_NO_PRODUCTION_NOTIFICATION_LOG,UNVERIFIED_NO_AUTHENTICATED_OWNER_SESSION,"XAUUSD_AI_Sniper_EA_v6.25.15_FINAL_BASKET_050R_AUDIT_FIXED_M30_DEFAULT (XAUUSD,M5)",20,20260720.log,144735
20260720,18:30:00.822,NOT_LOGGED_IN_EVENT,2026.07.20,NOT_LOGGED_IN_EVENT,XAUUSD,NOT_LOGGED_IN_EVENT,BUY,60.8,FRESHNESS_RECORDED_IN_ADJACENT_M10_EVIDENCE_EVENT,TRANSITION_WATCH,NOT_PROVEN_BY_ANALYSIS_EVENT,"opposite case building (score=60.8 vs dominant=46.7) with real reaction evidence -- preferred direction changing, normal entry path must still confirm",NOT_PRESENT_IN_MT5_LOG,UNVERIFIED_NO_PRODUCTION_DB_ACCESS,REQUIRES_EXPLICIT_EXECUTION_READY_EVENT,UNVERIFIED_NO_PRODUCTION_NOTIFICATION_LOG,UNVERIFIED_NO_AUTHENTICATED_OWNER_SESSION,"XAUUSD_AI_Sniper_EA_v6.25.15_FINAL_BASKET_050R_AUDIT_FIXED_M30_DEFAULT (XAUUSD,M5)",21,20260720.log,147372
20260720,18:40:00.347,NOT_LOGGED_IN_EVENT,2026.07.20,NOT_LOGGED_IN_EVENT,XAUUSD,NOT_LOGGED_IN_EVENT,NONE,67.3,FRESHNESS_RECORDED_IN_ADJACENT_M10_EVIDENCE_EVENT,NO_VALID_SIGNAL,NOT_PROVEN_BY_ANALYSIS_EVENT,neither case cleared the 55.0 bar (buy=67.3 sell=44.9),NOT_PRESENT_IN_MT5_LOG,UNVERIFIED_NO_PRODUCTION_DB_ACCESS,REQUIRES_EXPLICIT_EXECUTION_READY_EVENT,UNVERIFIED_NO_PRODUCTION_NOTIFICATION_LOG,UNVERIFIED_NO_AUTHENTICATED_OWNER_SESSION,"XAUUSD_AI_Sniper_EA_v6.25.15_FINAL_BASKET_050R_AUDIT_FIXED_M30_DEFAULT (XAUUSD,M5)",22,20260720.log,149814
20260720,18:50:00.095,NOT_LOGGED_IN_EVENT,2026.07.20,NOT_LOGGED_IN_EVENT,XAUUSD,NOT_LOGGED_IN_EVENT,NONE,65.7,FRESHNESS_RECORDED_IN_ADJACENT_M10_EVIDENCE_EVENT,NO_VALID_SIGNAL,NOT_PROVEN_BY_ANALYSIS_EVENT,neither case cleared the 55.0 bar (buy=65.7 sell=49.8),NOT_PRESENT_IN_MT5_LOG,UNVERIFIED_NO_PRODUCTION_DB_ACCESS,REQUIRES_EXPLICIT_EXECUTION_READY_EVENT,UNVERIFIED_NO_PRODUCTION_NOTIFICATION_LOG,UNVERIFIED_NO_AUTHENTICATED_OWNER_SESSION,"XAUUSD_AI_Sniper_EA_v6.25.15_FINAL_BASKET_050R_AUDIT_FIXED_M30_DEFAULT (XAUUSD,M5)",23,20260720.log,152205
20260720,19:00:00.438,NOT_LOGGED_IN_EVENT,2026.07.20,NOT_LOGGED_IN_EVENT,XAUUSD,NOT_LOGGED_IN_EVENT,NONE,65.5,FRESHNESS_RECORDED_IN_ADJACENT_M10_EVIDENCE_EVENT,NO_VALID_SIGNAL,NOT_PROVEN_BY_ANALYSIS_EVENT,neither case cleared the 55.0 bar (buy=65.5 sell=49.8),NOT_PRESENT_IN_MT5_LOG,UNVERIFIED_NO_PRODUCTION_DB_ACCESS,REQUIRES_EXPLICIT_EXECUTION_READY_EVENT,UNVERIFIED_NO_PRODUCTION_NOTIFICATION_LOG,UNVERIFIED_NO_AUTHENTICATED_OWNER_SESSION,"XAUUSD_AI_Sniper_EA_v6.25.15_FINAL_BASKET_050R_AUDIT_FIXED_M30_DEFAULT (XAUUSD,M5)",24,20260720.log,154936
20260720,19:10:00.213,NOT_LOGGED_IN_EVENT,2026.07.20,NOT_LOGGED_IN_EVENT,XAUUSD,NOT_LOGGED_IN_EVENT,BUY,76.4,FRESHNESS_RECORDED_IN_ADJACENT_M10_EVIDENCE_EVENT,TRANSITION_WATCH,NOT_PROVEN_BY_ANALYSIS_EVENT,"opposite case building (score=76.4 vs dominant=43.3) with real reaction evidence -- preferred direction changing, normal entry path must still confirm",NOT_PRESENT_IN_MT5_LOG,UNVERIFIED_NO_PRODUCTION_DB_ACCESS,REQUIRES_EXPLICIT_EXECUTION_READY_EVENT,UNVERIFIED_NO_PRODUCTION_NOTIFICATION_LOG,UNVERIFIED_NO_AUTHENTICATED_OWNER_SESSION,"XAUUSD_AI_Sniper_EA_v6.25.15_FINAL_BASKET_050R_AUDIT_FIXED_M30_DEFAULT (XAUUSD,M5)",25,20260720.log,157522
20260720,19:20:00.072,NOT_LOGGED_IN_EVENT,2026.07.20,NOT_LOGGED_IN_EVENT,XAUUSD,NOT_LOGGED_IN_EVENT,NONE,66.9,FRESHNESS_RECORDED_IN_ADJACENT_M10_EVIDENCE_EVENT,NO_VALID_SIGNAL,NOT_PROVEN_BY_ANALYSIS_EVENT,neither case cleared the 55.0 bar (buy=66.9 sell=51.2),NOT_PRESENT_IN_MT5_LOG,UNVERIFIED_NO_PRODUCTION_DB_ACCESS,REQUIRES_EXPLICIT_EXECUTION_READY_EVENT,UNVERIFIED_NO_PRODUCTION_NOTIFICATION_LOG,UNVERIFIED_NO_AUTHENTICATED_OWNER_SESSION,"XAUUSD_AI_Sniper_EA_v6.25.15_FINAL_BASKET_050R_AUDIT_FIXED_M30_DEFAULT (XAUUSD,M5)",26,20260720.log,160119
20260720,19:30:00.319,NOT_LOGGED_IN_EVENT,2026.07.20,NOT_LOGGED_IN_EVENT,XAUUSD,NOT_LOGGED_IN_EVENT,NONE,66.3,FRESHNESS_RECORDED_IN_ADJACENT_M10_EVIDENCE_EVENT,NO_VALID_SIGNAL,NOT_PROVEN_BY_ANALYSIS_EVENT,neither case cleared the 55.0 bar (buy=66.3 sell=51.2),NOT_PRESENT_IN_MT5_LOG,UNVERIFIED_NO_PRODUCTION_DB_ACCESS,REQUIRES_EXPLICIT_EXECUTION_READY_EVENT,UNVERIFIED_NO_PRODUCTION_NOTIFICATION_LOG,UNVERIFIED_NO_AUTHENTICATED_OWNER_SESSION,"XAUUSD_AI_Sniper_EA_v6.25.15_FINAL_BASKET_050R_AUDIT_FIXED_M30_DEFAULT (XAUUSD,M5)",27,20260720.log,163097
20260720,19:40:01.031,NOT_LOGGED_IN_EVENT,2026.07.20,NOT_LOGGED_IN_EVENT,XAUUSD,NOT_LOGGED_IN_EVENT,NONE,66.4,FRESHNESS_RECORDED_IN_ADJACENT_M10_EVIDENCE_EVENT,NO_VALID_SIGNAL,NOT_PROVEN_BY_ANALYSIS_EVENT,neither case cleared the 55.0 bar (buy=66.4 sell=51.2),NOT_PRESENT_IN_MT5_LOG,UNVERIFIED_NO_PRODUCTION_DB_ACCESS,REQUIRES_EXPLICIT_EXECUTION_READY_EVENT,UNVERIFIED_NO_PRODUCTION_NOTIFICATION_LOG,UNVERIFIED_NO_AUTHENTICATED_OWNER_SESSION,"XAUUSD_AI_Sniper_EA_v6.25.15_FINAL_BASKET_050R_AUDIT_FIXED_M30_DEFAULT (XAUUSD,M5)",28,20260720.log,165182
20260720,19:49:59.976,NOT_LOGGED_IN_EVENT,2026.07.20,NOT_LOGGED_IN_EVENT,XAUUSD,NOT_LOGGED_IN_EVENT,BUY,77.5,FRESHNESS_RECORDED_IN_ADJACENT_M10_EVIDENCE_EVENT,TRANSITION_WATCH,NOT_PROVEN_BY_ANALYSIS_EVENT,"opposite case building (score=77.5 vs dominant=51.2) with real reaction evidence -- preferred direction changing, normal entry path must still confirm",NOT_PRESENT_IN_MT5_LOG,UNVERIFIED_NO_PRODUCTION_DB_ACCESS,REQUIRES_EXPLICIT_EXECUTION_READY_EVENT,UNVERIFIED_NO_PRODUCTION_NOTIFICATION_LOG,UNVERIFIED_NO_AUTHENTICATED_OWNER_SESSION,"XAUUSD_AI_Sniper_EA_v6.25.15_FINAL_BASKET_050R_AUDIT_FIXED_M30_DEFAULT (XAUUSD,M5)",29,20260720.log,167633
20260720,19:59:59.922,NOT_LOGGED_IN_EVENT,2026.07.20,NOT_LOGGED_IN_EVENT,XAUUSD,NOT_LOGGED_IN_EVENT,NONE,69.3,FRESHNESS_RECORDED_IN_ADJACENT_M10_EVIDENCE_EVENT,NO_VALID_SIGNAL,NOT_PROVEN_BY_ANALYSIS_EVENT,neither case cleared the 55.0 bar (buy=69.3 sell=51.0),NOT_PRESENT_IN_MT5_LOG,UNVERIFIED_NO_PRODUCTION_DB_ACCESS,REQUIRES_EXPLICIT_EXECUTION_READY_EVENT,UNVERIFIED_NO_PRODUCTION_NOTIFICATION_LOG,UNVERIFIED_NO_AUTHENTICATED_OWNER_SESSION,"XAUUSD_AI_Sniper_EA_v6.25.15_FINAL_BASKET_050R_AUDIT_FIXED_M30_DEFAULT (XAUUSD,M5)",30,20260720.log,169989
20260720,20:10:00.068,NOT_LOGGED_IN_EVENT,2026.07.20,NOT_LOGGED_IN_EVENT,XAUUSD,NOT_LOGGED_IN_EVENT,NONE,62.8,FRESHNESS_RECORDED_IN_ADJACENT_M10_EVIDENCE_EVENT,NO_VALID_SIGNAL,NOT_PROVEN_BY_ANALYSIS_EVENT,neither case cleared the 55.0 bar (buy=62.8 sell=49.2),NOT_PRESENT_IN_MT5_LOG,UNVERIFIED_NO_PRODUCTION_DB_ACCESS,REQUIRES_EXPLICIT_EXECUTION_READY_EVENT,UNVERIFIED_NO_PRODUCTION_NOTIFICATION_LOG,UNVERIFIED_NO_AUTHENTICATED_OWNER_SESSION,"XAUUSD_AI_Sniper_EA_v6.25.15_FINAL_BASKET_050R_AUDIT_FIXED_M30_DEFAULT (XAUUSD,M5)",31,20260720.log,172722
20260720,20:20:00.484,NOT_LOGGED_IN_EVENT,2026.07.20,NOT_LOGGED_IN_EVENT,XAUUSD,NOT_LOGGED_IN_EVENT,NONE,63.5,FRESHNESS_RECORDED_IN_ADJACENT_M10_EVIDENCE_EVENT,NO_VALID_SIGNAL,NOT_PROVEN_BY_ANALYSIS_EVENT,neither case cleared the 55.0 bar (buy=63.5 sell=44.9),NOT_PRESENT_IN_MT5_LOG,UNVERIFIED_NO_PRODUCTION_DB_ACCESS,REQUIRES_EXPLICIT_EXECUTION_READY_EVENT,UNVERIFIED_NO_PRODUCTION_NOTIFICATION_LOG,UNVERIFIED_NO_AUTHENTICATED_OWNER_SESSION,"XAUUSD_AI_Sniper_EA_v6.25.15_FINAL_BASKET_050R_AUDIT_FIXED_M30_DEFAULT (XAUUSD,M5)",32,20260720.log,175664
20260720,20:30:00.197,NOT_LOGGED_IN_EVENT,2026.07.20,NOT_LOGGED_IN_EVENT,XAUUSD,NOT_LOGGED_IN_EVENT,BUY,80.1,FRESHNESS_RECORDED_IN_ADJACENT_M10_EVIDENCE_EVENT,TRANSITION_WATCH,NOT_PROVEN_BY_ANALYSIS_EVENT,"opposite case building (score=80.1 vs dominant=44.9) with real reaction evidence -- preferred direction changing, normal entry path must still confirm",NOT_PRESENT_IN_MT5_LOG,UNVERIFIED_NO_PRODUCTION_DB_ACCESS,REQUIRES_EXPLICIT_EXECUTION_READY_EVENT,UNVERIFIED_NO_PRODUCTION_NOTIFICATION_LOG,UNVERIFIED_NO_AUTHENTICATED_OWNER_SESSION,"XAUUSD_AI_Sniper_EA_v6.25.15_FINAL_BASKET_050R_AUDIT_FIXED_M30_DEFAULT (XAUUSD,M5)",33,20260720.log,178240
20260720,20:40:00.065,NOT_LOGGED_IN_EVENT,2026.07.20,NOT_LOGGED_IN_EVENT,XAUUSD,NOT_LOGGED_IN_EVENT,NONE,63.2,FRESHNESS_RECORDED_IN_ADJACENT_M10_EVIDENCE_EVENT,NO_VALID_SIGNAL,NOT_PROVEN_BY_ANALYSIS_EVENT,neither case cleared the 55.0 bar (buy=63.2 sell=45.0),NOT_PRESENT_IN_MT5_LOG,UNVERIFIED_NO_PRODUCTION_DB_ACCESS,REQUIRES_EXPLICIT_EXECUTION_READY_EVENT,UNVERIFIED_NO_PRODUCTION_NOTIFICATION_LOG,UNVERIFIED_NO_AUTHENTICATED_OWNER_SESSION,"XAUUSD_AI_Sniper_EA_v6.25.15_FINAL_BASKET_050R_AUDIT_FIXED_M30_DEFAULT (XAUUSD,M5)",34,20260720.log,181533
20260720,20:50:00.101,NOT_LOGGED_IN_EVENT,2026.07.20,NOT_LOGGED_IN_EVENT,XAUUSD,NOT_LOGGED_IN_EVENT,NONE,60.8,FRESHNESS_RECORDED_IN_ADJACENT_M10_EVIDENCE_EVENT,NO_VALID_SIGNAL,NOT_PROVEN_BY_ANALYSIS_EVENT,neither case cleared the 55.0 bar (buy=60.8 sell=44.1),NOT_PRESENT_IN_MT5_LOG,UNVERIFIED_NO_PRODUCTION_DB_ACCESS,REQUIRES_EXPLICIT_EXECUTION_READY_EVENT,UNVERIFIED_NO_PRODUCTION_NOTIFICATION_LOG,UNVERIFIED_NO_AUTHENTICATED_OWNER_SESSION,"XAUUSD_AI_Sniper_EA_v6.25.15_FINAL_BASKET_050R_AUDIT_FIXED_M30_DEFAULT (XAUUSD,M5)",35,20260720.log,184545
20260720,23:10:00.480,NOT_LOGGED_IN_EVENT,2026.07.21,NOT_LOGGED_IN_EVENT,XAUUSD,NOT_LOGGED_IN_EVENT,NONE,43.9,FRESHNESS_RECORDED_IN_ADJACENT_M10_EVIDENCE_EVENT,TRANSITION_WATCH,NOT_PROVEN_BY_ANALYSIS_EVENT,"buyCaseScore=50.1 sellCaseScore=44.0 -- too close to call, evidence conflicted",NOT_PRESENT_IN_MT5_LOG,UNVERIFIED_NO_PRODUCTION_DB_ACCESS,REQUIRES_EXPLICIT_EXECUTION_READY_EVENT,UNVERIFIED_NO_PRODUCTION_NOTIFICATION_LOG,UNVERIFIED_NO_AUTHENTICATED_OWNER_SESSION,"XAUUSD_AI_Sniper_EA_v6.25.15_FINAL_BASKET_050R_AUDIT_FIXED_M30_DEFAULT (XAUUSD,M5)",37,20260720.log,191317
20260720,23:20:00.319,NOT_LOGGED_IN_EVENT,2026.07.21,NOT_LOGGED_IN_EVENT,XAUUSD,NOT_LOGGED_IN_EVENT,BUY,60.9,FRESHNESS_RECORDED_IN_ADJACENT_M10_EVIDENCE_EVENT,TRANSITION_WATCH,NOT_PROVEN_BY_ANALYSIS_EVENT,"opposite case building (score=60.9 vs dominant=39.7) with real reaction evidence -- preferred direction changing, normal entry path must still confirm",NOT_PRESENT_IN_MT5_LOG,UNVERIFIED_NO_PRODUCTION_DB_ACCESS,REQUIRES_EXPLICIT_EXECUTION_READY_EVENT,UNVERIFIED_NO_PRODUCTION_NOTIFICATION_LOG,UNVERIFIED_NO_AUTHENTICATED_OWNER_SESSION,"XAUUSD_AI_Sniper_EA_v6.25.15_FINAL_BASKET_050R_AUDIT_FIXED_M30_DEFAULT (XAUUSD,M5)",38,20260720.log,192198
20260720,23:30:00.106,NOT_LOGGED_IN_EVENT,2026.07.21,NOT_LOGGED_IN_EVENT,XAUUSD,NOT_LOGGED_IN_EVENT,BUY,75.3,FRESHNESS_RECORDED_IN_ADJACENT_M10_EVIDENCE_EVENT,TRANSITION_WATCH,NOT_PROVEN_BY_ANALYSIS_EVENT,"opposite case building (score=75.3 vs dominant=35.1) with real reaction evidence -- preferred direction changing, normal entry path must still confirm",NOT_PRESENT_IN_MT5_LOG,UNVERIFIED_NO_PRODUCTION_DB_ACCESS,REQUIRES_EXPLICIT_EXECUTION_READY_EVENT,UNVERIFIED_NO_PRODUCTION_NOTIFICATION_LOG,UNVERIFIED_NO_AUTHENTICATED_OWNER_SESSION,"XAUUSD_AI_Sniper_EA_v6.25.15_FINAL_BASKET_050R_AUDIT_FIXED_M30_DEFAULT (XAUUSD,M5)",39,20260720.log,193704
20260720,23:40:01.162,NOT_LOGGED_IN_EVENT,2026.07.21,NOT_LOGGED_IN_EVENT,XAUUSD,NOT_LOGGED_IN_EVENT,NONE,60.2,FRESHNESS_RECORDED_IN_ADJACENT_M10_EVIDENCE_EVENT,NO_VALID_SIGNAL,NOT_PROVEN_BY_ANALYSIS_EVENT,neither case cleared the 55.0 bar (buy=60.2 sell=39.6),NOT_PRESENT_IN_MT5_LOG,UNVERIFIED_NO_PRODUCTION_DB_ACCESS,REQUIRES_EXPLICIT_EXECUTION_READY_EVENT,UNVERIFIED_NO_PRODUCTION_NOTIFICATION_LOG,UNVERIFIED_NO_AUTHENTICATED_OWNER_SESSION,"XAUUSD_AI_Sniper_EA_v6.25.15_FINAL_BASKET_050R_AUDIT_FIXED_M30_DEFAULT (XAUUSD,M5)",40,20260720.log,194981
20260720,23:50:00.367,NOT_LOGGED_IN_EVENT,2026.07.21,NOT_LOGGED_IN_EVENT,XAUUSD,NOT_LOGGED_IN_EVENT,NONE,40.1,FRESHNESS_RECORDED_IN_ADJACENT_M10_EVIDENCE_EVENT,TRANSITION_WATCH,NOT_PROVEN_BY_ANALYSIS_EVENT,"buyCaseScore=58.8 sellCaseScore=48.9 -- too close to call, evidence conflicted",NOT_PRESENT_IN_MT5_LOG,UNVERIFIED_NO_PRODUCTION_DB_ACCESS,REQUIRES_EXPLICIT_EXECUTION_READY_EVENT,UNVERIFIED_NO_PRODUCTION_NOTIFICATION_LOG,UNVERIFIED_NO_AUTHENTICATED_OWNER_SESSION,"XAUUSD_AI_Sniper_EA_v6.25.15_FINAL_BASKET_050R_AUDIT_FIXED_M30_DEFAULT (XAUUSD,M5)",41,20260720.log,196338
20260720,23:59:59.832,NOT_LOGGED_IN_EVENT,2026.07.21,NOT_LOGGED_IN_EVENT,XAUUSD,NOT_LOGGED_IN_EVENT,NONE,46.1,FRESHNESS_RECORDED_IN_ADJACENT_M10_EVIDENCE_EVENT,TRANSITION_WATCH,NOT_PROVEN_BY_ANALYSIS_EVENT,"buyCaseScore=54.3 sellCaseScore=50.4 -- too close to call, evidence conflicted",NOT_PRESENT_IN_MT5_LOG,UNVERIFIED_NO_PRODUCTION_DB_ACCESS,REQUIRES_EXPLICIT_EXECUTION_READY_EVENT,UNVERIFIED_NO_PRODUCTION_NOTIFICATION_LOG,UNVERIFIED_NO_AUTHENTICATED_OWNER_SESSION,"XAUUSD_AI_Sniper_EA_v6.25.15_FINAL_BASKET_050R_AUDIT_FIXED_M30_DEFAULT (XAUUSD,M5)",42,20260720.log,196627
20260721,00:09:59.654,NOT_LOGGED_IN_EVENT,2026.07.21,NOT_LOGGED_IN_EVENT,XAUUSD,NOT_LOGGED_IN_EVENT,BUY,60.1,FRESHNESS_RECORDED_IN_ADJACENT_M10_EVIDENCE_EVENT,TRANSITION_WATCH,NOT_PROVEN_BY_ANALYSIS_EVENT,"opposite case building (score=60.1 vs dominant=48.9) with real reaction evidence -- preferred direction changing, normal entry path must still confirm",NOT_PRESENT_IN_MT5_LOG,UNVERIFIED_NO_PRODUCTION_DB_ACCESS,REQUIRES_EXPLICIT_EXECUTION_READY_EVENT,UNVERIFIED_NO_PRODUCTION_NOTIFICATION_LOG,UNVERIFIED_NO_AUTHENTICATED_OWNER_SESSION,"XAUUSD_AI_Sniper_EA_v6.25.15_FINAL_BASKET_050R_AUDIT_FIXED_M30_DEFAULT (XAUUSD,M5)",43,20260721.log,718
20260721,00:20:00.113,NOT_LOGGED_IN_EVENT,2026.07.21,NOT_LOGGED_IN_EVENT,XAUUSD,NOT_LOGGED_IN_EVENT,NONE,43.7,FRESHNESS_RECORDED_IN_ADJACENT_M10_EVIDENCE_EVENT,TRANSITION_WATCH,NOT_PROVEN_BY_ANALYSIS_EVENT,"buyCaseScore=55.2 sellCaseScore=48.9 -- too close to call, evidence conflicted",NOT_PRESENT_IN_MT5_LOG,UNVERIFIED_NO_PRODUCTION_DB_ACCESS,REQUIRES_EXPLICIT_EXECUTION_READY_EVENT,UNVERIFIED_NO_PRODUCTION_NOTIFICATION_LOG,UNVERIFIED_NO_AUTHENTICATED_OWNER_SESSION,"XAUUSD_AI_Sniper_EA_v6.25.15_FINAL_BASKET_050R_AUDIT_FIXED_M30_DEFAULT (XAUUSD,M5)",44,20260721.log,894
20260721,00:29:59.769,NOT_LOGGED_IN_EVENT,2026.07.21,NOT_LOGGED_IN_EVENT,XAUUSD,NOT_LOGGED_IN_EVENT,NONE,57.0,FRESHNESS_RECORDED_IN_ADJACENT_M10_EVIDENCE_EVENT,NO_VALID_SIGNAL,NOT_PROVEN_BY_ANALYSIS_EVENT,neither case cleared the 55.0 bar (buy=57.0 sell=45.5),NOT_PRESENT_IN_MT5_LOG,UNVERIFIED_NO_PRODUCTION_DB_ACCESS,REQUIRES_EXPLICIT_EXECUTION_READY_EVENT,UNVERIFIED_NO_PRODUCTION_NOTIFICATION_LOG,UNVERIFIED_NO_AUTHENTICATED_OWNER_SESSION,"XAUUSD_AI_Sniper_EA_v6.25.15_FINAL_BASKET_050R_AUDIT_FIXED_M30_DEFAULT (XAUUSD,M5)",45,20260721.log,1221
20260721,00:39:59.611,NOT_LOGGED_IN_EVENT,2026.07.21,NOT_LOGGED_IN_EVENT,XAUUSD,NOT_LOGGED_IN_EVENT,BUY,65.6,FRESHNESS_RECORDED_IN_ADJACENT_M10_EVIDENCE_EVENT,TRANSITION_WATCH,NOT_PROVEN_BY_ANALYSIS_EVENT,"opposite case building (score=65.6 vs dominant=44.9) with real reaction evidence -- preferred direction changing, normal entry path must still confirm",NOT_PRESENT_IN_MT5_LOG,UNVERIFIED_NO_PRODUCTION_DB_ACCESS,REQUIRES_EXPLICIT_EXECUTION_READY_EVENT,UNVERIFIED_NO_PRODUCTION_NOTIFICATION_LOG,UNVERIFIED_NO_AUTHENTICATED_OWNER_SESSION,"XAUUSD_AI_Sniper_EA_v6.25.15_FINAL_BASKET_050R_AUDIT_FIXED_M30_DEFAULT (XAUUSD,M5)",46,20260721.log,1371
20260721,00:49:59.735,NOT_LOGGED_IN_EVENT,2026.07.21,NOT_LOGGED_IN_EVENT,XAUUSD,NOT_LOGGED_IN_EVENT,BUY,65.3,FRESHNESS_RECORDED_IN_ADJACENT_M10_EVIDENCE_EVENT,TRANSITION_WATCH,NOT_PROVEN_BY_ANALYSIS_EVENT,"opposite case building (score=65.3 vs dominant=44.9) with real reaction evidence -- preferred direction changing, normal entry path must still confirm",NOT_PRESENT_IN_MT5_LOG,UNVERIFIED_NO_PRODUCTION_DB_ACCESS,REQUIRES_EXPLICIT_EXECUTION_READY_EVENT,UNVERIFIED_NO_PRODUCTION_NOTIFICATION_LOG,UNVERIFIED_NO_AUTHENTICATED_OWNER_SESSION,"XAUUSD_AI_Sniper_EA_v6.25.15_FINAL_BASKET_050R_AUDIT_FIXED_M30_DEFAULT (XAUUSD,M5)",47,20260721.log,1866
20260721,00:59:59.705,NOT_LOGGED_IN_EVENT,2026.07.21,NOT_LOGGED_IN_EVENT,XAUUSD,NOT_LOGGED_IN_EVENT,NONE,43.8,FRESHNESS_RECORDED_IN_ADJACENT_M10_EVIDENCE_EVENT,TRANSITION_WATCH,NOT_PROVEN_BY_ANALYSIS_EVENT,"buyCaseScore=52.5 sellCaseScore=46.3 -- too close to call, evidence conflicted",NOT_PRESENT_IN_MT5_LOG,UNVERIFIED_NO_PRODUCTION_DB_ACCESS,REQUIRES_EXPLICIT_EXECUTION_READY_EVENT,UNVERIFIED_NO_PRODUCTION_NOTIFICATION_LOG,UNVERIFIED_NO_AUTHENTICATED_OWNER_SESSION,"XAUUSD_AI_Sniper_EA_v6.25.15_FINAL_BASKET_050R_AUDIT_FIXED_M30_DEFAULT (XAUUSD,M5)",48,20260721.log,2293
20260721,01:09:59.623,NOT_LOGGED_IN_EVENT,2026.07.21,NOT_LOGGED_IN_EVENT,XAUUSD,NOT_LOGGED_IN_EVENT,NONE,42.1,FRESHNESS_RECORDED_IN_ADJACENT_M10_EVIDENCE_EVENT,TRANSITION_WATCH,NOT_PROVEN_BY_ANALYSIS_EVENT,"buyCaseScore=54.6 sellCaseScore=46.7 -- too close to call, evidence conflicted",NOT_PRESENT_IN_MT5_LOG,UNVERIFIED_NO_PRODUCTION_DB_ACCESS,REQUIRES_EXPLICIT_EXECUTION_READY_EVENT,UNVERIFIED_NO_PRODUCTION_NOTIFICATION_LOG,UNVERIFIED_NO_AUTHENTICATED_OWNER_SESSION,"XAUUSD_AI_Sniper_EA_v6.25.15_FINAL_BASKET_050R_AUDIT_FIXED_M30_DEFAULT (XAUUSD,M5)",49,20260721.log,3603
20260721,01:19:59.715,NOT_LOGGED_IN_EVENT,2026.07.21,NOT_LOGGED_IN_EVENT,XAUUSD,NOT_LOGGED_IN_EVENT,BUY,52.8,FRESHNESS_RECORDED_IN_ADJACENT_M10_EVIDENCE_EVENT,TREND_CONTINUATION_NO_ENTRY_YET,NOT_PROVEN_BY_ANALYSIS_EVENT,neither case cleared the 55.0 bar (buy=52.8 sell=42.2),NOT_PRESENT_IN_MT5_LOG,UNVERIFIED_NO_PRODUCTION_DB_ACCESS,REQUIRES_EXPLICIT_EXECUTION_READY_EVENT,UNVERIFIED_NO_PRODUCTION_NOTIFICATION_LOG,UNVERIFIED_NO_AUTHENTICATED_OWNER_SESSION,"XAUUSD_AI_Sniper_EA_v6.25.15_FINAL_BASKET_050R_AUDIT_FIXED_M30_DEFAULT (XAUUSD,M5)",50,20260721.log,4117
20260721,01:29:59.630,NOT_LOGGED_IN_EVENT,2026.07.21,NOT_LOGGED_IN_EVENT,XAUUSD,NOT_LOGGED_IN_EVENT,NONE,47.8,FRESHNESS_RECORDED_IN_ADJACENT_M10_EVIDENCE_EVENT,TRANSITION_WATCH,NOT_PROVEN_BY_ANALYSIS_EVENT,"buyCaseScore=47.2 sellCaseScore=45.0 -- too close to call, evidence conflicted",NOT_PRESENT_IN_MT5_LOG,UNVERIFIED_NO_PRODUCTION_DB_ACCESS,REQUIRES_EXPLICIT_EXECUTION_READY_EVENT,UNVERIFIED_NO_PRODUCTION_NOTIFICATION_LOG,UNVERIFIED_NO_AUTHENTICATED_OWNER_SESSION,"XAUUSD_AI_Sniper_EA_v6.25.15_FINAL_BASKET_050R_AUDIT_FIXED_M30_DEFAULT (XAUUSD,M5)",51,20260721.log,4620
20260721,01:39:59.730,NOT_LOGGED_IN_EVENT,2026.07.21,NOT_LOGGED_IN_EVENT,XAUUSD,NOT_LOGGED_IN_EVENT,NONE,41.9,FRESHNESS_RECORDED_IN_ADJACENT_M10_EVIDENCE_EVENT,TRANSITION_WATCH,NOT_PROVEN_BY_ANALYSIS_EVENT,"buyCaseScore=51.1 sellCaseScore=43.0 -- too close to call, evidence conflicted",NOT_PRESENT_IN_MT5_LOG,UNVERIFIED_NO_PRODUCTION_DB_ACCESS,REQUIRES_EXPLICIT_EXECUTION_READY_EVENT,UNVERIFIED_NO_PRODUCTION_NOTIFICATION_LOG,UNVERIFIED_NO_AUTHENTICATED_OWNER_SESSION,"XAUUSD_AI_Sniper_EA_v6.25.15_FINAL_BASKET_050R_AUDIT_FIXED_M30_DEFAULT (XAUUSD,M5)",52,20260721.log,4967
20260721,01:49:59.837,NOT_LOGGED_IN_EVENT,2026.07.21,NOT_LOGGED_IN_EVENT,XAUUSD,NOT_LOGGED_IN_EVENT,BUY,53.0,FRESHNESS_RECORDED_IN_ADJACENT_M10_EVIDENCE_EVENT,TREND_CONTINUATION_NO_ENTRY_YET,NOT_PROVEN_BY_ANALYSIS_EVENT,neither case cleared the 55.0 bar (buy=53.0 sell=42.4),NOT_PRESENT_IN_MT5_LOG,UNVERIFIED_NO_PRODUCTION_DB_ACCESS,REQUIRES_EXPLICIT_EXECUTION_READY_EVENT,UNVERIFIED_NO_PRODUCTION_NOTIFICATION_LOG,UNVERIFIED_NO_AUTHENTICATED_OWNER_SESSION,"XAUUSD_AI_Sniper_EA_v6.25.15_FINAL_BASKET_050R_AUDIT_FIXED_M30_DEFAULT (XAUUSD,M5)",53,20260721.log,5270
20260721,01:59:59.838,NOT_LOGGED_IN_EVENT,2026.07.21,NOT_LOGGED_IN_EVENT,XAUUSD,NOT_LOGGED_IN_EVENT,NONE,40.3,FRESHNESS_RECORDED_IN_ADJACENT_M10_EVIDENCE_EVENT,TRANSITION_WATCH,NOT_PROVEN_BY_ANALYSIS_EVENT,"buyCaseScore=52.2 sellCaseScore=42.5 -- too close to call, evidence conflicted",NOT_PRESENT_IN_MT5_LOG,UNVERIFIED_NO_PRODUCTION_DB_ACCESS,REQUIRES_EXPLICIT_EXECUTION_READY_EVENT,UNVERIFIED_NO_PRODUCTION_NOTIFICATION_LOG,UNVERIFIED_NO_AUTHENTICATED_OWNER_SESSION,"XAUUSD_AI_Sniper_EA_v6.25.15_FINAL_BASKET_050R_AUDIT_FIXED_M30_DEFAULT (XAUUSD,M5)",54,20260721.log,5712
20260721,02:09:59.718,NOT_LOGGED_IN_EVENT,2026.07.21,NOT_LOGGED_IN_EVENT,XAUUSD,NOT_LOGGED_IN_EVENT,NONE,43.1,FRESHNESS_RECORDED_IN_ADJACENT_M10_EVIDENCE_EVENT,TRANSITION_WATCH,NOT_PROVEN_BY_ANALYSIS_EVENT,"buyCaseScore=40.0 sellCaseScore=46.9 -- too close to call, evidence conflicted",NOT_PRESENT_IN_MT5_LOG,UNVERIFIED_NO_PRODUCTION_DB_ACCESS,REQUIRES_EXPLICIT_EXECUTION_READY_EVENT,UNVERIFIED_NO_PRODUCTION_NOTIFICATION_LOG,UNVERIFIED_NO_AUTHENTICATED_OWNER_SESSION,"XAUUSD_AI_Sniper_EA_v6.25.15_FINAL_BASKET_050R_AUDIT_FIXED_M30_DEFAULT (XAUUSD,M5)",55,20260721.log,6774
20260721,02:19:59.687,NOT_LOGGED_IN_EVENT,2026.07.21,NOT_LOGGED_IN_EVENT,XAUUSD,NOT_LOGGED_IN_EVENT,NONE,48.5,FRESHNESS_RECORDED_IN_ADJACENT_M10_EVIDENCE_EVENT,NO_VALID_SIGNAL,NOT_PROVEN_BY_ANALYSIS_EVENT,neither case cleared the 55.0 bar (buy=37.3 sell=48.5),NOT_PRESENT_IN_MT5_LOG,UNVERIFIED_NO_PRODUCTION_DB_ACCESS,REQUIRES_EXPLICIT_EXECUTION_READY_EVENT,UNVERIFIED_NO_PRODUCTION_NOTIFICATION_LOG,UNVERIFIED_NO_AUTHENTICATED_OWNER_SESSION,"XAUUSD_AI_Sniper_EA_v6.25.15_FINAL_BASKET_050R_AUDIT_FIXED_M30_DEFAULT (XAUUSD,M5)",56,20260721.log,7518
20260721,02:29:59.772,NOT_LOGGED_IN_EVENT,2026.07.21,NOT_LOGGED_IN_EVENT,XAUUSD,NOT_LOGGED_IN_EVENT,NONE,54.5,FRESHNESS_RECORDED_IN_ADJACENT_M10_EVIDENCE_EVENT,NO_VALID_SIGNAL,NOT_PROVEN_BY_ANALYSIS_EVENT,neither case cleared the 55.0 bar (buy=39.3 sell=54.5),NOT_PRESENT_IN_MT5_LOG,UNVERIFIED_NO_PRODUCTION_DB_ACCESS,REQUIRES_EXPLICIT_EXECUTION_READY_EVENT,UNVERIFIED_NO_PRODUCTION_NOTIFICATION_LOG,UNVERIFIED_NO_AUTHENTICATED_OWNER_SESSION,"XAUUSD_AI_Sniper_EA_v6.25.15_FINAL_BASKET_050R_AUDIT_FIXED_M30_DEFAULT (XAUUSD,M5)",57,20260721.log,8241
20260721,02:39:46.234,NOT_LOGGED_IN_EVENT,2026.07.21,NOT_LOGGED_IN_EVENT,XAUUSD,NOT_LOGGED_IN_EVENT,SELL,61.9,FRESHNESS_RECORDED_IN_ADJACENT_M10_EVIDENCE_EVENT,TRANSITION_WATCH,NOT_PROVEN_BY_ANALYSIS_EVENT,"opposite case building (score=61.9 vs dominant=40.7) with real reaction evidence -- preferred direction changing, normal entry path must still confirm",NOT_PRESENT_IN_MT5_LOG,UNVERIFIED_NO_PRODUCTION_DB_ACCESS,REQUIRES_EXPLICIT_EXECUTION_READY_EVENT,UNVERIFIED_NO_PRODUCTION_NOTIFICATION_LOG,UNVERIFIED_NO_AUTHENTICATED_OWNER_SESSION,"XAUUSD_AI_Sniper_EA_v6.25.15_FINAL_BASKET_050R_M10_ONLY_BLOCK_EXCELLENT_LATE (XAUUSD,M10)",1,20260721.log,9027
20260721,02:39:59.826,NOT_LOGGED_IN_EVENT,2026.07.21,NOT_LOGGED_IN_EVENT,XAUUSD,NOT_LOGGED_IN_EVENT,SELL,69.8,FRESHNESS_RECORDED_IN_ADJACENT_M10_EVIDENCE_EVENT,TRANSITION_WATCH,NOT_PROVEN_BY_ANALYSIS_EVENT,"opposite case building (score=69.8 vs dominant=40.8) with real reaction evidence -- preferred direction changing, normal entry path must still confirm",NOT_PRESENT_IN_MT5_LOG,UNVERIFIED_NO_PRODUCTION_DB_ACCESS,REQUIRES_EXPLICIT_EXECUTION_READY_EVENT,UNVERIFIED_NO_PRODUCTION_NOTIFICATION_LOG,UNVERIFIED_NO_AUTHENTICATED_OWNER_SESSION,"XAUUSD_AI_Sniper_EA_v6.25.15_FINAL_BASKET_050R_M10_ONLY_BLOCK_EXCELLENT_LATE (XAUUSD,M10)",2,20260721.log,9217
20260721,02:42:38.879,NOT_LOGGED_IN_EVENT,2026.07.21,NOT_LOGGED_IN_EVENT,XAUUSD,NOT_LOGGED_IN_EVENT,SELL,74.6,FRESHNESS_RECORDED_IN_ADJACENT_M10_EVIDENCE_EVENT,TRANSITION_WATCH,NOT_PROVEN_BY_ANALYSIS_EVENT,"opposite case building (score=74.6 vs dominant=42.7) with real reaction evidence -- preferred direction changing, normal entry path must still confirm",NOT_PRESENT_IN_MT5_LOG,UNVERIFIED_NO_PRODUCTION_DB_ACCESS,REQUIRES_EXPLICIT_EXECUTION_READY_EVENT,UNVERIFIED_NO_PRODUCTION_NOTIFICATION_LOG,UNVERIFIED_NO_AUTHENTICATED_OWNER_SESSION,"XAUUSD_AI_Sniper_EA_v6.25.15_FINAL_BASKET_050R_M10_ONLY_BLOCK_EXCELLENT_LATE (XAUUSD,M10)",1,20260721.log,9651
20260721,02:49:59.855,NOT_LOGGED_IN_EVENT,2026.07.21,NOT_LOGGED_IN_EVENT,XAUUSD,NOT_LOGGED_IN_EVENT,NONE,56.1,FRESHNESS_RECORDED_IN_ADJACENT_M10_EVIDENCE_EVENT,NO_VALID_SIGNAL,NOT_PROVEN_BY_ANALYSIS_EVENT,neither case cleared the 55.0 bar (buy=40.2 sell=56.1),NOT_PRESENT_IN_MT5_LOG,UNVERIFIED_NO_PRODUCTION_DB_ACCESS,REQUIRES_EXPLICIT_EXECUTION_READY_EVENT,UNVERIFIED_NO_PRODUCTION_NOTIFICATION_LOG,UNVERIFIED_NO_AUTHENTICATED_OWNER_SESSION,"XAUUSD_AI_Sniper_EA_v6.25.15_FINAL_BASKET_050R_M10_ONLY_BLOCK_EXCELLENT_LATE (XAUUSD,M10)",2,20260721.log,10040
20260721,02:59:59.742,NOT_LOGGED_IN_EVENT,2026.07.21,NOT_LOGGED_IN_EVENT,XAUUSD,NOT_LOGGED_IN_EVENT,SELL,65.0,FRESHNESS_RECORDED_IN_ADJACENT_M10_EVIDENCE_EVENT,TRANSITION_WATCH,NOT_PROVEN_BY_ANALYSIS_EVENT,"opposite case building (score=65.0 vs dominant=36.7) with real reaction evidence -- preferred direction changing, normal entry path must still confirm",NOT_PRESENT_IN_MT5_LOG,UNVERIFIED_NO_PRODUCTION_DB_ACCESS,REQUIRES_EXPLICIT_EXECUTION_READY_EVENT,UNVERIFIED_NO_PRODUCTION_NOTIFICATION_LOG,UNVERIFIED_NO_AUTHENTICATED_OWNER_SESSION,"XAUUSD_AI_Sniper_EA_v6.25.15_FINAL_BASKET_050R_M10_ONLY_BLOCK_EXCELLENT_LATE (XAUUSD,M10)",3,20260721.log,10423
20260721,03:09:59.622,NOT_LOGGED_IN_EVENT,2026.07.21,NOT_LOGGED_IN_EVENT,XAUUSD,NOT_LOGGED_IN_EVENT,NONE,56.7,FRESHNESS_RECORDED_IN_ADJACENT_M10_EVIDENCE_EVENT,NO_VALID_SIGNAL,NOT_PROVEN_BY_ANALYSIS_EVENT,neither case cleared the 55.0 bar (buy=33.5 sell=56.7),NOT_PRESENT_IN_MT5_LOG,UNVERIFIED_NO_PRODUCTION_DB_ACCESS,REQUIRES_EXPLICIT_EXECUTION_READY_EVENT,UNVERIFIED_NO_PRODUCTION_NOTIFICATION_LOG,UNVERIFIED_NO_AUTHENTICATED_OWNER_SESSION,"XAUUSD_AI_Sniper_EA_v6.25.15_FINAL_BASKET_050R_M10_ONLY_BLOCK_EXCELLENT_LATE (XAUUSD,M10)",4,20260721.log,10835
20260721,03:19:59.798,NOT_LOGGED_IN_EVENT,2026.07.21,NOT_LOGGED_IN_EVENT,XAUUSD,NOT_LOGGED_IN_EVENT,SELL,66.2,FRESHNESS_RECORDED_IN_ADJACENT_M10_EVIDENCE_EVENT,TRANSITION_WATCH,NOT_PROVEN_BY_ANALYSIS_EVENT,"opposite case building (score=66.2 vs dominant=31.0) with real reaction evidence -- preferred direction changing, normal entry path must still confirm",NOT_PRESENT_IN_MT5_LOG,UNVERIFIED_NO_PRODUCTION_DB_ACCESS,REQUIRES_EXPLICIT_EXECUTION_READY_EVENT,UNVERIFIED_NO_PRODUCTION_NOTIFICATION_LOG,UNVERIFIED_NO_AUTHENTICATED_OWNER_SESSION,"XAUUSD_AI_Sniper_EA_v6.25.15_FINAL_BASKET_050R_M10_ONLY_BLOCK_EXCELLENT_LATE (XAUUSD,M10)",5,20260721.log,11343
20260721,03:29:59.694,NOT_LOGGED_IN_EVENT,2026.07.21,NOT_LOGGED_IN_EVENT,XAUUSD,NOT_LOGGED_IN_EVENT,NONE,56.6,FRESHNESS_RECORDED_IN_ADJACENT_M10_EVIDENCE_EVENT,NO_VALID_SIGNAL,NOT_PROVEN_BY_ANALYSIS_EVENT,neither case cleared the 55.0 bar (buy=30.4 sell=56.6),NOT_PRESENT_IN_MT5_LOG,UNVERIFIED_NO_PRODUCTION_DB_ACCESS,REQUIRES_EXPLICIT_EXECUTION_READY_EVENT,UNVERIFIED_NO_PRODUCTION_NOTIFICATION_LOG,UNVERIFIED_NO_AUTHENTICATED_OWNER_SESSION,"XAUUSD_AI_Sniper_EA_v6.25.15_FINAL_BASKET_050R_M10_ONLY_BLOCK_EXCELLENT_LATE (XAUUSD,M10)",6,20260721.log,11719
20260721,03:37:58.329,NOT_LOGGED_IN_EVENT,2026.07.21,NOT_LOGGED_IN_EVENT,XAUUSD,NOT_LOGGED_IN_EVENT,NONE,56.1,FRESHNESS_RECORDED_IN_ADJACENT_M10_EVIDENCE_EVENT,NO_VALID_SIGNAL,NOT_PROVEN_BY_ANALYSIS_EVENT,neither case cleared the 55.0 bar (buy=31.7 sell=56.1),NOT_PRESENT_IN_MT5_LOG,UNVERIFIED_NO_PRODUCTION_DB_ACCESS,REQUIRES_EXPLICIT_EXECUTION_READY_EVENT,UNVERIFIED_NO_PRODUCTION_NOTIFICATION_LOG,UNVERIFIED_NO_AUTHENTICATED_OWNER_SESSION,"XAUUSD_AI_Sniper_EA_v6.25.15_FINAL_BASKET_050R_M10_ONLY_BLOCK_EXCELLENT_LATE (XAUUSD,M10)",1,20260721.log,12866
20260721,03:39:59.635,NOT_LOGGED_IN_EVENT,2026.07.21,NOT_LOGGED_IN_EVENT,XAUUSD,NOT_LOGGED_IN_EVENT,NONE,55.6,FRESHNESS_RECORDED_IN_ADJACENT_M10_EVIDENCE_EVENT,NO_VALID_SIGNAL,NOT_PROVEN_BY_ANALYSIS_EVENT,neither case cleared the 55.0 bar (buy=36.4 sell=55.6),NOT_PRESENT_IN_MT5_LOG,UNVERIFIED_NO_PRODUCTION_DB_ACCESS,REQUIRES_EXPLICIT_EXECUTION_READY_EVENT,UNVERIFIED_NO_PRODUCTION_NOTIFICATION_LOG,UNVERIFIED_NO_AUTHENTICATED_OWNER_SESSION,"XAUUSD_AI_Sniper_EA_v6.25.15_FINAL_BASKET_050R_M10_ONLY_BLOCK_EXCELLENT_LATE (XAUUSD,M10)",2,20260721.log,13430
20260721,03:49:59.794,NOT_LOGGED_IN_EVENT,2026.07.21,NOT_LOGGED_IN_EVENT,XAUUSD,NOT_LOGGED_IN_EVENT,NONE,53.6,FRESHNESS_RECORDED_IN_ADJACENT_M10_EVIDENCE_EVENT,NO_VALID_SIGNAL,NOT_PROVEN_BY_ANALYSIS_EVENT,neither case cleared the 55.0 bar (buy=37.1 sell=53.6),NOT_PRESENT_IN_MT5_LOG,UNVERIFIED_NO_PRODUCTION_DB_ACCESS,REQUIRES_EXPLICIT_EXECUTION_READY_EVENT,UNVERIFIED_NO_PRODUCTION_NOTIFICATION_LOG,UNVERIFIED_NO_AUTHENTICATED_OWNER_SESSION,"XAUUSD_AI_Sniper_EA_v6.25.15_FINAL_BASKET_050R_M10_ONLY_BLOCK_EXCELLENT_LATE (XAUUSD,M10)",3,20260721.log,13765
20260721,03:59:59.765,NOT_LOGGED_IN_EVENT,2026.07.21,NOT_LOGGED_IN_EVENT,XAUUSD,NOT_LOGGED_IN_EVENT,NONE,54.3,FRESHNESS_RECORDED_IN_ADJACENT_M10_EVIDENCE_EVENT,NO_VALID_SIGNAL,NOT_PROVEN_BY_ANALYSIS_EVENT,neither case cleared the 55.0 bar (buy=35.9 sell=54.3),NOT_PRESENT_IN_MT5_LOG,UNVERIFIED_NO_PRODUCTION_DB_ACCESS,REQUIRES_EXPLICIT_EXECUTION_READY_EVENT,UNVERIFIED_NO_PRODUCTION_NOTIFICATION_LOG,UNVERIFIED_NO_AUTHENTICATED_OWNER_SESSION,"XAUUSD_AI_Sniper_EA_v6.25.15_FINAL_BASKET_050R_M10_ONLY_BLOCK_EXCELLENT_LATE (XAUUSD,M10)",4,20260721.log,14166
20260721,04:09:59.817,NOT_LOGGED_IN_EVENT,2026.07.21,NOT_LOGGED_IN_EVENT,XAUUSD,NOT_LOGGED_IN_EVENT,NONE,55.2,FRESHNESS_RECORDED_IN_ADJACENT_M10_EVIDENCE_EVENT,NO_VALID_SIGNAL,NOT_PROVEN_BY_ANALYSIS_EVENT,neither case cleared the 55.0 bar (buy=33.9 sell=55.2),NOT_PRESENT_IN_MT5_LOG,UNVERIFIED_NO_PRODUCTION_DB_ACCESS,REQUIRES_EXPLICIT_EXECUTION_READY_EVENT,UNVERIFIED_NO_PRODUCTION_NOTIFICATION_LOG,UNVERIFIED_NO_AUTHENTICATED_OWNER_SESSION,"XAUUSD_AI_Sniper_EA_v6.25.15_FINAL_BASKET_050R_M10_ONLY_BLOCK_EXCELLENT_LATE (XAUUSD,M10)",5,20260721.log,14703
20260721,04:19:59.723,NOT_LOGGED_IN_EVENT,2026.07.21,NOT_LOGGED_IN_EVENT,XAUUSD,NOT_LOGGED_IN_EVENT,NONE,54.5,FRESHNESS_RECORDED_IN_ADJACENT_M10_EVIDENCE_EVENT,NO_VALID_SIGNAL,NOT_PROVEN_BY_ANALYSIS_EVENT,neither case cleared the 55.0 bar (buy=34.9 sell=54.5),NOT_PRESENT_IN_MT5_LOG,UNVERIFIED_NO_PRODUCTION_DB_ACCESS,REQUIRES_EXPLICIT_EXECUTION_READY_EVENT,UNVERIFIED_NO_PRODUCTION_NOTIFICATION_LOG,UNVERIFIED_NO_AUTHENTICATED_OWNER_SESSION,"XAUUSD_AI_Sniper_EA_v6.25.15_FINAL_BASKET_050R_M10_ONLY_BLOCK_EXCELLENT_LATE (XAUUSD,M10)",6,20260721.log,15102
20260721,04:29:59.725,NOT_LOGGED_IN_EVENT,2026.07.21,NOT_LOGGED_IN_EVENT,XAUUSD,NOT_LOGGED_IN_EVENT,NONE,57.3,FRESHNESS_RECORDED_IN_ADJACENT_M10_EVIDENCE_EVENT,NO_VALID_SIGNAL,NOT_PROVEN_BY_ANALYSIS_EVENT,neither case cleared the 55.0 bar (buy=34.9 sell=57.3),NOT_PRESENT_IN_MT5_LOG,UNVERIFIED_NO_PRODUCTION_DB_ACCESS,REQUIRES_EXPLICIT_EXECUTION_READY_EVENT,UNVERIFIED_NO_PRODUCTION_NOTIFICATION_LOG,UNVERIFIED_NO_AUTHENTICATED_OWNER_SESSION,"XAUUSD_AI_Sniper_EA_v6.25.15_FINAL_BASKET_050R_M10_ONLY_BLOCK_EXCELLENT_LATE (XAUUSD,M10)",7,20260721.log,16055
20260721,04:39:59.790,NOT_LOGGED_IN_EVENT,2026.07.21,NOT_LOGGED_IN_EVENT,XAUUSD,NOT_LOGGED_IN_EVENT,NONE,57.9,FRESHNESS_RECORDED_IN_ADJACENT_M10_EVIDENCE_EVENT,NO_VALID_SIGNAL,NOT_PROVEN_BY_ANALYSIS_EVENT,neither case cleared the 55.0 bar (buy=35.8 sell=57.9),NOT_PRESENT_IN_MT5_LOG,UNVERIFIED_NO_PRODUCTION_DB_ACCESS,REQUIRES_EXPLICIT_EXECUTION_READY_EVENT,UNVERIFIED_NO_PRODUCTION_NOTIFICATION_LOG,UNVERIFIED_NO_AUTHENTICATED_OWNER_SESSION,"XAUUSD_AI_Sniper_EA_v6.25.15_FINAL_BASKET_050R_M10_ONLY_BLOCK_EXCELLENT_LATE (XAUUSD,M10)",8,20260721.log,16356
20260721,04:49:59.705,NOT_LOGGED_IN_EVENT,2026.07.21,NOT_LOGGED_IN_EVENT,XAUUSD,NOT_LOGGED_IN_EVENT,NONE,56.6,FRESHNESS_RECORDED_IN_ADJACENT_M10_EVIDENCE_EVENT,NO_VALID_SIGNAL,NOT_PROVEN_BY_ANALYSIS_EVENT,neither case cleared the 55.0 bar (buy=35.5 sell=56.6),NOT_PRESENT_IN_MT5_LOG,UNVERIFIED_NO_PRODUCTION_DB_ACCESS,REQUIRES_EXPLICIT_EXECUTION_READY_EVENT,UNVERIFIED_NO_PRODUCTION_NOTIFICATION_LOG,UNVERIFIED_NO_AUTHENTICATED_OWNER_SESSION,"XAUUSD_AI_Sniper_EA_v6.25.15_FINAL_BASKET_050R_M10_ONLY_BLOCK_EXCELLENT_LATE (XAUUSD,M10)",9,20260721.log,16773
20260721,04:59:59.830,NOT_LOGGED_IN_EVENT,2026.07.21,NOT_LOGGED_IN_EVENT,XAUUSD,NOT_LOGGED_IN_EVENT,NONE,61.6,FRESHNESS_RECORDED_IN_ADJACENT_M10_EVIDENCE_EVENT,NO_VALID_SIGNAL,NOT_PROVEN_BY_ANALYSIS_EVENT,neither case cleared the 55.0 bar (buy=36.2 sell=61.6),NOT_PRESENT_IN_MT5_LOG,UNVERIFIED_NO_PRODUCTION_DB_ACCESS,REQUIRES_EXPLICIT_EXECUTION_READY_EVENT,UNVERIFIED_NO_PRODUCTION_NOTIFICATION_LOG,UNVERIFIED_NO_AUTHENTICATED_OWNER_SESSION,"XAUUSD_AI_Sniper_EA_v6.25.15_FINAL_BASKET_050R_M10_ONLY_BLOCK_EXCELLENT_LATE (XAUUSD,M10)",10,20260721.log,16974
20260721,05:09:59.796,NOT_LOGGED_IN_EVENT,2026.07.21,NOT_LOGGED_IN_EVENT,XAUUSD,NOT_LOGGED_IN_EVENT,NONE,53.3,FRESHNESS_RECORDED_IN_ADJACENT_M10_EVIDENCE_EVENT,NO_VALID_SIGNAL,NOT_PROVEN_BY_ANALYSIS_EVENT,neither case cleared the 55.0 bar (buy=38.6 sell=53.3),NOT_PRESENT_IN_MT5_LOG,UNVERIFIED_NO_PRODUCTION_DB_ACCESS,REQUIRES_EXPLICIT_EXECUTION_READY_EVENT,UNVERIFIED_NO_PRODUCTION_NOTIFICATION_LOG,UNVERIFIED_NO_AUTHENTICATED_OWNER_SESSION,"XAUUSD_AI_Sniper_EA_v6.25.15_FINAL_BASKET_050R_M10_ONLY_BLOCK_EXCELLENT_LATE (XAUUSD,M10)",11,20260721.log,17595
20260721,05:19:59.702,NOT_LOGGED_IN_EVENT,2026.07.21,NOT_LOGGED_IN_EVENT,XAUUSD,NOT_LOGGED_IN_EVENT,SELL,65.8,FRESHNESS_RECORDED_IN_ADJACENT_M10_EVIDENCE_EVENT,TRANSITION_WATCH,NOT_PROVEN_BY_ANALYSIS_EVENT,"opposite case building (score=65.8 vs dominant=37.2) with real reaction evidence -- preferred direction changing, normal entry path must still confirm",NOT_PRESENT_IN_MT5_LOG,UNVERIFIED_NO_PRODUCTION_DB_ACCESS,REQUIRES_EXPLICIT_EXECUTION_READY_EVENT,UNVERIFIED_NO_PRODUCTION_NOTIFICATION_LOG,UNVERIFIED_NO_AUTHENTICATED_OWNER_SESSION,"XAUUSD_AI_Sniper_EA_v6.25.15_FINAL_BASKET_050R_M10_ONLY_BLOCK_EXCELLENT_LATE (XAUUSD,M10)",12,20260721.log,17811
20260721,05:27:29.202,NOT_LOGGED_IN_EVENT,2026.07.21,NOT_LOGGED_IN_EVENT,XAUUSD,NOT_LOGGED_IN_EVENT,SELL,70.8,FRESHNESS_RECORDED_IN_ADJACENT_M10_EVIDENCE_EVENT,TRANSITION_WATCH,NOT_PROVEN_BY_ANALYSIS_EVENT,"opposite case building (score=70.8 vs dominant=33.8) with real reaction evidence -- preferred direction changing, normal entry path must still confirm",NOT_PRESENT_IN_MT5_LOG,UNVERIFIED_NO_PRODUCTION_DB_ACCESS,REQUIRES_EXPLICIT_EXECUTION_READY_EVENT,UNVERIFIED_NO_PRODUCTION_NOTIFICATION_LOG,UNVERIFIED_NO_AUTHENTICATED_OWNER_SESSION,"XAUUSD_AI_Sniper_EA_v6.25.16_FINAL_BASKET_050R_TRUE_M10_BLOCK_EXCELLENT_LATE (XAUUSD,M10)",1,20260721.log,18242
20260721,05:28:34.628,NOT_LOGGED_IN_EVENT,2026.07.21,NOT_LOGGED_IN_EVENT,XAUUSD,NOT_LOGGED_IN_EVENT,SELL,70.8,FRESHNESS_RECORDED_IN_ADJACENT_M10_EVIDENCE_EVENT,TRANSITION_WATCH,NOT_PROVEN_BY_ANALYSIS_EVENT,"opposite case building (score=70.8 vs dominant=33.8) with real reaction evidence -- preferred direction changing, normal entry path must still confirm",NOT_PRESENT_IN_MT5_LOG,UNVERIFIED_NO_PRODUCTION_DB_ACCESS,REQUIRES_EXPLICIT_EXECUTION_READY_EVENT,UNVERIFIED_NO_PRODUCTION_NOTIFICATION_LOG,UNVERIFIED_NO_AUTHENTICATED_OWNER_SESSION,"XAUUSD_AI_Sniper_EA_v6.25.16_FINAL_BASKET_050R_TRUE_M10_BLOCK_EXCELLENT_LATE (XAUUSD,M10)",1,20260721.log,18644
20260721,05:29:59.758,NOT_LOGGED_IN_EVENT,2026.07.21,NOT_LOGGED_IN_EVENT,XAUUSD,NOT_LOGGED_IN_EVENT,NONE,56.4,FRESHNESS_RECORDED_IN_ADJACENT_M10_EVIDENCE_EVENT,NO_VALID_SIGNAL,NOT_PROVEN_BY_ANALYSIS_EVENT,neither case cleared the 55.0 bar (buy=36.6 sell=56.4),NOT_PRESENT_IN_MT5_LOG,UNVERIFIED_NO_PRODUCTION_DB_ACCESS,REQUIRES_EXPLICIT_EXECUTION_READY_EVENT,UNVERIFIED_NO_PRODUCTION_NOTIFICATION_LOG,UNVERIFIED_NO_AUTHENTICATED_OWNER_SESSION,"XAUUSD_AI_Sniper_EA_v6.25.16_FINAL_BASKET_050R_TRUE_M10_BLOCK_EXCELLENT_LATE (XAUUSD,M10)",2,20260721.log,18784
20260721,05:29:59.758,NOT_LOGGED_IN_EVENT,2026.07.21,NOT_LOGGED_IN_EVENT,XAUUSD,NOT_LOGGED_IN_EVENT,NONE,56.4,FRESHNESS_RECORDED_IN_ADJACENT_M10_EVIDENCE_EVENT,NO_VALID_SIGNAL,NOT_PROVEN_BY_ANALYSIS_EVENT,neither case cleared the 55.0 bar (buy=36.6 sell=56.4),NOT_PRESENT_IN_MT5_LOG,UNVERIFIED_NO_PRODUCTION_DB_ACCESS,REQUIRES_EXPLICIT_EXECUTION_READY_EVENT,UNVERIFIED_NO_PRODUCTION_NOTIFICATION_LOG,UNVERIFIED_NO_AUTHENTICATED_OWNER_SESSION,"XAUUSD_AI_Sniper_EA_v6.25.15_FINAL_BASKET_050R_M10_ONLY_BLOCK_EXCELLENT_LATE (XAUUSD,M10)",13,20260721.log,18787
20260721,05:39:59.695,NOT_LOGGED_IN_EVENT,2026.07.21,NOT_LOGGED_IN_EVENT,XAUUSD,NOT_LOGGED_IN_EVENT,NONE,55.6,FRESHNESS_RECORDED_IN_ADJACENT_M10_EVIDENCE_EVENT,NO_VALID_SIGNAL,NOT_PROVEN_BY_ANALYSIS_EVENT,neither case cleared the 55.0 bar (buy=39.5 sell=55.6),NOT_PRESENT_IN_MT5_LOG,UNVERIFIED_NO_PRODUCTION_DB_ACCESS,REQUIRES_EXPLICIT_EXECUTION_READY_EVENT,UNVERIFIED_NO_PRODUCTION_NOTIFICATION_LOG,UNVERIFIED_NO_AUTHENTICATED_OWNER_SESSION,"XAUUSD_AI_Sniper_EA_v6.25.15_FINAL_BASKET_050R_M10_ONLY_BLOCK_EXCELLENT_LATE (XAUUSD,M10)",14,20260721.log,19421
20260721,05:39:59.695,NOT_LOGGED_IN_EVENT,2026.07.21,NOT_LOGGED_IN_EVENT,XAUUSD,NOT_LOGGED_IN_EVENT,NONE,55.6,FRESHNESS_RECORDED_IN_ADJACENT_M10_EVIDENCE_EVENT,NO_VALID_SIGNAL,NOT_PROVEN_BY_ANALYSIS_EVENT,neither case cleared the 55.0 bar (buy=39.5 sell=55.6),NOT_PRESENT_IN_MT5_LOG,UNVERIFIED_NO_PRODUCTION_DB_ACCESS,REQUIRES_EXPLICIT_EXECUTION_READY_EVENT,UNVERIFIED_NO_PRODUCTION_NOTIFICATION_LOG,UNVERIFIED_NO_AUTHENTICATED_OWNER_SESSION,"XAUUSD_AI_Sniper_EA_v6.25.16_FINAL_BASKET_050R_TRUE_M10_BLOCK_EXCELLENT_LATE (XAUUSD,M10)",3,20260721.log,19426
20260721,05:49:59.736,NOT_LOGGED_IN_EVENT,2026.07.21,NOT_LOGGED_IN_EVENT,XAUUSD,NOT_LOGGED_IN_EVENT,NONE,54.2,FRESHNESS_RECORDED_IN_ADJACENT_M10_EVIDENCE_EVENT,NO_VALID_SIGNAL,NOT_PROVEN_BY_ANALYSIS_EVENT,neither case cleared the 55.0 bar (buy=37.1 sell=54.2),NOT_PRESENT_IN_MT5_LOG,UNVERIFIED_NO_PRODUCTION_DB_ACCESS,REQUIRES_EXPLICIT_EXECUTION_READY_EVENT,UNVERIFIED_NO_PRODUCTION_NOTIFICATION_LOG,UNVERIFIED_NO_AUTHENTICATED_OWNER_SESSION,"XAUUSD_AI_Sniper_EA_v6.25.15_FINAL_BASKET_050R_M10_ONLY_BLOCK_EXCELLENT_LATE (XAUUSD,M10)",15,20260721.log,20149
20260721,05:49:59.736,NOT_LOGGED_IN_EVENT,2026.07.21,NOT_LOGGED_IN_EVENT,XAUUSD,NOT_LOGGED_IN_EVENT,NONE,54.2,FRESHNESS_RECORDED_IN_ADJACENT_M10_EVIDENCE_EVENT,NO_VALID_SIGNAL,NOT_PROVEN_BY_ANALYSIS_EVENT,neither case cleared the 55.0 bar (buy=37.1 sell=54.2),NOT_PRESENT_IN_MT5_LOG,UNVERIFIED_NO_PRODUCTION_DB_ACCESS,REQUIRES_EXPLICIT_EXECUTION_READY_EVENT,UNVERIFIED_NO_PRODUCTION_NOTIFICATION_LOG,UNVERIFIED_NO_AUTHENTICATED_OWNER_SESSION,"XAUUSD_AI_Sniper_EA_v6.25.16_FINAL_BASKET_050R_TRUE_M10_BLOCK_EXCELLENT_LATE (XAUUSD,M10)",4,20260721.log,20150
20260721,05:59:59.768,NOT_LOGGED_IN_EVENT,2026.07.21,NOT_LOGGED_IN_EVENT,XAUUSD,NOT_LOGGED_IN_EVENT,NONE,51.5,FRESHNESS_RECORDED_IN_ADJACENT_M10_EVIDENCE_EVENT,NO_VALID_SIGNAL,NOT_PROVEN_BY_ANALYSIS_EVENT,neither case cleared the 55.0 bar (buy=38.4 sell=51.5),NOT_PRESENT_IN_MT5_LOG,UNVERIFIED_NO_PRODUCTION_DB_ACCESS,REQUIRES_EXPLICIT_EXECUTION_READY_EVENT,UNVERIFIED_NO_PRODUCTION_NOTIFICATION_LOG,UNVERIFIED_NO_AUTHENTICATED_OWNER_SESSION,"XAUUSD_AI_Sniper_EA_v6.25.15_FINAL_BASKET_050R_M10_ONLY_BLOCK_EXCELLENT_LATE (XAUUSD,M10)",16,20260721.log,20706
20260721,06:00:00.089,NOT_LOGGED_IN_EVENT,2026.07.21,NOT_LOGGED_IN_EVENT,XAUUSD,NOT_LOGGED_IN_EVENT,NONE,51.5,FRESHNESS_RECORDED_IN_ADJACENT_M10_EVIDENCE_EVENT,NO_VALID_SIGNAL,NOT_PROVEN_BY_ANALYSIS_EVENT,neither case cleared the 55.0 bar (buy=38.4 sell=51.5),NOT_PRESENT_IN_MT5_LOG,UNVERIFIED_NO_PRODUCTION_DB_ACCESS,REQUIRES_EXPLICIT_EXECUTION_READY_EVENT,UNVERIFIED_NO_PRODUCTION_NOTIFICATION_LOG,UNVERIFIED_NO_AUTHENTICATED_OWNER_SESSION,"XAUUSD_AI_Sniper_EA_v6.25.16_FINAL_BASKET_050R_TRUE_M10_BLOCK_EXCELLENT_LATE (XAUUSD,M10)",5,20260721.log,20716
20260721,06:09:59.901,NOT_LOGGED_IN_EVENT,2026.07.21,NOT_LOGGED_IN_EVENT,XAUUSD,NOT_LOGGED_IN_EVENT,NONE,51.5,FRESHNESS_RECORDED_IN_ADJACENT_M10_EVIDENCE_EVENT,NO_VALID_SIGNAL,NOT_PROVEN_BY_ANALYSIS_EVENT,neither case cleared the 55.0 bar (buy=38.2 sell=51.5),NOT_PRESENT_IN_MT5_LOG,UNVERIFIED_NO_PRODUCTION_DB_ACCESS,REQUIRES_EXPLICIT_EXECUTION_READY_EVENT,UNVERIFIED_NO_PRODUCTION_NOTIFICATION_LOG,UNVERIFIED_NO_AUTHENTICATED_OWNER_SESSION,"XAUUSD_AI_Sniper_EA_v6.25.16_FINAL_BASKET_050R_TRUE_M10_BLOCK_EXCELLENT_LATE (XAUUSD,M10)",6,20260721.log,21822
20260721,06:09:59.903,NOT_LOGGED_IN_EVENT,2026.07.21,NOT_LOGGED_IN_EVENT,XAUUSD,NOT_LOGGED_IN_EVENT,NONE,51.5,FRESHNESS_RECORDED_IN_ADJACENT_M10_EVIDENCE_EVENT,NO_VALID_SIGNAL,NOT_PROVEN_BY_ANALYSIS_EVENT,neither case cleared the 55.0 bar (buy=38.2 sell=51.5),NOT_PRESENT_IN_MT5_LOG,UNVERIFIED_NO_PRODUCTION_DB_ACCESS,REQUIRES_EXPLICIT_EXECUTION_READY_EVENT,UNVERIFIED_NO_PRODUCTION_NOTIFICATION_LOG,UNVERIFIED_NO_AUTHENTICATED_OWNER_SESSION,"XAUUSD_AI_Sniper_EA_v6.25.15_FINAL_BASKET_050R_M10_ONLY_BLOCK_EXCELLENT_LATE (XAUUSD,M10)",17,20260721.log,21828
20260721,06:19:59.714,NOT_LOGGED_IN_EVENT,2026.07.21,NOT_LOGGED_IN_EVENT,XAUUSD,NOT_LOGGED_IN_EVENT,NONE,51.6,FRESHNESS_RECORDED_IN_ADJACENT_M10_EVIDENCE_EVENT,NO_VALID_SIGNAL,NOT_PROVEN_BY_ANALYSIS_EVENT,neither case cleared the 55.0 bar (buy=39.0 sell=51.6),NOT_PRESENT_IN_MT5_LOG,UNVERIFIED_NO_PRODUCTION_DB_ACCESS,REQUIRES_EXPLICIT_EXECUTION_READY_EVENT,UNVERIFIED_NO_PRODUCTION_NOTIFICATION_LOG,UNVERIFIED_NO_AUTHENTICATED_OWNER_SESSION,"XAUUSD_AI_Sniper_EA_v6.25.16_FINAL_BASKET_050R_TRUE_M10_BLOCK_EXCELLENT_LATE (XAUUSD,M10)",7,20260721.log,22584
20260721,06:19:59.716,NOT_LOGGED_IN_EVENT,2026.07.21,NOT_LOGGED_IN_EVENT,XAUUSD,NOT_LOGGED_IN_EVENT,NONE,51.6,FRESHNESS_RECORDED_IN_ADJACENT_M10_EVIDENCE_EVENT,NO_VALID_SIGNAL,NOT_PROVEN_BY_ANALYSIS_EVENT,neither case cleared the 55.0 bar (buy=39.0 sell=51.6),NOT_PRESENT_IN_MT5_LOG,UNVERIFIED_NO_PRODUCTION_DB_ACCESS,REQUIRES_EXPLICIT_EXECUTION_READY_EVENT,UNVERIFIED_NO_PRODUCTION_NOTIFICATION_LOG,UNVERIFIED_NO_AUTHENTICATED_OWNER_SESSION,"XAUUSD_AI_Sniper_EA_v6.25.15_FINAL_BASKET_050R_M10_ONLY_BLOCK_EXCELLENT_LATE (XAUUSD,M10)",18,20260721.log,22590
20260721,06:29:59.762,NOT_LOGGED_IN_EVENT,2026.07.21,NOT_LOGGED_IN_EVENT,XAUUSD,NOT_LOGGED_IN_EVENT,NONE,53.5,FRESHNESS_RECORDED_IN_ADJACENT_M10_EVIDENCE_EVENT,NO_VALID_SIGNAL,NOT_PROVEN_BY_ANALYSIS_EVENT,neither case cleared the 55.0 bar (buy=38.4 sell=53.5),NOT_PRESENT_IN_MT5_LOG,UNVERIFIED_NO_PRODUCTION_DB_ACCESS,REQUIRES_EXPLICIT_EXECUTION_READY_EVENT,UNVERIFIED_NO_PRODUCTION_NOTIFICATION_LOG,UNVERIFIED_NO_AUTHENTICATED_OWNER_SESSION,"XAUUSD_AI_Sniper_EA_v6.25.15_FINAL_BASKET_050R_M10_ONLY_BLOCK_EXCELLENT_LATE (XAUUSD,M10)",19,20260721.log,23792
20260721,06:29:59.959,NOT_LOGGED_IN_EVENT,2026.07.21,NOT_LOGGED_IN_EVENT,XAUUSD,NOT_LOGGED_IN_EVENT,NONE,53.5,FRESHNESS_RECORDED_IN_ADJACENT_M10_EVIDENCE_EVENT,NO_VALID_SIGNAL,NOT_PROVEN_BY_ANALYSIS_EVENT,neither case cleared the 55.0 bar (buy=38.4 sell=53.5),NOT_PRESENT_IN_MT5_LOG,UNVERIFIED_NO_PRODUCTION_DB_ACCESS,REQUIRES_EXPLICIT_EXECUTION_READY_EVENT,UNVERIFIED_NO_PRODUCTION_NOTIFICATION_LOG,UNVERIFIED_NO_AUTHENTICATED_OWNER_SESSION,"XAUUSD_AI_Sniper_EA_v6.25.16_FINAL_BASKET_050R_TRUE_M10_BLOCK_EXCELLENT_LATE (XAUUSD,M10)",8,20260721.log,23804
20260721,06:39:59.806,NOT_LOGGED_IN_EVENT,2026.07.21,NOT_LOGGED_IN_EVENT,XAUUSD,NOT_LOGGED_IN_EVENT,NONE,52.6,FRESHNESS_RECORDED_IN_ADJACENT_M10_EVIDENCE_EVENT,NO_VALID_SIGNAL,NOT_PROVEN_BY_ANALYSIS_EVENT,neither case cleared the 55.0 bar (buy=37.8 sell=52.6),NOT_PRESENT_IN_MT5_LOG,UNVERIFIED_NO_PRODUCTION_DB_ACCESS,REQUIRES_EXPLICIT_EXECUTION_READY_EVENT,UNVERIFIED_NO_PRODUCTION_NOTIFICATION_LOG,UNVERIFIED_NO_AUTHENTICATED_OWNER_SESSION,"XAUUSD_AI_Sniper_EA_v6.25.16_FINAL_BASKET_050R_TRUE_M10_BLOCK_EXCELLENT_LATE (XAUUSD,M10)",9,20260721.log,25126
20260721,06:40:00.460,NOT_LOGGED_IN_EVENT,2026.07.21,NOT_LOGGED_IN_EVENT,XAUUSD,NOT_LOGGED_IN_EVENT,NONE,52.6,FRESHNESS_RECORDED_IN_ADJACENT_M10_EVIDENCE_EVENT,NO_VALID_SIGNAL,NOT_PROVEN_BY_ANALYSIS_EVENT,neither case cleared the 55.0 bar (buy=37.8 sell=52.6),NOT_PRESENT_IN_MT5_LOG,UNVERIFIED_NO_PRODUCTION_DB_ACCESS,REQUIRES_EXPLICIT_EXECUTION_READY_EVENT,UNVERIFIED_NO_PRODUCTION_NOTIFICATION_LOG,UNVERIFIED_NO_AUTHENTICATED_OWNER_SESSION,"XAUUSD_AI_Sniper_EA_v6.25.15_FINAL_BASKET_050R_M10_ONLY_BLOCK_EXCELLENT_LATE (XAUUSD,M10)",20,20260721.log,25148
20260721,06:49:59.736,NOT_LOGGED_IN_EVENT,2026.07.21,NOT_LOGGED_IN_EVENT,XAUUSD,NOT_LOGGED_IN_EVENT,NONE,52.6,FRESHNESS_RECORDED_IN_ADJACENT_M10_EVIDENCE_EVENT,NO_VALID_SIGNAL,NOT_PROVEN_BY_ANALYSIS_EVENT,neither case cleared the 55.0 bar (buy=38.3 sell=52.6),NOT_PRESENT_IN_MT5_LOG,UNVERIFIED_NO_PRODUCTION_DB_ACCESS,REQUIRES_EXPLICIT_EXECUTION_READY_EVENT,UNVERIFIED_NO_PRODUCTION_NOTIFICATION_LOG,UNVERIFIED_NO_AUTHENTICATED_OWNER_SESSION,"XAUUSD_AI_Sniper_EA_v6.25.15_FINAL_BASKET_050R_M10_ONLY_BLOCK_EXCELLENT_LATE (XAUUSD,M10)",21,20260721.log,26196
20260721,06:49:59.737,NOT_LOGGED_IN_EVENT,2026.07.21,NOT_LOGGED_IN_EVENT,XAUUSD,NOT_LOGGED_IN_EVENT,NONE,52.6,FRESHNESS_RECORDED_IN_ADJACENT_M10_EVIDENCE_EVENT,NO_VALID_SIGNAL,NOT_PROVEN_BY_ANALYSIS_EVENT,neither case cleared the 55.0 bar (buy=38.3 sell=52.6),NOT_PRESENT_IN_MT5_LOG,UNVERIFIED_NO_PRODUCTION_DB_ACCESS,REQUIRES_EXPLICIT_EXECUTION_READY_EVENT,UNVERIFIED_NO_PRODUCTION_NOTIFICATION_LOG,UNVERIFIED_NO_AUTHENTICATED_OWNER_SESSION,"XAUUSD_AI_Sniper_EA_v6.25.16_FINAL_BASKET_050R_TRUE_M10_BLOCK_EXCELLENT_LATE (XAUUSD,M10)",10,20260721.log,26202
20260721,06:59:59.768,NOT_LOGGED_IN_EVENT,2026.07.21,NOT_LOGGED_IN_EVENT,XAUUSD,NOT_LOGGED_IN_EVENT,SELL,60.0,FRESHNESS_RECORDED_IN_ADJACENT_M10_EVIDENCE_EVENT,TRANSITION_WATCH,NOT_PROVEN_BY_ANALYSIS_EVENT,"opposite case building (score=60.0 vs dominant=40.5) with real reaction evidence -- preferred direction changing, normal entry path must still confirm",NOT_PRESENT_IN_MT5_LOG,UNVERIFIED_NO_PRODUCTION_DB_ACCESS,REQUIRES_EXPLICIT_EXECUTION_READY_EVENT,UNVERIFIED_NO_PRODUCTION_NOTIFICATION_LOG,UNVERIFIED_NO_AUTHENTICATED_OWNER_SESSION,"XAUUSD_AI_Sniper_EA_v6.25.15_FINAL_BASKET_050R_M10_ONLY_BLOCK_EXCELLENT_LATE (XAUUSD,M10)",22,20260721.log,27317
20260721,06:59:59.770,NOT_LOGGED_IN_EVENT,2026.07.21,NOT_LOGGED_IN_EVENT,XAUUSD,NOT_LOGGED_IN_EVENT,SELL,60.0,FRESHNESS_RECORDED_IN_ADJACENT_M10_EVIDENCE_EVENT,TRANSITION_WATCH,NOT_PROVEN_BY_ANALYSIS_EVENT,"opposite case building (score=60.0 vs dominant=40.5) with real reaction evidence -- preferred direction changing, normal entry path must still confirm",NOT_PRESENT_IN_MT5_LOG,UNVERIFIED_NO_PRODUCTION_DB_ACCESS,REQUIRES_EXPLICIT_EXECUTION_READY_EVENT,UNVERIFIED_NO_PRODUCTION_NOTIFICATION_LOG,UNVERIFIED_NO_AUTHENTICATED_OWNER_SESSION,"XAUUSD_AI_Sniper_EA_v6.25.16_FINAL_BASKET_050R_TRUE_M10_BLOCK_EXCELLENT_LATE (XAUUSD,M10)",11,20260721.log,27323
20260721,07:09:59.688,NOT_LOGGED_IN_EVENT,2026.07.21,NOT_LOGGED_IN_EVENT,XAUUSD,NOT_LOGGED_IN_EVENT,NONE,53.0,FRESHNESS_RECORDED_IN_ADJACENT_M10_EVIDENCE_EVENT,NO_VALID_SIGNAL,NOT_PROVEN_BY_ANALYSIS_EVENT,neither case cleared the 55.0 bar (buy=37.6 sell=53.0),NOT_PRESENT_IN_MT5_LOG,UNVERIFIED_NO_PRODUCTION_DB_ACCESS,REQUIRES_EXPLICIT_EXECUTION_READY_EVENT,UNVERIFIED_NO_PRODUCTION_NOTIFICATION_LOG,UNVERIFIED_NO_AUTHENTICATED_OWNER_SESSION,"XAUUSD_AI_Sniper_EA_v6.25.15_FINAL_BASKET_050R_M10_ONLY_BLOCK_EXCELLENT_LATE (XAUUSD,M10)",23,20260721.log,28914
20260721,07:09:59.688,NOT_LOGGED_IN_EVENT,2026.07.21,NOT_LOGGED_IN_EVENT,XAUUSD,NOT_LOGGED_IN_EVENT,NONE,53.0,FRESHNESS_RECORDED_IN_ADJACENT_M10_EVIDENCE_EVENT,NO_VALID_SIGNAL,NOT_PROVEN_BY_ANALYSIS_EVENT,neither case cleared the 55.0 bar (buy=37.6 sell=53.0),NOT_PRESENT_IN_MT5_LOG,UNVERIFIED_NO_PRODUCTION_DB_ACCESS,REQUIRES_EXPLICIT_EXECUTION_READY_EVENT,UNVERIFIED_NO_PRODUCTION_NOTIFICATION_LOG,UNVERIFIED_NO_AUTHENTICATED_OWNER_SESSION,"XAUUSD_AI_Sniper_EA_v6.25.16_FINAL_BASKET_050R_TRUE_M10_BLOCK_EXCELLENT_LATE (XAUUSD,M10)",12,20260721.log,28920
20260721,07:19:59.824,NOT_LOGGED_IN_EVENT,2026.07.21,NOT_LOGGED_IN_EVENT,XAUUSD,NOT_LOGGED_IN_EVENT,NONE,51.0,FRESHNESS_RECORDED_IN_ADJACENT_M10_EVIDENCE_EVENT,NO_VALID_SIGNAL,NOT_PROVEN_BY_ANALYSIS_EVENT,neither case cleared the 55.0 bar (buy=38.0 sell=51.0),NOT_PRESENT_IN_MT5_LOG,UNVERIFIED_NO_PRODUCTION_DB_ACCESS,REQUIRES_EXPLICIT_EXECUTION_READY_EVENT,UNVERIFIED_NO_PRODUCTION_NOTIFICATION_LOG,UNVERIFIED_NO_AUTHENTICATED_OWNER_SESSION,"XAUUSD_AI_Sniper_EA_v6.25.15_FINAL_BASKET_050R_M10_ONLY_BLOCK_EXCELLENT_LATE (XAUUSD,M10)",24,20260721.log,30401
20260721,07:19:59.824,NOT_LOGGED_IN_EVENT,2026.07.21,NOT_LOGGED_IN_EVENT,XAUUSD,NOT_LOGGED_IN_EVENT,NONE,51.0,FRESHNESS_RECORDED_IN_ADJACENT_M10_EVIDENCE_EVENT,NO_VALID_SIGNAL,NOT_PROVEN_BY_ANALYSIS_EVENT,neither case cleared the 55.0 bar (buy=38.0 sell=51.0),NOT_PRESENT_IN_MT5_LOG,UNVERIFIED_NO_PRODUCTION_DB_ACCESS,REQUIRES_EXPLICIT_EXECUTION_READY_EVENT,UNVERIFIED_NO_PRODUCTION_NOTIFICATION_LOG,UNVERIFIED_NO_AUTHENTICATED_OWNER_SESSION,"XAUUSD_AI_Sniper_EA_v6.25.16_FINAL_BASKET_050R_TRUE_M10_BLOCK_EXCELLENT_LATE (XAUUSD,M10)",13,20260721.log,30403
20260721,07:29:59.839,NOT_LOGGED_IN_EVENT,2026.07.21,NOT_LOGGED_IN_EVENT,XAUUSD,NOT_LOGGED_IN_EVENT,NONE,51.0,FRESHNESS_RECORDED_IN_ADJACENT_M10_EVIDENCE_EVENT,NO_VALID_SIGNAL,NOT_PROVEN_BY_ANALYSIS_EVENT,neither case cleared the 55.0 bar (buy=38.4 sell=51.0),NOT_PRESENT_IN_MT5_LOG,UNVERIFIED_NO_PRODUCTION_DB_ACCESS,REQUIRES_EXPLICIT_EXECUTION_READY_EVENT,UNVERIFIED_NO_PRODUCTION_NOTIFICATION_LOG,UNVERIFIED_NO_AUTHENTICATED_OWNER_SESSION,"XAUUSD_AI_Sniper_EA_v6.25.15_FINAL_BASKET_050R_M10_ONLY_BLOCK_EXCELLENT_LATE (XAUUSD,M10)",25,20260721.log,31134
20260721,07:29:59.839,NOT_LOGGED_IN_EVENT,2026.07.21,NOT_LOGGED_IN_EVENT,XAUUSD,NOT_LOGGED_IN_EVENT,NONE,51.0,FRESHNESS_RECORDED_IN_ADJACENT_M10_EVIDENCE_EVENT,NO_VALID_SIGNAL,NOT_PROVEN_BY_ANALYSIS_EVENT,neither case cleared the 55.0 bar (buy=38.4 sell=51.0),NOT_PRESENT_IN_MT5_LOG,UNVERIFIED_NO_PRODUCTION_DB_ACCESS,REQUIRES_EXPLICIT_EXECUTION_READY_EVENT,UNVERIFIED_NO_PRODUCTION_NOTIFICATION_LOG,UNVERIFIED_NO_AUTHENTICATED_OWNER_SESSION,"XAUUSD_AI_Sniper_EA_v6.25.16_FINAL_BASKET_050R_TRUE_M10_BLOCK_EXCELLENT_LATE (XAUUSD,M10)",14,20260721.log,31139
20260721,07:39:59.767,NOT_LOGGED_IN_EVENT,2026.07.21,NOT_LOGGED_IN_EVENT,XAUUSD,NOT_LOGGED_IN_EVENT,NONE,53.2,FRESHNESS_RECORDED_IN_ADJACENT_M10_EVIDENCE_EVENT,NO_VALID_SIGNAL,NOT_PROVEN_BY_ANALYSIS_EVENT,neither case cleared the 55.0 bar (buy=38.2 sell=53.2),NOT_PRESENT_IN_MT5_LOG,UNVERIFIED_NO_PRODUCTION_DB_ACCESS,REQUIRES_EXPLICIT_EXECUTION_READY_EVENT,UNVERIFIED_NO_PRODUCTION_NOTIFICATION_LOG,UNVERIFIED_NO_AUTHENTICATED_OWNER_SESSION,"XAUUSD_AI_Sniper_EA_v6.25.15_FINAL_BASKET_050R_M10_ONLY_BLOCK_EXCELLENT_LATE (XAUUSD,M10)",26,20260721.log,32180
20260721,07:39:59.767,NOT_LOGGED_IN_EVENT,2026.07.21,NOT_LOGGED_IN_EVENT,XAUUSD,NOT_LOGGED_IN_EVENT,NONE,53.2,FRESHNESS_RECORDED_IN_ADJACENT_M10_EVIDENCE_EVENT,NO_VALID_SIGNAL,NOT_PROVEN_BY_ANALYSIS_EVENT,neither case cleared the 55.0 bar (buy=38.2 sell=53.2),NOT_PRESENT_IN_MT5_LOG,UNVERIFIED_NO_PRODUCTION_DB_ACCESS,REQUIRES_EXPLICIT_EXECUTION_READY_EVENT,UNVERIFIED_NO_PRODUCTION_NOTIFICATION_LOG,UNVERIFIED_NO_AUTHENTICATED_OWNER_SESSION,"XAUUSD_AI_Sniper_EA_v6.25.16_FINAL_BASKET_050R_TRUE_M10_BLOCK_EXCELLENT_LATE (XAUUSD,M10)",15,20260721.log,32187
20260721,07:49:59.755,NOT_LOGGED_IN_EVENT,2026.07.21,NOT_LOGGED_IN_EVENT,XAUUSD,NOT_LOGGED_IN_EVENT,NONE,53.5,FRESHNESS_RECORDED_IN_ADJACENT_M10_EVIDENCE_EVENT,NO_VALID_SIGNAL,NOT_PROVEN_BY_ANALYSIS_EVENT,neither case cleared the 55.0 bar (buy=38.0 sell=53.5),NOT_PRESENT_IN_MT5_LOG,UNVERIFIED_NO_PRODUCTION_DB_ACCESS,REQUIRES_EXPLICIT_EXECUTION_READY_EVENT,UNVERIFIED_NO_PRODUCTION_NOTIFICATION_LOG,UNVERIFIED_NO_AUTHENTICATED_OWNER_SESSION,"XAUUSD_AI_Sniper_EA_v6.25.15_FINAL_BASKET_050R_M10_ONLY_BLOCK_EXCELLENT_LATE (XAUUSD,M10)",27,20260721.log,32883
20260721,07:49:59.755,NOT_LOGGED_IN_EVENT,2026.07.21,NOT_LOGGED_IN_EVENT,XAUUSD,NOT_LOGGED_IN_EVENT,NONE,53.5,FRESHNESS_RECORDED_IN_ADJACENT_M10_EVIDENCE_EVENT,NO_VALID_SIGNAL,NOT_PROVEN_BY_ANALYSIS_EVENT,neither case cleared the 55.0 bar (buy=38.0 sell=53.5),NOT_PRESENT_IN_MT5_LOG,UNVERIFIED_NO_PRODUCTION_DB_ACCESS,REQUIRES_EXPLICIT_EXECUTION_READY_EVENT,UNVERIFIED_NO_PRODUCTION_NOTIFICATION_LOG,UNVERIFIED_NO_AUTHENTICATED_OWNER_SESSION,"XAUUSD_AI_Sniper_EA_v6.25.16_FINAL_BASKET_050R_TRUE_M10_BLOCK_EXCELLENT_LATE (XAUUSD,M10)",16,20260721.log,32889
20260721,07:59:59.836,NOT_LOGGED_IN_EVENT,2026.07.21,NOT_LOGGED_IN_EVENT,XAUUSD,NOT_LOGGED_IN_EVENT,SELL,60.7,FRESHNESS_RECORDED_IN_ADJACENT_M10_EVIDENCE_EVENT,TRANSITION_WATCH,NOT_PROVEN_BY_ANALYSIS_EVENT,"opposite case building (score=60.7 vs dominant=39.8) with real reaction evidence -- preferred direction changing, normal entry path must still confirm",NOT_PRESENT_IN_MT5_LOG,UNVERIFIED_NO_PRODUCTION_DB_ACCESS,REQUIRES_EXPLICIT_EXECUTION_READY_EVENT,UNVERIFIED_NO_PRODUCTION_NOTIFICATION_LOG,UNVERIFIED_NO_AUTHENTICATED_OWNER_SESSION,"XAUUSD_AI_Sniper_EA_v6.25.15_FINAL_BASKET_050R_M10_ONLY_BLOCK_EXCELLENT_LATE (XAUUSD,M10)",28,20260721.log,33993
20260721,07:59:59.837,NOT_LOGGED_IN_EVENT,2026.07.21,NOT_LOGGED_IN_EVENT,XAUUSD,NOT_LOGGED_IN_EVENT,SELL,60.7,FRESHNESS_RECORDED_IN_ADJACENT_M10_EVIDENCE_EVENT,TRANSITION_WATCH,NOT_PROVEN_BY_ANALYSIS_EVENT,"opposite case building (score=60.7 vs dominant=39.8) with real reaction evidence -- preferred direction changing, normal entry path must still confirm",NOT_PRESENT_IN_MT5_LOG,UNVERIFIED_NO_PRODUCTION_DB_ACCESS,REQUIRES_EXPLICIT_EXECUTION_READY_EVENT,UNVERIFIED_NO_PRODUCTION_NOTIFICATION_LOG,UNVERIFIED_NO_AUTHENTICATED_OWNER_SESSION,"XAUUSD_AI_Sniper_EA_v6.25.16_FINAL_BASKET_050R_TRUE_M10_BLOCK_EXCELLENT_LATE (XAUUSD,M10)",17,20260721.log,33996
20260721,08:09:59.845,NOT_LOGGED_IN_EVENT,2026.07.21,NOT_LOGGED_IN_EVENT,XAUUSD,NOT_LOGGED_IN_EVENT,SELL,73.2,FRESHNESS_RECORDED_IN_ADJACENT_M10_EVIDENCE_EVENT,TRANSITION_WATCH,NOT_PROVEN_BY_ANALYSIS_EVENT,"opposite case building (score=73.2 vs dominant=44.2) with real reaction evidence -- preferred direction changing, normal entry path must still confirm",NOT_PRESENT_IN_MT5_LOG,UNVERIFIED_NO_PRODUCTION_DB_ACCESS,REQUIRES_EXPLICIT_EXECUTION_READY_EVENT,UNVERIFIED_NO_PRODUCTION_NOTIFICATION_LOG,UNVERIFIED_NO_AUTHENTICATED_OWNER_SESSION,"XAUUSD_AI_Sniper_EA_v6.25.15_FINAL_BASKET_050R_M10_ONLY_BLOCK_EXCELLENT_LATE (XAUUSD,M10)",29,20260721.log,35395
20260721,08:09:59.846,NOT_LOGGED_IN_EVENT,2026.07.21,NOT_LOGGED_IN_EVENT,XAUUSD,NOT_LOGGED_IN_EVENT,SELL,73.2,FRESHNESS_RECORDED_IN_ADJACENT_M10_EVIDENCE_EVENT,TRANSITION_WATCH,NOT_PROVEN_BY_ANALYSIS_EVENT,"opposite case building (score=73.2 vs dominant=44.2) with real reaction evidence -- preferred direction changing, normal entry path must still confirm",NOT_PRESENT_IN_MT5_LOG,UNVERIFIED_NO_PRODUCTION_DB_ACCESS,REQUIRES_EXPLICIT_EXECUTION_READY_EVENT,UNVERIFIED_NO_PRODUCTION_NOTIFICATION_LOG,UNVERIFIED_NO_AUTHENTICATED_OWNER_SESSION,"XAUUSD_AI_Sniper_EA_v6.25.16_FINAL_BASKET_050R_TRUE_M10_BLOCK_EXCELLENT_LATE (XAUUSD,M10)",18,20260721.log,35401
20260721,08:19:59.784,NOT_LOGGED_IN_EVENT,2026.07.21,NOT_LOGGED_IN_EVENT,XAUUSD,NOT_LOGGED_IN_EVENT,SELL,67.1,FRESHNESS_RECORDED_IN_ADJACENT_M10_EVIDENCE_EVENT,TRANSITION_WATCH,NOT_PROVEN_BY_ANALYSIS_EVENT,"opposite case building (score=67.1 vs dominant=42.7) with real reaction evidence -- preferred direction changing, normal entry path must still confirm",NOT_PRESENT_IN_MT5_LOG,UNVERIFIED_NO_PRODUCTION_DB_ACCESS,REQUIRES_EXPLICIT_EXECUTION_READY_EVENT,UNVERIFIED_NO_PRODUCTION_NOTIFICATION_LOG,UNVERIFIED_NO_AUTHENTICATED_OWNER_SESSION,"XAUUSD_AI_Sniper_EA_v6.25.15_FINAL_BASKET_050R_M10_ONLY_BLOCK_EXCELLENT_LATE (XAUUSD,M10)",30,20260721.log,36192
20260721,08:19:59.784,NOT_LOGGED_IN_EVENT,2026.07.21,NOT_LOGGED_IN_EVENT,XAUUSD,NOT_LOGGED_IN_EVENT,SELL,67.1,FRESHNESS_RECORDED_IN_ADJACENT_M10_EVIDENCE_EVENT,TRANSITION_WATCH,NOT_PROVEN_BY_ANALYSIS_EVENT,"opposite case building (score=67.1 vs dominant=42.7) with real reaction evidence -- preferred direction changing, normal entry path must still confirm",NOT_PRESENT_IN_MT5_LOG,UNVERIFIED_NO_PRODUCTION_DB_ACCESS,REQUIRES_EXPLICIT_EXECUTION_READY_EVENT,UNVERIFIED_NO_PRODUCTION_NOTIFICATION_LOG,UNVERIFIED_NO_AUTHENTICATED_OWNER_SESSION,"XAUUSD_AI_Sniper_EA_v6.25.16_FINAL_BASKET_050R_TRUE_M10_BLOCK_EXCELLENT_LATE (XAUUSD,M10)",19,20260721.log,36196
20260721,08:29:59.958,NOT_LOGGED_IN_EVENT,2026.07.21,NOT_LOGGED_IN_EVENT,XAUUSD,NOT_LOGGED_IN_EVENT,SELL,73.8,FRESHNESS_RECORDED_IN_ADJACENT_M10_EVIDENCE_EVENT,TRANSITION_WATCH,NOT_PROVEN_BY_ANALYSIS_EVENT,"opposite case building (score=73.8 vs dominant=35.5) with real reaction evidence -- preferred direction changing, normal entry path must still confirm",NOT_PRESENT_IN_MT5_LOG,UNVERIFIED_NO_PRODUCTION_DB_ACCESS,REQUIRES_EXPLICIT_EXECUTION_READY_EVENT,UNVERIFIED_NO_PRODUCTION_NOTIFICATION_LOG,UNVERIFIED_NO_AUTHENTICATED_OWNER_SESSION,"XAUUSD_AI_Sniper_EA_v6.25.15_FINAL_BASKET_050R_M10_ONLY_BLOCK_EXCELLENT_LATE (XAUUSD,M10)",31,20260721.log,37374
20260721,08:29:59.959,NOT_LOGGED_IN_EVENT,2026.07.21,NOT_LOGGED_IN_EVENT,XAUUSD,NOT_LOGGED_IN_EVENT,SELL,73.8,FRESHNESS_RECORDED_IN_ADJACENT_M10_EVIDENCE_EVENT,TRANSITION_WATCH,NOT_PROVEN_BY_ANALYSIS_EVENT,"opposite case building (score=73.8 vs dominant=35.5) with real reaction evidence -- preferred direction changing, normal entry path must still confirm",NOT_PRESENT_IN_MT5_LOG,UNVERIFIED_NO_PRODUCTION_DB_ACCESS,REQUIRES_EXPLICIT_EXECUTION_READY_EVENT,UNVERIFIED_NO_PRODUCTION_NOTIFICATION_LOG,UNVERIFIED_NO_AUTHENTICATED_OWNER_SESSION,"XAUUSD_AI_Sniper_EA_v6.25.16_FINAL_BASKET_050R_TRUE_M10_BLOCK_EXCELLENT_LATE (XAUUSD,M10)",20,20260721.log,37379
20260721,08:39:59.834,NOT_LOGGED_IN_EVENT,2026.07.21,NOT_LOGGED_IN_EVENT,XAUUSD,NOT_LOGGED_IN_EVENT,NONE,60.2,FRESHNESS_RECORDED_IN_ADJACENT_M10_EVIDENCE_EVENT,NO_VALID_SIGNAL,NOT_PROVEN_BY_ANALYSIS_EVENT,neither case cleared the 55.0 bar (buy=34.0 sell=60.2),NOT_PRESENT_IN_MT5_LOG,UNVERIFIED_NO_PRODUCTION_DB_ACCESS,REQUIRES_EXPLICIT_EXECUTION_READY_EVENT,UNVERIFIED_NO_PRODUCTION_NOTIFICATION_LOG,UNVERIFIED_NO_AUTHENTICATED_OWNER_SESSION,"XAUUSD_AI_Sniper_EA_v6.25.15_FINAL_BASKET_050R_M10_ONLY_BLOCK_EXCELLENT_LATE (XAUUSD,M10)",32,20260721.log,38196
20260721,08:39:59.834,NOT_LOGGED_IN_EVENT,2026.07.21,NOT_LOGGED_IN_EVENT,XAUUSD,NOT_LOGGED_IN_EVENT,NONE,60.2,FRESHNESS_RECORDED_IN_ADJACENT_M10_EVIDENCE_EVENT,NO_VALID_SIGNAL,NOT_PROVEN_BY_ANALYSIS_EVENT,neither case cleared the 55.0 bar (buy=34.0 sell=60.2),NOT_PRESENT_IN_MT5_LOG,UNVERIFIED_NO_PRODUCTION_DB_ACCESS,REQUIRES_EXPLICIT_EXECUTION_READY_EVENT,UNVERIFIED_NO_PRODUCTION_NOTIFICATION_LOG,UNVERIFIED_NO_AUTHENTICATED_OWNER_SESSION,"XAUUSD_AI_Sniper_EA_v6.25.16_FINAL_BASKET_050R_TRUE_M10_BLOCK_EXCELLENT_LATE (XAUUSD,M10)",21,20260721.log,38199
20260721,08:49:59.956,NOT_LOGGED_IN_EVENT,2026.07.21,NOT_LOGGED_IN_EVENT,XAUUSD,NOT_LOGGED_IN_EVENT,NONE,60.1,FRESHNESS_RECORDED_IN_ADJACENT_M10_EVIDENCE_EVENT,NO_VALID_SIGNAL,NOT_PROVEN_BY_ANALYSIS_EVENT,neither case cleared the 55.0 bar (buy=30.8 sell=60.1),NOT_PRESENT_IN_MT5_LOG,UNVERIFIED_NO_PRODUCTION_DB_ACCESS,REQUIRES_EXPLICIT_EXECUTION_READY_EVENT,UNVERIFIED_NO_PRODUCTION_NOTIFICATION_LOG,UNVERIFIED_NO_AUTHENTICATED_OWNER_SESSION,"XAUUSD_AI_Sniper_EA_v6.25.15_FINAL_BASKET_050R_M10_ONLY_BLOCK_EXCELLENT_LATE (XAUUSD,M10)",33,20260721.log,39062
20260721,08:49:59.957,NOT_LOGGED_IN_EVENT,2026.07.21,NOT_LOGGED_IN_EVENT,XAUUSD,NOT_LOGGED_IN_EVENT,NONE,60.1,FRESHNESS_RECORDED_IN_ADJACENT_M10_EVIDENCE_EVENT,NO_VALID_SIGNAL,NOT_PROVEN_BY_ANALYSIS_EVENT,neither case cleared the 55.0 bar (buy=30.8 sell=60.1),NOT_PRESENT_IN_MT5_LOG,UNVERIFIED_NO_PRODUCTION_DB_ACCESS,REQUIRES_EXPLICIT_EXECUTION_READY_EVENT,UNVERIFIED_NO_PRODUCTION_NOTIFICATION_LOG,UNVERIFIED_NO_AUTHENTICATED_OWNER_SESSION,"XAUUSD_AI_Sniper_EA_v6.25.16_FINAL_BASKET_050R_TRUE_M10_BLOCK_EXCELLENT_LATE (XAUUSD,M10)",22,20260721.log,39065
20260721,08:59:59.758,NOT_LOGGED_IN_EVENT,2026.07.21,NOT_LOGGED_IN_EVENT,XAUUSD,NOT_LOGGED_IN_EVENT,SELL,67.0,FRESHNESS_RECORDED_IN_ADJACENT_M10_EVIDENCE_EVENT,TRANSITION_WATCH,NOT_PROVEN_BY_ANALYSIS_EVENT,"opposite case building (score=67.0 vs dominant=26.8) with real reaction evidence -- preferred direction changing, normal entry path must still confirm",NOT_PRESENT_IN_MT5_LOG,UNVERIFIED_NO_PRODUCTION_DB_ACCESS,REQUIRES_EXPLICIT_EXECUTION_READY_EVENT,UNVERIFIED_NO_PRODUCTION_NOTIFICATION_LOG,UNVERIFIED_NO_AUTHENTICATED_OWNER_SESSION,"XAUUSD_AI_Sniper_EA_v6.25.15_FINAL_BASKET_050R_M10_ONLY_BLOCK_EXCELLENT_LATE (XAUUSD,M10)",34,20260721.log,39918
20260721,08:59:59.759,NOT_LOGGED_IN_EVENT,2026.07.21,NOT_LOGGED_IN_EVENT,XAUUSD,NOT_LOGGED_IN_EVENT,SELL,67.0,FRESHNESS_RECORDED_IN_ADJACENT_M10_EVIDENCE_EVENT,TRANSITION_WATCH,NOT_PROVEN_BY_ANALYSIS_EVENT,"opposite case building (score=67.0 vs dominant=26.8) with real reaction evidence -- preferred direction changing, normal entry path must still confirm",NOT_PRESENT_IN_MT5_LOG,UNVERIFIED_NO_PRODUCTION_DB_ACCESS,REQUIRES_EXPLICIT_EXECUTION_READY_EVENT,UNVERIFIED_NO_PRODUCTION_NOTIFICATION_LOG,UNVERIFIED_NO_AUTHENTICATED_OWNER_SESSION,"XAUUSD_AI_Sniper_EA_v6.25.16_FINAL_BASKET_050R_TRUE_M10_BLOCK_EXCELLENT_LATE (XAUUSD,M10)",23,20260721.log,39926
20260721,09:09:59.926,NOT_LOGGED_IN_EVENT,2026.07.21,NOT_LOGGED_IN_EVENT,XAUUSD,NOT_LOGGED_IN_EVENT,SELL,78.3,FRESHNESS_RECORDED_IN_ADJACENT_M10_EVIDENCE_EVENT,TRANSITION_WATCH,NOT_PROVEN_BY_ANALYSIS_EVENT,"opposite case building (score=78.3 vs dominant=24.3) with real reaction evidence -- preferred direction changing, normal entry path must still confirm",NOT_PRESENT_IN_MT5_LOG,UNVERIFIED_NO_PRODUCTION_DB_ACCESS,REQUIRES_EXPLICIT_EXECUTION_READY_EVENT,UNVERIFIED_NO_PRODUCTION_NOTIFICATION_LOG,UNVERIFIED_NO_AUTHENTICATED_OWNER_SESSION,"XAUUSD_AI_Sniper_EA_v6.25.15_FINAL_BASKET_050R_M10_ONLY_BLOCK_EXCELLENT_LATE (XAUUSD,M10)",35,20260721.log,41370
20260721,09:09:59.926,NOT_LOGGED_IN_EVENT,2026.07.21,NOT_LOGGED_IN_EVENT,XAUUSD,NOT_LOGGED_IN_EVENT,SELL,78.3,FRESHNESS_RECORDED_IN_ADJACENT_M10_EVIDENCE_EVENT,TRANSITION_WATCH,NOT_PROVEN_BY_ANALYSIS_EVENT,"opposite case building (score=78.3 vs dominant=24.3) with real reaction evidence -- preferred direction changing, normal entry path must still confirm",NOT_PRESENT_IN_MT5_LOG,UNVERIFIED_NO_PRODUCTION_DB_ACCESS,REQUIRES_EXPLICIT_EXECUTION_READY_EVENT,UNVERIFIED_NO_PRODUCTION_NOTIFICATION_LOG,UNVERIFIED_NO_AUTHENTICATED_OWNER_SESSION,"XAUUSD_AI_Sniper_EA_v6.25.16_FINAL_BASKET_050R_TRUE_M10_BLOCK_EXCELLENT_LATE (XAUUSD,M10)",24,20260721.log,41371
20260721,09:20:00.002,NOT_LOGGED_IN_EVENT,2026.07.21,NOT_LOGGED_IN_EVENT,XAUUSD,NOT_LOGGED_IN_EVENT,SELL,73.9,FRESHNESS_RECORDED_IN_ADJACENT_M10_EVIDENCE_EVENT,TRANSITION_WATCH,NOT_PROVEN_BY_ANALYSIS_EVENT,"opposite case building (score=73.9 vs dominant=25.2) with real reaction evidence -- preferred direction changing, normal entry path must still confirm",NOT_PRESENT_IN_MT5_LOG,UNVERIFIED_NO_PRODUCTION_DB_ACCESS,REQUIRES_EXPLICIT_EXECUTION_READY_EVENT,UNVERIFIED_NO_PRODUCTION_NOTIFICATION_LOG,UNVERIFIED_NO_AUTHENTICATED_OWNER_SESSION,"XAUUSD_AI_Sniper_EA_v6.25.15_FINAL_BASKET_050R_M10_ONLY_BLOCK_EXCELLENT_LATE (XAUUSD,M10)",36,20260721.log,42095
20260721,09:20:00.037,NOT_LOGGED_IN_EVENT,2026.07.21,NOT_LOGGED_IN_EVENT,XAUUSD,NOT_LOGGED_IN_EVENT,SELL,73.9,FRESHNESS_RECORDED_IN_ADJACENT_M10_EVIDENCE_EVENT,TRANSITION_WATCH,NOT_PROVEN_BY_ANALYSIS_EVENT,"opposite case building (score=73.9 vs dominant=25.2) with real reaction evidence -- preferred direction changing, normal entry path must still confirm",NOT_PRESENT_IN_MT5_LOG,UNVERIFIED_NO_PRODUCTION_DB_ACCESS,REQUIRES_EXPLICIT_EXECUTION_READY_EVENT,UNVERIFIED_NO_PRODUCTION_NOTIFICATION_LOG,UNVERIFIED_NO_AUTHENTICATED_OWNER_SESSION,"XAUUSD_AI_Sniper_EA_v6.25.16_FINAL_BASKET_050R_TRUE_M10_BLOCK_EXCELLENT_LATE (XAUUSD,M10)",25,20260721.log,42101
20260721,09:29:59.969,NOT_LOGGED_IN_EVENT,2026.07.21,NOT_LOGGED_IN_EVENT,XAUUSD,NOT_LOGGED_IN_EVENT,SELL,78.5,FRESHNESS_RECORDED_IN_ADJACENT_M10_EVIDENCE_EVENT,TRANSITION_WATCH,NOT_PROVEN_BY_ANALYSIS_EVENT,"opposite case building (score=78.5 vs dominant=26.6) with real reaction evidence -- preferred direction changing, normal entry path must still confirm",NOT_PRESENT_IN_MT5_LOG,UNVERIFIED_NO_PRODUCTION_DB_ACCESS,REQUIRES_EXPLICIT_EXECUTION_READY_EVENT,UNVERIFIED_NO_PRODUCTION_NOTIFICATION_LOG,UNVERIFIED_NO_AUTHENTICATED_OWNER_SESSION,"XAUUSD_AI_Sniper_EA_v6.25.15_FINAL_BASKET_050R_M10_ONLY_BLOCK_EXCELLENT_LATE (XAUUSD,M10)",37,20260721.log,43385
20260721,09:29:59.969,NOT_LOGGED_IN_EVENT,2026.07.21,NOT_LOGGED_IN_EVENT,XAUUSD,NOT_LOGGED_IN_EVENT,SELL,78.5,FRESHNESS_RECORDED_IN_ADJACENT_M10_EVIDENCE_EVENT,TRANSITION_WATCH,NOT_PROVEN_BY_ANALYSIS_EVENT,"opposite case building (score=78.5 vs dominant=26.6) with real reaction evidence -- preferred direction changing, normal entry path must still confirm",NOT_PRESENT_IN_MT5_LOG,UNVERIFIED_NO_PRODUCTION_DB_ACCESS,REQUIRES_EXPLICIT_EXECUTION_READY_EVENT,UNVERIFIED_NO_PRODUCTION_NOTIFICATION_LOG,UNVERIFIED_NO_AUTHENTICATED_OWNER_SESSION,"XAUUSD_AI_Sniper_EA_v6.25.16_FINAL_BASKET_050R_TRUE_M10_BLOCK_EXCELLENT_LATE (XAUUSD,M10)",26,20260721.log,43388
20260721,09:40:00.027,NOT_LOGGED_IN_EVENT,2026.07.21,NOT_LOGGED_IN_EVENT,XAUUSD,NOT_LOGGED_IN_EVENT,SELL,77.2,FRESHNESS_RECORDED_IN_ADJACENT_M10_EVIDENCE_EVENT,TRANSITION_WATCH,NOT_PROVEN_BY_ANALYSIS_EVENT,"opposite case building (score=77.2 vs dominant=27.7) with real reaction evidence -- preferred direction changing, normal entry path must still confirm",NOT_PRESENT_IN_MT5_LOG,UNVERIFIED_NO_PRODUCTION_DB_ACCESS,REQUIRES_EXPLICIT_EXECUTION_READY_EVENT,UNVERIFIED_NO_PRODUCTION_NOTIFICATION_LOG,UNVERIFIED_NO_AUTHENTICATED_OWNER_SESSION,"XAUUSD_AI_Sniper_EA_v6.25.16_FINAL_BASKET_050R_TRUE_M10_BLOCK_EXCELLENT_LATE (XAUUSD,M10)",27,20260721.log,44180
20260721,09:40:00.028,NOT_LOGGED_IN_EVENT,2026.07.21,NOT_LOGGED_IN_EVENT,XAUUSD,NOT_LOGGED_IN_EVENT,SELL,77.2,FRESHNESS_RECORDED_IN_ADJACENT_M10_EVIDENCE_EVENT,TRANSITION_WATCH,NOT_PROVEN_BY_ANALYSIS_EVENT,"opposite case building (score=77.2 vs dominant=27.7) with real reaction evidence -- preferred direction changing, normal entry path must still confirm",NOT_PRESENT_IN_MT5_LOG,UNVERIFIED_NO_PRODUCTION_DB_ACCESS,REQUIRES_EXPLICIT_EXECUTION_READY_EVENT,UNVERIFIED_NO_PRODUCTION_NOTIFICATION_LOG,UNVERIFIED_NO_AUTHENTICATED_OWNER_SESSION,"XAUUSD_AI_Sniper_EA_v6.25.15_FINAL_BASKET_050R_M10_ONLY_BLOCK_EXCELLENT_LATE (XAUUSD,M10)",38,20260721.log,44183
20260721,09:50:00.036,NOT_LOGGED_IN_EVENT,2026.07.21,NOT_LOGGED_IN_EVENT,XAUUSD,NOT_LOGGED_IN_EVENT,SELL,77.0,FRESHNESS_RECORDED_IN_ADJACENT_M10_EVIDENCE_EVENT,TRANSITION_WATCH,NOT_PROVEN_BY_ANALYSIS_EVENT,"opposite case building (score=77.0 vs dominant=32.3) with real reaction evidence -- preferred direction changing, normal entry path must still confirm",NOT_PRESENT_IN_MT5_LOG,UNVERIFIED_NO_PRODUCTION_DB_ACCESS,REQUIRES_EXPLICIT_EXECUTION_READY_EVENT,UNVERIFIED_NO_PRODUCTION_NOTIFICATION_LOG,UNVERIFIED_NO_AUTHENTICATED_OWNER_SESSION,"XAUUSD_AI_Sniper_EA_v6.25.15_FINAL_BASKET_050R_M10_ONLY_BLOCK_EXCELLENT_LATE (XAUUSD,M10)",39,20260721.log,44682
20260721,09:50:00.036,NOT_LOGGED_IN_EVENT,2026.07.21,NOT_LOGGED_IN_EVENT,XAUUSD,NOT_LOGGED_IN_EVENT,SELL,77.0,FRESHNESS_RECORDED_IN_ADJACENT_M10_EVIDENCE_EVENT,TRANSITION_WATCH,NOT_PROVEN_BY_ANALYSIS_EVENT,"opposite case building (score=77.0 vs dominant=32.3) with real reaction evidence -- preferred direction changing, normal entry path must still confirm",NOT_PRESENT_IN_MT5_LOG,UNVERIFIED_NO_PRODUCTION_DB_ACCESS,REQUIRES_EXPLICIT_EXECUTION_READY_EVENT,UNVERIFIED_NO_PRODUCTION_NOTIFICATION_LOG,UNVERIFIED_NO_AUTHENTICATED_OWNER_SESSION,"XAUUSD_AI_Sniper_EA_v6.25.16_FINAL_BASKET_050R_TRUE_M10_BLOCK_EXCELLENT_LATE (XAUUSD,M10)",28,20260721.log,44684
20260721,09:59:59.880,NOT_LOGGED_IN_EVENT,2026.07.21,NOT_LOGGED_IN_EVENT,XAUUSD,NOT_LOGGED_IN_EVENT,SELL,74.0,FRESHNESS_RECORDED_IN_ADJACENT_M10_EVIDENCE_EVENT,TRANSITION_WATCH,NOT_PROVEN_BY_ANALYSIS_EVENT,"opposite case building (score=74.0 vs dominant=30.5) with real reaction evidence -- preferred direction changing, normal entry path must still confirm",NOT_PRESENT_IN_MT5_LOG,UNVERIFIED_NO_PRODUCTION_DB_ACCESS,REQUIRES_EXPLICIT_EXECUTION_READY_EVENT,UNVERIFIED_NO_PRODUCTION_NOTIFICATION_LOG,UNVERIFIED_NO_AUTHENTICATED_OWNER_SESSION,"XAUUSD_AI_Sniper_EA_v6.25.15_FINAL_BASKET_050R_M10_ONLY_BLOCK_EXCELLENT_LATE (XAUUSD,M10)",40,20260721.log,45323
20260721,09:59:59.880,NOT_LOGGED_IN_EVENT,2026.07.21,NOT_LOGGED_IN_EVENT,XAUUSD,NOT_LOGGED_IN_EVENT,SELL,74.0,FRESHNESS_RECORDED_IN_ADJACENT_M10_EVIDENCE_EVENT,TRANSITION_WATCH,NOT_PROVEN_BY_ANALYSIS_EVENT,"opposite case building (score=74.0 vs dominant=30.5) with real reaction evidence -- preferred direction changing, normal entry path must still confirm",NOT_PRESENT_IN_MT5_LOG,UNVERIFIED_NO_PRODUCTION_DB_ACCESS,REQUIRES_EXPLICIT_EXECUTION_READY_EVENT,UNVERIFIED_NO_PRODUCTION_NOTIFICATION_LOG,UNVERIFIED_NO_AUTHENTICATED_OWNER_SESSION,"XAUUSD_AI_Sniper_EA_v6.25.16_FINAL_BASKET_050R_TRUE_M10_BLOCK_EXCELLENT_LATE (XAUUSD,M10)",29,20260721.log,45325
20260721,10:09:59.993,NOT_LOGGED_IN_EVENT,2026.07.21,NOT_LOGGED_IN_EVENT,XAUUSD,NOT_LOGGED_IN_EVENT,NONE,63.6,FRESHNESS_RECORDED_IN_ADJACENT_M10_EVIDENCE_EVENT,NO_VALID_SIGNAL,NOT_PROVEN_BY_ANALYSIS_EVENT,neither case cleared the 55.0 bar (buy=31.8 sell=63.6),NOT_PRESENT_IN_MT5_LOG,UNVERIFIED_NO_PRODUCTION_DB_ACCESS,REQUIRES_EXPLICIT_EXECUTION_READY_EVENT,UNVERIFIED_NO_PRODUCTION_NOTIFICATION_LOG,UNVERIFIED_NO_AUTHENTICATED_OWNER_SESSION,"XAUUSD_AI_Sniper_EA_v6.25.15_FINAL_BASKET_050R_M10_ONLY_BLOCK_EXCELLENT_LATE (XAUUSD,M10)",41,20260721.log,45809
20260721,10:09:59.993,NOT_LOGGED_IN_EVENT,2026.07.21,NOT_LOGGED_IN_EVENT,XAUUSD,NOT_LOGGED_IN_EVENT,NONE,63.6,FRESHNESS_RECORDED_IN_ADJACENT_M10_EVIDENCE_EVENT,NO_VALID_SIGNAL,NOT_PROVEN_BY_ANALYSIS_EVENT,neither case cleared the 55.0 bar (buy=31.8 sell=63.6),NOT_PRESENT_IN_MT5_LOG,UNVERIFIED_NO_PRODUCTION_DB_ACCESS,REQUIRES_EXPLICIT_EXECUTION_READY_EVENT,UNVERIFIED_NO_PRODUCTION_NOTIFICATION_LOG,UNVERIFIED_NO_AUTHENTICATED_OWNER_SESSION,"XAUUSD_AI_Sniper_EA_v6.25.16_FINAL_BASKET_050R_TRUE_M10_BLOCK_EXCELLENT_LATE (XAUUSD,M10)",30,20260721.log,45810
20260721,10:20:00.006,NOT_LOGGED_IN_EVENT,2026.07.21,NOT_LOGGED_IN_EVENT,XAUUSD,NOT_LOGGED_IN_EVENT,NONE,61.5,FRESHNESS_RECORDED_IN_ADJACENT_M10_EVIDENCE_EVENT,NO_VALID_SIGNAL,NOT_PROVEN_BY_ANALYSIS_EVENT,neither case cleared the 55.0 bar (buy=35.7 sell=61.5),NOT_PRESENT_IN_MT5_LOG,UNVERIFIED_NO_PRODUCTION_DB_ACCESS,REQUIRES_EXPLICIT_EXECUTION_READY_EVENT,UNVERIFIED_NO_PRODUCTION_NOTIFICATION_LOG,UNVERIFIED_NO_AUTHENTICATED_OWNER_SESSION,"XAUUSD_AI_Sniper_EA_v6.25.15_FINAL_BASKET_050R_M10_ONLY_BLOCK_EXCELLENT_LATE (XAUUSD,M10)",42,20260721.log,46877
20260721,10:20:00.006,NOT_LOGGED_IN_EVENT,2026.07.21,NOT_LOGGED_IN_EVENT,XAUUSD,NOT_LOGGED_IN_EVENT,NONE,61.5,FRESHNESS_RECORDED_IN_ADJACENT_M10_EVIDENCE_EVENT,NO_VALID_SIGNAL,NOT_PROVEN_BY_ANALYSIS_EVENT,neither case cleared the 55.0 bar (buy=35.7 sell=61.5),NOT_PRESENT_IN_MT5_LOG,UNVERIFIED_NO_PRODUCTION_DB_ACCESS,REQUIRES_EXPLICIT_EXECUTION_READY_EVENT,UNVERIFIED_NO_PRODUCTION_NOTIFICATION_LOG,UNVERIFIED_NO_AUTHENTICATED_OWNER_SESSION,"XAUUSD_AI_Sniper_EA_v6.25.16_FINAL_BASKET_050R_TRUE_M10_BLOCK_EXCELLENT_LATE (XAUUSD,M10)",31,20260721.log,46883
20260721,10:29:59.969,NOT_LOGGED_IN_EVENT,2026.07.21,NOT_LOGGED_IN_EVENT,XAUUSD,NOT_LOGGED_IN_EVENT,SELL,70.2,FRESHNESS_RECORDED_IN_ADJACENT_M10_EVIDENCE_EVENT,TRANSITION_WATCH,NOT_PROVEN_BY_ANALYSIS_EVENT,"opposite case building (score=70.2 vs dominant=38.5) with real reaction evidence -- preferred direction changing, normal entry path must still confirm",NOT_PRESENT_IN_MT5_LOG,UNVERIFIED_NO_PRODUCTION_DB_ACCESS,REQUIRES_EXPLICIT_EXECUTION_READY_EVENT,UNVERIFIED_NO_PRODUCTION_NOTIFICATION_LOG,UNVERIFIED_NO_AUTHENTICATED_OWNER_SESSION,"XAUUSD_AI_Sniper_EA_v6.25.16_FINAL_BASKET_050R_TRUE_M10_BLOCK_EXCELLENT_LATE (XAUUSD,M10)",32,20260721.log,47928
20260721,10:29:59.969,NOT_LOGGED_IN_EVENT,2026.07.21,NOT_LOGGED_IN_EVENT,XAUUSD,NOT_LOGGED_IN_EVENT,SELL,70.2,FRESHNESS_RECORDED_IN_ADJACENT_M10_EVIDENCE_EVENT,TRANSITION_WATCH,NOT_PROVEN_BY_ANALYSIS_EVENT,"opposite case building (score=70.2 vs dominant=38.5) with real reaction evidence -- preferred direction changing, normal entry path must still confirm",NOT_PRESENT_IN_MT5_LOG,UNVERIFIED_NO_PRODUCTION_DB_ACCESS,REQUIRES_EXPLICIT_EXECUTION_READY_EVENT,UNVERIFIED_NO_PRODUCTION_NOTIFICATION_LOG,UNVERIFIED_NO_AUTHENTICATED_OWNER_SESSION,"XAUUSD_AI_Sniper_EA_v6.25.15_FINAL_BASKET_050R_M10_ONLY_BLOCK_EXCELLENT_LATE (XAUUSD,M10)",43,20260721.log,47929
20260721,10:39:07.265,NOT_LOGGED_IN_EVENT,2026.07.21,NOT_LOGGED_IN_EVENT,XAUUSD,NOT_LOGGED_IN_EVENT,SELL,74.7,FRESHNESS_RECORDED_IN_ADJACENT_M10_EVIDENCE_EVENT,TRANSITION_WATCH,NOT_PROVEN_BY_ANALYSIS_EVENT,"opposite case building (score=74.7 vs dominant=32.2) with real reaction evidence -- preferred direction changing, normal entry path must still confirm",NOT_PRESENT_IN_MT5_LOG,UNVERIFIED_NO_PRODUCTION_DB_ACCESS,REQUIRES_EXPLICIT_EXECUTION_READY_EVENT,UNVERIFIED_NO_PRODUCTION_NOTIFICATION_LOG,UNVERIFIED_NO_AUTHENTICATED_OWNER_SESSION,"XAUUSD_AI_Sniper_EA_v6.25.18_FINAL_BASKET_050R_TRUE_M10_H1_FIX_BREAKOUT_EXCELLENT_BLOCK (XAUUSD,M10)",1,20260721.log,49148
20260721,10:39:59.968,NOT_LOGGED_IN_EVENT,2026.07.21,NOT_LOGGED_IN_EVENT,XAUUSD,NOT_LOGGED_IN_EVENT,SELL,72.1,FRESHNESS_RECORDED_IN_ADJACENT_M10_EVIDENCE_EVENT,TRANSITION_WATCH,NOT_PROVEN_BY_ANALYSIS_EVENT,"opposite case building (score=72.1 vs dominant=35.3) with real reaction evidence -- preferred direction changing, normal entry path must still confirm",NOT_PRESENT_IN_MT5_LOG,UNVERIFIED_NO_PRODUCTION_DB_ACCESS,REQUIRES_EXPLICIT_EXECUTION_READY_EVENT,UNVERIFIED_NO_PRODUCTION_NOTIFICATION_LOG,UNVERIFIED_NO_AUTHENTICATED_OWNER_SESSION,"XAUUSD_AI_Sniper_EA_v6.25.16_FINAL_BASKET_050R_TRUE_M10_BLOCK_EXCELLENT_LATE (XAUUSD,M10)",33,20260721.log,49183
20260721,10:39:59.968,NOT_LOGGED_IN_EVENT,2026.07.21,NOT_LOGGED_IN_EVENT,XAUUSD,NOT_LOGGED_IN_EVENT,SELL,80.4,FRESHNESS_RECORDED_IN_ADJACENT_M10_EVIDENCE_EVENT,TRANSITION_WATCH,NOT_PROVEN_BY_ANALYSIS_EVENT,"opposite case building (score=80.4 vs dominant=35.3) with real reaction evidence -- preferred direction changing, normal entry path must still confirm",NOT_PRESENT_IN_MT5_LOG,UNVERIFIED_NO_PRODUCTION_DB_ACCESS,REQUIRES_EXPLICIT_EXECUTION_READY_EVENT,UNVERIFIED_NO_PRODUCTION_NOTIFICATION_LOG,UNVERIFIED_NO_AUTHENTICATED_OWNER_SESSION,"XAUUSD_AI_Sniper_EA_v6.25.18_FINAL_BASKET_050R_TRUE_M10_H1_FIX_BREAKOUT_EXCELLENT_BLOCK (XAUUSD,M10)",2,20260721.log,49184
20260721,10:40:01.409,NOT_LOGGED_IN_EVENT,2026.07.21,NOT_LOGGED_IN_EVENT,XAUUSD,NOT_LOGGED_IN_EVENT,SELL,72.1,FRESHNESS_RECORDED_IN_ADJACENT_M10_EVIDENCE_EVENT,TRANSITION_WATCH,NOT_PROVEN_BY_ANALYSIS_EVENT,"opposite case building (score=72.1 vs dominant=35.4) with real reaction evidence -- preferred direction changing, normal entry path must still confirm",NOT_PRESENT_IN_MT5_LOG,UNVERIFIED_NO_PRODUCTION_DB_ACCESS,REQUIRES_EXPLICIT_EXECUTION_READY_EVENT,UNVERIFIED_NO_PRODUCTION_NOTIFICATION_LOG,UNVERIFIED_NO_AUTHENTICATED_OWNER_SESSION,"XAUUSD_AI_Sniper_EA_v6.25.15_FINAL_BASKET_050R_M10_ONLY_BLOCK_EXCELLENT_LATE (XAUUSD,M10)",44,20260721.log,49246
20260721,10:40:13.260,NOT_LOGGED_IN_EVENT,2026.07.21,NOT_LOGGED_IN_EVENT,XAUUSD,NOT_LOGGED_IN_EVENT,SELL,73.0,FRESHNESS_RECORDED_IN_ADJACENT_M10_EVIDENCE_EVENT,TRANSITION_WATCH,NOT_PROVEN_BY_ANALYSIS_EVENT,"opposite case building (score=73.0 vs dominant=29.2) with real reaction evidence -- preferred direction changing, normal entry path must still confirm",NOT_PRESENT_IN_MT5_LOG,UNVERIFIED_NO_PRODUCTION_DB_ACCESS,REQUIRES_EXPLICIT_EXECUTION_READY_EVENT,UNVERIFIED_NO_PRODUCTION_NOTIFICATION_LOG,UNVERIFIED_NO_AUTHENTICATED_OWNER_SESSION,"XAUUSD_AI_Sniper_EA_v6.25.18_FINAL_BASKET_050R_TRUE_M10_H1_FIX_BREAKOUT_EXCELLENT_BLOCK (XAUUSD,M10)",1,20260721.log,49449
20260721,10:49:59.979,NOT_LOGGED_IN_EVENT,2026.07.21,NOT_LOGGED_IN_EVENT,XAUUSD,NOT_LOGGED_IN_EVENT,NONE,63.0,FRESHNESS_RECORDED_IN_ADJACENT_M10_EVIDENCE_EVENT,NO_VALID_SIGNAL,NOT_PROVEN_BY_ANALYSIS_EVENT,neither case cleared the 55.0 bar (buy=46.5 sell=63.0),NOT_PRESENT_IN_MT5_LOG,UNVERIFIED_NO_PRODUCTION_DB_ACCESS,REQUIRES_EXPLICIT_EXECUTION_READY_EVENT,UNVERIFIED_NO_PRODUCTION_NOTIFICATION_LOG,UNVERIFIED_NO_AUTHENTICATED_OWNER_SESSION,"XAUUSD_AI_Sniper_EA_v6.25.15_FINAL_BASKET_050R_M10_ONLY_BLOCK_EXCELLENT_LATE (XAUUSD,M10)",45,20260721.log,50366
20260721,10:49:59.979,NOT_LOGGED_IN_EVENT,2026.07.21,NOT_LOGGED_IN_EVENT,XAUUSD,NOT_LOGGED_IN_EVENT,NONE,67.6,FRESHNESS_RECORDED_IN_ADJACENT_M10_EVIDENCE_EVENT,NO_VALID_SIGNAL,NOT_PROVEN_BY_ANALYSIS_EVENT,neither case cleared the 55.0 bar (buy=46.5 sell=67.6),NOT_PRESENT_IN_MT5_LOG,UNVERIFIED_NO_PRODUCTION_DB_ACCESS,REQUIRES_EXPLICIT_EXECUTION_READY_EVENT,UNVERIFIED_NO_PRODUCTION_NOTIFICATION_LOG,UNVERIFIED_NO_AUTHENTICATED_OWNER_SESSION,"XAUUSD_AI_Sniper_EA_v6.25.18_FINAL_BASKET_050R_TRUE_M10_H1_FIX_BREAKOUT_EXCELLENT_BLOCK (XAUUSD,M10)",2,20260721.log,50372
20260721,10:49:59.979,NOT_LOGGED_IN_EVENT,2026.07.21,NOT_LOGGED_IN_EVENT,XAUUSD,NOT_LOGGED_IN_EVENT,NONE,63.0,FRESHNESS_RECORDED_IN_ADJACENT_M10_EVIDENCE_EVENT,NO_VALID_SIGNAL,NOT_PROVEN_BY_ANALYSIS_EVENT,neither case cleared the 55.0 bar (buy=46.5 sell=63.0),NOT_PRESENT_IN_MT5_LOG,UNVERIFIED_NO_PRODUCTION_DB_ACCESS,REQUIRES_EXPLICIT_EXECUTION_READY_EVENT,UNVERIFIED_NO_PRODUCTION_NOTIFICATION_LOG,UNVERIFIED_NO_AUTHENTICATED_OWNER_SESSION,"XAUUSD_AI_Sniper_EA_v6.25.16_FINAL_BASKET_050R_TRUE_M10_BLOCK_EXCELLENT_LATE (XAUUSD,M10)",34,20260721.log,50374
20260721,10:59:59.941,NOT_LOGGED_IN_EVENT,2026.07.21,NOT_LOGGED_IN_EVENT,XAUUSD,NOT_LOGGED_IN_EVENT,NONE,62.9,FRESHNESS_RECORDED_IN_ADJACENT_M10_EVIDENCE_EVENT,NO_VALID_SIGNAL,NOT_PROVEN_BY_ANALYSIS_EVENT,neither case cleared the 55.0 bar (buy=46.6 sell=62.9),NOT_PRESENT_IN_MT5_LOG,UNVERIFIED_NO_PRODUCTION_DB_ACCESS,REQUIRES_EXPLICIT_EXECUTION_READY_EVENT,UNVERIFIED_NO_PRODUCTION_NOTIFICATION_LOG,UNVERIFIED_NO_AUTHENTICATED_OWNER_SESSION,"XAUUSD_AI_Sniper_EA_v6.25.15_FINAL_BASKET_050R_M10_ONLY_BLOCK_EXCELLENT_LATE (XAUUSD,M10)",46,20260721.log,51897
20260721,10:59:59.942,NOT_LOGGED_IN_EVENT,2026.07.21,NOT_LOGGED_IN_EVENT,XAUUSD,NOT_LOGGED_IN_EVENT,NONE,67.6,FRESHNESS_RECORDED_IN_ADJACENT_M10_EVIDENCE_EVENT,NO_VALID_SIGNAL,NOT_PROVEN_BY_ANALYSIS_EVENT,neither case cleared the 55.0 bar (buy=46.6 sell=67.6),NOT_PRESENT_IN_MT5_LOG,UNVERIFIED_NO_PRODUCTION_DB_ACCESS,REQUIRES_EXPLICIT_EXECUTION_READY_EVENT,UNVERIFIED_NO_PRODUCTION_NOTIFICATION_LOG,UNVERIFIED_NO_AUTHENTICATED_OWNER_SESSION,"XAUUSD_AI_Sniper_EA_v6.25.18_FINAL_BASKET_050R_TRUE_M10_H1_FIX_BREAKOUT_EXCELLENT_BLOCK (XAUUSD,M10)",3,20260721.log,51903
20260721,11:00:00.681,NOT_LOGGED_IN_EVENT,2026.07.21,NOT_LOGGED_IN_EVENT,XAUUSD,NOT_LOGGED_IN_EVENT,NONE,62.9,FRESHNESS_RECORDED_IN_ADJACENT_M10_EVIDENCE_EVENT,NO_VALID_SIGNAL,NOT_PROVEN_BY_ANALYSIS_EVENT,neither case cleared the 55.0 bar (buy=46.6 sell=62.9),NOT_PRESENT_IN_MT5_LOG,UNVERIFIED_NO_PRODUCTION_DB_ACCESS,REQUIRES_EXPLICIT_EXECUTION_READY_EVENT,UNVERIFIED_NO_PRODUCTION_NOTIFICATION_LOG,UNVERIFIED_NO_AUTHENTICATED_OWNER_SESSION,"XAUUSD_AI_Sniper_EA_v6.25.16_FINAL_BASKET_050R_TRUE_M10_BLOCK_EXCELLENT_LATE (XAUUSD,M10)",35,20260721.log,51949
20260721,11:09:59.928,NOT_LOGGED_IN_EVENT,2026.07.21,NOT_LOGGED_IN_EVENT,XAUUSD,NOT_LOGGED_IN_EVENT,SELL,69.7,FRESHNESS_RECORDED_IN_ADJACENT_M10_EVIDENCE_EVENT,TRANSITION_WATCH,NOT_PROVEN_BY_ANALYSIS_EVENT,"opposite case building (score=69.7 vs dominant=49.3) with real reaction evidence -- preferred direction changing, normal entry path must still confirm",NOT_PRESENT_IN_MT5_LOG,UNVERIFIED_NO_PRODUCTION_DB_ACCESS,REQUIRES_EXPLICIT_EXECUTION_READY_EVENT,UNVERIFIED_NO_PRODUCTION_NOTIFICATION_LOG,UNVERIFIED_NO_AUTHENTICATED_OWNER_SESSION,"XAUUSD_AI_Sniper_EA_v6.25.15_FINAL_BASKET_050R_M10_ONLY_BLOCK_EXCELLENT_LATE (XAUUSD,M10)",47,20260721.log,52994
20260721,11:09:59.929,NOT_LOGGED_IN_EVENT,2026.07.21,NOT_LOGGED_IN_EVENT,XAUUSD,NOT_LOGGED_IN_EVENT,SELL,77.9,FRESHNESS_RECORDED_IN_ADJACENT_M10_EVIDENCE_EVENT,TRANSITION_WATCH,NOT_PROVEN_BY_ANALYSIS_EVENT,"opposite case building (score=77.9 vs dominant=49.3) with real reaction evidence -- preferred direction changing, normal entry path must still confirm",NOT_PRESENT_IN_MT5_LOG,UNVERIFIED_NO_PRODUCTION_DB_ACCESS,REQUIRES_EXPLICIT_EXECUTION_READY_EVENT,UNVERIFIED_NO_PRODUCTION_NOTIFICATION_LOG,UNVERIFIED_NO_AUTHENTICATED_OWNER_SESSION,"XAUUSD_AI_Sniper_EA_v6.25.18_FINAL_BASKET_050R_TRUE_M10_H1_FIX_BREAKOUT_EXCELLENT_BLOCK (XAUUSD,M10)",4,20260721.log,53008
20260721,11:09:59.929,NOT_LOGGED_IN_EVENT,2026.07.21,NOT_LOGGED_IN_EVENT,XAUUSD,NOT_LOGGED_IN_EVENT,SELL,69.7,FRESHNESS_RECORDED_IN_ADJACENT_M10_EVIDENCE_EVENT,TRANSITION_WATCH,NOT_PROVEN_BY_ANALYSIS_EVENT,"opposite case building (score=69.7 vs dominant=49.3) with real reaction evidence -- preferred direction changing, normal entry path must still confirm",NOT_PRESENT_IN_MT5_LOG,UNVERIFIED_NO_PRODUCTION_DB_ACCESS,REQUIRES_EXPLICIT_EXECUTION_READY_EVENT,UNVERIFIED_NO_PRODUCTION_NOTIFICATION_LOG,UNVERIFIED_NO_AUTHENTICATED_OWNER_SESSION,"XAUUSD_AI_Sniper_EA_v6.25.16_FINAL_BASKET_050R_TRUE_M10_BLOCK_EXCELLENT_LATE (XAUUSD,M10)",36,20260721.log,53010
20260721,11:20:00.398,NOT_LOGGED_IN_EVENT,2026.07.21,NOT_LOGGED_IN_EVENT,XAUUSD,NOT_LOGGED_IN_EVENT,NONE,63.0,FRESHNESS_RECORDED_IN_ADJACENT_M10_EVIDENCE_EVENT,NO_VALID_SIGNAL,NOT_PROVEN_BY_ANALYSIS_EVENT,neither case cleared the 55.0 bar (buy=45.9 sell=63.0),NOT_PRESENT_IN_MT5_LOG,UNVERIFIED_NO_PRODUCTION_DB_ACCESS,REQUIRES_EXPLICIT_EXECUTION_READY_EVENT,UNVERIFIED_NO_PRODUCTION_NOTIFICATION_LOG,UNVERIFIED_NO_AUTHENTICATED_OWNER_SESSION,"XAUUSD_AI_Sniper_EA_v6.25.15_FINAL_BASKET_050R_M10_ONLY_BLOCK_EXCELLENT_LATE (XAUUSD,M10)",48,20260721.log,54465
20260721,11:20:00.399,NOT_LOGGED_IN_EVENT,2026.07.21,NOT_LOGGED_IN_EVENT,XAUUSD,NOT_LOGGED_IN_EVENT,NONE,63.0,FRESHNESS_RECORDED_IN_ADJACENT_M10_EVIDENCE_EVENT,NO_VALID_SIGNAL,NOT_PROVEN_BY_ANALYSIS_EVENT,neither case cleared the 55.0 bar (buy=45.9 sell=63.0),NOT_PRESENT_IN_MT5_LOG,UNVERIFIED_NO_PRODUCTION_DB_ACCESS,REQUIRES_EXPLICIT_EXECUTION_READY_EVENT,UNVERIFIED_NO_PRODUCTION_NOTIFICATION_LOG,UNVERIFIED_NO_AUTHENTICATED_OWNER_SESSION,"XAUUSD_AI_Sniper_EA_v6.25.16_FINAL_BASKET_050R_TRUE_M10_BLOCK_EXCELLENT_LATE (XAUUSD,M10)",37,20260721.log,54477
20260721,11:20:00.399,NOT_LOGGED_IN_EVENT,2026.07.21,NOT_LOGGED_IN_EVENT,XAUUSD,NOT_LOGGED_IN_EVENT,NONE,71.3,FRESHNESS_RECORDED_IN_ADJACENT_M10_EVIDENCE_EVENT,NO_VALID_SIGNAL,NOT_PROVEN_BY_ANALYSIS_EVENT,neither case cleared the 55.0 bar (buy=45.9 sell=71.3),NOT_PRESENT_IN_MT5_LOG,UNVERIFIED_NO_PRODUCTION_DB_ACCESS,REQUIRES_EXPLICIT_EXECUTION_READY_EVENT,UNVERIFIED_NO_PRODUCTION_NOTIFICATION_LOG,UNVERIFIED_NO_AUTHENTICATED_OWNER_SESSION,"XAUUSD_AI_Sniper_EA_v6.25.18_FINAL_BASKET_050R_TRUE_M10_H1_FIX_BREAKOUT_EXCELLENT_BLOCK (XAUUSD,M10)",5,20260721.log,54481
20260721,11:29:59.986,NOT_LOGGED_IN_EVENT,2026.07.21,NOT_LOGGED_IN_EVENT,XAUUSD,NOT_LOGGED_IN_EVENT,NONE,65.8,FRESHNESS_RECORDED_IN_ADJACENT_M10_EVIDENCE_EVENT,NO_VALID_SIGNAL,NOT_PROVEN_BY_ANALYSIS_EVENT,neither case cleared the 55.0 bar (buy=34.8 sell=65.8),NOT_PRESENT_IN_MT5_LOG,UNVERIFIED_NO_PRODUCTION_DB_ACCESS,REQUIRES_EXPLICIT_EXECUTION_READY_EVENT,UNVERIFIED_NO_PRODUCTION_NOTIFICATION_LOG,UNVERIFIED_NO_AUTHENTICATED_OWNER_SESSION,"XAUUSD_AI_Sniper_EA_v6.25.15_FINAL_BASKET_050R_M10_ONLY_BLOCK_EXCELLENT_LATE (XAUUSD,M10)",49,20260721.log,56009
20260721,11:29:59.986,NOT_LOGGED_IN_EVENT,2026.07.21,NOT_LOGGED_IN_EVENT,XAUUSD,NOT_LOGGED_IN_EVENT,NONE,74.1,FRESHNESS_RECORDED_IN_ADJACENT_M10_EVIDENCE_EVENT,NO_VALID_SIGNAL,NOT_PROVEN_BY_ANALYSIS_EVENT,neither case cleared the 55.0 bar (buy=34.8 sell=74.1),NOT_PRESENT_IN_MT5_LOG,UNVERIFIED_NO_PRODUCTION_DB_ACCESS,REQUIRES_EXPLICIT_EXECUTION_READY_EVENT,UNVERIFIED_NO_PRODUCTION_NOTIFICATION_LOG,UNVERIFIED_NO_AUTHENTICATED_OWNER_SESSION,"XAUUSD_AI_Sniper_EA_v6.25.18_FINAL_BASKET_050R_TRUE_M10_H1_FIX_BREAKOUT_EXCELLENT_BLOCK (XAUUSD,M10)",6,20260721.log,56010
20260721,11:29:59.986,NOT_LOGGED_IN_EVENT,2026.07.21,NOT_LOGGED_IN_EVENT,XAUUSD,NOT_LOGGED_IN_EVENT,NONE,65.8,FRESHNESS_RECORDED_IN_ADJACENT_M10_EVIDENCE_EVENT,NO_VALID_SIGNAL,NOT_PROVEN_BY_ANALYSIS_EVENT,neither case cleared the 55.0 bar (buy=34.8 sell=65.8),NOT_PRESENT_IN_MT5_LOG,UNVERIFIED_NO_PRODUCTION_DB_ACCESS,REQUIRES_EXPLICIT_EXECUTION_READY_EVENT,UNVERIFIED_NO_PRODUCTION_NOTIFICATION_LOG,UNVERIFIED_NO_AUTHENTICATED_OWNER_SESSION,"XAUUSD_AI_Sniper_EA_v6.25.16_FINAL_BASKET_050R_TRUE_M10_BLOCK_EXCELLENT_LATE (XAUUSD,M10)",38,20260721.log,56013
20260721,11:39:59.948,NOT_LOGGED_IN_EVENT,2026.07.21,NOT_LOGGED_IN_EVENT,XAUUSD,NOT_LOGGED_IN_EVENT,NONE,66.1,FRESHNESS_RECORDED_IN_ADJACENT_M10_EVIDENCE_EVENT,NO_VALID_SIGNAL,NOT_PROVEN_BY_ANALYSIS_EVENT,neither case cleared the 55.0 bar (buy=35.5 sell=66.1),NOT_PRESENT_IN_MT5_LOG,UNVERIFIED_NO_PRODUCTION_DB_ACCESS,REQUIRES_EXPLICIT_EXECUTION_READY_EVENT,UNVERIFIED_NO_PRODUCTION_NOTIFICATION_LOG,UNVERIFIED_NO_AUTHENTICATED_OWNER_SESSION,"XAUUSD_AI_Sniper_EA_v6.25.16_FINAL_BASKET_050R_TRUE_M10_BLOCK_EXCELLENT_LATE (XAUUSD,M10)",39,20260721.log,57545
20260721,11:39:59.948,NOT_LOGGED_IN_EVENT,2026.07.21,NOT_LOGGED_IN_EVENT,XAUUSD,NOT_LOGGED_IN_EVENT,NONE,74.4,FRESHNESS_RECORDED_IN_ADJACENT_M10_EVIDENCE_EVENT,NO_VALID_SIGNAL,NOT_PROVEN_BY_ANALYSIS_EVENT,neither case cleared the 55.0 bar (buy=35.5 sell=74.4),NOT_PRESENT_IN_MT5_LOG,UNVERIFIED_NO_PRODUCTION_DB_ACCESS,REQUIRES_EXPLICIT_EXECUTION_READY_EVENT,UNVERIFIED_NO_PRODUCTION_NOTIFICATION_LOG,UNVERIFIED_NO_AUTHENTICATED_OWNER_SESSION,"XAUUSD_AI_Sniper_EA_v6.25.18_FINAL_BASKET_050R_TRUE_M10_H1_FIX_BREAKOUT_EXCELLENT_BLOCK (XAUUSD,M10)",7,20260721.log,57547
20260721,11:39:59.950,NOT_LOGGED_IN_EVENT,2026.07.21,NOT_LOGGED_IN_EVENT,XAUUSD,NOT_LOGGED_IN_EVENT,NONE,66.1,FRESHNESS_RECORDED_IN_ADJACENT_M10_EVIDENCE_EVENT,NO_VALID_SIGNAL,NOT_PROVEN_BY_ANALYSIS_EVENT,neither case cleared the 55.0 bar (buy=35.5 sell=66.1),NOT_PRESENT_IN_MT5_LOG,UNVERIFIED_NO_PRODUCTION_DB_ACCESS,REQUIRES_EXPLICIT_EXECUTION_READY_EVENT,UNVERIFIED_NO_PRODUCTION_NOTIFICATION_LOG,UNVERIFIED_NO_AUTHENTICATED_OWNER_SESSION,"XAUUSD_AI_Sniper_EA_v6.25.15_FINAL_BASKET_050R_M10_ONLY_BLOCK_EXCELLENT_LATE (XAUUSD,M10)",50,20260721.log,57550
20260721,11:49:59.992,NOT_LOGGED_IN_EVENT,2026.07.21,NOT_LOGGED_IN_EVENT,XAUUSD,NOT_LOGGED_IN_EVENT,SELL,77.8,FRESHNESS_RECORDED_IN_ADJACENT_M10_EVIDENCE_EVENT,TRANSITION_WATCH,NOT_PROVEN_BY_ANALYSIS_EVENT,"opposite case building (score=77.8 vs dominant=37.6) with real reaction evidence -- preferred direction changing, normal entry path must still confirm",NOT_PRESENT_IN_MT5_LOG,UNVERIFIED_NO_PRODUCTION_DB_ACCESS,REQUIRES_EXPLICIT_EXECUTION_READY_EVENT,UNVERIFIED_NO_PRODUCTION_NOTIFICATION_LOG,UNVERIFIED_NO_AUTHENTICATED_OWNER_SESSION,"XAUUSD_AI_Sniper_EA_v6.25.15_FINAL_BASKET_050R_M10_ONLY_BLOCK_EXCELLENT_LATE (XAUUSD,M10)",51,20260721.log,59436
20260721,11:50:00.007,NOT_LOGGED_IN_EVENT,2026.07.21,NOT_LOGGED_IN_EVENT,XAUUSD,NOT_LOGGED_IN_EVENT,SELL,77.8,FRESHNESS_RECORDED_IN_ADJACENT_M10_EVIDENCE_EVENT,TRANSITION_WATCH,NOT_PROVEN_BY_ANALYSIS_EVENT,"opposite case building (score=77.8 vs dominant=37.6) with real reaction evidence -- preferred direction changing, normal entry path must still confirm",NOT_PRESENT_IN_MT5_LOG,UNVERIFIED_NO_PRODUCTION_DB_ACCESS,REQUIRES_EXPLICIT_EXECUTION_READY_EVENT,UNVERIFIED_NO_PRODUCTION_NOTIFICATION_LOG,UNVERIFIED_NO_AUTHENTICATED_OWNER_SESSION,"XAUUSD_AI_Sniper_EA_v6.25.16_FINAL_BASKET_050R_TRUE_M10_BLOCK_EXCELLENT_LATE (XAUUSD,M10)",40,20260721.log,59444
20260721,11:50:00.865,NOT_LOGGED_IN_EVENT,2026.07.21,NOT_LOGGED_IN_EVENT,XAUUSD,NOT_LOGGED_IN_EVENT,SELL,86.0,FRESHNESS_RECORDED_IN_ADJACENT_M10_EVIDENCE_EVENT,TRANSITION_WATCH,NOT_PROVEN_BY_ANALYSIS_EVENT,"opposite case building (score=86.0 vs dominant=37.6) with real reaction evidence -- preferred direction changing, normal entry path must still confirm",NOT_PRESENT_IN_MT5_LOG,UNVERIFIED_NO_PRODUCTION_DB_ACCESS,REQUIRES_EXPLICIT_EXECUTION_READY_EVENT,UNVERIFIED_NO_PRODUCTION_NOTIFICATION_LOG,UNVERIFIED_NO_AUTHENTICATED_OWNER_SESSION,"XAUUSD_AI_Sniper_EA_v6.25.18_FINAL_BASKET_050R_TRUE_M10_H1_FIX_BREAKOUT_EXCELLENT_BLOCK (XAUUSD,M10)",8,20260721.log,59468
20260721,11:59:59.880,NOT_LOGGED_IN_EVENT,2026.07.21,NOT_LOGGED_IN_EVENT,XAUUSD,NOT_LOGGED_IN_EVENT,SELL,79.6,FRESHNESS_RECORDED_IN_ADJACENT_M10_EVIDENCE_EVENT,TRANSITION_WATCH,NOT_PROVEN_BY_ANALYSIS_EVENT,"opposite case building (score=79.6 vs dominant=37.4) with real reaction evidence -- preferred direction changing, normal entry path must still confirm",NOT_PRESENT_IN_MT5_LOG,UNVERIFIED_NO_PRODUCTION_DB_ACCESS,REQUIRES_EXPLICIT_EXECUTION_READY_EVENT,UNVERIFIED_NO_PRODUCTION_NOTIFICATION_LOG,UNVERIFIED_NO_AUTHENTICATED_OWNER_SESSION,"XAUUSD_AI_Sniper_EA_v6.25.18_FINAL_BASKET_050R_TRUE_M10_H1_FIX_BREAKOUT_EXCELLENT_BLOCK (XAUUSD,M10)",9,20260721.log,61121
20260721,11:59:59.880,NOT_LOGGED_IN_EVENT,2026.07.21,NOT_LOGGED_IN_EVENT,XAUUSD,NOT_LOGGED_IN_EVENT,SELL,71.3,FRESHNESS_RECORDED_IN_ADJACENT_M10_EVIDENCE_EVENT,TRANSITION_WATCH,NOT_PROVEN_BY_ANALYSIS_EVENT,"opposite case building (score=71.3 vs dominant=37.4) with real reaction evidence -- preferred direction changing, normal entry path must still confirm",NOT_PRESENT_IN_MT5_LOG,UNVERIFIED_NO_PRODUCTION_DB_ACCESS,REQUIRES_EXPLICIT_EXECUTION_READY_EVENT,UNVERIFIED_NO_PRODUCTION_NOTIFICATION_LOG,UNVERIFIED_NO_AUTHENTICATED_OWNER_SESSION,"XAUUSD_AI_Sniper_EA_v6.25.15_FINAL_BASKET_050R_M10_ONLY_BLOCK_EXCELLENT_LATE (XAUUSD,M10)",52,20260721.log,61127
20260721,11:59:59.882,NOT_LOGGED_IN_EVENT,2026.07.21,NOT_LOGGED_IN_EVENT,XAUUSD,NOT_LOGGED_IN_EVENT,SELL,71.3,FRESHNESS_RECORDED_IN_ADJACENT_M10_EVIDENCE_EVENT,TRANSITION_WATCH,NOT_PROVEN_BY_ANALYSIS_EVENT,"opposite case building (score=71.3 vs dominant=37.4) with real reaction evidence -- preferred direction changing, normal entry path must still confirm",NOT_PRESENT_IN_MT5_LOG,UNVERIFIED_NO_PRODUCTION_DB_ACCESS,REQUIRES_EXPLICIT_EXECUTION_READY_EVENT,UNVERIFIED_NO_PRODUCTION_NOTIFICATION_LOG,UNVERIFIED_NO_AUTHENTICATED_OWNER_SESSION,"XAUUSD_AI_Sniper_EA_v6.25.16_FINAL_BASKET_050R_TRUE_M10_BLOCK_EXCELLENT_LATE (XAUUSD,M10)",41,20260721.log,61130
20260721,12:09:59.944,NOT_LOGGED_IN_EVENT,2026.07.21,NOT_LOGGED_IN_EVENT,XAUUSD,NOT_LOGGED_IN_EVENT,SELL,74.8,FRESHNESS_RECORDED_IN_ADJACENT_M10_EVIDENCE_EVENT,TRANSITION_WATCH,NOT_PROVEN_BY_ANALYSIS_EVENT,"opposite case building (score=74.8 vs dominant=35.1) with real reaction evidence -- preferred direction changing, normal entry path must still confirm",NOT_PRESENT_IN_MT5_LOG,UNVERIFIED_NO_PRODUCTION_DB_ACCESS,REQUIRES_EXPLICIT_EXECUTION_READY_EVENT,UNVERIFIED_NO_PRODUCTION_NOTIFICATION_LOG,UNVERIFIED_NO_AUTHENTICATED_OWNER_SESSION,"XAUUSD_AI_Sniper_EA_v6.25.15_FINAL_BASKET_050R_M10_ONLY_BLOCK_EXCELLENT_LATE (XAUUSD,M10)",53,20260721.log,63048
20260721,12:09:59.957,NOT_LOGGED_IN_EVENT,2026.07.21,NOT_LOGGED_IN_EVENT,XAUUSD,NOT_LOGGED_IN_EVENT,SELL,83.0,FRESHNESS_RECORDED_IN_ADJACENT_M10_EVIDENCE_EVENT,TRANSITION_WATCH,NOT_PROVEN_BY_ANALYSIS_EVENT,"opposite case building (score=83.0 vs dominant=35.1) with real reaction evidence -- preferred direction changing, normal entry path must still confirm",NOT_PRESENT_IN_MT5_LOG,UNVERIFIED_NO_PRODUCTION_DB_ACCESS,REQUIRES_EXPLICIT_EXECUTION_READY_EVENT,UNVERIFIED_NO_PRODUCTION_NOTIFICATION_LOG,UNVERIFIED_NO_AUTHENTICATED_OWNER_SESSION,"XAUUSD_AI_Sniper_EA_v6.25.18_FINAL_BASKET_050R_TRUE_M10_H1_FIX_BREAKOUT_EXCELLENT_BLOCK (XAUUSD,M10)",10,20260721.log,63062
20260721,12:09:59.957,NOT_LOGGED_IN_EVENT,2026.07.21,NOT_LOGGED_IN_EVENT,XAUUSD,NOT_LOGGED_IN_EVENT,SELL,74.8,FRESHNESS_RECORDED_IN_ADJACENT_M10_EVIDENCE_EVENT,TRANSITION_WATCH,NOT_PROVEN_BY_ANALYSIS_EVENT,"opposite case building (score=74.8 vs dominant=35.1) with real reaction evidence -- preferred direction changing, normal entry path must still confirm",NOT_PRESENT_IN_MT5_LOG,UNVERIFIED_NO_PRODUCTION_DB_ACCESS,REQUIRES_EXPLICIT_EXECUTION_READY_EVENT,UNVERIFIED_NO_PRODUCTION_NOTIFICATION_LOG,UNVERIFIED_NO_AUTHENTICATED_OWNER_SESSION,"XAUUSD_AI_Sniper_EA_v6.25.16_FINAL_BASKET_050R_TRUE_M10_BLOCK_EXCELLENT_LATE (XAUUSD,M10)",42,20260721.log,63063
20260721,12:19:59.930,NOT_LOGGED_IN_EVENT,2026.07.21,NOT_LOGGED_IN_EVENT,XAUUSD,NOT_LOGGED_IN_EVENT,SELL,70.4,FRESHNESS_RECORDED_IN_ADJACENT_M10_EVIDENCE_EVENT,TRANSITION_WATCH,NOT_PROVEN_BY_ANALYSIS_EVENT,"opposite case building (score=70.4 vs dominant=37.8) with real reaction evidence -- preferred direction changing, normal entry path must still confirm",NOT_PRESENT_IN_MT5_LOG,UNVERIFIED_NO_PRODUCTION_DB_ACCESS,REQUIRES_EXPLICIT_EXECUTION_READY_EVENT,UNVERIFIED_NO_PRODUCTION_NOTIFICATION_LOG,UNVERIFIED_NO_AUTHENTICATED_OWNER_SESSION,"XAUUSD_AI_Sniper_EA_v6.25.15_FINAL_BASKET_050R_M10_ONLY_BLOCK_EXCELLENT_LATE (XAUUSD,M10)",54,20260721.log,64408
20260721,12:19:59.941,NOT_LOGGED_IN_EVENT,2026.07.21,NOT_LOGGED_IN_EVENT,XAUUSD,NOT_LOGGED_IN_EVENT,SELL,70.4,FRESHNESS_RECORDED_IN_ADJACENT_M10_EVIDENCE_EVENT,TRANSITION_WATCH,NOT_PROVEN_BY_ANALYSIS_EVENT,"opposite case building (score=70.4 vs dominant=37.8) with real reaction evidence -- preferred direction changing, normal entry path must still confirm",NOT_PRESENT_IN_MT5_LOG,UNVERIFIED_NO_PRODUCTION_DB_ACCESS,REQUIRES_EXPLICIT_EXECUTION_READY_EVENT,UNVERIFIED_NO_PRODUCTION_NOTIFICATION_LOG,UNVERIFIED_NO_AUTHENTICATED_OWNER_SESSION,"XAUUSD_AI_Sniper_EA_v6.25.16_FINAL_BASKET_050R_TRUE_M10_BLOCK_EXCELLENT_LATE (XAUUSD,M10)",43,20260721.log,64411
20260721,12:19:59.941,NOT_LOGGED_IN_EVENT,2026.07.21,NOT_LOGGED_IN_EVENT,XAUUSD,NOT_LOGGED_IN_EVENT,SELL,78.7,FRESHNESS_RECORDED_IN_ADJACENT_M10_EVIDENCE_EVENT,TRANSITION_WATCH,NOT_PROVEN_BY_ANALYSIS_EVENT,"opposite case building (score=78.7 vs dominant=37.8) with real reaction evidence -- preferred direction changing, normal entry path must still confirm",NOT_PRESENT_IN_MT5_LOG,UNVERIFIED_NO_PRODUCTION_DB_ACCESS,REQUIRES_EXPLICIT_EXECUTION_READY_EVENT,UNVERIFIED_NO_PRODUCTION_NOTIFICATION_LOG,UNVERIFIED_NO_AUTHENTICATED_OWNER_SESSION,"XAUUSD_AI_Sniper_EA_v6.25.18_FINAL_BASKET_050R_TRUE_M10_H1_FIX_BREAKOUT_EXCELLENT_BLOCK (XAUUSD,M10)",11,20260721.log,64412
20260721,12:29:59.877,NOT_LOGGED_IN_EVENT,2026.07.21,NOT_LOGGED_IN_EVENT,XAUUSD,NOT_LOGGED_IN_EVENT,SELL,72.7,FRESHNESS_RECORDED_IN_ADJACENT_M10_EVIDENCE_EVENT,TRANSITION_WATCH,NOT_PROVEN_BY_ANALYSIS_EVENT,"opposite case building (score=72.7 vs dominant=38.1) with real reaction evidence -- preferred direction changing, normal entry path must still confirm",NOT_PRESENT_IN_MT5_LOG,UNVERIFIED_NO_PRODUCTION_DB_ACCESS,REQUIRES_EXPLICIT_EXECUTION_READY_EVENT,UNVERIFIED_NO_PRODUCTION_NOTIFICATION_LOG,UNVERIFIED_NO_AUTHENTICATED_OWNER_SESSION,"XAUUSD_AI_Sniper_EA_v6.25.15_FINAL_BASKET_050R_M10_ONLY_BLOCK_EXCELLENT_LATE (XAUUSD,M10)",55,20260721.log,65728
20260721,12:29:59.878,NOT_LOGGED_IN_EVENT,2026.07.21,NOT_LOGGED_IN_EVENT,XAUUSD,NOT_LOGGED_IN_EVENT,SELL,80.9,FRESHNESS_RECORDED_IN_ADJACENT_M10_EVIDENCE_EVENT,TRANSITION_WATCH,NOT_PROVEN_BY_ANALYSIS_EVENT,"opposite case building (score=80.9 vs dominant=38.1) with real reaction evidence -- preferred direction changing, normal entry path must still confirm",NOT_PRESENT_IN_MT5_LOG,UNVERIFIED_NO_PRODUCTION_DB_ACCESS,REQUIRES_EXPLICIT_EXECUTION_READY_EVENT,UNVERIFIED_NO_PRODUCTION_NOTIFICATION_LOG,UNVERIFIED_NO_AUTHENTICATED_OWNER_SESSION,"XAUUSD_AI_Sniper_EA_v6.25.18_FINAL_BASKET_050R_TRUE_M10_H1_FIX_BREAKOUT_EXCELLENT_BLOCK (XAUUSD,M10)",12,20260721.log,65731
20260721,12:29:59.878,NOT_LOGGED_IN_EVENT,2026.07.21,NOT_LOGGED_IN_EVENT,XAUUSD,NOT_LOGGED_IN_EVENT,SELL,72.7,FRESHNESS_RECORDED_IN_ADJACENT_M10_EVIDENCE_EVENT,TRANSITION_WATCH,NOT_PROVEN_BY_ANALYSIS_EVENT,"opposite case building (score=72.7 vs dominant=38.1) with real reaction evidence -- preferred direction changing, normal entry path must still confirm",NOT_PRESENT_IN_MT5_LOG,UNVERIFIED_NO_PRODUCTION_DB_ACCESS,REQUIRES_EXPLICIT_EXECUTION_READY_EVENT,UNVERIFIED_NO_PRODUCTION_NOTIFICATION_LOG,UNVERIFIED_NO_AUTHENTICATED_OWNER_SESSION,"XAUUSD_AI_Sniper_EA_v6.25.16_FINAL_BASKET_050R_TRUE_M10_BLOCK_EXCELLENT_LATE (XAUUSD,M10)",44,20260721.log,65734
20260721,12:39:59.930,NOT_LOGGED_IN_EVENT,2026.07.21,NOT_LOGGED_IN_EVENT,XAUUSD,NOT_LOGGED_IN_EVENT,NONE,61.3,FRESHNESS_RECORDED_IN_ADJACENT_M10_EVIDENCE_EVENT,NO_VALID_SIGNAL,NOT_PROVEN_BY_ANALYSIS_EVENT,neither case cleared the 55.0 bar (buy=35.6 sell=61.3),NOT_PRESENT_IN_MT5_LOG,UNVERIFIED_NO_PRODUCTION_DB_ACCESS,REQUIRES_EXPLICIT_EXECUTION_READY_EVENT,UNVERIFIED_NO_PRODUCTION_NOTIFICATION_LOG,UNVERIFIED_NO_AUTHENTICATED_OWNER_SESSION,"XAUUSD_AI_Sniper_EA_v6.25.15_FINAL_BASKET_050R_M10_ONLY_BLOCK_EXCELLENT_LATE (XAUUSD,M10)",56,20260721.log,67256
20260721,12:39:59.933,NOT_LOGGED_IN_EVENT,2026.07.21,NOT_LOGGED_IN_EVENT,XAUUSD,NOT_LOGGED_IN_EVENT,NONE,61.3,FRESHNESS_RECORDED_IN_ADJACENT_M10_EVIDENCE_EVENT,NO_VALID_SIGNAL,NOT_PROVEN_BY_ANALYSIS_EVENT,neither case cleared the 55.0 bar (buy=35.6 sell=61.3),NOT_PRESENT_IN_MT5_LOG,UNVERIFIED_NO_PRODUCTION_DB_ACCESS,REQUIRES_EXPLICIT_EXECUTION_READY_EVENT,UNVERIFIED_NO_PRODUCTION_NOTIFICATION_LOG,UNVERIFIED_NO_AUTHENTICATED_OWNER_SESSION,"XAUUSD_AI_Sniper_EA_v6.25.16_FINAL_BASKET_050R_TRUE_M10_BLOCK_EXCELLENT_LATE (XAUUSD,M10)",45,20260721.log,67266
20260721,12:39:59.935,NOT_LOGGED_IN_EVENT,2026.07.21,NOT_LOGGED_IN_EVENT,XAUUSD,NOT_LOGGED_IN_EVENT,NONE,69.5,FRESHNESS_RECORDED_IN_ADJACENT_M10_EVIDENCE_EVENT,NO_VALID_SIGNAL,NOT_PROVEN_BY_ANALYSIS_EVENT,neither case cleared the 55.0 bar (buy=35.6 sell=69.5),NOT_PRESENT_IN_MT5_LOG,UNVERIFIED_NO_PRODUCTION_DB_ACCESS,REQUIRES_EXPLICIT_EXECUTION_READY_EVENT,UNVERIFIED_NO_PRODUCTION_NOTIFICATION_LOG,UNVERIFIED_NO_AUTHENTICATED_OWNER_SESSION,"XAUUSD_AI_Sniper_EA_v6.25.18_FINAL_BASKET_050R_TRUE_M10_H1_FIX_BREAKOUT_EXCELLENT_BLOCK (XAUUSD,M10)",13,20260721.log,67272
20260721,12:46:42.586,NOT_LOGGED_IN_EVENT,2026.07.21,NOT_LOGGED_IN_EVENT,XAUUSD,NOT_LOGGED_IN_EVENT,SELL,61.9,FRESHNESS_RECORDED_IN_ADJACENT_M10_EVIDENCE_EVENT,SELL_CANDIDATE,NOT_PROVEN_BY_ANALYSIS_EVENT,confirmed opposite case wins (score=61.9 vs dominant=31.5); Adaptive Transition already marked oppositeEntryAllowed=true,NOT_PRESENT_IN_MT5_LOG,UNVERIFIED_NO_PRODUCTION_DB_ACCESS,REQUIRES_EXPLICIT_EXECUTION_READY_EVENT,UNVERIFIED_NO_PRODUCTION_NOTIFICATION_LOG,UNVERIFIED_NO_AUTHENTICATED_OWNER_SESSION,"XAUUSD_AI_Sniper_EA_v6.25.19_FINAL_BASKET_050R_TRUE_M10_SCANNER_AND_AUTHORITY_FIX(1) (XAUUSD,M10)",1,20260721.log,68605
20260721,12:48:19.605,NOT_LOGGED_IN_EVENT,2026.07.21,NOT_LOGGED_IN_EVENT,XAUUSD,NOT_LOGGED_IN_EVENT,SELL,61.9,FRESHNESS_RECORDED_IN_ADJACENT_M10_EVIDENCE_EVENT,SELL_CANDIDATE,NOT_PROVEN_BY_ANALYSIS_EVENT,confirmed opposite case wins (score=61.9 vs dominant=31.5); Adaptive Transition already marked oppositeEntryAllowed=true,NOT_PRESENT_IN_MT5_LOG,UNVERIFIED_NO_PRODUCTION_DB_ACCESS,REQUIRES_EXPLICIT_EXECUTION_READY_EVENT,UNVERIFIED_NO_PRODUCTION_NOTIFICATION_LOG,UNVERIFIED_NO_AUTHENTICATED_OWNER_SESSION,"XAUUSD_AI_Sniper_EA_v6.25.19_FINAL_BASKET_050R_TRUE_M10_SCANNER_AND_AUTHORITY_FIX(1) (XAUUSD,M10)",1,20260721.log,69011
20260721,12:49:59.895,NOT_LOGGED_IN_EVENT,2026.07.21,NOT_LOGGED_IN_EVENT,XAUUSD,NOT_LOGGED_IN_EVENT,NONE,68.1,FRESHNESS_RECORDED_IN_ADJACENT_M10_EVIDENCE_EVENT,NO_VALID_SIGNAL,NOT_PROVEN_BY_ANALYSIS_EVENT,neither case cleared the 55.0 bar (buy=35.5 sell=68.1),NOT_PRESENT_IN_MT5_LOG,UNVERIFIED_NO_PRODUCTION_DB_ACCESS,REQUIRES_EXPLICIT_EXECUTION_READY_EVENT,UNVERIFIED_NO_PRODUCTION_NOTIFICATION_LOG,UNVERIFIED_NO_AUTHENTICATED_OWNER_SESSION,"XAUUSD_AI_Sniper_EA_v6.25.18_FINAL_BASKET_050R_TRUE_M10_H1_FIX_BREAKOUT_EXCELLENT_BLOCK (XAUUSD,M10)",14,20260721.log,69054
20260721,12:49:59.895,NOT_LOGGED_IN_EVENT,2026.07.21,NOT_LOGGED_IN_EVENT,XAUUSD,NOT_LOGGED_IN_EVENT,SELL,64.5,FRESHNESS_RECORDED_IN_ADJACENT_M10_EVIDENCE_EVENT,SELL_CANDIDATE,NOT_PROVEN_BY_ANALYSIS_EVENT,confirmed opposite case wins (score=64.5 vs dominant=35.5); Adaptive Transition already marked oppositeEntryAllowed=true,NOT_PRESENT_IN_MT5_LOG,UNVERIFIED_NO_PRODUCTION_DB_ACCESS,REQUIRES_EXPLICIT_EXECUTION_READY_EVENT,UNVERIFIED_NO_PRODUCTION_NOTIFICATION_LOG,UNVERIFIED_NO_AUTHENTICATED_OWNER_SESSION,"XAUUSD_AI_Sniper_EA_v6.25.19_FINAL_BASKET_050R_TRUE_M10_SCANNER_AND_AUTHORITY_FIX(1) (XAUUSD,M10)",2,20260721.log,69060
20260721,12:52:52.424,NOT_LOGGED_IN_EVENT,2026.07.21,NOT_LOGGED_IN_EVENT,XAUUSD,NOT_LOGGED_IN_EVENT,SELL,60.6,FRESHNESS_RECORDED_IN_ADJACENT_M10_EVIDENCE_EVENT,SELL_CANDIDATE,NOT_PROVEN_BY_ANALYSIS_EVENT,confirmed opposite case wins (score=60.6 vs dominant=31.5); Adaptive Transition already marked oppositeEntryAllowed=true,NOT_PRESENT_IN_MT5_LOG,UNVERIFIED_NO_PRODUCTION_DB_ACCESS,REQUIRES_EXPLICIT_EXECUTION_READY_EVENT,UNVERIFIED_NO_PRODUCTION_NOTIFICATION_LOG,UNVERIFIED_NO_AUTHENTICATED_OWNER_SESSION,"XAUUSD_AI_Sniper_EA_v6.25.19_FINAL_BASKET_050R_TRUE_M10_SCANNER_AND_AUTHORITY_FIX(1) (XAUUSD,M10)",1,20260721.log,69769
20260721,12:59:59.946,NOT_LOGGED_IN_EVENT,2026.07.21,NOT_LOGGED_IN_EVENT,XAUUSD,NOT_LOGGED_IN_EVENT,SELL,70.7,FRESHNESS_RECORDED_IN_ADJACENT_M10_EVIDENCE_EVENT,TRANSITION_WATCH,NOT_PROVEN_BY_ANALYSIS_EVENT,opposite score cleared 55 (buy=31.7 sell=70.7) but Adaptive Transition has not yet allowed entry; keep watching,NOT_PRESENT_IN_MT5_LOG,UNVERIFIED_NO_PRODUCTION_DB_ACCESS,REQUIRES_EXPLICIT_EXECUTION_READY_EVENT,UNVERIFIED_NO_PRODUCTION_NOTIFICATION_LOG,UNVERIFIED_NO_AUTHENTICATED_OWNER_SESSION,"XAUUSD_AI_Sniper_EA_v6.25.19_FINAL_BASKET_050R_TRUE_M10_SCANNER_AND_AUTHORITY_FIX(1) (XAUUSD,M10)",2,20260721.log,69858
20260721,13:10:01.044,NOT_LOGGED_IN_EVENT,2026.07.21,NOT_LOGGED_IN_EVENT,XAUUSD,NOT_LOGGED_IN_EVENT,SELL,64.9,FRESHNESS_RECORDED_IN_ADJACENT_M10_EVIDENCE_EVENT,SELL_CANDIDATE,NOT_PROVEN_BY_ANALYSIS_EVENT,confirmed opposite case wins (score=64.9 vs dominant=36.1); Adaptive Transition already marked oppositeEntryAllowed=true,NOT_PRESENT_IN_MT5_LOG,UNVERIFIED_NO_PRODUCTION_DB_ACCESS,REQUIRES_EXPLICIT_EXECUTION_READY_EVENT,UNVERIFIED_NO_PRODUCTION_NOTIFICATION_LOG,UNVERIFIED_NO_AUTHENTICATED_OWNER_SESSION,"XAUUSD_AI_Sniper_EA_v6.25.19_FINAL_BASKET_050R_TRUE_M10_SCANNER_AND_AUTHORITY_FIX(1) (XAUUSD,M10)",3,20260721.log,70260
20260721,13:17:43.537,NOT_LOGGED_IN_EVENT,2026.07.21,NOT_LOGGED_IN_EVENT,XAUUSD,NOT_LOGGED_IN_EVENT,SELL,61.0,FRESHNESS_RECORDED_IN_ADJACENT_M10_EVIDENCE_EVENT,SELL_CANDIDATE,NOT_PROVEN_BY_ANALYSIS_EVENT,confirmed opposite case wins (score=61.0 vs dominant=32.0); Adaptive Transition already marked oppositeEntryAllowed=true,NOT_PRESENT_IN_MT5_LOG,UNVERIFIED_NO_PRODUCTION_DB_ACCESS,REQUIRES_EXPLICIT_EXECUTION_READY_EVENT,UNVERIFIED_NO_PRODUCTION_NOTIFICATION_LOG,UNVERIFIED_NO_AUTHENTICATED_OWNER_SESSION,"XAUUSD_AI_Sniper_EA_v6.25.19_FINAL_BASKET_050R_TRUE_M10_SCANNER_AND_AUTHORITY_FIX(1) (XAUUSD,H1)",1,20260721.log,70771
20260721,13:19:59.828,NOT_LOGGED_IN_EVENT,2026.07.21,NOT_LOGGED_IN_EVENT,XAUUSD,NOT_LOGGED_IN_EVENT,SELL,68.1,FRESHNESS_RECORDED_IN_ADJACENT_M10_EVIDENCE_EVENT,SELL_CANDIDATE,NOT_PROVEN_BY_ANALYSIS_EVENT,confirmed opposite case wins (score=68.1 vs dominant=38.7); Adaptive Transition already marked oppositeEntryAllowed=true,NOT_PRESENT_IN_MT5_LOG,UNVERIFIED_NO_PRODUCTION_DB_ACCESS,REQUIRES_EXPLICIT_EXECUTION_READY_EVENT,UNVERIFIED_NO_PRODUCTION_NOTIFICATION_LOG,UNVERIFIED_NO_AUTHENTICATED_OWNER_SESSION,"XAUUSD_AI_Sniper_EA_v6.25.19_FINAL_BASKET_050R_TRUE_M10_SCANNER_AND_AUTHORITY_FIX(1) (XAUUSD,H1)",2,20260721.log,70809
20260721,13:29:59.913,NOT_LOGGED_IN_EVENT,2026.07.21,NOT_LOGGED_IN_EVENT,XAUUSD,NOT_LOGGED_IN_EVENT,SELL,66.2,FRESHNESS_RECORDED_IN_ADJACENT_M10_EVIDENCE_EVENT,TRANSITION_WATCH,NOT_PROVEN_BY_ANALYSIS_EVENT,opposite score cleared 55 (buy=48.0 sell=66.2) but Adaptive Transition has not yet allowed entry; keep watching,NOT_PRESENT_IN_MT5_LOG,UNVERIFIED_NO_PRODUCTION_DB_ACCESS,REQUIRES_EXPLICIT_EXECUTION_READY_EVENT,UNVERIFIED_NO_PRODUCTION_NOTIFICATION_LOG,UNVERIFIED_NO_AUTHENTICATED_OWNER_SESSION,"XAUUSD_AI_Sniper_EA_v6.25.19_FINAL_BASKET_050R_TRUE_M10_SCANNER_AND_AUTHORITY_FIX(1) (XAUUSD,M5)",3,20260721.log,71221
20260721,13:39:59.890,NOT_LOGGED_IN_EVENT,2026.07.21,NOT_LOGGED_IN_EVENT,XAUUSD,NOT_LOGGED_IN_EVENT,SELL,71.8,FRESHNESS_RECORDED_IN_ADJACENT_M10_EVIDENCE_EVENT,TRANSITION_WATCH,NOT_PROVEN_BY_ANALYSIS_EVENT,opposite score cleared 55 (buy=50.7 sell=71.8) but Adaptive Transition has not yet allowed entry; keep watching,NOT_PRESENT_IN_MT5_LOG,UNVERIFIED_NO_PRODUCTION_DB_ACCESS,REQUIRES_EXPLICIT_EXECUTION_READY_EVENT,UNVERIFIED_NO_PRODUCTION_NOTIFICATION_LOG,UNVERIFIED_NO_AUTHENTICATED_OWNER_SESSION,"XAUUSD_AI_Sniper_EA_v6.25.19_FINAL_BASKET_050R_TRUE_M10_SCANNER_AND_AUTHORITY_FIX(1) (XAUUSD,M5)",4,20260721.log,71641
20260721,13:49:59.859,NOT_LOGGED_IN_EVENT,2026.07.21,NOT_LOGGED_IN_EVENT,XAUUSD,NOT_LOGGED_IN_EVENT,SELL,68.2,FRESHNESS_RECORDED_IN_ADJACENT_M10_EVIDENCE_EVENT,TRANSITION_WATCH,NOT_PROVEN_BY_ANALYSIS_EVENT,opposite score cleared 55 (buy=48.1 sell=68.2) but Adaptive Transition has not yet allowed entry; keep watching,NOT_PRESENT_IN_MT5_LOG,UNVERIFIED_NO_PRODUCTION_DB_ACCESS,REQUIRES_EXPLICIT_EXECUTION_READY_EVENT,UNVERIFIED_NO_PRODUCTION_NOTIFICATION_LOG,UNVERIFIED_NO_AUTHENTICATED_OWNER_SESSION,"XAUUSD_AI_Sniper_EA_v6.25.19_FINAL_BASKET_050R_TRUE_M10_SCANNER_AND_AUTHORITY_FIX(1) (XAUUSD,M5)",5,20260721.log,72037
20260721,13:59:59.886,NOT_LOGGED_IN_EVENT,2026.07.21,NOT_LOGGED_IN_EVENT,XAUUSD,NOT_LOGGED_IN_EVENT,SELL,76.2,FRESHNESS_RECORDED_IN_ADJACENT_M10_EVIDENCE_EVENT,TRANSITION_WATCH,NOT_PROVEN_BY_ANALYSIS_EVENT,opposite score cleared 55 (buy=35.3 sell=76.2) but Adaptive Transition has not yet allowed entry; keep watching,NOT_PRESENT_IN_MT5_LOG,UNVERIFIED_NO_PRODUCTION_DB_ACCESS,REQUIRES_EXPLICIT_EXECUTION_READY_EVENT,UNVERIFIED_NO_PRODUCTION_NOTIFICATION_LOG,UNVERIFIED_NO_AUTHENTICATED_OWNER_SESSION,"XAUUSD_AI_Sniper_EA_v6.25.19_FINAL_BASKET_050R_TRUE_M10_SCANNER_AND_AUTHORITY_FIX(1) (XAUUSD,M5)",6,20260721.log,72449
20260721,14:09:59.960,NOT_LOGGED_IN_EVENT,2026.07.21,NOT_LOGGED_IN_EVENT,XAUUSD,NOT_LOGGED_IN_EVENT,SELL,63.0,FRESHNESS_RECORDED_IN_ADJACENT_M10_EVIDENCE_EVENT,TRANSITION_WATCH,NOT_PROVEN_BY_ANALYSIS_EVENT,opposite score cleared 55 (buy=38.7 sell=63.0) but Adaptive Transition has not yet allowed entry; keep watching,NOT_PRESENT_IN_MT5_LOG,UNVERIFIED_NO_PRODUCTION_DB_ACCESS,REQUIRES_EXPLICIT_EXECUTION_READY_EVENT,UNVERIFIED_NO_PRODUCTION_NOTIFICATION_LOG,UNVERIFIED_NO_AUTHENTICATED_OWNER_SESSION,"XAUUSD_AI_Sniper_EA_v6.25.19_FINAL_BASKET_050R_TRUE_M10_SCANNER_AND_AUTHORITY_FIX(1) (XAUUSD,M5)",7,20260721.log,72529
20260721,14:19:59.840,NOT_LOGGED_IN_EVENT,2026.07.21,NOT_LOGGED_IN_EVENT,XAUUSD,NOT_LOGGED_IN_EVENT,SELL,62.7,FRESHNESS_RECORDED_IN_ADJACENT_M10_EVIDENCE_EVENT,TRANSITION_WATCH,NOT_PROVEN_BY_ANALYSIS_EVENT,opposite score cleared 55 (buy=39.4 sell=62.7) but Adaptive Transition has not yet allowed entry; keep watching,NOT_PRESENT_IN_MT5_LOG,UNVERIFIED_NO_PRODUCTION_DB_ACCESS,REQUIRES_EXPLICIT_EXECUTION_READY_EVENT,UNVERIFIED_NO_PRODUCTION_NOTIFICATION_LOG,UNVERIFIED_NO_AUTHENTICATED_OWNER_SESSION,"XAUUSD_AI_Sniper_EA_v6.25.19_FINAL_BASKET_050R_TRUE_M10_SCANNER_AND_AUTHORITY_FIX(1) (XAUUSD,M5)",8,20260721.log,72963
20260721,14:29:59.811,NOT_LOGGED_IN_EVENT,2026.07.21,NOT_LOGGED_IN_EVENT,XAUUSD,NOT_LOGGED_IN_EVENT,NONE,40.1,FRESHNESS_RECORDED_IN_ADJACENT_M10_EVIDENCE_EVENT,TRANSITION_WATCH,NOT_PROVEN_BY_ANALYSIS_EVENT,"buyCaseScore=42.8 sellCaseScore=52.7 -- too close to call, evidence conflicted",NOT_PRESENT_IN_MT5_LOG,UNVERIFIED_NO_PRODUCTION_DB_ACCESS,REQUIRES_EXPLICIT_EXECUTION_READY_EVENT,UNVERIFIED_NO_PRODUCTION_NOTIFICATION_LOG,UNVERIFIED_NO_AUTHENTICATED_OWNER_SESSION,"XAUUSD_AI_Sniper_EA_v6.25.19_FINAL_BASKET_050R_TRUE_M10_SCANNER_AND_AUTHORITY_FIX(1) (XAUUSD,M5)",9,20260721.log,73404
20260721,14:39:59.974,NOT_LOGGED_IN_EVENT,2026.07.21,NOT_LOGGED_IN_EVENT,XAUUSD,NOT_LOGGED_IN_EVENT,SELL,55.0,FRESHNESS_RECORDED_IN_ADJACENT_M10_EVIDENCE_EVENT,WAIT_FOR_SELL_RETRACE,NOT_PROVEN_BY_ANALYSIS_EVENT,"dominant case wins (score=55.0) but location=LOCATION_LATE -- valid direction, poor entry price, wait for retrace",NOT_PRESENT_IN_MT5_LOG,UNVERIFIED_NO_PRODUCTION_DB_ACCESS,REQUIRES_EXPLICIT_EXECUTION_READY_EVENT,UNVERIFIED_NO_PRODUCTION_NOTIFICATION_LOG,UNVERIFIED_NO_AUTHENTICATED_OWNER_SESSION,"XAUUSD_AI_Sniper_EA_v6.25.19_FINAL_BASKET_050R_TRUE_M10_SCANNER_AND_AUTHORITY_FIX(1) (XAUUSD,M5)",10,20260721.log,73837
20260721,14:50:00.184,NOT_LOGGED_IN_EVENT,2026.07.21,NOT_LOGGED_IN_EVENT,XAUUSD,NOT_LOGGED_IN_EVENT,SELL,59.8,FRESHNESS_RECORDED_IN_ADJACENT_M10_EVIDENCE_EVENT,WAIT_FOR_SELL_RETRACE,NOT_PROVEN_BY_ANALYSIS_EVENT,"dominant case wins (score=59.8) but location=LOCATION_LATE -- valid direction, poor entry price, wait for retrace",NOT_PRESENT_IN_MT5_LOG,UNVERIFIED_NO_PRODUCTION_DB_ACCESS,REQUIRES_EXPLICIT_EXECUTION_READY_EVENT,UNVERIFIED_NO_PRODUCTION_NOTIFICATION_LOG,UNVERIFIED_NO_AUTHENTICATED_OWNER_SESSION,"XAUUSD_AI_Sniper_EA_v6.25.19_FINAL_BASKET_050R_TRUE_M10_SCANNER_AND_AUTHORITY_FIX(1) (XAUUSD,M5)",11,20260721.log,74287
20260721,14:59:59.875,NOT_LOGGED_IN_EVENT,2026.07.21,NOT_LOGGED_IN_EVENT,XAUUSD,NOT_LOGGED_IN_EVENT,SELL,62.2,FRESHNESS_RECORDED_IN_ADJACENT_M10_EVIDENCE_EVENT,SELL_CANDIDATE,NOT_PROVEN_BY_ANALYSIS_EVENT,"dominant case wins (score=62.2 vs opposite=45.0), location=LOCATION_GOOD acceptable-or-better",NOT_PRESENT_IN_MT5_LOG,UNVERIFIED_NO_PRODUCTION_DB_ACCESS,REQUIRES_EXPLICIT_EXECUTION_READY_EVENT,UNVERIFIED_NO_PRODUCTION_NOTIFICATION_LOG,UNVERIFIED_NO_AUTHENTICATED_OWNER_SESSION,"XAUUSD_AI_Sniper_EA_v6.25.19_FINAL_BASKET_050R_TRUE_M10_SCANNER_AND_AUTHORITY_FIX(1) (XAUUSD,M5)",12,20260721.log,74727
20260721,15:10:00.017,NOT_LOGGED_IN_EVENT,2026.07.21,NOT_LOGGED_IN_EVENT,XAUUSD,NOT_LOGGED_IN_EVENT,NONE,41.2,FRESHNESS_RECORDED_IN_ADJACENT_M10_EVIDENCE_EVENT,TRANSITION_WATCH,NOT_PROVEN_BY_ANALYSIS_EVENT,"buyCaseScore=53.8 sellCaseScore=62.6 -- too close to call, evidence conflicted",NOT_PRESENT_IN_MT5_LOG,UNVERIFIED_NO_PRODUCTION_DB_ACCESS,REQUIRES_EXPLICIT_EXECUTION_READY_EVENT,UNVERIFIED_NO_PRODUCTION_NOTIFICATION_LOG,UNVERIFIED_NO_AUTHENTICATED_OWNER_SESSION,"XAUUSD_AI_Sniper_EA_v6.25.19_FINAL_BASKET_050R_TRUE_M10_SCANNER_AND_AUTHORITY_FIX(1) (XAUUSD,M5)",13,20260721.log,75146
20260721,15:20:00.021,NOT_LOGGED_IN_EVENT,2026.07.21,NOT_LOGGED_IN_EVENT,XAUUSD,NOT_LOGGED_IN_EVENT,BUY,64.5,FRESHNESS_RECORDED_IN_ADJACENT_M10_EVIDENCE_EVENT,TRANSITION_WATCH,NOT_PROVEN_BY_ANALYSIS_EVENT,opposite score cleared 55 (buy=64.5 sell=40.5) but Adaptive Transition has not yet allowed entry; keep watching,NOT_PRESENT_IN_MT5_LOG,UNVERIFIED_NO_PRODUCTION_DB_ACCESS,REQUIRES_EXPLICIT_EXECUTION_READY_EVENT,UNVERIFIED_NO_PRODUCTION_NOTIFICATION_LOG,UNVERIFIED_NO_AUTHENTICATED_OWNER_SESSION,"XAUUSD_AI_Sniper_EA_v6.25.19_FINAL_BASKET_050R_TRUE_M10_SCANNER_AND_AUTHORITY_FIX(1) (XAUUSD,M5)",14,20260721.log,75559
20260721,15:30:01.807,NOT_LOGGED_IN_EVENT,2026.07.21,NOT_LOGGED_IN_EVENT,XAUUSD,NOT_LOGGED_IN_EVENT,SELL,60.0,FRESHNESS_RECORDED_IN_ADJACENT_M10_EVIDENCE_EVENT,TRANSITION_WATCH,NOT_PROVEN_BY_ANALYSIS_EVENT,opposite score cleared 55 (buy=38.6 sell=60.0) but Adaptive Transition has not yet allowed entry; keep watching,NOT_PRESENT_IN_MT5_LOG,UNVERIFIED_NO_PRODUCTION_DB_ACCESS,REQUIRES_EXPLICIT_EXECUTION_READY_EVENT,UNVERIFIED_NO_PRODUCTION_NOTIFICATION_LOG,UNVERIFIED_NO_AUTHENTICATED_OWNER_SESSION,"XAUUSD_AI_Sniper_EA_v6.25.19_FINAL_BASKET_050R_TRUE_M10_SCANNER_AND_AUTHORITY_FIX(1) (XAUUSD,M5)",15,20260721.log,75964
20260721,15:39:59.822,NOT_LOGGED_IN_EVENT,2026.07.21,NOT_LOGGED_IN_EVENT,XAUUSD,NOT_LOGGED_IN_EVENT,BUY,59.3,FRESHNESS_RECORDED_IN_ADJACENT_M10_EVIDENCE_EVENT,TRANSITION_WATCH,NOT_PROVEN_BY_ANALYSIS_EVENT,opposite score cleared 55 (buy=59.3 sell=46.0) but Adaptive Transition has not yet allowed entry; keep watching,NOT_PRESENT_IN_MT5_LOG,UNVERIFIED_NO_PRODUCTION_DB_ACCESS,REQUIRES_EXPLICIT_EXECUTION_READY_EVENT,UNVERIFIED_NO_PRODUCTION_NOTIFICATION_LOG,UNVERIFIED_NO_AUTHENTICATED_OWNER_SESSION,"XAUUSD_AI_Sniper_EA_v6.25.19_FINAL_BASKET_050R_TRUE_M10_SCANNER_AND_AUTHORITY_FIX(1) (XAUUSD,M5)",16,20260721.log,76045
20260721,15:49:59.910,NOT_LOGGED_IN_EVENT,2026.07.21,NOT_LOGGED_IN_EVENT,XAUUSD,NOT_LOGGED_IN_EVENT,BUY,73.1,FRESHNESS_RECORDED_IN_ADJACENT_M10_EVIDENCE_EVENT,TRANSITION_WATCH,NOT_PROVEN_BY_ANALYSIS_EVENT,opposite score cleared 55 (buy=73.1 sell=37.6) but Adaptive Transition has not yet allowed entry; keep watching,NOT_PRESENT_IN_MT5_LOG,UNVERIFIED_NO_PRODUCTION_DB_ACCESS,REQUIRES_EXPLICIT_EXECUTION_READY_EVENT,UNVERIFIED_NO_PRODUCTION_NOTIFICATION_LOG,UNVERIFIED_NO_AUTHENTICATED_OWNER_SESSION,"XAUUSD_AI_Sniper_EA_v6.25.19_FINAL_BASKET_050R_TRUE_M10_SCANNER_AND_AUTHORITY_FIX(1) (XAUUSD,M5)",17,20260721.log,76465
20260721,15:59:59.852,NOT_LOGGED_IN_EVENT,2026.07.21,NOT_LOGGED_IN_EVENT,XAUUSD,NOT_LOGGED_IN_EVENT,NONE,47.5,FRESHNESS_RECORDED_IN_ADJACENT_M10_EVIDENCE_EVENT,TRANSITION_WATCH,NOT_PROVEN_BY_ANALYSIS_EVENT,"buyCaseScore=47.5 sellCaseScore=45.0 -- too close to call, evidence conflicted",NOT_PRESENT_IN_MT5_LOG,UNVERIFIED_NO_PRODUCTION_DB_ACCESS,REQUIRES_EXPLICIT_EXECUTION_READY_EVENT,UNVERIFIED_NO_PRODUCTION_NOTIFICATION_LOG,UNVERIFIED_NO_AUTHENTICATED_OWNER_SESSION,"XAUUSD_AI_Sniper_EA_v6.25.19_FINAL_BASKET_050R_TRUE_M10_SCANNER_AND_AUTHORITY_FIX(1) (XAUUSD,M5)",18,20260721.log,76544
20260721,16:09:59.959,NOT_LOGGED_IN_EVENT,2026.07.21,NOT_LOGGED_IN_EVENT,XAUUSD,NOT_LOGGED_IN_EVENT,NONE,45.1,FRESHNESS_RECORDED_IN_ADJACENT_M10_EVIDENCE_EVENT,TRANSITION_WATCH,NOT_PROVEN_BY_ANALYSIS_EVENT,"buyCaseScore=45.5 sellCaseScore=40.6 -- too close to call, evidence conflicted",NOT_PRESENT_IN_MT5_LOG,UNVERIFIED_NO_PRODUCTION_DB_ACCESS,REQUIRES_EXPLICIT_EXECUTION_READY_EVENT,UNVERIFIED_NO_PRODUCTION_NOTIFICATION_LOG,UNVERIFIED_NO_AUTHENTICATED_OWNER_SESSION,"XAUUSD_AI_Sniper_EA_v6.25.19_FINAL_BASKET_050R_TRUE_M10_SCANNER_AND_AUTHORITY_FIX(1) (XAUUSD,M5)",19,20260721.log,76623
20260721,16:19:59.833,NOT_LOGGED_IN_EVENT,2026.07.21,NOT_LOGGED_IN_EVENT,XAUUSD,NOT_LOGGED_IN_EVENT,NONE,40.1,FRESHNESS_RECORDED_IN_ADJACENT_M10_EVIDENCE_EVENT,TRANSITION_WATCH,NOT_PROVEN_BY_ANALYSIS_EVENT,"buyCaseScore=37.2 sellCaseScore=47.1 -- too close to call, evidence conflicted",NOT_PRESENT_IN_MT5_LOG,UNVERIFIED_NO_PRODUCTION_DB_ACCESS,REQUIRES_EXPLICIT_EXECUTION_READY_EVENT,UNVERIFIED_NO_PRODUCTION_NOTIFICATION_LOG,UNVERIFIED_NO_AUTHENTICATED_OWNER_SESSION,"XAUUSD_AI_Sniper_EA_v6.25.19_FINAL_BASKET_050R_TRUE_M10_SCANNER_AND_AUTHORITY_FIX(1) (XAUUSD,M5)",20,20260721.log,77052
20260721,16:29:59.833,NOT_LOGGED_IN_EVENT,2026.07.21,NOT_LOGGED_IN_EVENT,XAUUSD,NOT_LOGGED_IN_EVENT,NONE,47.4,FRESHNESS_RECORDED_IN_ADJACENT_M10_EVIDENCE_EVENT,NO_VALID_SIGNAL,NOT_PROVEN_BY_ANALYSIS_EVENT,no executable directional case yet (buy=37.0 sell=47.4 threshold=55.0),NOT_PRESENT_IN_MT5_LOG,UNVERIFIED_NO_PRODUCTION_DB_ACCESS,REQUIRES_EXPLICIT_EXECUTION_READY_EVENT,UNVERIFIED_NO_PRODUCTION_NOTIFICATION_LOG,UNVERIFIED_NO_AUTHENTICATED_OWNER_SESSION,"XAUUSD_AI_Sniper_EA_v6.25.19_FINAL_BASKET_050R_TRUE_M10_SCANNER_AND_AUTHORITY_FIX(1) (XAUUSD,M5)",21,20260721.log,77486
20260721,16:38:40.941,NOT_LOGGED_IN_EVENT,2026.07.21,NOT_LOGGED_IN_EVENT,XAUUSD,NOT_LOGGED_IN_EVENT,SELL,55.0,FRESHNESS_RECORDED_IN_ADJACENT_M10_EVIDENCE_EVENT,TRANSITION_WATCH,NOT_PROVEN_BY_ANALYSIS_EVENT,opposite score cleared 55 (buy=37.7 sell=55.0) but Adaptive Transition has not yet allowed entry; keep watching,NOT_PRESENT_IN_MT5_LOG,UNVERIFIED_NO_PRODUCTION_DB_ACCESS,REQUIRES_EXPLICIT_EXECUTION_READY_EVENT,UNVERIFIED_NO_PRODUCTION_NOTIFICATION_LOG,UNVERIFIED_NO_AUTHENTICATED_OWNER_SESSION,"XAUUSD_AI_Sniper_EA_v6.25.20_GLOBAL_NO_BREAKOUT_M10_SNAPSHOT_LIFECYCLE_FIX (XAUUSD,M5)",1,20260721.log,77655
20260721,16:40:00.263,NOT_LOGGED_IN_EVENT,2026.07.21,NOT_LOGGED_IN_EVENT,XAUUSD,NOT_LOGGED_IN_EVENT,NONE,51.0,FRESHNESS_RECORDED_IN_ADJACENT_M10_EVIDENCE_EVENT,NO_VALID_SIGNAL,NOT_PROVEN_BY_ANALYSIS_EVENT,no executable directional case yet (buy=35.9 sell=51.0 threshold=55.0),NOT_PRESENT_IN_MT5_LOG,UNVERIFIED_NO_PRODUCTION_DB_ACCESS,REQUIRES_EXPLICIT_EXECUTION_READY_EVENT,UNVERIFIED_NO_PRODUCTION_NOTIFICATION_LOG,UNVERIFIED_NO_AUTHENTICATED_OWNER_SESSION,"XAUUSD_AI_Sniper_EA_v6.25.20_GLOBAL_NO_BREAKOUT_M10_SNAPSHOT_LIFECYCLE_FIX (XAUUSD,M5)",2,20260721.log,77678
20260721,16:40:08.843,NOT_LOGGED_IN_EVENT,2026.07.21,NOT_LOGGED_IN_EVENT,XAUUSD,NOT_LOGGED_IN_EVENT,NONE,54.4,FRESHNESS_RECORDED_IN_ADJACENT_M10_EVIDENCE_EVENT,NO_VALID_SIGNAL,NOT_PROVEN_BY_ANALYSIS_EVENT,no executable directional case yet (buy=36.2 sell=54.4 threshold=55.0),NOT_PRESENT_IN_MT5_LOG,UNVERIFIED_NO_PRODUCTION_DB_ACCESS,REQUIRES_EXPLICIT_EXECUTION_READY_EVENT,UNVERIFIED_NO_PRODUCTION_NOTIFICATION_LOG,UNVERIFIED_NO_AUTHENTICATED_OWNER_SESSION,"XAUUSD_AI_Sniper_EA_v6.25.20_GLOBAL_NO_BREAKOUT_M10_SNAPSHOT_LIFECYCLE_FIX (XAUUSD,M5)",1,20260721.log,77791
20260721,16:50:00.106,NOT_LOGGED_IN_EVENT,2026.07.21,NOT_LOGGED_IN_EVENT,XAUUSD,NOT_LOGGED_IN_EVENT,SELL,63.3,FRESHNESS_RECORDED_IN_ADJACENT_M10_EVIDENCE_EVENT,TRANSITION_WATCH,NOT_PROVEN_BY_ANALYSIS_EVENT,opposite score cleared 55 (buy=37.5 sell=63.3) but Adaptive Transition has not yet allowed entry; keep watching,NOT_PRESENT_IN_MT5_LOG,UNVERIFIED_NO_PRODUCTION_DB_ACCESS,REQUIRES_EXPLICIT_EXECUTION_READY_EVENT,UNVERIFIED_NO_PRODUCTION_NOTIFICATION_LOG,UNVERIFIED_NO_AUTHENTICATED_OWNER_SESSION,"XAUUSD_AI_Sniper_EA_v6.25.20_GLOBAL_NO_BREAKOUT_M10_SNAPSHOT_LIFECYCLE_FIX (XAUUSD,M5)",2,20260721.log,77864
20260721,17:00:02.818,NOT_LOGGED_IN_EVENT,2026.07.21,NOT_LOGGED_IN_EVENT,XAUUSD,NOT_LOGGED_IN_EVENT,SELL,56.2,FRESHNESS_RECORDED_IN_ADJACENT_M10_EVIDENCE_EVENT,TRANSITION_WATCH,NOT_PROVEN_BY_ANALYSIS_EVENT,opposite score cleared 55 (buy=40.9 sell=56.2) but Adaptive Transition has not yet allowed entry; keep watching,NOT_PRESENT_IN_MT5_LOG,UNVERIFIED_NO_PRODUCTION_DB_ACCESS,REQUIRES_EXPLICIT_EXECUTION_READY_EVENT,UNVERIFIED_NO_PRODUCTION_NOTIFICATION_LOG,UNVERIFIED_NO_AUTHENTICATED_OWNER_SESSION,"XAUUSD_AI_Sniper_EA_v6.25.20_GLOBAL_NO_BREAKOUT_M10_SNAPSHOT_LIFECYCLE_FIX (XAUUSD,M5)",3,20260721.log,77944
20260721,17:10:04.945,NOT_LOGGED_IN_EVENT,2026.07.21,NOT_LOGGED_IN_EVENT,XAUUSD,NOT_LOGGED_IN_EVENT,SELL,57.8,FRESHNESS_RECORDED_IN_ADJACENT_M10_EVIDENCE_EVENT,TRANSITION_WATCH,NOT_PROVEN_BY_ANALYSIS_EVENT,opposite score cleared 55 (buy=37.1 sell=57.8) but Adaptive Transition has not yet allowed entry; keep watching,NOT_PRESENT_IN_MT5_LOG,UNVERIFIED_NO_PRODUCTION_DB_ACCESS,REQUIRES_EXPLICIT_EXECUTION_READY_EVENT,UNVERIFIED_NO_PRODUCTION_NOTIFICATION_LOG,UNVERIFIED_NO_AUTHENTICATED_OWNER_SESSION,"XAUUSD_AI_Sniper_EA_v6.25.20_GLOBAL_NO_BREAKOUT_M10_SNAPSHOT_LIFECYCLE_FIX (XAUUSD,M5)",4,20260721.log,78024
20260721,17:20:02.758,NOT_LOGGED_IN_EVENT,2026.07.21,NOT_LOGGED_IN_EVENT,XAUUSD,NOT_LOGGED_IN_EVENT,SELL,56.2,FRESHNESS_RECORDED_IN_ADJACENT_M10_EVIDENCE_EVENT,TRANSITION_WATCH,NOT_PROVEN_BY_ANALYSIS_EVENT,opposite score cleared 55 (buy=39.9 sell=56.2) but Adaptive Transition has not yet allowed entry; keep watching,NOT_PRESENT_IN_MT5_LOG,UNVERIFIED_NO_PRODUCTION_DB_ACCESS,REQUIRES_EXPLICIT_EXECUTION_READY_EVENT,UNVERIFIED_NO_PRODUCTION_NOTIFICATION_LOG,UNVERIFIED_NO_AUTHENTICATED_OWNER_SESSION,"XAUUSD_AI_Sniper_EA_v6.25.20_GLOBAL_NO_BREAKOUT_M10_SNAPSHOT_LIFECYCLE_FIX (XAUUSD,M5)",5,20260721.log,78104
20260721,17:30:02.815,NOT_LOGGED_IN_EVENT,2026.07.21,NOT_LOGGED_IN_EVENT,XAUUSD,NOT_LOGGED_IN_EVENT,SELL,58.3,FRESHNESS_RECORDED_IN_ADJACENT_M10_EVIDENCE_EVENT,TRANSITION_WATCH,NOT_PROVEN_BY_ANALYSIS_EVENT,opposite score cleared 55 (buy=37.9 sell=58.3) but Adaptive Transition has not yet allowed entry; keep watching,NOT_PRESENT_IN_MT5_LOG,UNVERIFIED_NO_PRODUCTION_DB_ACCESS,REQUIRES_EXPLICIT_EXECUTION_READY_EVENT,UNVERIFIED_NO_PRODUCTION_NOTIFICATION_LOG,UNVERIFIED_NO_AUTHENTICATED_OWNER_SESSION,"XAUUSD_AI_Sniper_EA_v6.25.20_GLOBAL_NO_BREAKOUT_M10_SNAPSHOT_LIFECYCLE_FIX (XAUUSD,M5)",6,20260721.log,78184
20260721,17:40:03.719,NOT_LOGGED_IN_EVENT,2026.07.21,NOT_LOGGED_IN_EVENT,XAUUSD,NOT_LOGGED_IN_EVENT,SELL,70.0,FRESHNESS_RECORDED_IN_ADJACENT_M10_EVIDENCE_EVENT,TRANSITION_WATCH,NOT_PROVEN_BY_ANALYSIS_EVENT,opposite score cleared 55 (buy=31.5 sell=70.0) but Adaptive Transition has not yet allowed entry; keep watching,NOT_PRESENT_IN_MT5_LOG,UNVERIFIED_NO_PRODUCTION_DB_ACCESS,REQUIRES_EXPLICIT_EXECUTION_READY_EVENT,UNVERIFIED_NO_PRODUCTION_NOTIFICATION_LOG,UNVERIFIED_NO_AUTHENTICATED_OWNER_SESSION,"XAUUSD_AI_Sniper_EA_v6.25.20_GLOBAL_NO_BREAKOUT_M10_SNAPSHOT_LIFECYCLE_FIX (XAUUSD,M5)",7,20260721.log,78265
20260721,17:50:05.553,NOT_LOGGED_IN_EVENT,2026.07.21,NOT_LOGGED_IN_EVENT,XAUUSD,NOT_LOGGED_IN_EVENT,SELL,70.2,FRESHNESS_RECORDED_IN_ADJACENT_M10_EVIDENCE_EVENT,TRANSITION_WATCH,NOT_PROVEN_BY_ANALYSIS_EVENT,opposite score cleared 55 (buy=31.8 sell=70.2) but Adaptive Transition has not yet allowed entry; keep watching,NOT_PRESENT_IN_MT5_LOG,UNVERIFIED_NO_PRODUCTION_DB_ACCESS,REQUIRES_EXPLICIT_EXECUTION_READY_EVENT,UNVERIFIED_NO_PRODUCTION_NOTIFICATION_LOG,UNVERIFIED_NO_AUTHENTICATED_OWNER_SESSION,"XAUUSD_AI_Sniper_EA_v6.25.20_GLOBAL_NO_BREAKOUT_M10_SNAPSHOT_LIFECYCLE_FIX (XAUUSD,M5)",8,20260721.log,78345
20260721,18:00:05.163,NOT_LOGGED_IN_EVENT,2026.07.21,NOT_LOGGED_IN_EVENT,XAUUSD,NOT_LOGGED_IN_EVENT,SELL,70.2,FRESHNESS_RECORDED_IN_ADJACENT_M10_EVIDENCE_EVENT,TRANSITION_WATCH,NOT_PROVEN_BY_ANALYSIS_EVENT,opposite score cleared 55 (buy=23.5 sell=70.2) but Adaptive Transition has not yet allowed entry; keep watching,NOT_PRESENT_IN_MT5_LOG,UNVERIFIED_NO_PRODUCTION_DB_ACCESS,REQUIRES_EXPLICIT_EXECUTION_READY_EVENT,UNVERIFIED_NO_PRODUCTION_NOTIFICATION_LOG,UNVERIFIED_NO_AUTHENTICATED_OWNER_SESSION,"XAUUSD_AI_Sniper_EA_v6.25.20_GLOBAL_NO_BREAKOUT_M10_SNAPSHOT_LIFECYCLE_FIX (XAUUSD,M5)",9,20260721.log,78425
20260721,18:10:08.319,NOT_LOGGED_IN_EVENT,2026.07.21,NOT_LOGGED_IN_EVENT,XAUUSD,NOT_LOGGED_IN_EVENT,SELL,64.5,FRESHNESS_RECORDED_IN_ADJACENT_M10_EVIDENCE_EVENT,TRANSITION_WATCH,NOT_PROVEN_BY_ANALYSIS_EVENT,opposite score cleared 55 (buy=29.5 sell=64.5) but Adaptive Transition has not yet allowed entry; keep watching,NOT_PRESENT_IN_MT5_LOG,UNVERIFIED_NO_PRODUCTION_DB_ACCESS,REQUIRES_EXPLICIT_EXECUTION_READY_EVENT,UNVERIFIED_NO_PRODUCTION_NOTIFICATION_LOG,UNVERIFIED_NO_AUTHENTICATED_OWNER_SESSION,"XAUUSD_AI_Sniper_EA_v6.25.20_GLOBAL_NO_BREAKOUT_M10_SNAPSHOT_LIFECYCLE_FIX (XAUUSD,M5)",10,20260721.log,78509
20260721,18:20:04.242,NOT_LOGGED_IN_EVENT,2026.07.21,NOT_LOGGED_IN_EVENT,XAUUSD,NOT_LOGGED_IN_EVENT,SELL,63.1,FRESHNESS_RECORDED_IN_ADJACENT_M10_EVIDENCE_EVENT,SELL_CANDIDATE,NOT_PROVEN_BY_ANALYSIS_EVENT,"dominant case wins (score=63.1 vs opposite=39.6), location=LOCATION_RESET_PENDING acceptable-or-better",NOT_PRESENT_IN_MT5_LOG,UNVERIFIED_NO_PRODUCTION_DB_ACCESS,REQUIRES_EXPLICIT_EXECUTION_READY_EVENT,UNVERIFIED_NO_PRODUCTION_NOTIFICATION_LOG,UNVERIFIED_NO_AUTHENTICATED_OWNER_SESSION,"XAUUSD_AI_Sniper_EA_v6.25.20_GLOBAL_NO_BREAKOUT_M10_SNAPSHOT_LIFECYCLE_FIX (XAUUSD,M5)",11,20260721.log,78589
20260721,18:30:00.214,NOT_LOGGED_IN_EVENT,2026.07.21,NOT_LOGGED_IN_EVENT,XAUUSD,NOT_LOGGED_IN_EVENT,SELL,61.6,FRESHNESS_RECORDED_IN_ADJACENT_M10_EVIDENCE_EVENT,TRANSITION_WATCH,NOT_PROVEN_BY_ANALYSIS_EVENT,opposite score cleared 55 (buy=22.1 sell=61.6) but Adaptive Transition has not yet allowed entry; keep watching,NOT_PRESENT_IN_MT5_LOG,UNVERIFIED_NO_PRODUCTION_DB_ACCESS,REQUIRES_EXPLICIT_EXECUTION_READY_EVENT,UNVERIFIED_NO_PRODUCTION_NOTIFICATION_LOG,UNVERIFIED_NO_AUTHENTICATED_OWNER_SESSION,"XAUUSD_AI_Sniper_EA_v6.25.20_GLOBAL_NO_BREAKOUT_M10_SNAPSHOT_LIFECYCLE_FIX (XAUUSD,M5)",12,20260721.log,78671
20260721,18:40:03.116,NOT_LOGGED_IN_EVENT,2026.07.21,NOT_LOGGED_IN_EVENT,XAUUSD,NOT_LOGGED_IN_EVENT,SELL,77.3,FRESHNESS_RECORDED_IN_ADJACENT_M10_EVIDENCE_EVENT,TRANSITION_WATCH,NOT_PROVEN_BY_ANALYSIS_EVENT,opposite score cleared 55 (buy=21.3 sell=77.3) but Adaptive Transition has not yet allowed entry; keep watching,NOT_PRESENT_IN_MT5_LOG,UNVERIFIED_NO_PRODUCTION_DB_ACCESS,REQUIRES_EXPLICIT_EXECUTION_READY_EVENT,UNVERIFIED_NO_PRODUCTION_NOTIFICATION_LOG,UNVERIFIED_NO_AUTHENTICATED_OWNER_SESSION,"XAUUSD_AI_Sniper_EA_v6.25.20_GLOBAL_NO_BREAKOUT_M10_SNAPSHOT_LIFECYCLE_FIX (XAUUSD,M5)",13,20260721.log,78750
20260721,18:50:06.309,NOT_LOGGED_IN_EVENT,2026.07.21,NOT_LOGGED_IN_EVENT,XAUUSD,NOT_LOGGED_IN_EVENT,SELL,68.6,FRESHNESS_RECORDED_IN_ADJACENT_M10_EVIDENCE_EVENT,SELL_CANDIDATE,NOT_PROVEN_BY_ANALYSIS_EVENT,"dominant case wins (score=68.6 vs opposite=39.4), location=LOCATION_RESET_PENDING acceptable-or-better",NOT_PRESENT_IN_MT5_LOG,UNVERIFIED_NO_PRODUCTION_DB_ACCESS,REQUIRES_EXPLICIT_EXECUTION_READY_EVENT,UNVERIFIED_NO_PRODUCTION_NOTIFICATION_LOG,UNVERIFIED_NO_AUTHENTICATED_OWNER_SESSION,"XAUUSD_AI_Sniper_EA_v6.25.20_GLOBAL_NO_BREAKOUT_M10_SNAPSHOT_LIFECYCLE_FIX (XAUUSD,M5)",14,20260721.log,78830
20260721,19:00:00.139,NOT_LOGGED_IN_EVENT,2026.07.21,NOT_LOGGED_IN_EVENT,XAUUSD,NOT_LOGGED_IN_EVENT,SELL,77.5,FRESHNESS_RECORDED_IN_ADJACENT_M10_EVIDENCE_EVENT,SELL_CANDIDATE,NOT_PROVEN_BY_ANALYSIS_EVENT,confirmed opposite case wins (score=77.5 vs dominant=26.5); Adaptive Transition already marked oppositeEntryAllowed=true,NOT_PRESENT_IN_MT5_LOG,UNVERIFIED_NO_PRODUCTION_DB_ACCESS,REQUIRES_EXPLICIT_EXECUTION_READY_EVENT,UNVERIFIED_NO_PRODUCTION_NOTIFICATION_LOG,UNVERIFIED_NO_AUTHENTICATED_OWNER_SESSION,"XAUUSD_AI_Sniper_EA_v6.25.20_GLOBAL_NO_BREAKOUT_M10_SNAPSHOT_LIFECYCLE_FIX (XAUUSD,M5)",15,20260721.log,78912
20260721,19:10:07.864,NOT_LOGGED_IN_EVENT,2026.07.21,NOT_LOGGED_IN_EVENT,XAUUSD,NOT_LOGGED_IN_EVENT,SELL,67.4,FRESHNESS_RECORDED_IN_ADJACENT_M10_EVIDENCE_EVENT,TRANSITION_WATCH,NOT_PROVEN_BY_ANALYSIS_EVENT,opposite score cleared 55 (buy=31.2 sell=67.4) but Adaptive Transition has not yet allowed entry; keep watching,NOT_PRESENT_IN_MT5_LOG,UNVERIFIED_NO_PRODUCTION_DB_ACCESS,REQUIRES_EXPLICIT_EXECUTION_READY_EVENT,UNVERIFIED_NO_PRODUCTION_NOTIFICATION_LOG,UNVERIFIED_NO_AUTHENTICATED_OWNER_SESSION,"XAUUSD_AI_Sniper_EA_v6.25.20_GLOBAL_NO_BREAKOUT_M10_SNAPSHOT_LIFECYCLE_FIX (XAUUSD,M5)",16,20260721.log,79005
20260721,19:20:02.808,NOT_LOGGED_IN_EVENT,2026.07.21,NOT_LOGGED_IN_EVENT,XAUUSD,NOT_LOGGED_IN_EVENT,SELL,63.0,FRESHNESS_RECORDED_IN_ADJACENT_M10_EVIDENCE_EVENT,TRANSITION_WATCH,NOT_PROVEN_BY_ANALYSIS_EVENT,opposite score cleared 55 (buy=45.6 sell=63.0) but Adaptive Transition has not yet allowed entry; keep watching,NOT_PRESENT_IN_MT5_LOG,UNVERIFIED_NO_PRODUCTION_DB_ACCESS,REQUIRES_EXPLICIT_EXECUTION_READY_EVENT,UNVERIFIED_NO_PRODUCTION_NOTIFICATION_LOG,UNVERIFIED_NO_AUTHENTICATED_OWNER_SESSION,"XAUUSD_AI_Sniper_EA_v6.25.20_GLOBAL_NO_BREAKOUT_M10_SNAPSHOT_LIFECYCLE_FIX (XAUUSD,M5)",17,20260721.log,79088
20260721,19:30:04.994,NOT_LOGGED_IN_EVENT,2026.07.21,NOT_LOGGED_IN_EVENT,XAUUSD,NOT_LOGGED_IN_EVENT,SELL,64.8,FRESHNESS_RECORDED_IN_ADJACENT_M10_EVIDENCE_EVENT,TRANSITION_WATCH,NOT_PROVEN_BY_ANALYSIS_EVENT,opposite score cleared 55 (buy=37.3 sell=64.8) but Adaptive Transition has not yet allowed entry; keep watching,NOT_PRESENT_IN_MT5_LOG,UNVERIFIED_NO_PRODUCTION_DB_ACCESS,REQUIRES_EXPLICIT_EXECUTION_READY_EVENT,UNVERIFIED_NO_PRODUCTION_NOTIFICATION_LOG,UNVERIFIED_NO_AUTHENTICATED_OWNER_SESSION,"XAUUSD_AI_Sniper_EA_v6.25.20_GLOBAL_NO_BREAKOUT_M10_SNAPSHOT_LIFECYCLE_FIX (XAUUSD,M5)",18,20260721.log,79169
20260721,19:40:03.047,NOT_LOGGED_IN_EVENT,2026.07.21,NOT_LOGGED_IN_EVENT,XAUUSD,NOT_LOGGED_IN_EVENT,SELL,66.9,FRESHNESS_RECORDED_IN_ADJACENT_M10_EVIDENCE_EVENT,TRANSITION_WATCH,NOT_PROVEN_BY_ANALYSIS_EVENT,opposite score cleared 55 (buy=37.4 sell=66.9) but Adaptive Transition has not yet allowed entry; keep watching,NOT_PRESENT_IN_MT5_LOG,UNVERIFIED_NO_PRODUCTION_DB_ACCESS,REQUIRES_EXPLICIT_EXECUTION_READY_EVENT,UNVERIFIED_NO_PRODUCTION_NOTIFICATION_LOG,UNVERIFIED_NO_AUTHENTICATED_OWNER_SESSION,"XAUUSD_AI_Sniper_EA_v6.25.20_GLOBAL_NO_BREAKOUT_M10_SNAPSHOT_LIFECYCLE_FIX (XAUUSD,M5)",19,20260721.log,79250
20260721,19:50:02.842,NOT_LOGGED_IN_EVENT,2026.07.21,NOT_LOGGED_IN_EVENT,XAUUSD,NOT_LOGGED_IN_EVENT,SELL,78.5,FRESHNESS_RECORDED_IN_ADJACENT_M10_EVIDENCE_EVENT,TRANSITION_WATCH,NOT_PROVEN_BY_ANALYSIS_EVENT,opposite score cleared 55 (buy=38.0 sell=78.5) but Adaptive Transition has not yet allowed entry; keep watching,NOT_PRESENT_IN_MT5_LOG,UNVERIFIED_NO_PRODUCTION_DB_ACCESS,REQUIRES_EXPLICIT_EXECUTION_READY_EVENT,UNVERIFIED_NO_PRODUCTION_NOTIFICATION_LOG,UNVERIFIED_NO_AUTHENTICATED_OWNER_SESSION,"XAUUSD_AI_Sniper_EA_v6.25.20_GLOBAL_NO_BREAKOUT_M10_SNAPSHOT_LIFECYCLE_FIX (XAUUSD,M5)",20,20260721.log,79331
20260721,20:00:06.742,NOT_LOGGED_IN_EVENT,2026.07.21,NOT_LOGGED_IN_EVENT,XAUUSD,NOT_LOGGED_IN_EVENT,SELL,71.1,FRESHNESS_RECORDED_IN_ADJACENT_M10_EVIDENCE_EVENT,TRANSITION_WATCH,NOT_PROVEN_BY_ANALYSIS_EVENT,opposite score cleared 55 (buy=39.6 sell=71.1) but Adaptive Transition has not yet allowed entry; keep watching,NOT_PRESENT_IN_MT5_LOG,UNVERIFIED_NO_PRODUCTION_DB_ACCESS,REQUIRES_EXPLICIT_EXECUTION_READY_EVENT,UNVERIFIED_NO_PRODUCTION_NOTIFICATION_LOG,UNVERIFIED_NO_AUTHENTICATED_OWNER_SESSION,"XAUUSD_AI_Sniper_EA_v6.25.20_GLOBAL_NO_BREAKOUT_M10_SNAPSHOT_LIFECYCLE_FIX (XAUUSD,M5)",21,20260721.log,79413
20260721,20:10:03.700,NOT_LOGGED_IN_EVENT,2026.07.21,NOT_LOGGED_IN_EVENT,XAUUSD,NOT_LOGGED_IN_EVENT,SELL,70.9,FRESHNESS_RECORDED_IN_ADJACENT_M10_EVIDENCE_EVENT,TRANSITION_WATCH,NOT_PROVEN_BY_ANALYSIS_EVENT,opposite score cleared 55 (buy=40.8 sell=70.9) but Adaptive Transition has not yet allowed entry; keep watching,NOT_PRESENT_IN_MT5_LOG,UNVERIFIED_NO_PRODUCTION_DB_ACCESS,REQUIRES_EXPLICIT_EXECUTION_READY_EVENT,UNVERIFIED_NO_PRODUCTION_NOTIFICATION_LOG,UNVERIFIED_NO_AUTHENTICATED_OWNER_SESSION,"XAUUSD_AI_Sniper_EA_v6.25.20_GLOBAL_NO_BREAKOUT_M10_SNAPSHOT_LIFECYCLE_FIX (XAUUSD,M5)",22,20260721.log,79494
20260721,20:20:03.588,NOT_LOGGED_IN_EVENT,2026.07.21,NOT_LOGGED_IN_EVENT,XAUUSD,NOT_LOGGED_IN_EVENT,SELL,70.3,FRESHNESS_RECORDED_IN_ADJACENT_M10_EVIDENCE_EVENT,TRANSITION_WATCH,NOT_PROVEN_BY_ANALYSIS_EVENT,opposite score cleared 55 (buy=35.8 sell=70.3) but Adaptive Transition has not yet allowed entry; keep watching,NOT_PRESENT_IN_MT5_LOG,UNVERIFIED_NO_PRODUCTION_DB_ACCESS,REQUIRES_EXPLICIT_EXECUTION_READY_EVENT,UNVERIFIED_NO_PRODUCTION_NOTIFICATION_LOG,UNVERIFIED_NO_AUTHENTICATED_OWNER_SESSION,"XAUUSD_AI_Sniper_EA_v6.25.20_GLOBAL_NO_BREAKOUT_M10_SNAPSHOT_LIFECYCLE_FIX (XAUUSD,M5)",23,20260721.log,79574
20260721,20:30:02.833,NOT_LOGGED_IN_EVENT,2026.07.21,NOT_LOGGED_IN_EVENT,XAUUSD,NOT_LOGGED_IN_EVENT,SELL,70.4,FRESHNESS_RECORDED_IN_ADJACENT_M10_EVIDENCE_EVENT,TRANSITION_WATCH,NOT_PROVEN_BY_ANALYSIS_EVENT,opposite score cleared 55 (buy=34.9 sell=70.4) but Adaptive Transition has not yet allowed entry; keep watching,NOT_PRESENT_IN_MT5_LOG,UNVERIFIED_NO_PRODUCTION_DB_ACCESS,REQUIRES_EXPLICIT_EXECUTION_READY_EVENT,UNVERIFIED_NO_PRODUCTION_NOTIFICATION_LOG,UNVERIFIED_NO_AUTHENTICATED_OWNER_SESSION,"XAUUSD_AI_Sniper_EA_v6.25.20_GLOBAL_NO_BREAKOUT_M10_SNAPSHOT_LIFECYCLE_FIX (XAUUSD,M5)",24,20260721.log,79654
20260721,20:40:02.703,NOT_LOGGED_IN_EVENT,2026.07.21,NOT_LOGGED_IN_EVENT,XAUUSD,NOT_LOGGED_IN_EVENT,SELL,71.3,FRESHNESS_RECORDED_IN_ADJACENT_M10_EVIDENCE_EVENT,SELL_CANDIDATE,NOT_PROVEN_BY_ANALYSIS_EVENT,confirmed opposite case wins (score=71.3 vs dominant=31.3); Adaptive Transition already marked oppositeEntryAllowed=true,NOT_PRESENT_IN_MT5_LOG,UNVERIFIED_NO_PRODUCTION_DB_ACCESS,REQUIRES_EXPLICIT_EXECUTION_READY_EVENT,UNVERIFIED_NO_PRODUCTION_NOTIFICATION_LOG,UNVERIFIED_NO_AUTHENTICATED_OWNER_SESSION,"XAUUSD_AI_Sniper_EA_v6.25.20_GLOBAL_NO_BREAKOUT_M10_SNAPSHOT_LIFECYCLE_FIX (XAUUSD,M5)",25,20260721.log,79736
20260721,20:50:03.001,NOT_LOGGED_IN_EVENT,2026.07.21,NOT_LOGGED_IN_EVENT,XAUUSD,NOT_LOGGED_IN_EVENT,SELL,68.6,FRESHNESS_RECORDED_IN_ADJACENT_M10_EVIDENCE_EVENT,TRANSITION_WATCH,NOT_PROVEN_BY_ANALYSIS_EVENT,opposite score cleared 55 (buy=27.3 sell=68.6) but Adaptive Transition has not yet allowed entry; keep watching,NOT_PRESENT_IN_MT5_LOG,UNVERIFIED_NO_PRODUCTION_DB_ACCESS,REQUIRES_EXPLICIT_EXECUTION_READY_EVENT,UNVERIFIED_NO_PRODUCTION_NOTIFICATION_LOG,UNVERIFIED_NO_AUTHENTICATED_OWNER_SESSION,"XAUUSD_AI_Sniper_EA_v6.25.20_GLOBAL_NO_BREAKOUT_M10_SNAPSHOT_LIFECYCLE_FIX (XAUUSD,M5)",26,20260721.log,79827
20260721,23:33:54.927,NOT_LOGGED_IN_EVENT,2026.07.22,NOT_LOGGED_IN_EVENT,XAUUSD,NOT_LOGGED_IN_EVENT,SELL,55.6,FRESHNESS_RECORDED_IN_ADJACENT_M10_EVIDENCE_EVENT,TRANSITION_WATCH,NOT_PROVEN_BY_ANALYSIS_EVENT,opposite score cleared 55 (buy=36.3 sell=55.6) but Adaptive Transition has not yet allowed entry; keep watching,NOT_PRESENT_IN_MT5_LOG,UNVERIFIED_NO_PRODUCTION_DB_ACCESS,REQUIRES_EXPLICIT_EXECUTION_READY_EVENT,UNVERIFIED_NO_PRODUCTION_NOTIFICATION_LOG,UNVERIFIED_NO_AUTHENTICATED_OWNER_SESSION,"XAUUSD_AI_Sniper_EA_v6.25.22_TRUE_4807_ROOT_FULL_REPAIR (XAUUSD,M5)",1,20260721.log,82315
20260721,23:35:14.493,NOT_LOGGED_IN_EVENT,2026.07.22,NOT_LOGGED_IN_EVENT,XAUUSD,NOT_LOGGED_IN_EVENT,SELL,55.6,FRESHNESS_RECORDED_IN_ADJACENT_M10_EVIDENCE_EVENT,TRANSITION_WATCH,NOT_PROVEN_BY_ANALYSIS_EVENT,opposite score cleared 55 (buy=36.3 sell=55.6) but Adaptive Transition has not yet allowed entry; keep watching,NOT_PRESENT_IN_MT5_LOG,UNVERIFIED_NO_PRODUCTION_DB_ACCESS,REQUIRES_EXPLICIT_EXECUTION_READY_EVENT,UNVERIFIED_NO_PRODUCTION_NOTIFICATION_LOG,UNVERIFIED_NO_AUTHENTICATED_OWNER_SESSION,"XAUUSD_AI_Sniper_EA_v6.25.22_TRUE_4807_ROOT_FULL_REPAIR (XAUUSD,M5)",1,20260721.log,82433
20260721,23:40:02.164,NOT_LOGGED_IN_EVENT,2026.07.22,NOT_LOGGED_IN_EVENT,XAUUSD,NOT_LOGGED_IN_EVENT,NONE,53.8,FRESHNESS_RECORDED_IN_ADJACENT_M10_EVIDENCE_EVENT,NO_VALID_SIGNAL,NOT_PROVEN_BY_ANALYSIS_EVENT,no executable directional case yet (buy=36.0 sell=53.8 threshold=55.0),NOT_PRESENT_IN_MT5_LOG,UNVERIFIED_NO_PRODUCTION_DB_ACCESS,REQUIRES_EXPLICIT_EXECUTION_READY_EVENT,UNVERIFIED_NO_PRODUCTION_NOTIFICATION_LOG,UNVERIFIED_NO_AUTHENTICATED_OWNER_SESSION,"XAUUSD_AI_Sniper_EA_v6.25.22_TRUE_4807_ROOT_FULL_REPAIR (XAUUSD,M5)",2,20260721.log,82476
20260721,23:47:53.735,NOT_LOGGED_IN_EVENT,2026.07.22,NOT_LOGGED_IN_EVENT,XAUUSD,NOT_LOGGED_IN_EVENT,NONE,53.8,FRESHNESS_RECORDED_IN_ADJACENT_M10_EVIDENCE_EVENT,NO_VALID_SIGNAL,NOT_PROVEN_BY_ANALYSIS_EVENT,no executable directional case yet (buy=35.7 sell=53.8 threshold=55.0),NOT_PRESENT_IN_MT5_LOG,UNVERIFIED_NO_PRODUCTION_DB_ACCESS,REQUIRES_EXPLICIT_EXECUTION_READY_EVENT,UNVERIFIED_NO_PRODUCTION_NOTIFICATION_LOG,UNVERIFIED_NO_AUTHENTICATED_OWNER_SESSION,"XAUUSD_AI_Sniper_EA_v6.25.22_TRUE_4807_ROOT_FULL_REPAIR (XAUUSD,M5)",1,20260721.log,82628
20260721,23:50:01.023,NOT_LOGGED_IN_EVENT,2026.07.22,NOT_LOGGED_IN_EVENT,XAUUSD,NOT_LOGGED_IN_EVENT,SELL,67.6,FRESHNESS_RECORDED_IN_ADJACENT_M10_EVIDENCE_EVENT,TRANSITION_WATCH,NOT_PROVEN_BY_ANALYSIS_EVENT,opposite score cleared 55 (buy=35.4 sell=67.6) but Adaptive Transition has not yet allowed entry; keep watching,NOT_PRESENT_IN_MT5_LOG,UNVERIFIED_NO_PRODUCTION_DB_ACCESS,REQUIRES_EXPLICIT_EXECUTION_READY_EVENT,UNVERIFIED_NO_PRODUCTION_NOTIFICATION_LOG,UNVERIFIED_NO_AUTHENTICATED_OWNER_SESSION,"XAUUSD_AI_Sniper_EA_v6.25.22_TRUE_4807_ROOT_FULL_REPAIR (XAUUSD,M5)",2,20260721.log,82661
20260722,00:00:01.935,NOT_LOGGED_IN_EVENT,2026.07.22,NOT_LOGGED_IN_EVENT,XAUUSD,NOT_LOGGED_IN_EVENT,SELL,78.3,FRESHNESS_RECORDED_IN_ADJACENT_M10_EVIDENCE_EVENT,TRANSITION_WATCH,NOT_PROVEN_BY_ANALYSIS_EVENT,opposite score cleared 55 (buy=40.1 sell=78.3) but Adaptive Transition has not yet allowed entry; keep watching,NOT_PRESENT_IN_MT5_LOG,UNVERIFIED_NO_PRODUCTION_DB_ACCESS,REQUIRES_EXPLICIT_EXECUTION_READY_EVENT,UNVERIFIED_NO_PRODUCTION_NOTIFICATION_LOG,UNVERIFIED_NO_AUTHENTICATED_OWNER_SESSION,"XAUUSD_AI_Sniper_EA_v6.25.22_TRUE_4807_ROOT_FULL_REPAIR (XAUUSD,M5)",3,20260722.log,15
20260722,00:00:22.169,NOT_LOGGED_IN_EVENT,2026.07.22,NOT_LOGGED_IN_EVENT,XAUUSD,NOT_LOGGED_IN_EVENT,SELL,68.5,FRESHNESS_RECORDED_IN_ADJACENT_M10_EVIDENCE_EVENT,TRANSITION_WATCH,NOT_PROVEN_BY_ANALYSIS_EVENT,opposite score cleared 55 (buy=34.9 sell=68.5) but Adaptive Transition has not yet allowed entry; keep watching,NOT_PRESENT_IN_MT5_LOG,UNVERIFIED_NO_PRODUCTION_DB_ACCESS,REQUIRES_EXPLICIT_EXECUTION_READY_EVENT,UNVERIFIED_NO_PRODUCTION_NOTIFICATION_LOG,UNVERIFIED_NO_AUTHENTICATED_OWNER_SESSION,"XAUUSD_AI_Sniper_EA_v6.25.22_TRUE_4807_ROOT_FULL_REPAIR (XAUUSD,M5)",1,20260722.log,128
20260722,00:02:38.699,NOT_LOGGED_IN_EVENT,2026.07.22,NOT_LOGGED_IN_EVENT,XAUUSD,NOT_LOGGED_IN_EVENT,SELL,68.5,FRESHNESS_RECORDED_IN_ADJACENT_M10_EVIDENCE_EVENT,TRANSITION_WATCH,NOT_PROVEN_BY_ANALYSIS_EVENT,opposite score cleared 55 (buy=34.9 sell=68.5) but Adaptive Transition has not yet allowed entry; keep watching,NOT_PRESENT_IN_MT5_LOG,UNVERIFIED_NO_PRODUCTION_DB_ACCESS,REQUIRES_EXPLICIT_EXECUTION_READY_EVENT,UNVERIFIED_NO_PRODUCTION_NOTIFICATION_LOG,UNVERIFIED_NO_AUTHENTICATED_OWNER_SESSION,"XAUUSD_AI_Sniper_EA_v6.25.22_TRUE_4807_ROOT_FULL_REPAIR (XAUUSD,M5)",1,20260722.log,251
20260722,00:06:39.424,NOT_LOGGED_IN_EVENT,2026.07.22,NOT_LOGGED_IN_EVENT,XAUUSD,NOT_LOGGED_IN_EVENT,SELL,68.5,FRESHNESS_RECORDED_IN_ADJACENT_M10_EVIDENCE_EVENT,TRANSITION_WATCH,NOT_PROVEN_BY_ANALYSIS_EVENT,opposite score cleared 55 (buy=34.9 sell=68.5) but Adaptive Transition has not yet allowed entry; keep watching,NOT_PRESENT_IN_MT5_LOG,UNVERIFIED_NO_PRODUCTION_DB_ACCESS,REQUIRES_EXPLICIT_EXECUTION_READY_EVENT,UNVERIFIED_NO_PRODUCTION_NOTIFICATION_LOG,UNVERIFIED_NO_AUTHENTICATED_OWNER_SESSION,"XAUUSD_AI_Sniper_EA_v6.25.23_STARTUP_SELF_TEST_CONTRACT_FIX (XAUUSD,M5)",1,20260722.log,379
20260722,00:10:03.831,NOT_LOGGED_IN_EVENT,2026.07.22,NOT_LOGGED_IN_EVENT,XAUUSD,NOT_LOGGED_IN_EVENT,SELL,64.2,FRESHNESS_RECORDED_IN_ADJACENT_M10_EVIDENCE_EVENT,TRANSITION_WATCH,NOT_PROVEN_BY_ANALYSIS_EVENT,opposite score cleared 55 (buy=38.8 sell=64.2) but Adaptive Transition has not yet allowed entry; keep watching,NOT_PRESENT_IN_MT5_LOG,UNVERIFIED_NO_PRODUCTION_DB_ACCESS,REQUIRES_EXPLICIT_EXECUTION_READY_EVENT,UNVERIFIED_NO_PRODUCTION_NOTIFICATION_LOG,UNVERIFIED_NO_AUTHENTICATED_OWNER_SESSION,"XAUUSD_AI_Sniper_EA_v6.25.23_STARTUP_SELF_TEST_CONTRACT_FIX (XAUUSD,M5)",2,20260722.log,416
20260722,00:20:01.236,NOT_LOGGED_IN_EVENT,2026.07.22,NOT_LOGGED_IN_EVENT,XAUUSD,NOT_LOGGED_IN_EVENT,SELL,62.0,FRESHNESS_RECORDED_IN_ADJACENT_M10_EVIDENCE_EVENT,TRANSITION_WATCH,NOT_PROVEN_BY_ANALYSIS_EVENT,opposite score cleared 55 (buy=41.0 sell=62.0) but Adaptive Transition has not yet allowed entry; keep watching,NOT_PRESENT_IN_MT5_LOG,UNVERIFIED_NO_PRODUCTION_DB_ACCESS,REQUIRES_EXPLICIT_EXECUTION_READY_EVENT,UNVERIFIED_NO_PRODUCTION_NOTIFICATION_LOG,UNVERIFIED_NO_AUTHENTICATED_OWNER_SESSION,"XAUUSD_AI_Sniper_EA_v6.25.23_STARTUP_SELF_TEST_CONTRACT_FIX (XAUUSD,M5)",3,20260722.log,489
20260722,00:30:01.054,NOT_LOGGED_IN_EVENT,2026.07.22,NOT_LOGGED_IN_EVENT,XAUUSD,NOT_LOGGED_IN_EVENT,SELL,62.2,FRESHNESS_RECORDED_IN_ADJACENT_M10_EVIDENCE_EVENT,TRANSITION_WATCH,NOT_PROVEN_BY_ANALYSIS_EVENT,opposite score cleared 55 (buy=38.5 sell=62.2) but Adaptive Transition has not yet allowed entry; keep watching,NOT_PRESENT_IN_MT5_LOG,UNVERIFIED_NO_PRODUCTION_DB_ACCESS,REQUIRES_EXPLICIT_EXECUTION_READY_EVENT,UNVERIFIED_NO_PRODUCTION_NOTIFICATION_LOG,UNVERIFIED_NO_AUTHENTICATED_OWNER_SESSION,"XAUUSD_AI_Sniper_EA_v6.25.23_STARTUP_SELF_TEST_CONTRACT_FIX (XAUUSD,M5)",4,20260722.log,560
20260722,00:40:01.286,NOT_LOGGED_IN_EVENT,2026.07.22,NOT_LOGGED_IN_EVENT,XAUUSD,NOT_LOGGED_IN_EVENT,SELL,62.3,FRESHNESS_RECORDED_IN_ADJACENT_M10_EVIDENCE_EVENT,TRANSITION_WATCH,NOT_PROVEN_BY_ANALYSIS_EVENT,opposite score cleared 55 (buy=37.3 sell=62.3) but Adaptive Transition has not yet allowed entry; keep watching,NOT_PRESENT_IN_MT5_LOG,UNVERIFIED_NO_PRODUCTION_DB_ACCESS,REQUIRES_EXPLICIT_EXECUTION_READY_EVENT,UNVERIFIED_NO_PRODUCTION_NOTIFICATION_LOG,UNVERIFIED_NO_AUTHENTICATED_OWNER_SESSION,"XAUUSD_AI_Sniper_EA_v6.25.23_STARTUP_SELF_TEST_CONTRACT_FIX (XAUUSD,M5)",5,20260722.log,633
20260722,00:50:01.402,NOT_LOGGED_IN_EVENT,2026.07.22,NOT_LOGGED_IN_EVENT,XAUUSD,NOT_LOGGED_IN_EVENT,SELL,65.1,FRESHNESS_RECORDED_IN_ADJACENT_M10_EVIDENCE_EVENT,TRANSITION_WATCH,NOT_PROVEN_BY_ANALYSIS_EVENT,opposite score cleared 55 (buy=32.4 sell=65.1) but Adaptive Transition has not yet allowed entry; keep watching,NOT_PRESENT_IN_MT5_LOG,UNVERIFIED_NO_PRODUCTION_DB_ACCESS,REQUIRES_EXPLICIT_EXECUTION_READY_EVENT,UNVERIFIED_NO_PRODUCTION_NOTIFICATION_LOG,UNVERIFIED_NO_AUTHENTICATED_OWNER_SESSION,"XAUUSD_AI_Sniper_EA_v6.25.23_STARTUP_SELF_TEST_CONTRACT_FIX (XAUUSD,M5)",6,20260722.log,707
20260722,01:00:00.993,NOT_LOGGED_IN_EVENT,2026.07.22,NOT_LOGGED_IN_EVENT,XAUUSD,NOT_LOGGED_IN_EVENT,SELL,73.8,FRESHNESS_RECORDED_IN_ADJACENT_M10_EVIDENCE_EVENT,TRANSITION_WATCH,NOT_PROVEN_BY_ANALYSIS_EVENT,opposite score cleared 55 (buy=26.6 sell=73.8) but Adaptive Transition has not yet allowed entry; keep watching,NOT_PRESENT_IN_MT5_LOG,UNVERIFIED_NO_PRODUCTION_DB_ACCESS,REQUIRES_EXPLICIT_EXECUTION_READY_EVENT,UNVERIFIED_NO_PRODUCTION_NOTIFICATION_LOG,UNVERIFIED_NO_AUTHENTICATED_OWNER_SESSION,"XAUUSD_AI_Sniper_EA_v6.25.23_STARTUP_SELF_TEST_CONTRACT_FIX (XAUUSD,M5)",7,20260722.log,780
20260722,01:10:01.081,NOT_LOGGED_IN_EVENT,2026.07.22,NOT_LOGGED_IN_EVENT,XAUUSD,NOT_LOGGED_IN_EVENT,SELL,60.0,FRESHNESS_RECORDED_IN_ADJACENT_M10_EVIDENCE_EVENT,TRANSITION_WATCH,NOT_PROVEN_BY_ANALYSIS_EVENT,opposite score cleared 55 (buy=35.2 sell=60.0) but Adaptive Transition has not yet allowed entry; keep watching,NOT_PRESENT_IN_MT5_LOG,UNVERIFIED_NO_PRODUCTION_DB_ACCESS,REQUIRES_EXPLICIT_EXECUTION_READY_EVENT,UNVERIFIED_NO_PRODUCTION_NOTIFICATION_LOG,UNVERIFIED_NO_AUTHENTICATED_OWNER_SESSION,"XAUUSD_AI_Sniper_EA_v6.25.23_STARTUP_SELF_TEST_CONTRACT_FIX (XAUUSD,M5)",8,20260722.log,854
20260722,01:20:00.333,NOT_LOGGED_IN_EVENT,2026.07.22,NOT_LOGGED_IN_EVENT,XAUUSD,NOT_LOGGED_IN_EVENT,SELL,60.1,FRESHNESS_RECORDED_IN_ADJACENT_M10_EVIDENCE_EVENT,TRANSITION_WATCH,NOT_PROVEN_BY_ANALYSIS_EVENT,opposite score cleared 55 (buy=35.3 sell=60.1) but Adaptive Transition has not yet allowed entry; keep watching,NOT_PRESENT_IN_MT5_LOG,UNVERIFIED_NO_PRODUCTION_DB_ACCESS,REQUIRES_EXPLICIT_EXECUTION_READY_EVENT,UNVERIFIED_NO_PRODUCTION_NOTIFICATION_LOG,UNVERIFIED_NO_AUTHENTICATED_OWNER_SESSION,"XAUUSD_AI_Sniper_EA_v6.25.23_STARTUP_SELF_TEST_CONTRACT_FIX (XAUUSD,M5)",9,20260722.log,924
20260722,01:30:00.410,NOT_LOGGED_IN_EVENT,2026.07.22,NOT_LOGGED_IN_EVENT,XAUUSD,NOT_LOGGED_IN_EVENT,SELL,60.1,FRESHNESS_RECORDED_IN_ADJACENT_M10_EVIDENCE_EVENT,TRANSITION_WATCH,NOT_PROVEN_BY_ANALYSIS_EVENT,opposite score cleared 55 (buy=34.1 sell=60.1) but Adaptive Transition has not yet allowed entry; keep watching,NOT_PRESENT_IN_MT5_LOG,UNVERIFIED_NO_PRODUCTION_DB_ACCESS,REQUIRES_EXPLICIT_EXECUTION_READY_EVENT,UNVERIFIED_NO_PRODUCTION_NOTIFICATION_LOG,UNVERIFIED_NO_AUTHENTICATED_OWNER_SESSION,"XAUUSD_AI_Sniper_EA_v6.25.23_STARTUP_SELF_TEST_CONTRACT_FIX (XAUUSD,M5)",10,20260722.log,994
20260722,01:40:00.437,NOT_LOGGED_IN_EVENT,2026.07.22,NOT_LOGGED_IN_EVENT,XAUUSD,NOT_LOGGED_IN_EVENT,SELL,71.2,FRESHNESS_RECORDED_IN_ADJACENT_M10_EVIDENCE_EVENT,TRANSITION_WATCH,NOT_PROVEN_BY_ANALYSIS_EVENT,opposite score cleared 55 (buy=37.8 sell=71.2) but Adaptive Transition has not yet allowed entry; keep watching,NOT_PRESENT_IN_MT5_LOG,UNVERIFIED_NO_PRODUCTION_DB_ACCESS,REQUIRES_EXPLICIT_EXECUTION_READY_EVENT,UNVERIFIED_NO_PRODUCTION_NOTIFICATION_LOG,UNVERIFIED_NO_AUTHENTICATED_OWNER_SESSION,"XAUUSD_AI_Sniper_EA_v6.25.23_STARTUP_SELF_TEST_CONTRACT_FIX (XAUUSD,M5)",11,20260722.log,1063
20260722,01:50:00.550,NOT_LOGGED_IN_EVENT,2026.07.22,NOT_LOGGED_IN_EVENT,XAUUSD,NOT_LOGGED_IN_EVENT,SELL,63.5,FRESHNESS_RECORDED_IN_ADJACENT_M10_EVIDENCE_EVENT,TRANSITION_WATCH,NOT_PROVEN_BY_ANALYSIS_EVENT,opposite score cleared 55 (buy=36.5 sell=63.5) but Adaptive Transition has not yet allowed entry; keep watching,NOT_PRESENT_IN_MT5_LOG,UNVERIFIED_NO_PRODUCTION_DB_ACCESS,REQUIRES_EXPLICIT_EXECUTION_READY_EVENT,UNVERIFIED_NO_PRODUCTION_NOTIFICATION_LOG,UNVERIFIED_NO_AUTHENTICATED_OWNER_SESSION,"XAUUSD_AI_Sniper_EA_v6.25.23_STARTUP_SELF_TEST_CONTRACT_FIX (XAUUSD,M5)",12,20260722.log,1132
20260722,02:00:01.100,NOT_LOGGED_IN_EVENT,2026.07.22,NOT_LOGGED_IN_EVENT,XAUUSD,NOT_LOGGED_IN_EVENT,SELL,62.9,FRESHNESS_RECORDED_IN_ADJACENT_M10_EVIDENCE_EVENT,TRANSITION_WATCH,NOT_PROVEN_BY_ANALYSIS_EVENT,opposite score cleared 55 (buy=35.9 sell=62.9) but Adaptive Transition has not yet allowed entry; keep watching,NOT_PRESENT_IN_MT5_LOG,UNVERIFIED_NO_PRODUCTION_DB_ACCESS,REQUIRES_EXPLICIT_EXECUTION_READY_EVENT,UNVERIFIED_NO_PRODUCTION_NOTIFICATION_LOG,UNVERIFIED_NO_AUTHENTICATED_OWNER_SESSION,"XAUUSD_AI_Sniper_EA_v6.25.23_STARTUP_SELF_TEST_CONTRACT_FIX (XAUUSD,M5)",13,20260722.log,1207
20260722,02:10:01.273,NOT_LOGGED_IN_EVENT,2026.07.22,NOT_LOGGED_IN_EVENT,XAUUSD,NOT_LOGGED_IN_EVENT,SELL,58.9,FRESHNESS_RECORDED_IN_ADJACENT_M10_EVIDENCE_EVENT,TRANSITION_WATCH,NOT_PROVEN_BY_ANALYSIS_EVENT,opposite score cleared 55 (buy=38.1 sell=58.9) but Adaptive Transition has not yet allowed entry; keep watching,NOT_PRESENT_IN_MT5_LOG,UNVERIFIED_NO_PRODUCTION_DB_ACCESS,REQUIRES_EXPLICIT_EXECUTION_READY_EVENT,UNVERIFIED_NO_PRODUCTION_NOTIFICATION_LOG,UNVERIFIED_NO_AUTHENTICATED_OWNER_SESSION,"XAUUSD_AI_Sniper_EA_v6.25.23_STARTUP_SELF_TEST_CONTRACT_FIX (XAUUSD,M5)",14,20260722.log,1283
20260722,02:20:00.467,NOT_LOGGED_IN_EVENT,2026.07.22,NOT_LOGGED_IN_EVENT,XAUUSD,NOT_LOGGED_IN_EVENT,SELL,57.1,FRESHNESS_RECORDED_IN_ADJACENT_M10_EVIDENCE_EVENT,TRANSITION_WATCH,NOT_PROVEN_BY_ANALYSIS_EVENT,opposite score cleared 55 (buy=40.5 sell=57.1) but Adaptive Transition has not yet allowed entry; keep watching,NOT_PRESENT_IN_MT5_LOG,UNVERIFIED_NO_PRODUCTION_DB_ACCESS,REQUIRES_EXPLICIT_EXECUTION_READY_EVENT,UNVERIFIED_NO_PRODUCTION_NOTIFICATION_LOG,UNVERIFIED_NO_AUTHENTICATED_OWNER_SESSION,"XAUUSD_AI_Sniper_EA_v6.25.23_STARTUP_SELF_TEST_CONTRACT_FIX (XAUUSD,M5)",15,20260722.log,1352
20260722,02:30:01.195,NOT_LOGGED_IN_EVENT,2026.07.22,NOT_LOGGED_IN_EVENT,XAUUSD,NOT_LOGGED_IN_EVENT,SELL,57.1,FRESHNESS_RECORDED_IN_ADJACENT_M10_EVIDENCE_EVENT,TRANSITION_WATCH,NOT_PROVEN_BY_ANALYSIS_EVENT,opposite score cleared 55 (buy=39.5 sell=57.1) but Adaptive Transition has not yet allowed entry; keep watching,NOT_PRESENT_IN_MT5_LOG,UNVERIFIED_NO_PRODUCTION_DB_ACCESS,REQUIRES_EXPLICIT_EXECUTION_READY_EVENT,UNVERIFIED_NO_PRODUCTION_NOTIFICATION_LOG,UNVERIFIED_NO_AUTHENTICATED_OWNER_SESSION,"XAUUSD_AI_Sniper_EA_v6.25.23_STARTUP_SELF_TEST_CONTRACT_FIX (XAUUSD,M5)",16,20260722.log,1422
20260722,02:40:01.269,NOT_LOGGED_IN_EVENT,2026.07.22,NOT_LOGGED_IN_EVENT,XAUUSD,NOT_LOGGED_IN_EVENT,SELL,59.1,FRESHNESS_RECORDED_IN_ADJACENT_M10_EVIDENCE_EVENT,TRANSITION_WATCH,NOT_PROVEN_BY_ANALYSIS_EVENT,opposite score cleared 55 (buy=38.2 sell=59.1) but Adaptive Transition has not yet allowed entry; keep watching,NOT_PRESENT_IN_MT5_LOG,UNVERIFIED_NO_PRODUCTION_DB_ACCESS,REQUIRES_EXPLICIT_EXECUTION_READY_EVENT,UNVERIFIED_NO_PRODUCTION_NOTIFICATION_LOG,UNVERIFIED_NO_AUTHENTICATED_OWNER_SESSION,"XAUUSD_AI_Sniper_EA_v6.25.23_STARTUP_SELF_TEST_CONTRACT_FIX (XAUUSD,M5)",17,20260722.log,1492
20260722,02:50:00.784,NOT_LOGGED_IN_EVENT,2026.07.22,NOT_LOGGED_IN_EVENT,XAUUSD,NOT_LOGGED_IN_EVENT,SELL,57.0,FRESHNESS_RECORDED_IN_ADJACENT_M10_EVIDENCE_EVENT,TRANSITION_WATCH,NOT_PROVEN_BY_ANALYSIS_EVENT,opposite score cleared 55 (buy=38.7 sell=57.0) but Adaptive Transition has not yet allowed entry; keep watching,NOT_PRESENT_IN_MT5_LOG,UNVERIFIED_NO_PRODUCTION_DB_ACCESS,REQUIRES_EXPLICIT_EXECUTION_READY_EVENT,UNVERIFIED_NO_PRODUCTION_NOTIFICATION_LOG,UNVERIFIED_NO_AUTHENTICATED_OWNER_SESSION,"XAUUSD_AI_Sniper_EA_v6.25.23_STARTUP_SELF_TEST_CONTRACT_FIX (XAUUSD,M5)",18,20260722.log,1562
20260722,03:00:02.158,NOT_LOGGED_IN_EVENT,2026.07.22,NOT_LOGGED_IN_EVENT,XAUUSD,NOT_LOGGED_IN_EVENT,SELL,56.7,FRESHNESS_RECORDED_IN_ADJACENT_M10_EVIDENCE_EVENT,TRANSITION_WATCH,NOT_PROVEN_BY_ANALYSIS_EVENT,opposite score cleared 55 (buy=38.0 sell=56.7) but Adaptive Transition has not yet allowed entry; keep watching,NOT_PRESENT_IN_MT5_LOG,UNVERIFIED_NO_PRODUCTION_DB_ACCESS,REQUIRES_EXPLICIT_EXECUTION_READY_EVENT,UNVERIFIED_NO_PRODUCTION_NOTIFICATION_LOG,UNVERIFIED_NO_AUTHENTICATED_OWNER_SESSION,"XAUUSD_AI_Sniper_EA_v6.25.23_STARTUP_SELF_TEST_CONTRACT_FIX (XAUUSD,M5)",19,20260722.log,1636
20260722,03:10:01.008,NOT_LOGGED_IN_EVENT,2026.07.22,NOT_LOGGED_IN_EVENT,XAUUSD,NOT_LOGGED_IN_EVENT,SELL,65.5,FRESHNESS_RECORDED_IN_ADJACENT_M10_EVIDENCE_EVENT,TRANSITION_WATCH,NOT_PROVEN_BY_ANALYSIS_EVENT,opposite score cleared 55 (buy=38.1 sell=65.5) but Adaptive Transition has not yet allowed entry; keep watching,NOT_PRESENT_IN_MT5_LOG,UNVERIFIED_NO_PRODUCTION_DB_ACCESS,REQUIRES_EXPLICIT_EXECUTION_READY_EVENT,UNVERIFIED_NO_PRODUCTION_NOTIFICATION_LOG,UNVERIFIED_NO_AUTHENTICATED_OWNER_SESSION,"XAUUSD_AI_Sniper_EA_v6.25.23_STARTUP_SELF_TEST_CONTRACT_FIX (XAUUSD,M5)",20,20260722.log,1712
20260722,03:20:02.475,NOT_LOGGED_IN_EVENT,2026.07.22,NOT_LOGGED_IN_EVENT,XAUUSD,NOT_LOGGED_IN_EVENT,SELL,56.6,FRESHNESS_RECORDED_IN_ADJACENT_M10_EVIDENCE_EVENT,TRANSITION_WATCH,NOT_PROVEN_BY_ANALYSIS_EVENT,opposite score cleared 55 (buy=38.8 sell=56.6) but Adaptive Transition has not yet allowed entry; keep watching,NOT_PRESENT_IN_MT5_LOG,UNVERIFIED_NO_PRODUCTION_DB_ACCESS,REQUIRES_EXPLICIT_EXECUTION_READY_EVENT,UNVERIFIED_NO_PRODUCTION_NOTIFICATION_LOG,UNVERIFIED_NO_AUTHENTICATED_OWNER_SESSION,"XAUUSD_AI_Sniper_EA_v6.25.23_STARTUP_SELF_TEST_CONTRACT_FIX (XAUUSD,M5)",21,20260722.log,1786
20260722,03:30:01.029,NOT_LOGGED_IN_EVENT,2026.07.22,NOT_LOGGED_IN_EVENT,XAUUSD,NOT_LOGGED_IN_EVENT,SELL,57.2,FRESHNESS_RECORDED_IN_ADJACENT_M10_EVIDENCE_EVENT,TRANSITION_WATCH,NOT_PROVEN_BY_ANALYSIS_EVENT,opposite score cleared 55 (buy=38.0 sell=57.2) but Adaptive Transition has not yet allowed entry; keep watching,NOT_PRESENT_IN_MT5_LOG,UNVERIFIED_NO_PRODUCTION_DB_ACCESS,REQUIRES_EXPLICIT_EXECUTION_READY_EVENT,UNVERIFIED_NO_PRODUCTION_NOTIFICATION_LOG,UNVERIFIED_NO_AUTHENTICATED_OWNER_SESSION,"XAUUSD_AI_Sniper_EA_v6.25.23_STARTUP_SELF_TEST_CONTRACT_FIX (XAUUSD,M5)",22,20260722.log,1861
20260722,03:40:01.063,NOT_LOGGED_IN_EVENT,2026.07.22,NOT_LOGGED_IN_EVENT,XAUUSD,NOT_LOGGED_IN_EVENT,SELL,58.8,FRESHNESS_RECORDED_IN_ADJACENT_M10_EVIDENCE_EVENT,TRANSITION_WATCH,NOT_PROVEN_BY_ANALYSIS_EVENT,opposite score cleared 55 (buy=39.2 sell=58.8) but Adaptive Transition has not yet allowed entry; keep watching,NOT_PRESENT_IN_MT5_LOG,UNVERIFIED_NO_PRODUCTION_DB_ACCESS,REQUIRES_EXPLICIT_EXECUTION_READY_EVENT,UNVERIFIED_NO_PRODUCTION_NOTIFICATION_LOG,UNVERIFIED_NO_AUTHENTICATED_OWNER_SESSION,"XAUUSD_AI_Sniper_EA_v6.25.23_STARTUP_SELF_TEST_CONTRACT_FIX (XAUUSD,M5)",23,20260722.log,1936
20260722,03:50:00.366,NOT_LOGGED_IN_EVENT,2026.07.22,NOT_LOGGED_IN_EVENT,XAUUSD,NOT_LOGGED_IN_EVENT,SELL,55.1,FRESHNESS_RECORDED_IN_ADJACENT_M10_EVIDENCE_EVENT,TRANSITION_WATCH,NOT_PROVEN_BY_ANALYSIS_EVENT,opposite score cleared 55 (buy=38.1 sell=55.1) but Adaptive Transition has not yet allowed entry; keep watching,NOT_PRESENT_IN_MT5_LOG,UNVERIFIED_NO_PRODUCTION_DB_ACCESS,REQUIRES_EXPLICIT_EXECUTION_READY_EVENT,UNVERIFIED_NO_PRODUCTION_NOTIFICATION_LOG,UNVERIFIED_NO_AUTHENTICATED_OWNER_SESSION,"XAUUSD_AI_Sniper_EA_v6.25.23_STARTUP_SELF_TEST_CONTRACT_FIX (XAUUSD,M5)",24,20260722.log,2005
20260722,04:00:00.531,NOT_LOGGED_IN_EVENT,2026.07.22,NOT_LOGGED_IN_EVENT,XAUUSD,NOT_LOGGED_IN_EVENT,SELL,55.1,FRESHNESS_RECORDED_IN_ADJACENT_M10_EVIDENCE_EVENT,TRANSITION_WATCH,NOT_PROVEN_BY_ANALYSIS_EVENT,opposite score cleared 55 (buy=37.6 sell=55.1) but Adaptive Transition has not yet allowed entry; keep watching,NOT_PRESENT_IN_MT5_LOG,UNVERIFIED_NO_PRODUCTION_DB_ACCESS,REQUIRES_EXPLICIT_EXECUTION_READY_EVENT,UNVERIFIED_NO_PRODUCTION_NOTIFICATION_LOG,UNVERIFIED_NO_AUTHENTICATED_OWNER_SESSION,"XAUUSD_AI_Sniper_EA_v6.25.23_STARTUP_SELF_TEST_CONTRACT_FIX (XAUUSD,M5)",25,20260722.log,2075
20260722,04:10:00.368,NOT_LOGGED_IN_EVENT,2026.07.22,NOT_LOGGED_IN_EVENT,XAUUSD,NOT_LOGGED_IN_EVENT,NONE,54.9,FRESHNESS_RECORDED_IN_ADJACENT_M10_EVIDENCE_EVENT,NO_VALID_SIGNAL,NOT_PROVEN_BY_ANALYSIS_EVENT,no executable directional case yet (buy=38.5 sell=54.9 threshold=55.0),NOT_PRESENT_IN_MT5_LOG,UNVERIFIED_NO_PRODUCTION_DB_ACCESS,REQUIRES_EXPLICIT_EXECUTION_READY_EVENT,UNVERIFIED_NO_PRODUCTION_NOTIFICATION_LOG,UNVERIFIED_NO_AUTHENTICATED_OWNER_SESSION,"XAUUSD_AI_Sniper_EA_v6.25.23_STARTUP_SELF_TEST_CONTRACT_FIX (XAUUSD,M5)",26,20260722.log,2144
20260722,04:20:00.543,NOT_LOGGED_IN_EVENT,2026.07.22,NOT_LOGGED_IN_EVENT,XAUUSD,NOT_LOGGED_IN_EVENT,NONE,52.8,FRESHNESS_RECORDED_IN_ADJACENT_M10_EVIDENCE_EVENT,NO_VALID_SIGNAL,NOT_PROVEN_BY_ANALYSIS_EVENT,no executable directional case yet (buy=38.0 sell=52.8 threshold=55.0),NOT_PRESENT_IN_MT5_LOG,UNVERIFIED_NO_PRODUCTION_DB_ACCESS,REQUIRES_EXPLICIT_EXECUTION_READY_EVENT,UNVERIFIED_NO_PRODUCTION_NOTIFICATION_LOG,UNVERIFIED_NO_AUTHENTICATED_OWNER_SESSION,"XAUUSD_AI_Sniper_EA_v6.25.23_STARTUP_SELF_TEST_CONTRACT_FIX (XAUUSD,M5)",27,20260722.log,2213
20260722,04:30:02.057,NOT_LOGGED_IN_EVENT,2026.07.22,NOT_LOGGED_IN_EVENT,XAUUSD,NOT_LOGGED_IN_EVENT,NONE,54.9,FRESHNESS_RECORDED_IN_ADJACENT_M10_EVIDENCE_EVENT,NO_VALID_SIGNAL,NOT_PROVEN_BY_ANALYSIS_EVENT,no executable directional case yet (buy=38.5 sell=54.9 threshold=55.0),NOT_PRESENT_IN_MT5_LOG,UNVERIFIED_NO_PRODUCTION_DB_ACCESS,REQUIRES_EXPLICIT_EXECUTION_READY_EVENT,UNVERIFIED_NO_PRODUCTION_NOTIFICATION_LOG,UNVERIFIED_NO_AUTHENTICATED_OWNER_SESSION,"XAUUSD_AI_Sniper_EA_v6.25.23_STARTUP_SELF_TEST_CONTRACT_FIX (XAUUSD,M5)",28,20260722.log,2288
20260722,04:40:00.859,NOT_LOGGED_IN_EVENT,2026.07.22,NOT_LOGGED_IN_EVENT,XAUUSD,NOT_LOGGED_IN_EVENT,SELL,74.6,FRESHNESS_RECORDED_IN_ADJACENT_M10_EVIDENCE_EVENT,TRANSITION_WATCH,NOT_PROVEN_BY_ANALYSIS_EVENT,opposite score cleared 55 (buy=43.3 sell=74.6) but Adaptive Transition has not yet allowed entry; keep watching,NOT_PRESENT_IN_MT5_LOG,UNVERIFIED_NO_PRODUCTION_DB_ACCESS,REQUIRES_EXPLICIT_EXECUTION_READY_EVENT,UNVERIFIED_NO_PRODUCTION_NOTIFICATION_LOG,UNVERIFIED_NO_AUTHENTICATED_OWNER_SESSION,"XAUUSD_AI_Sniper_EA_v6.25.23_STARTUP_SELF_TEST_CONTRACT_FIX (XAUUSD,M5)",29,20260722.log,2363
20260722,04:50:02.351,NOT_LOGGED_IN_EVENT,2026.07.22,NOT_LOGGED_IN_EVENT,XAUUSD,NOT_LOGGED_IN_EVENT,SELL,70.0,FRESHNESS_RECORDED_IN_ADJACENT_M10_EVIDENCE_EVENT,TRANSITION_WATCH,NOT_PROVEN_BY_ANALYSIS_EVENT,opposite score cleared 55 (buy=43.8 sell=70.0) but Adaptive Transition has not yet allowed entry; keep watching,NOT_PRESENT_IN_MT5_LOG,UNVERIFIED_NO_PRODUCTION_DB_ACCESS,REQUIRES_EXPLICIT_EXECUTION_READY_EVENT,UNVERIFIED_NO_PRODUCTION_NOTIFICATION_LOG,UNVERIFIED_NO_AUTHENTICATED_OWNER_SESSION,"XAUUSD_AI_Sniper_EA_v6.25.23_STARTUP_SELF_TEST_CONTRACT_FIX (XAUUSD,M5)",30,20260722.log,2437
20260722,05:00:01.714,NOT_LOGGED_IN_EVENT,2026.07.22,NOT_LOGGED_IN_EVENT,XAUUSD,NOT_LOGGED_IN_EVENT,SELL,70.9,FRESHNESS_RECORDED_IN_ADJACENT_M10_EVIDENCE_EVENT,TRANSITION_WATCH,NOT_PROVEN_BY_ANALYSIS_EVENT,opposite score cleared 55 (buy=38.0 sell=70.9) but Adaptive Transition has not yet allowed entry; keep watching,NOT_PRESENT_IN_MT5_LOG,UNVERIFIED_NO_PRODUCTION_DB_ACCESS,REQUIRES_EXPLICIT_EXECUTION_READY_EVENT,UNVERIFIED_NO_PRODUCTION_NOTIFICATION_LOG,UNVERIFIED_NO_AUTHENTICATED_OWNER_SESSION,"XAUUSD_AI_Sniper_EA_v6.25.23_STARTUP_SELF_TEST_CONTRACT_FIX (XAUUSD,M5)",31,20260722.log,2513
20260722,05:10:00.898,NOT_LOGGED_IN_EVENT,2026.07.22,NOT_LOGGED_IN_EVENT,XAUUSD,NOT_LOGGED_IN_EVENT,SELL,71.6,FRESHNESS_RECORDED_IN_ADJACENT_M10_EVIDENCE_EVENT,TRANSITION_WATCH,NOT_PROVEN_BY_ANALYSIS_EVENT,opposite score cleared 55 (buy=31.0 sell=71.6) but Adaptive Transition has not yet allowed entry; keep watching,NOT_PRESENT_IN_MT5_LOG,UNVERIFIED_NO_PRODUCTION_DB_ACCESS,REQUIRES_EXPLICIT_EXECUTION_READY_EVENT,UNVERIFIED_NO_PRODUCTION_NOTIFICATION_LOG,UNVERIFIED_NO_AUTHENTICATED_OWNER_SESSION,"XAUUSD_AI_Sniper_EA_v6.25.23_STARTUP_SELF_TEST_CONTRACT_FIX (XAUUSD,M5)",32,20260722.log,2588
20260722,05:20:02.590,NOT_LOGGED_IN_EVENT,2026.07.22,NOT_LOGGED_IN_EVENT,XAUUSD,NOT_LOGGED_IN_EVENT,SELL,63.1,FRESHNESS_RECORDED_IN_ADJACENT_M10_EVIDENCE_EVENT,TRANSITION_WATCH,NOT_PROVEN_BY_ANALYSIS_EVENT,opposite score cleared 55 (buy=30.2 sell=63.1) but Adaptive Transition has not yet allowed entry; keep watching,NOT_PRESENT_IN_MT5_LOG,UNVERIFIED_NO_PRODUCTION_DB_ACCESS,REQUIRES_EXPLICIT_EXECUTION_READY_EVENT,UNVERIFIED_NO_PRODUCTION_NOTIFICATION_LOG,UNVERIFIED_NO_AUTHENTICATED_OWNER_SESSION,"XAUUSD_AI_Sniper_EA_v6.25.23_STARTUP_SELF_TEST_CONTRACT_FIX (XAUUSD,M5)",33,20260722.log,2663
20260722,05:30:00.850,NOT_LOGGED_IN_EVENT,2026.07.22,NOT_LOGGED_IN_EVENT,XAUUSD,NOT_LOGGED_IN_EVENT,SELL,63.5,FRESHNESS_RECORDED_IN_ADJACENT_M10_EVIDENCE_EVENT,TRANSITION_WATCH,NOT_PROVEN_BY_ANALYSIS_EVENT,opposite score cleared 55 (buy=26.5 sell=63.5) but Adaptive Transition has not yet allowed entry; keep watching,NOT_PRESENT_IN_MT5_LOG,UNVERIFIED_NO_PRODUCTION_DB_ACCESS,REQUIRES_EXPLICIT_EXECUTION_READY_EVENT,UNVERIFIED_NO_PRODUCTION_NOTIFICATION_LOG,UNVERIFIED_NO_AUTHENTICATED_OWNER_SESSION,"XAUUSD_AI_Sniper_EA_v6.25.23_STARTUP_SELF_TEST_CONTRACT_FIX (XAUUSD,M5)",34,20260722.log,2737
20260722,05:40:02.308,NOT_LOGGED_IN_EVENT,2026.07.22,NOT_LOGGED_IN_EVENT,XAUUSD,NOT_LOGGED_IN_EVENT,SELL,72.3,FRESHNESS_RECORDED_IN_ADJACENT_M10_EVIDENCE_EVENT,TRANSITION_WATCH,NOT_PROVEN_BY_ANALYSIS_EVENT,opposite score cleared 55 (buy=24.1 sell=72.3) but Adaptive Transition has not yet allowed entry; keep watching,NOT_PRESENT_IN_MT5_LOG,UNVERIFIED_NO_PRODUCTION_DB_ACCESS,REQUIRES_EXPLICIT_EXECUTION_READY_EVENT,UNVERIFIED_NO_PRODUCTION_NOTIFICATION_LOG,UNVERIFIED_NO_AUTHENTICATED_OWNER_SESSION,"XAUUSD_AI_Sniper_EA_v6.25.23_STARTUP_SELF_TEST_CONTRACT_FIX (XAUUSD,M5)",35,20260722.log,2811
20260722,05:50:00.967,NOT_LOGGED_IN_EVENT,2026.07.22,NOT_LOGGED_IN_EVENT,XAUUSD,NOT_LOGGED_IN_EVENT,SELL,64.0,FRESHNESS_RECORDED_IN_ADJACENT_M10_EVIDENCE_EVENT,TRANSITION_WATCH,NOT_PROVEN_BY_ANALYSIS_EVENT,opposite score cleared 55 (buy=26.3 sell=64.0) but Adaptive Transition has not yet allowed entry; keep watching,NOT_PRESENT_IN_MT5_LOG,UNVERIFIED_NO_PRODUCTION_DB_ACCESS,REQUIRES_EXPLICIT_EXECUTION_READY_EVENT,UNVERIFIED_NO_PRODUCTION_NOTIFICATION_LOG,UNVERIFIED_NO_AUTHENTICATED_OWNER_SESSION,"XAUUSD_AI_Sniper_EA_v6.25.23_STARTUP_SELF_TEST_CONTRACT_FIX (XAUUSD,M5)",36,20260722.log,2885
20260722,06:00:00.844,NOT_LOGGED_IN_EVENT,2026.07.22,NOT_LOGGED_IN_EVENT,XAUUSD,NOT_LOGGED_IN_EVENT,SELL,63.7,FRESHNESS_RECORDED_IN_ADJACENT_M10_EVIDENCE_EVENT,TRANSITION_WATCH,NOT_PROVEN_BY_ANALYSIS_EVENT,opposite score cleared 55 (buy=30.3 sell=63.7) but Adaptive Transition has not yet allowed entry; keep watching,NOT_PRESENT_IN_MT5_LOG,UNVERIFIED_NO_PRODUCTION_DB_ACCESS,REQUIRES_EXPLICIT_EXECUTION_READY_EVENT,UNVERIFIED_NO_PRODUCTION_NOTIFICATION_LOG,UNVERIFIED_NO_AUTHENTICATED_OWNER_SESSION,"XAUUSD_AI_Sniper_EA_v6.25.23_STARTUP_SELF_TEST_CONTRACT_FIX (XAUUSD,M5)",37,20260722.log,2960
20260722,06:10:02.474,NOT_LOGGED_IN_EVENT,2026.07.22,NOT_LOGGED_IN_EVENT,XAUUSD,NOT_LOGGED_IN_EVENT,SELL,63.6,FRESHNESS_RECORDED_IN_ADJACENT_M10_EVIDENCE_EVENT,TRANSITION_WATCH,NOT_PROVEN_BY_ANALYSIS_EVENT,opposite score cleared 55 (buy=34.2 sell=63.6) but Adaptive Transition has not yet allowed entry; keep watching,NOT_PRESENT_IN_MT5_LOG,UNVERIFIED_NO_PRODUCTION_DB_ACCESS,REQUIRES_EXPLICIT_EXECUTION_READY_EVENT,UNVERIFIED_NO_PRODUCTION_NOTIFICATION_LOG,UNVERIFIED_NO_AUTHENTICATED_OWNER_SESSION,"XAUUSD_AI_Sniper_EA_v6.25.23_STARTUP_SELF_TEST_CONTRACT_FIX (XAUUSD,M5)",38,20260722.log,3035
20260722,06:20:03.169,NOT_LOGGED_IN_EVENT,2026.07.22,NOT_LOGGED_IN_EVENT,XAUUSD,NOT_LOGGED_IN_EVENT,SELL,82.2,FRESHNESS_RECORDED_IN_ADJACENT_M10_EVIDENCE_EVENT,TRANSITION_WATCH,NOT_PROVEN_BY_ANALYSIS_EVENT,opposite score cleared 55 (buy=36.2 sell=82.2) but Adaptive Transition has not yet allowed entry; keep watching,NOT_PRESENT_IN_MT5_LOG,UNVERIFIED_NO_PRODUCTION_DB_ACCESS,REQUIRES_EXPLICIT_EXECUTION_READY_EVENT,UNVERIFIED_NO_PRODUCTION_NOTIFICATION_LOG,UNVERIFIED_NO_AUTHENTICATED_OWNER_SESSION,"XAUUSD_AI_Sniper_EA_v6.25.23_STARTUP_SELF_TEST_CONTRACT_FIX (XAUUSD,M5)",39,20260722.log,3108
20260722,06:26:17.102,NOT_LOGGED_IN_EVENT,2026.07.22,NOT_LOGGED_IN_EVENT,XAUUSD,NOT_LOGGED_IN_EVENT,SELL,89.6,FRESHNESS_RECORDED_IN_ADJACENT_M10_EVIDENCE_EVENT,SELL_CANDIDATE,NOT_PROVEN_BY_ANALYSIS_EVENT,confirmed opposite case wins (score=89.6 vs dominant=34.6); Adaptive Transition already marked oppositeEntryAllowed=true,NOT_PRESENT_IN_MT5_LOG,UNVERIFIED_NO_PRODUCTION_DB_ACCESS,REQUIRES_EXPLICIT_EXECUTION_READY_EVENT,UNVERIFIED_NO_PRODUCTION_NOTIFICATION_LOG,UNVERIFIED_NO_AUTHENTICATED_OWNER_SESSION,"XAUUSD_AI_Sniper_EA_v6.25.24_REPLAY_ROOT_CONSOLIDATED_FIX (XAUUSD,M5)",1,20260722.log,3196
20260722,06:27:32.597,NOT_LOGGED_IN_EVENT,2026.07.22,NOT_LOGGED_IN_EVENT,XAUUSD,NOT_LOGGED_IN_EVENT,SELL,89.6,FRESHNESS_RECORDED_IN_ADJACENT_M10_EVIDENCE_EVENT,SELL_CANDIDATE,NOT_PROVEN_BY_ANALYSIS_EVENT,confirmed opposite case wins (score=89.6 vs dominant=34.6); Adaptive Transition already marked oppositeEntryAllowed=true,NOT_PRESENT_IN_MT5_LOG,UNVERIFIED_NO_PRODUCTION_DB_ACCESS,REQUIRES_EXPLICIT_EXECUTION_READY_EVENT,UNVERIFIED_NO_PRODUCTION_NOTIFICATION_LOG,UNVERIFIED_NO_AUTHENTICATED_OWNER_SESSION,"XAUUSD_AI_Sniper_EA_v6.25.24_REPLAY_ROOT_CONSOLIDATED_FIX (XAUUSD,M5)",1,20260722.log,3327
20260722,06:30:02.994,NOT_LOGGED_IN_EVENT,2026.07.22,NOT_LOGGED_IN_EVENT,XAUUSD,NOT_LOGGED_IN_EVENT,SELL,89.6,FRESHNESS_RECORDED_IN_ADJACENT_M10_EVIDENCE_EVENT,SELL_CANDIDATE,NOT_PROVEN_BY_ANALYSIS_EVENT,confirmed opposite case wins (score=89.6 vs dominant=37.9); Adaptive Transition already marked oppositeEntryAllowed=true,NOT_PRESENT_IN_MT5_LOG,UNVERIFIED_NO_PRODUCTION_DB_ACCESS,REQUIRES_EXPLICIT_EXECUTION_READY_EVENT,UNVERIFIED_NO_PRODUCTION_NOTIFICATION_LOG,UNVERIFIED_NO_AUTHENTICATED_OWNER_SESSION,"XAUUSD_AI_Sniper_EA_v6.25.24_REPLAY_ROOT_CONSOLIDATED_FIX (XAUUSD,M5)",2,20260722.log,3377
20260722,06:40:02.965,NOT_LOGGED_IN_EVENT,2026.07.22,NOT_LOGGED_IN_EVENT,XAUUSD,NOT_LOGGED_IN_EVENT,SELL,73.1,FRESHNESS_RECORDED_IN_ADJACENT_M10_EVIDENCE_EVENT,TRANSITION_WATCH,NOT_PROVEN_BY_ANALYSIS_EVENT,opposite score cleared 55 (buy=43.9 sell=73.1) but Adaptive Transition has not yet allowed entry; keep watching,NOT_PRESENT_IN_MT5_LOG,UNVERIFIED_NO_PRODUCTION_DB_ACCESS,REQUIRES_EXPLICIT_EXECUTION_READY_EVENT,UNVERIFIED_NO_PRODUCTION_NOTIFICATION_LOG,UNVERIFIED_NO_AUTHENTICATED_OWNER_SESSION,"XAUUSD_AI_Sniper_EA_v6.25.24_REPLAY_ROOT_CONSOLIDATED_FIX (XAUUSD,M5)",3,20260722.log,5566
20260722,06:50:03.729,NOT_LOGGED_IN_EVENT,2026.07.22,NOT_LOGGED_IN_EVENT,XAUUSD,NOT_LOGGED_IN_EVENT,SELL,76.3,FRESHNESS_RECORDED_IN_ADJACENT_M10_EVIDENCE_EVENT,SELL_CANDIDATE,NOT_PROVEN_BY_ANALYSIS_EVENT,confirmed opposite case wins (score=76.3 vs dominant=46.7); Adaptive Transition already marked oppositeEntryAllowed=true,NOT_PRESENT_IN_MT5_LOG,UNVERIFIED_NO_PRODUCTION_DB_ACCESS,REQUIRES_EXPLICIT_EXECUTION_READY_EVENT,UNVERIFIED_NO_PRODUCTION_NOTIFICATION_LOG,UNVERIFIED_NO_AUTHENTICATED_OWNER_SESSION,"XAUUSD_AI_Sniper_EA_v6.25.24_REPLAY_ROOT_CONSOLIDATED_FIX (XAUUSD,M5)",4,20260722.log,5662
20260722,07:00:02.922,NOT_LOGGED_IN_EVENT,2026.07.22,NOT_LOGGED_IN_EVENT,XAUUSD,NOT_LOGGED_IN_EVENT,SELL,84.9,FRESHNESS_RECORDED_IN_ADJACENT_M10_EVIDENCE_EVENT,SELL_CANDIDATE,NOT_PROVEN_BY_ANALYSIS_EVENT,confirmed opposite case wins (score=84.9 vs dominant=47.3); Adaptive Transition already marked oppositeEntryAllowed=true,NOT_PRESENT_IN_MT5_LOG,UNVERIFIED_NO_PRODUCTION_DB_ACCESS,REQUIRES_EXPLICIT_EXECUTION_READY_EVENT,UNVERIFIED_NO_PRODUCTION_NOTIFICATION_LOG,UNVERIFIED_NO_AUTHENTICATED_OWNER_SESSION,"XAUUSD_AI_Sniper_EA_v6.25.24_REPLAY_ROOT_CONSOLIDATED_FIX (XAUUSD,M5)",5,20260722.log,5776
20260722,07:10:03.922,NOT_LOGGED_IN_EVENT,2026.07.22,NOT_LOGGED_IN_EVENT,XAUUSD,NOT_LOGGED_IN_EVENT,SELL,76.2,FRESHNESS_RECORDED_IN_ADJACENT_M10_EVIDENCE_EVENT,SELL_CANDIDATE,NOT_PROVEN_BY_ANALYSIS_EVENT,confirmed opposite case wins (score=76.2 vs dominant=47.6); Adaptive Transition already marked oppositeEntryAllowed=true,NOT_PRESENT_IN_MT5_LOG,UNVERIFIED_NO_PRODUCTION_DB_ACCESS,REQUIRES_EXPLICIT_EXECUTION_READY_EVENT,UNVERIFIED_NO_PRODUCTION_NOTIFICATION_LOG,UNVERIFIED_NO_AUTHENTICATED_OWNER_SESSION,"XAUUSD_AI_Sniper_EA_v6.25.24_REPLAY_ROOT_CONSOLIDATED_FIX (XAUUSD,M5)",6,20260722.log,5886
20260722,07:20:20.159,NOT_LOGGED_IN_EVENT,2026.07.22,NOT_LOGGED_IN_EVENT,XAUUSD,NOT_LOGGED_IN_EVENT,SELL,85.0,FRESHNESS_RECORDED_IN_ADJACENT_M10_EVIDENCE_EVENT,SELL_CANDIDATE,NOT_PROVEN_BY_ANALYSIS_EVENT,confirmed opposite case wins (score=85.0 vs dominant=45.2); Adaptive Transition already marked oppositeEntryAllowed=true,NOT_PRESENT_IN_MT5_LOG,UNVERIFIED_NO_PRODUCTION_DB_ACCESS,REQUIRES_EXPLICIT_EXECUTION_READY_EVENT,UNVERIFIED_NO_PRODUCTION_NOTIFICATION_LOG,UNVERIFIED_NO_AUTHENTICATED_OWNER_SESSION,"XAUUSD_AI_Sniper_EA_v6.25.24_REPLAY_ROOT_CONSOLIDATED_FIX (XAUUSD,M5)",7,20260722.log,5987
20260722,07:30:03.157,NOT_LOGGED_IN_EVENT,2026.07.22,NOT_LOGGED_IN_EVENT,XAUUSD,NOT_LOGGED_IN_EVENT,SELL,91.4,FRESHNESS_RECORDED_IN_ADJACENT_M10_EVIDENCE_EVENT,TRANSITION_WATCH,NOT_PROVEN_BY_ANALYSIS_EVENT,opposite score cleared 55 (buy=42.3 sell=91.4) but Adaptive Transition has not yet allowed entry; keep watching,NOT_PRESENT_IN_MT5_LOG,UNVERIFIED_NO_PRODUCTION_DB_ACCESS,REQUIRES_EXPLICIT_EXECUTION_READY_EVENT,UNVERIFIED_NO_PRODUCTION_NOTIFICATION_LOG,UNVERIFIED_NO_AUTHENTICATED_OWNER_SESSION,"XAUUSD_AI_Sniper_EA_v6.25.24_REPLAY_ROOT_CONSOLIDATED_FIX (XAUUSD,M5)",8,20260722.log,7327
20260722,07:40:03.441,NOT_LOGGED_IN_EVENT,2026.07.22,NOT_LOGGED_IN_EVENT,XAUUSD,NOT_LOGGED_IN_EVENT,SELL,86.6,FRESHNESS_RECORDED_IN_ADJACENT_M10_EVIDENCE_EVENT,TRANSITION_WATCH,NOT_PROVEN_BY_ANALYSIS_EVENT,opposite score cleared 55 (buy=28.9 sell=86.6) but Adaptive Transition has not yet allowed entry; keep watching,NOT_PRESENT_IN_MT5_LOG,UNVERIFIED_NO_PRODUCTION_DB_ACCESS,REQUIRES_EXPLICIT_EXECUTION_READY_EVENT,UNVERIFIED_NO_PRODUCTION_NOTIFICATION_LOG,UNVERIFIED_NO_AUTHENTICATED_OWNER_SESSION,"XAUUSD_AI_Sniper_EA_v6.25.24_REPLAY_ROOT_CONSOLIDATED_FIX (XAUUSD,M5)",9,20260722.log,7888
20260722,07:50:03.153,NOT_LOGGED_IN_EVENT,2026.07.22,NOT_LOGGED_IN_EVENT,XAUUSD,NOT_LOGGED_IN_EVENT,SELL,86.5,FRESHNESS_RECORDED_IN_ADJACENT_M10_EVIDENCE_EVENT,TRANSITION_WATCH,NOT_PROVEN_BY_ANALYSIS_EVENT,opposite score cleared 55 (buy=31.7 sell=86.5) but Adaptive Transition has not yet allowed entry; keep watching,NOT_PRESENT_IN_MT5_LOG,UNVERIFIED_NO_PRODUCTION_DB_ACCESS,REQUIRES_EXPLICIT_EXECUTION_READY_EVENT,UNVERIFIED_NO_PRODUCTION_NOTIFICATION_LOG,UNVERIFIED_NO_AUTHENTICATED_OWNER_SESSION,"XAUUSD_AI_Sniper_EA_v6.25.24_REPLAY_ROOT_CONSOLIDATED_FIX (XAUUSD,M5)",10,20260722.log,7973
20260722,08:00:02.996,NOT_LOGGED_IN_EVENT,2026.07.22,NOT_LOGGED_IN_EVENT,XAUUSD,NOT_LOGGED_IN_EVENT,SELL,80.5,FRESHNESS_RECORDED_IN_ADJACENT_M10_EVIDENCE_EVENT,TRANSITION_WATCH,NOT_PROVEN_BY_ANALYSIS_EVENT,opposite score cleared 55 (buy=25.0 sell=80.5) but Adaptive Transition has not yet allowed entry; keep watching,NOT_PRESENT_IN_MT5_LOG,UNVERIFIED_NO_PRODUCTION_DB_ACCESS,REQUIRES_EXPLICIT_EXECUTION_READY_EVENT,UNVERIFIED_NO_PRODUCTION_NOTIFICATION_LOG,UNVERIFIED_NO_AUTHENTICATED_OWNER_SESSION,"XAUUSD_AI_Sniper_EA_v6.25.24_REPLAY_ROOT_CONSOLIDATED_FIX (XAUUSD,M5)",11,20260722.log,8054
20260722,08:10:02.900,NOT_LOGGED_IN_EVENT,2026.07.22,NOT_LOGGED_IN_EVENT,XAUUSD,NOT_LOGGED_IN_EVENT,SELL,86.3,FRESHNESS_RECORDED_IN_ADJACENT_M10_EVIDENCE_EVENT,TRANSITION_WATCH,NOT_PROVEN_BY_ANALYSIS_EVENT,opposite score cleared 55 (buy=26.2 sell=86.3) but Adaptive Transition has not yet allowed entry; keep watching,NOT_PRESENT_IN_MT5_LOG,UNVERIFIED_NO_PRODUCTION_DB_ACCESS,REQUIRES_EXPLICIT_EXECUTION_READY_EVENT,UNVERIFIED_NO_PRODUCTION_NOTIFICATION_LOG,UNVERIFIED_NO_AUTHENTICATED_OWNER_SESSION,"XAUUSD_AI_Sniper_EA_v6.25.24_REPLAY_ROOT_CONSOLIDATED_FIX (XAUUSD,M5)",12,20260722.log,8138
20260722,08:20:02.908,NOT_LOGGED_IN_EVENT,2026.07.22,NOT_LOGGED_IN_EVENT,XAUUSD,NOT_LOGGED_IN_EVENT,SELL,68.9,FRESHNESS_RECORDED_IN_ADJACENT_M10_EVIDENCE_EVENT,SELL_CANDIDATE,NOT_PROVEN_BY_ANALYSIS_EVENT,confirmed opposite case wins (score=68.9 vs dominant=25.3); Adaptive Transition already marked oppositeEntryAllowed=true,NOT_PRESENT_IN_MT5_LOG,UNVERIFIED_NO_PRODUCTION_DB_ACCESS,REQUIRES_EXPLICIT_EXECUTION_READY_EVENT,UNVERIFIED_NO_PRODUCTION_NOTIFICATION_LOG,UNVERIFIED_NO_AUTHENTICATED_OWNER_SESSION,"XAUUSD_AI_Sniper_EA_v6.25.24_REPLAY_ROOT_CONSOLIDATED_FIX (XAUUSD,M5)",13,20260722.log,8220
20260722,08:30:02.938,NOT_LOGGED_IN_EVENT,2026.07.22,NOT_LOGGED_IN_EVENT,XAUUSD,NOT_LOGGED_IN_EVENT,SELL,74.7,FRESHNESS_RECORDED_IN_ADJACENT_M10_EVIDENCE_EVENT,SELL_CANDIDATE,NOT_PROVEN_BY_ANALYSIS_EVENT,confirmed opposite case wins (score=74.7 vs dominant=27.7); Adaptive Transition already marked oppositeEntryAllowed=true,NOT_PRESENT_IN_MT5_LOG,UNVERIFIED_NO_PRODUCTION_DB_ACCESS,REQUIRES_EXPLICIT_EXECUTION_READY_EVENT,UNVERIFIED_NO_PRODUCTION_NOTIFICATION_LOG,UNVERIFIED_NO_AUTHENTICATED_OWNER_SESSION,"XAUUSD_AI_Sniper_EA_v6.25.24_REPLAY_ROOT_CONSOLIDATED_FIX (XAUUSD,M5)",14,20260722.log,8328
20260722,08:40:03.085,NOT_LOGGED_IN_EVENT,2026.07.22,NOT_LOGGED_IN_EVENT,XAUUSD,NOT_LOGGED_IN_EVENT,SELL,77.5,FRESHNESS_RECORDED_IN_ADJACENT_M10_EVIDENCE_EVENT,TRANSITION_WATCH,NOT_PROVEN_BY_ANALYSIS_EVENT,opposite score cleared 55 (buy=29.3 sell=77.5) but Adaptive Transition has not yet allowed entry; keep watching,NOT_PRESENT_IN_MT5_LOG,UNVERIFIED_NO_PRODUCTION_DB_ACCESS,REQUIRES_EXPLICIT_EXECUTION_READY_EVENT,UNVERIFIED_NO_PRODUCTION_NOTIFICATION_LOG,UNVERIFIED_NO_AUTHENTICATED_OWNER_SESSION,"XAUUSD_AI_Sniper_EA_v6.25.24_REPLAY_ROOT_CONSOLIDATED_FIX (XAUUSD,M5)",15,20260722.log,8441
20260722,08:50:03.167,NOT_LOGGED_IN_EVENT,2026.07.22,NOT_LOGGED_IN_EVENT,XAUUSD,NOT_LOGGED_IN_EVENT,SELL,85.3,FRESHNESS_RECORDED_IN_ADJACENT_M10_EVIDENCE_EVENT,TRANSITION_WATCH,NOT_PROVEN_BY_ANALYSIS_EVENT,opposite score cleared 55 (buy=32.3 sell=85.3) but Adaptive Transition has not yet allowed entry; keep watching,NOT_PRESENT_IN_MT5_LOG,UNVERIFIED_NO_PRODUCTION_DB_ACCESS,REQUIRES_EXPLICIT_EXECUTION_READY_EVENT,UNVERIFIED_NO_PRODUCTION_NOTIFICATION_LOG,UNVERIFIED_NO_AUTHENTICATED_OWNER_SESSION,"XAUUSD_AI_Sniper_EA_v6.25.24_REPLAY_ROOT_CONSOLIDATED_FIX (XAUUSD,M5)",16,20260722.log,8521
20260722,09:00:00.255,NOT_LOGGED_IN_EVENT,2026.07.22,NOT_LOGGED_IN_EVENT,XAUUSD,NOT_LOGGED_IN_EVENT,SELL,80.3,FRESHNESS_RECORDED_IN_ADJACENT_M10_EVIDENCE_EVENT,TRANSITION_WATCH,NOT_PROVEN_BY_ANALYSIS_EVENT,opposite score cleared 55 (buy=35.5 sell=80.3) but Adaptive Transition has not yet allowed entry; keep watching,NOT_PRESENT_IN_MT5_LOG,UNVERIFIED_NO_PRODUCTION_DB_ACCESS,REQUIRES_EXPLICIT_EXECUTION_READY_EVENT,UNVERIFIED_NO_PRODUCTION_NOTIFICATION_LOG,UNVERIFIED_NO_AUTHENTICATED_OWNER_SESSION,"XAUUSD_AI_Sniper_EA_v6.25.24_REPLAY_ROOT_CONSOLIDATED_FIX (XAUUSD,M5)",17,20260722.log,8591
20260722,09:10:01.199,NOT_LOGGED_IN_EVENT,2026.07.22,NOT_LOGGED_IN_EVENT,XAUUSD,NOT_LOGGED_IN_EVENT,SELL,66.9,FRESHNESS_RECORDED_IN_ADJACENT_M10_EVIDENCE_EVENT,SELL_CANDIDATE,NOT_PROVEN_BY_ANALYSIS_EVENT,confirmed opposite case wins (score=66.9 vs dominant=34.5); Adaptive Transition already marked oppositeEntryAllowed=true,NOT_PRESENT_IN_MT5_LOG,UNVERIFIED_NO_PRODUCTION_DB_ACCESS,REQUIRES_EXPLICIT_EXECUTION_READY_EVENT,UNVERIFIED_NO_PRODUCTION_NOTIFICATION_LOG,UNVERIFIED_NO_AUTHENTICATED_OWNER_SESSION,"XAUUSD_AI_Sniper_EA_v6.25.24_REPLAY_ROOT_CONSOLIDATED_FIX (XAUUSD,M5)",18,20260722.log,8660
20260722,09:20:03.124,NOT_LOGGED_IN_EVENT,2026.07.22,NOT_LOGGED_IN_EVENT,XAUUSD,NOT_LOGGED_IN_EVENT,SELL,68.0,FRESHNESS_RECORDED_IN_ADJACENT_M10_EVIDENCE_EVENT,SELL_CANDIDATE,NOT_PROVEN_BY_ANALYSIS_EVENT,confirmed opposite case wins (score=68.0 vs dominant=38.1); Adaptive Transition already marked oppositeEntryAllowed=true,NOT_PRESENT_IN_MT5_LOG,UNVERIFIED_NO_PRODUCTION_DB_ACCESS,REQUIRES_EXPLICIT_EXECUTION_READY_EVENT,UNVERIFIED_NO_PRODUCTION_NOTIFICATION_LOG,UNVERIFIED_NO_AUTHENTICATED_OWNER_SESSION,"XAUUSD_AI_Sniper_EA_v6.25.24_REPLAY_ROOT_CONSOLIDATED_FIX (XAUUSD,M5)",19,20260722.log,10418
20260722,09:30:02.894,NOT_LOGGED_IN_EVENT,2026.07.22,NOT_LOGGED_IN_EVENT,XAUUSD,NOT_LOGGED_IN_EVENT,SELL,66.5,FRESHNESS_RECORDED_IN_ADJACENT_M10_EVIDENCE_EVENT,TRANSITION_WATCH,NOT_PROVEN_BY_ANALYSIS_EVENT,opposite score cleared 55 (buy=42.3 sell=66.5) but Adaptive Transition has not yet allowed entry; keep watching,NOT_PRESENT_IN_MT5_LOG,UNVERIFIED_NO_PRODUCTION_DB_ACCESS,REQUIRES_EXPLICIT_EXECUTION_READY_EVENT,UNVERIFIED_NO_PRODUCTION_NOTIFICATION_LOG,UNVERIFIED_NO_AUTHENTICATED_OWNER_SESSION,"XAUUSD_AI_Sniper_EA_v6.25.24_REPLAY_ROOT_CONSOLIDATED_FIX (XAUUSD,M5)",20,20260722.log,12731
20260722,09:40:04.959,NOT_LOGGED_IN_EVENT,2026.07.22,NOT_LOGGED_IN_EVENT,XAUUSD,NOT_LOGGED_IN_EVENT,SELL,68.5,FRESHNESS_RECORDED_IN_ADJACENT_M10_EVIDENCE_EVENT,TRANSITION_WATCH,NOT_PROVEN_BY_ANALYSIS_EVENT,opposite score cleared 55 (buy=37.8 sell=68.5) but Adaptive Transition has not yet allowed entry; keep watching,NOT_PRESENT_IN_MT5_LOG,UNVERIFIED_NO_PRODUCTION_DB_ACCESS,REQUIRES_EXPLICIT_EXECUTION_READY_EVENT,UNVERIFIED_NO_PRODUCTION_NOTIFICATION_LOG,UNVERIFIED_NO_AUTHENTICATED_OWNER_SESSION,"XAUUSD_AI_Sniper_EA_v6.25.24_REPLAY_ROOT_CONSOLIDATED_FIX (XAUUSD,M5)",21,20260722.log,15409
20260722,09:50:03.213,NOT_LOGGED_IN_EVENT,2026.07.22,NOT_LOGGED_IN_EVENT,XAUUSD,NOT_LOGGED_IN_EVENT,SELL,78.6,FRESHNESS_RECORDED_IN_ADJACENT_M10_EVIDENCE_EVENT,SELL_CANDIDATE,NOT_PROVEN_BY_ANALYSIS_EVENT,confirmed opposite case wins (score=78.6 vs dominant=34.5); Adaptive Transition already marked oppositeEntryAllowed=true,NOT_PRESENT_IN_MT5_LOG,UNVERIFIED_NO_PRODUCTION_DB_ACCESS,REQUIRES_EXPLICIT_EXECUTION_READY_EVENT,UNVERIFIED_NO_PRODUCTION_NOTIFICATION_LOG,UNVERIFIED_NO_AUTHENTICATED_OWNER_SESSION,"XAUUSD_AI_Sniper_EA_v6.25.24_REPLAY_ROOT_CONSOLIDATED_FIX (XAUUSD,M5)",22,20260722.log,17819
20260722,10:00:03.933,NOT_LOGGED_IN_EVENT,2026.07.22,NOT_LOGGED_IN_EVENT,XAUUSD,NOT_LOGGED_IN_EVENT,SELL,71.5,FRESHNESS_RECORDED_IN_ADJACENT_M10_EVIDENCE_EVENT,SELL_CANDIDATE,NOT_PROVEN_BY_ANALYSIS_EVENT,confirmed opposite case wins (score=71.5 vs dominant=44.3); Adaptive Transition already marked oppositeEntryAllowed=true,NOT_PRESENT_IN_MT5_LOG,UNVERIFIED_NO_PRODUCTION_DB_ACCESS,REQUIRES_EXPLICIT_EXECUTION_READY_EVENT,UNVERIFIED_NO_PRODUCTION_NOTIFICATION_LOG,UNVERIFIED_NO_AUTHENTICATED_OWNER_SESSION,"XAUUSD_AI_Sniper_EA_v6.25.24_REPLAY_ROOT_CONSOLIDATED_FIX (XAUUSD,M5)",23,20260722.log,20137
